#include "lvgl.h"

#ifndef LV_ATTRIBUTE_MEM_ALIGN
#define LV_ATTRIBUTE_MEM_ALIGN
#endif

const LV_ATTRIBUTE_MEM_ALIGN uint8_t photo_01_map[] = {
    0x8D, 0x6B, 0x8D, 0x6B, 0x8D, 0x6B, 0x8D, 0x6B, 0x8E, 0x6B, 0x8E, 0x6B, 0x8E, 0x6B, 0x8E, 0x6B,
    0x8D, 0x6B, 0x8D, 0x6B, 0x8D, 0x6B, 0x8D, 0x6B, 0x8D, 0x6B, 0x8D, 0x6B, 0x8D, 0x6B, 0x8D, 0x6B,
    0x8D, 0x6B, 0x8D, 0x6B, 0x8D, 0x6B, 0x8D, 0x6B, 0x8D, 0x6B, 0x8D, 0x6B, 0x8D, 0x6B, 0x8D, 0x6B,
    0x8D, 0x6B, 0x8D, 0x6B, 0x8D, 0x6B, 0x8D, 0x73, 0x8D, 0x73, 0x8E, 0x73, 0x8E, 0x73, 0x8E, 0x73,
    0x8E, 0x73, 0x8E, 0x73, 0x8E, 0x73, 0x8E, 0x73, 0xAE, 0x73, 0xAE, 0x73, 0xAE, 0x73, 0xAE, 0x7B,
    0xAE, 0x7B, 0xAE, 0x7B, 0xCF, 0x7B, 0xCF, 0x7B, 0xCF, 0x7B, 0xEF, 0x7B, 0xEF, 0x7B, 0xEF, 0x83,
    0x0F, 0x84, 0x0F, 0x84, 0x10, 0x84, 0x10, 0x84, 0x10, 0x84, 0x30, 0x84, 0x30, 0x84, 0x30, 0x84,
    0x30, 0x8C, 0xEF, 0x83, 0x30, 0x84, 0x50, 0x8C, 0x50, 0x8C, 0x50, 0x8C, 0x50, 0x8C, 0x30, 0x8C,
    0x30, 0x8C, 0x50, 0x8C, 0x50, 0x8C, 0x50, 0x8C, 0x50, 0x8C, 0x50, 0x8C, 0x50, 0x8C, 0x50, 0x8C,
    0x50, 0x8C, 0x50, 0x8C, 0x50, 0x8C, 0x50, 0x8C, 0x50, 0x8C, 0x50, 0x8C, 0x50, 0x8C, 0x50, 0x8C,
    0x50, 0x8C, 0x50, 0x8C, 0x50, 0x8C, 0x50, 0x8C, 0x50, 0x8C, 0x30, 0x84, 0x0F, 0x84, 0xCE, 0x7B,
    0xAE, 0x7B, 0x6D, 0x73, 0x6D, 0x73, 0x6D, 0x73, 0x4D, 0x6B, 0x4D, 0x6B, 0x4D, 0x6B, 0x4D, 0x6B,
    0x4C, 0x6B, 0x4C, 0x6B, 0x4C, 0x6B, 0x4D, 0x73, 0x6D, 0x73, 0x8E, 0x7B, 0xAE, 0x7B, 0xAE, 0x7B,
    0x8E, 0x7B, 0x8D, 0x7B, 0x6D, 0x73, 0x4D, 0x73, 0x4C, 0x73, 0x4C, 0x73, 0x2C, 0x6B, 0x2C, 0x6B,
    0xEB, 0x62, 0x89, 0x5A, 0x69, 0x52, 0x89, 0x52, 0xAA, 0x5A, 0xEB, 0x62, 0xCA, 0x5A, 0x28, 0x4A,
    0x28, 0x4A, 0xCB, 0x62, 0x4D, 0x73, 0x2C, 0x6B, 0xEB, 0x6A, 0xAA, 0x5A, 0x89, 0x5A, 0x49, 0x52,
    0x69, 0x5A, 0x8A, 0x5A, 0xCB, 0x62, 0xEB, 0x6A, 0x0B, 0x73, 0x0B, 0x73, 0x2C, 0x73, 0x2C, 0x73,
    0x4C, 0x7B, 0x4C, 0x7B, 0x8D, 0x83, 0xAD, 0x8B, 0xEE, 0x93, 0x0E, 0x94, 0xAD, 0x83, 0xEE, 0x8B,
    0x0E, 0x94, 0x0F, 0x94, 0xEE, 0x8B, 0xEE, 0x93, 0xCE, 0x8B, 0x4B, 0x7B, 0xEE, 0x93, 0x4F, 0x9C,
    0x0E, 0x94, 0xB1, 0xA4, 0xD2, 0xAC, 0xF2, 0xAC, 0xF2, 0xAC, 0xF2, 0xAC, 0xF2, 0xAC, 0xF2, 0xAC,
    0xF2, 0xAC, 0xF2, 0xAC, 0xD2, 0xAC, 0xD2, 0xAC, 0xF2, 0xAC, 0xF2, 0xAC, 0x12, 0xB5, 0x13, 0xB5,
    0x33, 0xB5, 0x33, 0xB5, 0x33, 0xB5, 0x33, 0xB5, 0x33, 0xB5, 0x33, 0xB5, 0x33, 0xB5, 0x33, 0xB5,
    0x33, 0xB5, 0x33, 0xB5, 0x53, 0xB5, 0x33, 0xB5, 0xF2, 0xAC, 0xF2, 0xB4, 0x33, 0xB5, 0x33, 0xB5,
    0x53, 0xB5, 0x53, 0xB5, 0x53, 0xB5, 0x13, 0xB5, 0x90, 0xA4, 0x50, 0x9C, 0x70, 0x9C, 0xD1, 0xAC,
    0xD2, 0xAC, 0x50, 0x9C, 0x0F, 0x94, 0xCE, 0x8B, 0xCE, 0x8B, 0xCE, 0x8B, 0xCE, 0x8B, 0xAE, 0x8B,
    0xAD, 0x8B, 0xAD, 0x8B, 0xAD, 0x8B, 0xCE, 0x8B, 0x0F, 0x94, 0x0F, 0x94, 0x0F, 0x94, 0x8D, 0x83,
    0xAD, 0x83, 0xCE, 0x8B, 0xCE, 0x8B, 0x2F, 0x94, 0xEE, 0x93, 0x8D, 0x83, 0x2B, 0x73, 0x0B, 0x73,
    0x8D, 0x83, 0xAD, 0x83, 0x6C, 0x7B, 0x6C, 0x7B, 0x8D, 0x83, 0x8D, 0x7B, 0x4C, 0x7B, 0xCA, 0x62,
    0xAA, 0x5A, 0xEB, 0x62, 0x0C, 0x6B, 0x4D, 0x73, 0xEB, 0x62, 0xCA, 0x62, 0xCB, 0x62, 0x0C, 0x6B,
    0x2C, 0x73, 0x6D, 0x7B, 0x4D, 0x7B, 0x6D, 0x7B, 0x8D, 0x83, 0x8D, 0x7B, 0x8D, 0x7B, 0x6C, 0x73,
    0x6D, 0x7B, 0x6D, 0x7B, 0x4C, 0x73, 0x0B, 0x6B, 0x2C, 0x73, 0x8D, 0x7B, 0xAD, 0x83, 0xAD, 0x7B,
    0x6C, 0x73, 0xAD, 0x7B, 0xAD, 0x7B, 0x8D, 0x7B, 0x4B, 0x73, 0x2B, 0x73, 0x4C, 0x73, 0xAA, 0x5A,
    0x28, 0x4A, 0x89, 0x5A, 0x0B, 0x63, 0x8D, 0x7B, 0x8D, 0x7B, 0x4C, 0x73, 0x8D, 0x7B, 0x4D, 0x6B,
    0x6D, 0x6B, 0x6D, 0x6B, 0xEB, 0x5A, 0x4C, 0x6B, 0x6D, 0x6B, 0x4D, 0x6B, 0x6D, 0x6B, 0x2C, 0x63,
    0x2C, 0x63, 0x0B, 0x63, 0x0C, 0x63, 0x6D, 0x6B, 0x6D, 0x6B, 0x6D, 0x63, 0x6D, 0x6B, 0x6D, 0x6B,
    0x6D, 0x6B, 0x6D, 0x6B, 0x6D, 0x6B, 0x6D, 0x6B, 0x6D, 0x6B, 0x6D, 0x6B, 0x6D, 0x6B, 0x6D, 0x6B,
    0x6D, 0x6B, 0x6D, 0x6B, 0x6D, 0x6B, 0x6D, 0x6B, 0x6D, 0x6B, 0x6D, 0x6B, 0x6D, 0x6B, 0x6D, 0x6B,
    0x6D, 0x6B, 0x6D, 0x6B, 0x6D, 0x6B, 0x6D, 0x6B, 0x6D, 0x6B, 0x6D, 0x6B, 0x6D, 0x6B, 0x6D, 0x6B,
    0x6D, 0x6B, 0x6D, 0x6B, 0x6D, 0x6B, 0x6D, 0x6B, 0x6D, 0x6B, 0x6D, 0x6B, 0x6D, 0x6B, 0x6D, 0x6B,
    0x6D, 0x6B, 0x6D, 0x6B, 0x6D, 0x6B, 0x4D, 0x63, 0x6D, 0x6B, 0x6D, 0x6B, 0x6D, 0x63, 0x6D, 0x6B,
    0x8D, 0x6B, 0x8D, 0x6B, 0x8D, 0x6B, 0x8D, 0x6B, 0x8E, 0x6B, 0x8E, 0x6B, 0x8E, 0x6B, 0x8E, 0x6B,
    0x8D, 0x6B, 0x8D, 0x6B, 0x8D, 0x6B, 0x8D, 0x6B, 0x8D, 0x6B, 0x8D, 0x6B, 0x8D, 0x6B, 0x8D, 0x6B,
    0x8D, 0x6B, 0x8D, 0x6B, 0x8D, 0x6B, 0x8D, 0x6B, 0x8D, 0x6B, 0x8D, 0x6B, 0x8D, 0x6B, 0x8D, 0x6B,
    0x8D, 0x6B, 0x8D, 0x6B, 0x8D, 0x6B, 0x8D, 0x73, 0x8D, 0x73, 0x8D, 0x73, 0x8D, 0x73, 0x8E, 0x73,
    0x8D, 0x73, 0x8E, 0x73, 0x8E, 0x73, 0x8E, 0x73, 0x8E, 0x73, 0xAE, 0x73, 0xAE, 0x73, 0xAE, 0x73,
    0xAE, 0x73, 0xAE, 0x7B, 0xAE, 0x7B, 0xCE, 0x7B, 0xCE, 0x7B, 0xCF, 0x7B, 0xEF, 0x7B, 0xEF, 0x7B,
    0xEF, 0x7B, 0xEF, 0x7B, 0x0F, 0x84, 0x0F, 0x84, 0x0F, 0x84, 0x0F, 0x84, 0x2F, 0x84, 0x30, 0x84,
    0xEF, 0x7B, 0xEF, 0x7B, 0x30, 0x8C, 0x50, 0x8C, 0x50, 0x8C, 0x30, 0x84, 0x30, 0x84, 0x30, 0x84,
    0x30, 0x84, 0x30, 0x8C, 0x30, 0x8C, 0x30, 0x8C, 0x50, 0x8C, 0x50, 0x8C, 0x50, 0x8C, 0x50, 0x8C,
    0x50, 0x8C, 0x50, 0x8C, 0x50, 0x8C, 0x51, 0x8C, 0x50, 0x8C, 0x50, 0x8C, 0x50, 0x8C, 0x50, 0x8C,
    0x50, 0x8C, 0x50, 0x8C, 0x50, 0x8C, 0x50, 0x8C, 0x50, 0x8C, 0x50, 0x8C, 0x30, 0x8C, 0x0F, 0x84,
    0xEF, 0x83, 0xCE, 0x7B, 0x8E, 0x73, 0x8D, 0x73, 0x6D, 0x73, 0x6D, 0x73, 0x6D, 0x73, 0x6D, 0x73,
    0x6D, 0x73, 0x6D, 0x73, 0x6D, 0x73, 0x8D, 0x73, 0x8D, 0x73, 0xAE, 0x7B, 0xAE, 0x7B, 0xAE, 0x7B,
    0xAE, 0x7B, 0x8E, 0x7B, 0x8D, 0x7B, 0x6D, 0x73, 0x6D, 0x73, 0x4C, 0x73, 0x4C, 0x73, 0x2C, 0x6B,
    0xCA, 0x62, 0x69, 0x52, 0x89, 0x5A, 0x89, 0x52, 0xCA, 0x5A, 0xEB, 0x62, 0x89, 0x52, 0x08, 0x4A,
    0x69, 0x52, 0x0C, 0x6B, 0x4D, 0x73, 0x0C, 0x6B, 0xCA, 0x62, 0x8A, 0x5A, 0x69, 0x52, 0x49, 0x52,
    0x69, 0x5A, 0xAA, 0x5A, 0xCA, 0x62, 0xEB, 0x6A, 0x0B, 0x6B, 0x0B, 0x73, 0x0B, 0x73, 0x0B, 0x73,
    0x2C, 0x7B, 0x4C, 0x7B, 0x8D, 0x83, 0xAD, 0x8B, 0xEE, 0x93, 0xAD, 0x83, 0xAD, 0x8B, 0xEE, 0x93,
    0x0F, 0x94, 0xCE, 0x8B, 0xCE, 0x8B, 0xEE, 0x93, 0x6C, 0x7B, 0x8C, 0x83, 0x4F, 0x9C, 0x0E, 0x94,
    0x4F, 0x9C, 0xB1, 0xAC, 0xD1, 0xAC, 0xD2, 0xAC, 0xD2, 0xAC, 0xF2, 0xAC, 0xF2, 0xAC, 0xF2, 0xAC,
    0xF2, 0xAC, 0xD2, 0xAC, 0xD2, 0xAC, 0xD2, 0xAC, 0xF2, 0xAC, 0xF2, 0xAC, 0x12, 0xB5, 0x13, 0xB5,
    0x33, 0xB5, 0x33, 0xB5, 0x33, 0xB5, 0x33, 0xB5, 0x33, 0xB5, 0x33, 0xB5, 0x33, 0xB5, 0x33, 0xB5,
    0x33, 0xB5, 0x33, 0xB5, 0x53, 0xB5, 0x33, 0xB5, 0xF2, 0xAC, 0x12, 0xB5, 0x33, 0xB5, 0x33, 0xB5,
    0x53, 0xB5, 0x53, 0xB5, 0x33, 0xB5, 0x12, 0xB5, 0x90, 0xA4, 0x70, 0xA4, 0x70, 0xA4, 0xD1, 0xAC,
    0xD1, 0xAC, 0x50, 0x9C, 0x0F, 0x94, 0xCE, 0x8B, 0xCE, 0x8B, 0xCE, 0x8B, 0xCE, 0x8B, 0xAE, 0x8B,
    0xAD, 0x8B, 0xAD, 0x8B, 0xAE, 0x8B, 0xEE, 0x8B, 0x0F, 0x94, 0x0F, 0x94, 0x0F, 0x94, 0x8D, 0x83,
    0x8D, 0x83, 0xCE, 0x8B, 0xCE, 0x8B, 0x2F, 0x9C, 0x0F, 0x94, 0x8D, 0x83, 0x2C, 0x7B, 0x0B, 0x73,
    0x8D, 0x7B, 0xAE, 0x83, 0x6C, 0x7B, 0x6C, 0x7B, 0x8D, 0x7B, 0x8D, 0x7B, 0x4C, 0x7B, 0xCA, 0x62,
    0xAA, 0x62, 0xEB, 0x6A, 0x0C, 0x6B, 0x4D, 0x73, 0xEB, 0x62, 0xCA, 0x62, 0xCB, 0x62, 0x0C, 0x6B,
    0x4C, 0x73, 0x6D, 0x7B, 0x6D, 0x7B, 0x6C, 0x7B, 0x8D, 0x83, 0x8D, 0x7B, 0x8D, 0x7B, 0x6C, 0x73,
    0x6D, 0x7B, 0x6D, 0x7B, 0x6D, 0x7B, 0x2C, 0x6B, 0x0B, 0x6B, 0x6C, 0x7B, 0xAD, 0x7B, 0xAD, 0x83,
    0x6C, 0x73, 0xAD, 0x7B, 0xAD, 0x7B, 0xAD, 0x83, 0x6C, 0x73, 0x2B, 0x6B, 0x4C, 0x73, 0xEA, 0x62,
    0x28, 0x4A, 0x89, 0x52, 0xEA, 0x62, 0x6D, 0x73, 0x8D, 0x7B, 0x4C, 0x73, 0x8D, 0x7B, 0x4D, 0x6B,
    0x6D, 0x6B, 0x6D, 0x6B, 0x2C, 0x6B, 0x0B, 0x63, 0x6D, 0x6B, 0x4D, 0x6B, 0x4D, 0x6B, 0x4D, 0x6B,
    0x0C, 0x63, 0x0C, 0x63, 0xEB, 0x5A, 0x6D, 0x6B, 0x6D, 0x6B, 0x6D, 0x63, 0x6D, 0x6B, 0x6D, 0x6B,
    0x6D, 0x6B, 0x6D, 0x6B, 0x6D, 0x6B, 0x6D, 0x6B, 0x6D, 0x6B, 0x6D, 0x6B, 0x6D, 0x6B, 0x6D, 0x6B,
    0x6D, 0x6B, 0x6D, 0x6B, 0x6D, 0x6B, 0x6D, 0x6B, 0x6D, 0x6B, 0x6D, 0x6B, 0x6D, 0x6B, 0x6D, 0x6B,
    0x6D, 0x6B, 0x6D, 0x6B, 0x6D, 0x6B, 0x6D, 0x6B, 0x6D, 0x6B, 0x6D, 0x6B, 0x6D, 0x6B, 0x6D, 0x6B,
    0x6D, 0x6B, 0x6D, 0x6B, 0x6D, 0x6B, 0x6D, 0x6B, 0x6D, 0x6B, 0x6D, 0x6B, 0x6D, 0x6B, 0x6D, 0x6B,
    0x6D, 0x6B, 0x6D, 0x6B, 0x6D, 0x6B, 0x6D, 0x6B, 0x6D, 0x6B, 0x6D, 0x6B, 0x6D, 0x63, 0x6D, 0x6B,
    0x8D, 0x6B, 0x8D, 0x6B, 0x8D, 0x6B, 0x8D, 0x6B, 0x8E, 0x6B, 0x8E, 0x6B, 0x8E, 0x6B, 0x8E, 0x6B,
    0x8D, 0x6B, 0x8D, 0x6B, 0x8D, 0x6B, 0x8D, 0x6B, 0x8D, 0x6B, 0x8D, 0x6B, 0x8D, 0x6B, 0x8D, 0x6B,
    0x8D, 0x6B, 0x8D, 0x6B, 0x8D, 0x6B, 0x8D, 0x6B, 0x8D, 0x6B, 0x8D, 0x6B, 0x8E, 0x6B, 0x8E, 0x6B,
    0x8E, 0x6B, 0x8E, 0x6B, 0x8E, 0x6B, 0x8E, 0x73, 0x8E, 0x73, 0x8E, 0x6B, 0x8E, 0x73, 0x8E, 0x73,
    0x8D, 0x73, 0x8D, 0x73, 0x8D, 0x73, 0x8D, 0x73, 0x8E, 0x73, 0x8E, 0x73, 0x8E, 0x73, 0xAE, 0x73,
    0xAE, 0x73, 0xAE, 0x73, 0xAE, 0x73, 0xAE, 0x7B, 0xCE, 0x7B, 0xCE, 0x7B, 0xCF, 0x7B, 0xEF, 0x7B,
    0xEF, 0x7B, 0xEF, 0x7B, 0xEF, 0x7B, 0xEF, 0x83, 0x0F, 0x84, 0x0F, 0x84, 0x0F, 0x84, 0xEF, 0x7B,
    0xAE, 0x7B, 0x10, 0x84, 0x30, 0x8C, 0x30, 0x8C, 0x0F, 0x84, 0x0F, 0x84, 0x0F, 0x84, 0x0F, 0x84,
    0x30, 0x84, 0x30, 0x84, 0x30, 0x84, 0x30, 0x84, 0x50, 0x8C, 0x50, 0x8C, 0x50, 0x8C, 0x50, 0x8C,
    0x50, 0x8C, 0x50, 0x8C, 0x50, 0x8C, 0x50, 0x8C, 0x50, 0x8C, 0x50, 0x8C, 0x50, 0x8C, 0x50, 0x8C,
    0x50, 0x8C, 0x50, 0x8C, 0x50, 0x8C, 0x50, 0x8C, 0x50, 0x8C, 0x50, 0x8C, 0x50, 0x8C, 0x50, 0x8C,
    0x30, 0x8C, 0x0F, 0x84, 0xEF, 0x83, 0xCE, 0x7B, 0xAE, 0x7B, 0xAE, 0x7B, 0x8E, 0x73, 0xAE, 0x7B,
    0xAE, 0x7B, 0x8E, 0x7B, 0x8E, 0x7B, 0xAE, 0x7B, 0xAE, 0x7B, 0xAE, 0x7B, 0xCE, 0x7B, 0xCE, 0x7B,
    0xAE, 0x7B, 0xAE, 0x7B, 0x8E, 0x7B, 0x8E, 0x7B, 0x8D, 0x7B, 0x6D, 0x73, 0x6D, 0x73, 0x2C, 0x6B,
    0xAA, 0x5A, 0x69, 0x52, 0x89, 0x5A, 0x89, 0x5A, 0xEB, 0x62, 0xCA, 0x5A, 0x48, 0x4A, 0x08, 0x4A,
    0xAA, 0x5A, 0x4D, 0x73, 0x2C, 0x73, 0xCB, 0x62, 0x8A, 0x5A, 0x69, 0x5A, 0x48, 0x52, 0x49, 0x52,
    0x69, 0x52, 0x8A, 0x5A, 0xCA, 0x62, 0xCB, 0x62, 0xEB, 0x6A, 0xEB, 0x6A, 0xEA, 0x6A, 0x0B, 0x73,
    0x0B, 0x73, 0x4C, 0x7B, 0x6C, 0x83, 0xAD, 0x8B, 0x8D, 0x83, 0x6C, 0x83, 0xCE, 0x8B, 0xCE, 0x8B,
    0xCE, 0x8B, 0xAD, 0x8B, 0xEE, 0x8B, 0x8C, 0x83, 0x4B, 0x7B, 0x0E, 0x94, 0x2F, 0x94, 0x0E, 0x94,
    0x90, 0xA4, 0xB1, 0xA4, 0xD1, 0xAC, 0xD2, 0xAC, 0xD2, 0xAC, 0xD2, 0xAC, 0xD2, 0xAC, 0xD2, 0xAC,
    0xD2, 0xAC, 0xD2, 0xAC, 0xD2, 0xAC, 0xD2, 0xAC, 0xF2, 0xAC, 0xF2, 0xAC, 0x12, 0xB5, 0x13, 0xB5,
    0x33, 0xB5, 0x33, 0xB5, 0x33, 0xB5, 0x33, 0xB5, 0x33, 0xB5, 0x33, 0xB5, 0x33, 0xB5, 0x33, 0xB5,
    0x33, 0xB5, 0x33, 0xB5, 0x53, 0xB5, 0x13, 0xB5, 0xF2, 0xAC, 0x12, 0xB5, 0x33, 0xB5, 0x33, 0xB5,
    0x33, 0xB5, 0x53, 0xB5, 0x33, 0xB5, 0xF2, 0xAC, 0x70, 0xA4, 0x70, 0xA4, 0x90, 0xA4, 0xD1, 0xAC,
    0xD1, 0xAC, 0x4F, 0x9C, 0x0F, 0x94, 0xCE, 0x8B, 0xCE, 0x8B, 0xCE, 0x8B, 0xCE, 0x8B, 0xAE, 0x8B,
    0xAE, 0x8B, 0xAD, 0x8B, 0xCE, 0x8B, 0xEE, 0x8B, 0x0F, 0x94, 0x0F, 0x94, 0x0F, 0x94, 0x8D, 0x83,
    0x8D, 0x83, 0xCE, 0x8B, 0xCE, 0x8B, 0x2F, 0x9C, 0x2F, 0x9C, 0xAD, 0x8B, 0x4C, 0x7B, 0x0B, 0x73,
    0x8D, 0x7B, 0xCE, 0x8B, 0x6C, 0x7B, 0x4C, 0x7B, 0x8D, 0x7B, 0x8D, 0x7B, 0x4C, 0x73, 0xCA, 0x62,
    0xAA, 0x62, 0xEB, 0x6A, 0x0C, 0x6B, 0x4D, 0x73, 0xCB, 0x62, 0xCA, 0x62, 0xCB, 0x62, 0x0C, 0x6B,
    0x4C, 0x73, 0x6D, 0x7B, 0x6D, 0x7B, 0x6C, 0x7B, 0x8D, 0x83, 0x8D, 0x7B, 0xAD, 0x7B, 0x6C, 0x73,
    0x6C, 0x7B, 0x6C, 0x7B, 0x6D, 0x7B, 0x4C, 0x73, 0x0B, 0x6B, 0x6C, 0x7B, 0xAD, 0x83, 0xAD, 0x83,
    0x6C, 0x7B, 0xAD, 0x83, 0xAD, 0x7B, 0xAD, 0x7B, 0x6C, 0x7B, 0x0B, 0x6B, 0x2C, 0x6B, 0x2B, 0x6B,
    0x28, 0x4A, 0x48, 0x52, 0xAA, 0x5A, 0x4C, 0x73, 0x8D, 0x7B, 0x4C, 0x73, 0x6D, 0x73, 0x6D, 0x73,
    0x6D, 0x6B, 0x6D, 0x6B, 0x4D, 0x6B, 0xEB, 0x5A, 0x4D, 0x6B, 0x4D, 0x6B, 0x4D, 0x6B, 0x4D, 0x6B,
    0x2C, 0x63, 0x2C, 0x63, 0x0B, 0x5B, 0x2C, 0x63, 0x6D, 0x6B, 0x6D, 0x6B, 0x6D, 0x6B, 0x6D, 0x6B,
    0x6D, 0x6B, 0x6D, 0x6B, 0x6D, 0x6B, 0x6D, 0x6B, 0x6D, 0x6B, 0x6D, 0x6B, 0x6D, 0x6B, 0x6D, 0x6B,
    0x6D, 0x6B, 0x6D, 0x6B, 0x6D, 0x6B, 0x6D, 0x6B, 0x6D, 0x6B, 0x6D, 0x6B, 0x6D, 0x6B, 0x6D, 0x6B,
    0x6D, 0x6B, 0x6D, 0x6B, 0x6D, 0x6B, 0x6D, 0x6B, 0x6D, 0x6B, 0x6D, 0x6B, 0x6D, 0x6B, 0x6D, 0x6B,
    0x6D, 0x6B, 0x6D, 0x6B, 0x6D, 0x6B, 0x6D, 0x6B, 0x6D, 0x6B, 0x6D, 0x6B, 0x6D, 0x6B, 0x6D, 0x6B,
    0x6D, 0x6B, 0x6D, 0x6B, 0x6D, 0x6B, 0x6D, 0x6B, 0x6D, 0x6B, 0x6D, 0x6B, 0x6D, 0x63, 0x6D, 0x6B,
    0x8D, 0x6B, 0x8D, 0x6B, 0x8D, 0x6B, 0x8D, 0x6B, 0x8E, 0x6B, 0x8E, 0x6B, 0x8E, 0x6B, 0x8E, 0x6B,
    0x8D, 0x6B, 0x8D, 0x6B, 0x8D, 0x6B, 0x8D, 0x6B, 0x8D, 0x6B, 0x8D, 0x6B, 0x8D, 0x6B, 0x8D, 0x6B,
    0x8D, 0x6B, 0x8D, 0x6B, 0x8D, 0x6B, 0x8D, 0x6B, 0x8D, 0x6B, 0x8D, 0x6B, 0x8D, 0x6B, 0x8E, 0x6B,
    0x8E, 0x6B, 0x8E, 0x6B, 0x8E, 0x6B, 0x8E, 0x6B, 0x8E, 0x6B, 0x8E, 0x6B, 0x8E, 0x6B, 0x8E, 0x6B,
    0x8D, 0x6B, 0x8D, 0x6B, 0x8E, 0x6B, 0x8E, 0x73, 0x8E, 0x73, 0x8E, 0x73, 0x8E, 0x73, 0x8E, 0x73,
    0x8E, 0x73, 0xAE, 0x73, 0xAE, 0x73, 0xAE, 0x73, 0xAE, 0x7B, 0xCE, 0x7B, 0xCE, 0x7B, 0xCF, 0x7B,
    0xCF, 0x7B, 0xEF, 0x7B, 0xEF, 0x7B, 0xEF, 0x7B, 0xEF, 0x83, 0xEF, 0x7B, 0xEF, 0x83, 0x8E, 0x73,
    0xEF, 0x83, 0x10, 0x84, 0x30, 0x8C, 0x10, 0x84, 0xEF, 0x83, 0xCF, 0x7B, 0xCE, 0x7B, 0xEF, 0x83,
    0x10, 0x84, 0x30, 0x84, 0x30, 0x84, 0x30, 0x84, 0x30, 0x8C, 0x50, 0x8C, 0x50, 0x8C, 0x50, 0x8C,
    0x50, 0x8C, 0x50, 0x8C, 0x50, 0x8C, 0x50, 0x8C, 0x50, 0x8C, 0x50, 0x8C, 0x50, 0x8C, 0x50, 0x8C,
    0x50, 0x8C, 0x50, 0x8C, 0x50, 0x8C, 0x50, 0x8C, 0x50, 0x8C, 0x50, 0x8C, 0x50, 0x8C, 0x50, 0x8C,
    0x50, 0x8C, 0x30, 0x84, 0x30, 0x84, 0x0F, 0x84, 0xEF, 0x83, 0xEF, 0x83, 0xCE, 0x7B, 0xCE, 0x7B,
    0xCE, 0x7B, 0xCE, 0x7B, 0xAE, 0x7B, 0xAE, 0x7B, 0xCE, 0x7B, 0xCE, 0x7B, 0xCE, 0x7B, 0xCE, 0x7B,
    0xAE, 0x7B, 0xAE, 0x7B, 0xAE, 0x7B, 0xAE, 0x7B, 0xAE, 0x7B, 0x8D, 0x7B, 0x6D, 0x73, 0x2C, 0x6B,
    0x69, 0x52, 0x8A, 0x5A, 0x89, 0x5A, 0xAA, 0x5A, 0xEB, 0x62, 0x8A, 0x5A, 0x28, 0x4A, 0x49, 0x52,
    0x0B, 0x6B, 0x6D, 0x73, 0xEB, 0x62, 0xAA, 0x62, 0x69, 0x5A, 0x49, 0x52, 0x28, 0x4A, 0x49, 0x52,
    0x69, 0x52, 0x69, 0x5A, 0x8A, 0x5A, 0xAA, 0x5A, 0xAA, 0x5A, 0xAA, 0x62, 0xCA, 0x62, 0xCA, 0x6A,
    0xEB, 0x6A, 0x0B, 0x73, 0x4C, 0x7B, 0x4C, 0x7B, 0x2C, 0x7B, 0x6D, 0x83, 0x8D, 0x83, 0xAD, 0x8B,
    0x8D, 0x83, 0xAD, 0x83, 0x8D, 0x83, 0x0B, 0x73, 0xAD, 0x83, 0x2F, 0x94, 0xEE, 0x93, 0x70, 0x9C,
    0x70, 0xA4, 0xB1, 0xA4, 0xB1, 0xAC, 0xD1, 0xAC, 0xD1, 0xAC, 0xD2, 0xAC, 0xD2, 0xAC, 0xD2, 0xAC,
    0xD2, 0xAC, 0xD2, 0xAC, 0xD2, 0xAC, 0xD2, 0xAC, 0xD2, 0xAC, 0xF2, 0xAC, 0x12, 0xB5, 0x13, 0xB5,
    0x33, 0xB5, 0x33, 0xB5, 0x33, 0xB5, 0x33, 0xB5, 0x33, 0xB5, 0x33, 0xB5, 0x33, 0xB5, 0x33, 0xB5,
    0x33, 0xB5, 0x33, 0xB5, 0x53, 0xB5, 0x12, 0xB5, 0xF2, 0xAC, 0x12, 0xB5, 0x33, 0xB5, 0x33, 0xB5,
    0x53, 0xB5, 0x33, 0xB5, 0x33, 0xB5, 0xF2, 0xAC, 0x70, 0x9C, 0x70, 0xA4, 0x90, 0xA4, 0xD1, 0xAC,
    0xB1, 0xAC, 0x4F, 0x9C, 0x0E, 0x94, 0xEE, 0x93, 0xCE, 0x8B, 0xCE, 0x8B, 0xCE, 0x8B, 0xCE, 0x8B,
    0xAE, 0x8B, 0xAE, 0x8B, 0xCE, 0x8B, 0xEE, 0x93, 0x0F, 0x94, 0x0F, 0x94, 0x0F, 0x94, 0xAD, 0x83,
    0x8D, 0x83, 0xCE, 0x8B, 0xCE, 0x8B, 0x2F, 0x9C, 0x50, 0x9C, 0xAD, 0x8B, 0x4C, 0x7B, 0x0B, 0x73,
    0x6C, 0x7B, 0xEE, 0x8B, 0x8D, 0x83, 0x4C, 0x7B, 0x8D, 0x83, 0x8D, 0x83, 0x2C, 0x73, 0xAA, 0x62,
    0xCA, 0x62, 0xEB, 0x6A, 0x0B, 0x6B, 0x4C, 0x73, 0xCB, 0x62, 0xCA, 0x62, 0xCB, 0x62, 0x0C, 0x6B,
    0x4C, 0x73, 0x6D, 0x7B, 0x6D, 0x7B, 0x6D, 0x7B, 0x8D, 0x7B, 0x8D, 0x7B, 0xAD, 0x7B, 0x6C, 0x73,
    0x6C, 0x7B, 0x4C, 0x73, 0x6D, 0x7B, 0x6C, 0x73, 0x2B, 0x6B, 0x4C, 0x73, 0xAD, 0x7B, 0xCD, 0x83,
    0x6C, 0x7B, 0xAD, 0x7B, 0xAD, 0x83, 0xAD, 0x83, 0x8D, 0x7B, 0x0B, 0x6B, 0x2B, 0x6B, 0x2C, 0x6B,
    0x68, 0x52, 0x28, 0x4A, 0xA9, 0x5A, 0x2B, 0x6B, 0x8D, 0x7B, 0x4C, 0x73, 0x6D, 0x73, 0x8D, 0x73,
    0x4D, 0x6B, 0x6D, 0x6B, 0x6D, 0x73, 0x0C, 0x63, 0x2C, 0x63, 0x6D, 0x6B, 0x4D, 0x6B, 0x6D, 0x6B,
    0x4C, 0x6B, 0x0C, 0x63, 0x0C, 0x63, 0x0C, 0x5B, 0x6D, 0x6B, 0x6D, 0x6B, 0x6D, 0x6B, 0x6D, 0x6B,
    0x6D, 0x6B, 0x6D, 0x6B, 0x6D, 0x6B, 0x6D, 0x6B, 0x6D, 0x6B, 0x6D, 0x6B, 0x6D, 0x6B, 0x6D, 0x6B,
    0x6D, 0x6B, 0x6D, 0x6B, 0x6D, 0x6B, 0x6D, 0x6B, 0x6D, 0x6B, 0x6D, 0x6B, 0x6D, 0x6B, 0x6D, 0x6B,
    0x6D, 0x6B, 0x6D, 0x6B, 0x6D, 0x6B, 0x6D, 0x6B, 0x6D, 0x6B, 0x6D, 0x6B, 0x6D, 0x6B, 0x6D, 0x6B,
    0x6D, 0x6B, 0x6D, 0x6B, 0x6D, 0x6B, 0x6D, 0x6B, 0x6D, 0x6B, 0x6D, 0x6B, 0x6D, 0x6B, 0x6D, 0x6B,
    0x6D, 0x6B, 0x6D, 0x6B, 0x6D, 0x6B, 0x6D, 0x6B, 0x6D, 0x6B, 0x6D, 0x6B, 0x6D, 0x63, 0x6D, 0x6B,
    0x8D, 0x6B, 0x8D, 0x6B, 0x8D, 0x6B, 0x8D, 0x6B, 0x8E, 0x6B, 0x8E, 0x6B, 0x8E, 0x6B, 0x8E, 0x6B,
    0x8D, 0x6B, 0x8D, 0x6B, 0x8D, 0x6B, 0x8D, 0x6B, 0x8D, 0x6B, 0x8D, 0x6B, 0x8D, 0x6B, 0x8D, 0x6B,
    0x8D, 0x6B, 0x8D, 0x6B, 0x8D, 0x6B, 0x8D, 0x6B, 0x8D, 0x6B, 0x8D, 0x6B, 0x8D, 0x6B, 0x8E, 0x6B,
    0x8D, 0x6B, 0x8D, 0x6B, 0x8D, 0x6B, 0x8D, 0x6B, 0x8D, 0x6B, 0x8D, 0x6B, 0x8D, 0x6B, 0x8D, 0x6B,
    0x8E, 0x6B, 0x8E, 0x6B, 0x8E, 0x6B, 0x8E, 0x6B, 0x8E, 0x6B, 0x8D, 0x6B, 0x8D, 0x73, 0x8D, 0x73,
    0x8D, 0x73, 0x8E, 0x73, 0x8E, 0x73, 0xAE, 0x73, 0xAE, 0x73, 0xAE, 0x7B, 0xAE, 0x7B, 0xCE, 0x7B,
    0xCE, 0x7B, 0xCF, 0x7B, 0xCF, 0x7B, 0xEF, 0x7B, 0xEF, 0x7B, 0xEF, 0x83, 0xAE, 0x7B, 0xAE, 0x7B,
    0x0F, 0x84, 0x30, 0x8C, 0x30, 0x8C, 0xCF, 0x7B, 0xAE, 0x7B, 0xAE, 0x7B, 0xAE, 0x7B, 0xCE, 0x7B,
    0x0F, 0x84, 0x10, 0x84, 0x10, 0x84, 0x10, 0x84, 0x30, 0x84, 0x30, 0x84, 0x30, 0x8C, 0x30, 0x8C,
    0x30, 0x8C, 0x50, 0x8C, 0x30, 0x8C, 0x50, 0x8C, 0x50, 0x8C, 0x50, 0x8C, 0x50, 0x8C, 0x50, 0x8C,
    0x50, 0x8C, 0x50, 0x8C, 0x50, 0x8C, 0x50, 0x8C, 0x50, 0x8C, 0x50, 0x8C, 0x50, 0x8C, 0x50, 0x8C,
    0x50, 0x8C, 0x50, 0x8C, 0x50, 0x8C, 0x30, 0x8C, 0x30, 0x8C, 0x0F, 0x84, 0x0F, 0x84, 0xEF, 0x83,
    0xEF, 0x83, 0xEF, 0x83, 0xCF, 0x7B, 0xEF, 0x7B, 0xEF, 0x83, 0xEF, 0x83, 0xCF, 0x83, 0xCE, 0x7B,
    0xCE, 0x83, 0xCE, 0x83, 0xCE, 0x83, 0xCE, 0x83, 0xCE, 0x83, 0xAE, 0x7B, 0x8E, 0x7B, 0x0B, 0x6B,
    0x89, 0x5A, 0xAA, 0x5A, 0x8A, 0x5A, 0xEB, 0x62, 0xEB, 0x62, 0x69, 0x52, 0x28, 0x4A, 0x8A, 0x5A,
    0x2C, 0x6B, 0x4C, 0x73, 0xAA, 0x5A, 0x8A, 0x5A, 0x49, 0x52, 0x28, 0x4A, 0x08, 0x4A, 0x28, 0x4A,
    0x48, 0x52, 0x49, 0x52, 0x49, 0x52, 0x49, 0x52, 0x69, 0x52, 0x69, 0x52, 0x69, 0x5A, 0x89, 0x5A,
    0xAA, 0x62, 0xCA, 0x62, 0xEB, 0x6A, 0xEB, 0x6A, 0x0B, 0x73, 0x2B, 0x73, 0x2B, 0x7B, 0x2B, 0x7B,
    0x4C, 0x7B, 0x6D, 0x83, 0x0B, 0x73, 0x2B, 0x7B, 0xEE, 0x93, 0xCD, 0x8B, 0x0E, 0x94, 0x4F, 0x9C,
    0x70, 0x9C, 0x90, 0xA4, 0xB1, 0xA4, 0xB1, 0xAC, 0xD1, 0xAC, 0xD1, 0xAC, 0xD1, 0xAC, 0xD1, 0xAC,
    0xD1, 0xAC, 0xD1, 0xAC, 0xD1, 0xAC, 0xD1, 0xAC, 0xD2, 0xAC, 0xF2, 0xAC, 0x12, 0xB5, 0x13, 0xB5,
    0x33, 0xB5, 0x33, 0xB5, 0x33, 0xB5, 0x33, 0xB5, 0x33, 0xB5, 0x33, 0xB5, 0x33, 0xB5, 0x33, 0xB5,
    0x33, 0xB5, 0x33, 0xB5, 0x33, 0xB5, 0x12, 0xB5, 0xF2, 0xAC, 0x12, 0xB5, 0x33, 0xB5, 0x33, 0xB5,
    0x53, 0xB5, 0x33, 0xB5, 0x33, 0xB5, 0xD1, 0xAC, 0x70, 0xA4, 0x70, 0xA4, 0x91, 0xA4, 0xD1, 0xAC,
    0xB1, 0xA4, 0x2F, 0x9C, 0x0F, 0x94, 0xEE, 0x93, 0xCE, 0x8B, 0xCE, 0x8B, 0xCE, 0x8B, 0xCE, 0x8B,
    0xCE, 0x8B, 0xAE, 0x8B, 0xCE, 0x8B, 0xEE, 0x93, 0x0F, 0x94, 0x0F, 0x94, 0x0F, 0x94, 0xCE, 0x8B,
    0x8D, 0x83, 0xCE, 0x8B, 0xCE, 0x8B, 0x2F, 0x9C, 0x50, 0x9C, 0xCE, 0x8B, 0x4C, 0x7B, 0x0B, 0x73,
    0x6C, 0x7B, 0xEE, 0x8B, 0xAD, 0x83, 0x4C, 0x73, 0x8D, 0x83, 0x8D, 0x83, 0x2B, 0x73, 0xCA, 0x62,
    0xCB, 0x62, 0x0B, 0x6B, 0x0B, 0x6B, 0x4C, 0x73, 0xCB, 0x62, 0xCA, 0x62, 0xCB, 0x62, 0x0C, 0x6B,
    0x4C, 0x73, 0x6D, 0x7B, 0x6D, 0x7B, 0x6D, 0x7B, 0x8D, 0x83, 0x8D, 0x7B, 0x8D, 0x7B, 0x6C, 0x7B,
    0x6C, 0x7B, 0x4C, 0x73, 0x8D, 0x7B, 0x6D, 0x7B, 0x2C, 0x73, 0x4B, 0x73, 0xAD, 0x7B, 0xCE, 0x83,
    0x8D, 0x7B, 0xAD, 0x7B, 0xAD, 0x83, 0xAD, 0x7B, 0xAD, 0x7B, 0x0B, 0x6B, 0x2B, 0x6B, 0x2C, 0x6B,
    0x89, 0x52, 0x28, 0x4A, 0x89, 0x52, 0xEB, 0x6A, 0x6D, 0x7B, 0x6D, 0x73, 0x2C, 0x6B, 0x8D, 0x73,
    0x4C, 0x6B, 0x6D, 0x6B, 0x6D, 0x73, 0x4C, 0x6B, 0xEB, 0x62, 0x6D, 0x6B, 0x4D, 0x6B, 0x4D, 0x6B,
    0x4D, 0x6B, 0x2C, 0x63, 0x0C, 0x63, 0x0C, 0x5B, 0x4D, 0x63, 0x6D, 0x6B, 0x6D, 0x6B, 0x6D, 0x6B,
    0x6D, 0x6B, 0x6D, 0x6B, 0x6D, 0x6B, 0x6D, 0x6B, 0x6D, 0x6B, 0x6D, 0x6B, 0x6D, 0x6B, 0x6D, 0x6B,
    0x6D, 0x6B, 0x6D, 0x6B, 0x6D, 0x6B, 0x6D, 0x6B, 0x6D, 0x6B, 0x6D, 0x6B, 0x6D, 0x6B, 0x6D, 0x6B,
    0x6D, 0x6B, 0x6D, 0x6B, 0x6D, 0x6B, 0x6D, 0x6B, 0x6D, 0x6B, 0x6D, 0x6B, 0x6D, 0x6B, 0x6D, 0x6B,
    0x6D, 0x6B, 0x6D, 0x6B, 0x6D, 0x6B, 0x6D, 0x6B, 0x6D, 0x6B, 0x6D, 0x6B, 0x6D, 0x6B, 0x6D, 0x6B,
    0x6D, 0x6B, 0x6D, 0x6B, 0x6D, 0x6B, 0x6D, 0x6B, 0x6D, 0x6B, 0x6D, 0x6B, 0x6D, 0x63, 0x6D, 0x6B,
    0x8E, 0x6B, 0x8D, 0x6B, 0x8D, 0x6B, 0x8E, 0x6B, 0x8E, 0x6B, 0x8E, 0x6B, 0x8E, 0x6B, 0x8E, 0x6B,
    0x8D, 0x6B, 0x8D, 0x6B, 0x8D, 0x6B, 0x8D, 0x6B, 0x8D, 0x6B, 0x8D, 0x6B, 0x8D, 0x6B, 0x8D, 0x6B,
    0x8D, 0x6B, 0x8D, 0x6B, 0x8D, 0x6B, 0x8D, 0x6B, 0x8D, 0x6B, 0x8D, 0x6B, 0x8D, 0x6B, 0x8D, 0x6B,
    0x8D, 0x6B, 0x8D, 0x6B, 0x8D, 0x6B, 0x8D, 0x6B, 0x8D, 0x6B, 0x8D, 0x6B, 0x8D, 0x6B, 0x8D, 0x6B,
    0x8D, 0x6B, 0x8D, 0x6B, 0x8D, 0x6B, 0x8D, 0x6B, 0x8D, 0x6B, 0x8D, 0x6B, 0x8D, 0x6B, 0x8D, 0x73,
    0x8D, 0x73, 0x8D, 0x73, 0x8D, 0x73, 0x8E, 0x73, 0x8E, 0x73, 0xAE, 0x73, 0xAE, 0x73, 0xAE, 0x7B,
    0xCE, 0x7B, 0xCE, 0x7B, 0xCF, 0x7B, 0xCF, 0x7B, 0xCF, 0x7B, 0xCE, 0x7B, 0x8D, 0x73, 0xEF, 0x83,
    0x0F, 0x84, 0x30, 0x8C, 0xCE, 0x7B, 0x8E, 0x73, 0x8E, 0x73, 0x8D, 0x73, 0x8D, 0x73, 0xAE, 0x7B,
    0x0F, 0x84, 0x0F, 0x84, 0x10, 0x84, 0x10, 0x84, 0x30, 0x84, 0x30, 0x84, 0x30, 0x84, 0x30, 0x84,
    0x30, 0x8C, 0x30, 0x8C, 0x30, 0x8C, 0x50, 0x8C, 0x50, 0x8C, 0x50, 0x8C, 0x50, 0x8C, 0x50, 0x8C,
    0x50, 0x8C, 0x50, 0x8C, 0x50, 0x8C, 0x50, 0x8C, 0x50, 0x8C, 0x50, 0x8C, 0x51, 0x8C, 0x50, 0x8C,
    0x51, 0x8C, 0x50, 0x8C, 0x30, 0x8C, 0x30, 0x8C, 0x30, 0x8C, 0x30, 0x8C, 0x30, 0x8C, 0x0F, 0x84,
    0x0F, 0x84, 0x0F, 0x84, 0xEF, 0x83, 0x0F, 0x84, 0xEF, 0x83, 0x0F, 0x84, 0xEF, 0x83, 0xEF, 0x83,
    0xEF, 0x83, 0xCF, 0x83, 0xCF, 0x83, 0xCF, 0x83, 0xCE, 0x7B, 0xAE, 0x7B, 0x8E, 0x7B, 0x0C, 0x6B,
    0xCA, 0x62, 0xCA, 0x62, 0xCA, 0x62, 0xEB, 0x62, 0xCA, 0x62, 0x69, 0x52, 0x49, 0x52, 0xCB, 0x62,
    0x6D, 0x73, 0x0B, 0x6B, 0xCA, 0x62, 0x69, 0x52, 0x28, 0x4A, 0x08, 0x4A, 0x08, 0x4A, 0x08, 0x4A,
    0x08, 0x4A, 0x28, 0x4A, 0x28, 0x4A, 0x28, 0x4A, 0x28, 0x4A, 0x28, 0x4A, 0x28, 0x4A, 0x48, 0x52,
    0x49, 0x52, 0x69, 0x5A, 0x8A, 0x5A, 0xAA, 0x62, 0xCA, 0x62, 0xCA, 0x62, 0xCA, 0x6A, 0xEA, 0x6A,
    0x0B, 0x73, 0xCA, 0x6A, 0xCA, 0x6A, 0x6C, 0x83, 0x8D, 0x83, 0xAD, 0x8B, 0xEE, 0x93, 0x2F, 0x9C,
    0x4F, 0x9C, 0x70, 0xA4, 0x90, 0xA4, 0x91, 0xA4, 0xB1, 0xA4, 0xB1, 0xAC, 0xD1, 0xAC, 0xB1, 0xAC,
    0xD1, 0xAC, 0xB1, 0xAC, 0xD1, 0xAC, 0xB1, 0xAC, 0xD1, 0xAC, 0xF2, 0xAC, 0x12, 0xB5, 0x13, 0xB5,
    0x13, 0xB5, 0x13, 0xB5, 0x33, 0xB5, 0x33, 0xB5, 0x33, 0xB5, 0x33, 0xB5, 0x33, 0xB5, 0x33, 0xB5,
    0x33, 0xB5, 0x33, 0xB5, 0x33, 0xB5, 0xF2, 0xB4, 0xF2, 0xAC, 0x12, 0xB5, 0x33, 0xB5, 0x33, 0xB5,
    0x53, 0xBD, 0x33, 0xB5, 0x13, 0xB5, 0xB1, 0xA4, 0x70, 0xA4, 0x70, 0xA4, 0x91, 0xA4, 0xD2, 0xAC,
    0x91, 0xA4, 0x2F, 0x94, 0xEE, 0x93, 0xEE, 0x8B, 0xEE, 0x8B, 0xCE, 0x8B, 0xCE, 0x8B, 0xCE, 0x8B,
    0xCE, 0x8B, 0xCE, 0x8B, 0xCE, 0x8B, 0x0F, 0x94, 0x0F, 0x94, 0x2F, 0x94, 0x0F, 0x94, 0xCE, 0x8B,
    0x8D, 0x83, 0xCE, 0x8B, 0xCE, 0x8B, 0x2F, 0x9C, 0x71, 0xA4, 0xCE, 0x8B, 0x6C, 0x83, 0x0B, 0x73,
    0x4C, 0x7B, 0xEE, 0x8B, 0xAD, 0x83, 0x4C, 0x73, 0x8D, 0x83, 0x8D, 0x83, 0x0B, 0x73, 0xAA, 0x62,
    0xEB, 0x6A, 0x0B, 0x6B, 0x0B, 0x6B, 0x2C, 0x73, 0xEB, 0x62, 0xCA, 0x62, 0xCB, 0x62, 0x0C, 0x6B,
    0x4C, 0x73, 0x8D, 0x7B, 0x6D, 0x7B, 0x6D, 0x7B, 0xAD, 0x7B, 0x8D, 0x7B, 0x8C, 0x7B, 0x8C, 0x7B,
    0x6C, 0x73, 0x4C, 0x73, 0x8C, 0x7B, 0x8D, 0x7B, 0x6C, 0x73, 0x4B, 0x73, 0xAD, 0x7B, 0xCD, 0x83,
    0xAD, 0x7B, 0xAD, 0x7B, 0xAD, 0x7B, 0xAD, 0x7B, 0xAD, 0x83, 0x2B, 0x73, 0x0B, 0x6B, 0x4C, 0x6B,
    0xCA, 0x5A, 0x28, 0x4A, 0x69, 0x52, 0xCA, 0x62, 0x6C, 0x73, 0x8D, 0x7B, 0x2C, 0x6B, 0x8D, 0x73,
    0x6D, 0x6B, 0x6D, 0x6B, 0x4D, 0x6B, 0x6D, 0x6B, 0xEB, 0x62, 0x2C, 0x6B, 0x6D, 0x6B, 0x4D, 0x6B,
    0x6D, 0x6B, 0x4D, 0x6B, 0x2C, 0x63, 0x0C, 0x5B, 0x2C, 0x63, 0x6D, 0x6B, 0x6D, 0x6B, 0x6D, 0x6B,
    0x6D, 0x6B, 0x6D, 0x6B, 0x6D, 0x6B, 0x6D, 0x6B, 0x6D, 0x6B, 0x6D, 0x6B, 0x6D, 0x6B, 0x6D, 0x6B,
    0x6D, 0x6B, 0x6D, 0x6B, 0x6D, 0x6B, 0x6D, 0x6B, 0x6D, 0x6B, 0x6D, 0x6B, 0x6D, 0x6B, 0x6D, 0x6B,
    0x6D, 0x6B, 0x6D, 0x6B, 0x6D, 0x6B, 0x6D, 0x6B, 0x6D, 0x6B, 0x6D, 0x6B, 0x6D, 0x6B, 0x6D, 0x6B,
    0x6D, 0x6B, 0x6D, 0x6B, 0x6D, 0x6B, 0x6D, 0x6B, 0x6D, 0x6B, 0x6D, 0x6B, 0x6D, 0x6B, 0x6D, 0x6B,
    0x6D, 0x6B, 0x6D, 0x6B, 0x6D, 0x6B, 0x6D, 0x6B, 0x6D, 0x6B, 0x6D, 0x6B, 0x6D, 0x63, 0x6D, 0x6B,
    0x8E, 0x6B, 0x8E, 0x6B, 0x8E, 0x6B, 0x8E, 0x6B, 0x8E, 0x6B, 0x8E, 0x6B, 0x8E, 0x6B, 0x8E, 0x6B,
    0x8E, 0x6B, 0x8E, 0x6B, 0x8D, 0x6B, 0x8D, 0x6B, 0x8D, 0x6B, 0x8D, 0x6B, 0x8D, 0x6B, 0x8D, 0x6B,
    0x8D, 0x6B, 0x8D, 0x6B, 0x8D, 0x6B, 0x8D, 0x6B, 0x8D, 0x6B, 0x8D, 0x6B, 0x8D, 0x6B, 0x8D, 0x6B,
    0x8D, 0x6B, 0x8D, 0x6B, 0x8D, 0x6B, 0x8D, 0x6B, 0x8D, 0x6B, 0x8D, 0x6B, 0x8D, 0x6B, 0x8D, 0x6B,
    0x8D, 0x6B, 0x8D, 0x6B, 0x8D, 0x6B, 0x8D, 0x6B, 0x8D, 0x6B, 0x8D, 0x6B, 0x8D, 0x6B, 0x8D, 0x6B,
    0x8D, 0x6B, 0x8D, 0x6B, 0x8D, 0x6B, 0x8D, 0x73, 0x8D, 0x73, 0x8E, 0x73, 0x8E, 0x73, 0xAE, 0x73,
    0xAE, 0x73, 0xAE, 0x73, 0xCE, 0x7B, 0xAE, 0x7B, 0xCF, 0x7B, 0x6D, 0x73, 0xAE, 0x7B, 0xEF, 0x83,
    0x0F, 0x84, 0xEF, 0x83, 0x8D, 0x73, 0x8D, 0x73, 0x6D, 0x73, 0x6D, 0x73, 0x4D, 0x6B, 0x8D, 0x73,
    0xEF, 0x83, 0x0F, 0x84, 0x0F, 0x84, 0x10, 0x84, 0x10, 0x84, 0x10, 0x84, 0x30, 0x84, 0x30, 0x84,
    0x30, 0x84, 0x30, 0x84, 0x30, 0x84, 0x30, 0x8C, 0x50, 0x8C, 0x50, 0x8C, 0x50, 0x8C, 0x50, 0x8C,
    0x50, 0x8C, 0x50, 0x8C, 0x50, 0x8C, 0x50, 0x8C, 0x50, 0x8C, 0x50, 0x8C, 0x51, 0x8C, 0x50, 0x8C,
    0x51, 0x8C, 0x51, 0x8C, 0x50, 0x8C, 0x50, 0x8C, 0x30, 0x8C, 0x30, 0x8C, 0x30, 0x8C, 0x30, 0x8C,
    0x30, 0x8C, 0x30, 0x8C, 0x10, 0x84, 0x0F, 0x84, 0x0F, 0x84, 0x0F, 0x84, 0xEF, 0x83, 0xEF, 0x83,
    0x0F, 0x84, 0xEF, 0x83, 0xEF, 0x83, 0xCF, 0x83, 0xCE, 0x7B, 0xCE, 0x83, 0x8E, 0x7B, 0x2C, 0x6B,
    0x2C, 0x6B, 0x0C, 0x6B, 0x2C, 0x6B, 0x2C, 0x6B, 0xEB, 0x62, 0x69, 0x52, 0x8A, 0x5A, 0x2C, 0x6B,
    0x6D, 0x73, 0xCB, 0x62, 0xCA, 0x62, 0x48, 0x52, 0x28, 0x4A, 0x07, 0x4A, 0x08, 0x4A, 0x08, 0x4A,
    0x08, 0x4A, 0x08, 0x4A, 0x08, 0x4A, 0x07, 0x4A, 0x07, 0x4A, 0x07, 0x4A, 0x07, 0x4A, 0x07, 0x4A,
    0x28, 0x4A, 0x69, 0x5A, 0x8A, 0x5A, 0x89, 0x5A, 0x69, 0x5A, 0x69, 0x5A, 0x89, 0x5A, 0xAA, 0x62,
    0xA9, 0x62, 0x89, 0x62, 0xCA, 0x6A, 0x0B, 0x73, 0x4C, 0x7B, 0x8C, 0x83, 0xAD, 0x8B, 0xEE, 0x93,
    0x0E, 0x94, 0x4F, 0x9C, 0x50, 0x9C, 0x70, 0xA4, 0x90, 0xA4, 0xB0, 0xA4, 0xB1, 0xA4, 0xB1, 0xA4,
    0xB1, 0xA4, 0xB1, 0xA4, 0xB1, 0xAC, 0xB1, 0xAC, 0xD1, 0xAC, 0xF2, 0xAC, 0x12, 0xB5, 0x13, 0xB5,
    0x13, 0xB5, 0x13, 0xB5, 0x13, 0xB5, 0x33, 0xB5, 0x33, 0xB5, 0x33, 0xB5, 0x33, 0xB5, 0x33, 0xB5,
    0x33, 0xB5, 0x33, 0xB5, 0x33, 0xB5, 0xF2, 0xB4, 0xF2, 0xAC, 0x12, 0xB5, 0x33, 0xBD, 0x53, 0xB5,
    0x33, 0xBD, 0x33, 0xB5, 0xF2, 0xB4, 0x91, 0xA4, 0x70, 0xA4, 0x90, 0xA4, 0x91, 0xA4, 0xD1, 0xAC,
    0x70, 0xA4, 0x0F, 0x94, 0xEE, 0x93, 0xEE, 0x93, 0xEE, 0x8B, 0xCE, 0x8B, 0xCE, 0x8B, 0xCE, 0x8B,
    0xCE, 0x8B, 0xCE, 0x8B, 0xCE, 0x8B, 0x0F, 0x94, 0x0F, 0x94, 0x2F, 0x94, 0x2F, 0x94, 0xCE, 0x8B,
    0x6C, 0x83, 0xCE, 0x8B, 0xCE, 0x8B, 0x0F, 0x94, 0x91, 0xA4, 0xEE, 0x93, 0x8C, 0x83, 0x0B, 0x73,
    0x4C, 0x7B, 0xEE, 0x8B, 0xCD, 0x83, 0x2C, 0x73, 0x8D, 0x83, 0x8D, 0x83, 0x0B, 0x73, 0xAA, 0x62,
    0xEB, 0x6A, 0x0B, 0x6B, 0x0B, 0x6B, 0x4D, 0x73, 0xEB, 0x62, 0xCB, 0x62, 0xEB, 0x62, 0x0C, 0x6B,
    0x4C, 0x73, 0x8D, 0x7B, 0x6D, 0x7B, 0x8D, 0x7B, 0xAD, 0x7B, 0x8D, 0x7B, 0x4C, 0x73, 0x6C, 0x73,
    0x6C, 0x7B, 0x2B, 0x73, 0x6C, 0x73, 0x8D, 0x7B, 0x8C, 0x7B, 0x2B, 0x73, 0x8D, 0x7B, 0xCD, 0x83,
    0xAD, 0x83, 0x8D, 0x7B, 0xAD, 0x83, 0xAD, 0x83, 0xAD, 0x83, 0x6C, 0x73, 0xEB, 0x62, 0x4C, 0x6B,
    0xEB, 0x62, 0x28, 0x4A, 0x49, 0x52, 0xAA, 0x5A, 0x4C, 0x6B, 0x8D, 0x7B, 0x4C, 0x6B, 0x6D, 0x73,
    0x6D, 0x73, 0x4D, 0x6B, 0x6D, 0x6B, 0x6D, 0x6B, 0x2C, 0x63, 0xEB, 0x5A, 0x6D, 0x6B, 0x4D, 0x6B,
    0x6D, 0x6B, 0x6D, 0x6B, 0x4C, 0x63, 0x0C, 0x63, 0x0B, 0x5B, 0x6D, 0x6B, 0x6D, 0x6B, 0x6D, 0x6B,
    0x6D, 0x6B, 0x6D, 0x6B, 0x6D, 0x6B, 0x6D, 0x6B, 0x6D, 0x6B, 0x6D, 0x6B, 0x6D, 0x6B, 0x6D, 0x6B,
    0x4D, 0x6B, 0x6D, 0x6B, 0x6D, 0x6B, 0x6D, 0x6B, 0x6D, 0x6B, 0x6D, 0x6B, 0x6D, 0x6B, 0x6D, 0x6B,
    0x6D, 0x6B, 0x6D, 0x6B, 0x6D, 0x6B, 0x6D, 0x6B, 0x6D, 0x6B, 0x6D, 0x6B, 0x6D, 0x6B, 0x6D, 0x6B,
    0x6D, 0x6B, 0x6D, 0x6B, 0x6D, 0x6B, 0x6D, 0x6B, 0x6D, 0x6B, 0x6D, 0x6B, 0x6D, 0x6B, 0x6D, 0x6B,
    0x6D, 0x6B, 0x6D, 0x6B, 0x6D, 0x6B, 0x6D, 0x6B, 0x6D, 0x6B, 0x6D, 0x6B, 0x6D, 0x63, 0x6D, 0x6B,
    0x8E, 0x6B, 0x8E, 0x6B, 0x8E, 0x6B, 0x8E, 0x6B, 0x8E, 0x6B, 0x8E, 0x6B, 0x8E, 0x6B, 0x8E, 0x6B,
    0x8E, 0x6B, 0x8E, 0x6B, 0x8D, 0x6B, 0x8D, 0x6B, 0x8D, 0x6B, 0x8D, 0x6B, 0x8D, 0x6B, 0x8D, 0x6B,
    0x8D, 0x6B, 0x8D, 0x6B, 0x8D, 0x6B, 0x8D, 0x6B, 0x8D, 0x6B, 0x8D, 0x6B, 0x8D, 0x6B, 0x8D, 0x6B,
    0x6D, 0x6B, 0x6D, 0x6B, 0x6D, 0x6B, 0x6D, 0x6B, 0x6D, 0x6B, 0x6D, 0x6B, 0x6D, 0x6B, 0x6D, 0x6B,
    0x6D, 0x6B, 0x6D, 0x6B, 0x6D, 0x6B, 0x8D, 0x6B, 0x8D, 0x6B, 0x8D, 0x6B, 0x8D, 0x6B, 0x8D, 0x6B,
    0x8D, 0x6B, 0x8D, 0x6B, 0x8D, 0x6B, 0x8D, 0x6B, 0x8D, 0x6B, 0x8D, 0x73, 0x8E, 0x73, 0x8E, 0x73,
    0xAE, 0x73, 0xAE, 0x73, 0xAE, 0x73, 0xAE, 0x7B, 0x6D, 0x73, 0x4C, 0x6B, 0xCF, 0x7B, 0x0F, 0x84,
    0xEF, 0x83, 0x8E, 0x73, 0x6D, 0x73, 0x6D, 0x73, 0x4D, 0x6B, 0x4C, 0x6B, 0x4C, 0x6B, 0x6D, 0x73,
    0xEF, 0x7B, 0x0F, 0x84, 0x0F, 0x84, 0x0F, 0x84, 0x0F, 0x84, 0x0F, 0x84, 0x10, 0x84, 0x10, 0x84,
    0x30, 0x84, 0x30, 0x84, 0x30, 0x84, 0x30, 0x84, 0x30, 0x8C, 0x30, 0x8C, 0x50, 0x8C, 0x50, 0x8C,
    0x50, 0x8C, 0x50, 0x8C, 0x50, 0x8C, 0x50, 0x8C, 0x50, 0x8C, 0x50, 0x8C, 0x50, 0x8C, 0x50, 0x8C,
    0x50, 0x8C, 0x50, 0x8C, 0x50, 0x8C, 0x50, 0x8C, 0x50, 0x8C, 0x50, 0x8C, 0x50, 0x8C, 0x50, 0x8C,
    0x51, 0x8C, 0x71, 0x94, 0x50, 0x8C, 0x30, 0x8C, 0x0F, 0x84, 0x0F, 0x84, 0x0F, 0x84, 0x0F, 0x84,
    0xEF, 0x83, 0x0F, 0x84, 0x0F, 0x84, 0xEF, 0x83, 0xEF, 0x83, 0xCE, 0x83, 0x8D, 0x7B, 0x4D, 0x73,
    0x4C, 0x73, 0x4D, 0x73, 0x6D, 0x73, 0x6D, 0x73, 0x4C, 0x73, 0xAA, 0x5A, 0x0B, 0x6B, 0x8D, 0x7B,
    0x4D, 0x73, 0xCB, 0x62, 0xAA, 0x5A, 0x49, 0x52, 0x08, 0x4A, 0x08, 0x4A, 0x08, 0x4A, 0x08, 0x4A,
    0x28, 0x4A, 0x08, 0x4A, 0x07, 0x4A, 0x07, 0x4A, 0xE7, 0x41, 0xE7, 0x41, 0xE7, 0x41, 0x08, 0x4A,
    0x69, 0x52, 0x89, 0x5A, 0x69, 0x52, 0x28, 0x52, 0x48, 0x52, 0x48, 0x52, 0x49, 0x5A, 0x49, 0x5A,
    0x49, 0x5A, 0x69, 0x5A, 0x89, 0x62, 0xAA, 0x6A, 0xEB, 0x72, 0x2B, 0x7B, 0x6C, 0x83, 0x8D, 0x83,
    0xCD, 0x8B, 0x0E, 0x94, 0x2F, 0x9C, 0x2F, 0x9C, 0x4F, 0x9C, 0x90, 0xA4, 0x90, 0xA4, 0x90, 0xA4,
    0x91, 0xA4, 0x91, 0xA4, 0xB1, 0xA4, 0xB1, 0xA4, 0xB1, 0xAC, 0xD2, 0xAC, 0xF2, 0xB4, 0x12, 0xB5,
    0x12, 0xB5, 0x13, 0xB5, 0x13, 0xB5, 0x33, 0xB5, 0x33, 0xB5, 0x13, 0xB5, 0x13, 0xB5, 0x33, 0xB5,
    0x33, 0xB5, 0x33, 0xB5, 0x33, 0xB5, 0xF2, 0xAC, 0xF2, 0xAC, 0x12, 0xB5, 0x33, 0xBD, 0x53, 0xB5,
    0x33, 0xB5, 0x33, 0xB5, 0xF2, 0xB4, 0x90, 0xA4, 0x70, 0xA4, 0x90, 0xA4, 0xB1, 0xA4, 0xB1, 0xAC,
    0x50, 0x9C, 0x0F, 0x94, 0xEE, 0x93, 0xEE, 0x93, 0xEE, 0x8B, 0xEE, 0x8B, 0xCE, 0x8B, 0xCE, 0x8B,
    0xCE, 0x8B, 0xCE, 0x8B, 0xEE, 0x8B, 0x0F, 0x94, 0x2F, 0x94, 0x2F, 0x94, 0x2F, 0x94, 0xCE, 0x8B,
    0x6D, 0x83, 0xCE, 0x8B, 0xEE, 0x8B, 0x0F, 0x94, 0x91, 0xA4, 0x0F, 0x94, 0x8D, 0x83, 0x2B, 0x73,
    0x2B, 0x7B, 0xEE, 0x8B, 0xCE, 0x83, 0x2C, 0x73, 0x6D, 0x83, 0x8D, 0x83, 0x0B, 0x6B, 0xCA, 0x62,
    0x0B, 0x6B, 0x0B, 0x6B, 0x0B, 0x6B, 0x2C, 0x73, 0xEB, 0x62, 0xCB, 0x62, 0xEB, 0x62, 0x0B, 0x6B,
    0x4C, 0x73, 0x8D, 0x7B, 0x6C, 0x73, 0x8D, 0x7B, 0xAD, 0x7B, 0x8D, 0x7B, 0x2B, 0x73, 0x6C, 0x73,
    0x6C, 0x7B, 0x2B, 0x73, 0x4B, 0x73, 0x8D, 0x7B, 0x8D, 0x7B, 0x4C, 0x73, 0x8D, 0x7B, 0xCD, 0x83,
    0xAD, 0x83, 0xAD, 0x7B, 0xAD, 0x83, 0xAD, 0x7B, 0xAD, 0x83, 0x8D, 0x7B, 0xEB, 0x6A, 0x2C, 0x6B,
    0x2B, 0x6B, 0x69, 0x52, 0x48, 0x4A, 0x89, 0x5A, 0x0B, 0x6B, 0x6D, 0x7B, 0x4C, 0x73, 0x4C, 0x6B,
    0x8D, 0x73, 0x4D, 0x6B, 0x6D, 0x6B, 0x6D, 0x6B, 0x6D, 0x6B, 0xEB, 0x5A, 0x4D, 0x6B, 0x4D, 0x6B,
    0x4D, 0x6B, 0x6D, 0x6B, 0x6D, 0x6B, 0x2C, 0x63, 0xEB, 0x5A, 0x2C, 0x63, 0x6D, 0x6B, 0x6D, 0x6B,
    0x6D, 0x6B, 0x6D, 0x6B, 0x6D, 0x6B, 0x6D, 0x6B, 0x4D, 0x6B, 0x4D, 0x6B, 0x6D, 0x6B, 0x6D, 0x6B,
    0x6D, 0x6B, 0x4D, 0x63, 0x6D, 0x6B, 0x6D, 0x6B, 0x6D, 0x6B, 0x6D, 0x6B, 0x6D, 0x6B, 0x6D, 0x6B,
    0x6D, 0x6B, 0x6D, 0x6B, 0x6D, 0x6B, 0x6D, 0x6B, 0x6D, 0x6B, 0x6D, 0x6B, 0x6D, 0x6B, 0x6D, 0x6B,
    0x6D, 0x6B, 0x6D, 0x6B, 0x6D, 0x6B, 0x6D, 0x6B, 0x6D, 0x6B, 0x6D, 0x6B, 0x6D, 0x6B, 0x6D, 0x6B,
    0x6D, 0x6B, 0x6D, 0x6B, 0x6D, 0x6B, 0x6D, 0x6B, 0x6D, 0x6B, 0x6D, 0x6B, 0x6D, 0x63, 0x6D, 0x63,
    0x8E, 0x6B, 0x8E, 0x6B, 0x8E, 0x6B, 0x8E, 0x6B, 0x8E, 0x6B, 0x8E, 0x6B, 0x8E, 0x6B, 0x8E, 0x6B,
    0x8E, 0x6B, 0x8E, 0x6B, 0x8D, 0x6B, 0x8D, 0x6B, 0x8D, 0x6B, 0x8D, 0x6B, 0x8D, 0x6B, 0x8D, 0x6B,
    0x8D, 0x6B, 0x8D, 0x6B, 0x8D, 0x6B, 0x8D, 0x6B, 0x8D, 0x6B, 0x8D, 0x6B, 0x8D, 0x6B, 0x8D, 0x6B,
    0x6D, 0x6B, 0x6D, 0x6B, 0x6D, 0x6B, 0x6D, 0x6B, 0x6D, 0x6B, 0x6D, 0x6B, 0x6D, 0x6B, 0x6D, 0x6B,
    0x6D, 0x6B, 0x6D, 0x6B, 0x6D, 0x6B, 0x6D, 0x6B, 0x6D, 0x6B, 0x6D, 0x6B, 0x8D, 0x6B, 0x8D, 0x6B,
    0x8D, 0x6B, 0x8D, 0x6B, 0x8D, 0x6B, 0x8D, 0x6B, 0x8D, 0x6B, 0x8D, 0x6B, 0x8D, 0x6B, 0x8D, 0x73,
    0x8D, 0x73, 0x8E, 0x73, 0xAE, 0x73, 0x6D, 0x6B, 0xEB, 0x62, 0x6D, 0x73, 0xEF, 0x83, 0xEF, 0x83,
    0x6D, 0x73, 0x6D, 0x73, 0x4D, 0x6B, 0x4C, 0x6B, 0x2C, 0x6B, 0x2C, 0x6B, 0x2C, 0x6B, 0x4C, 0x6B,
    0xCF, 0x7B, 0xEF, 0x83, 0xEF, 0x83, 0xEF, 0x83, 0xEF, 0x83, 0x0F, 0x84, 0x0F, 0x84, 0x10, 0x84,
    0x0F, 0x84, 0x0F, 0x84, 0x30, 0x84, 0x30, 0x84, 0x30, 0x8C, 0x30, 0x8C, 0x50, 0x8C, 0x50, 0x8C,
    0x50, 0x8C, 0x50, 0x8C, 0x50, 0x8C, 0x50, 0x8C, 0x50, 0x8C, 0x50, 0x8C, 0x50, 0x8C, 0x50, 0x8C,
    0x50, 0x8C, 0x50, 0x8C, 0x50, 0x8C, 0x50, 0x8C, 0x50, 0x8C, 0x50, 0x8C, 0x51, 0x8C, 0x71, 0x94,
    0x71, 0x94, 0x71, 0x94, 0x71, 0x94, 0x50, 0x8C, 0x30, 0x8C, 0x0F, 0x84, 0x0F, 0x84, 0x10, 0x8C,
    0x10, 0x8C, 0x10, 0x8C, 0x10, 0x8C, 0x0F, 0x8C, 0xEF, 0x83, 0xCE, 0x7B, 0x8D, 0x7B, 0x6D, 0x73,
    0x6D, 0x73, 0x6D, 0x73, 0x6D, 0x73, 0x6D, 0x73, 0x4C, 0x73, 0xEB, 0x62, 0x6D, 0x73, 0xAE, 0x7B,
    0x4C, 0x73, 0x0B, 0x6B, 0xCA, 0x62, 0x69, 0x52, 0x28, 0x4A, 0x08, 0x4A, 0x28, 0x4A, 0x28, 0x4A,
    0x28, 0x4A, 0x28, 0x4A, 0x08, 0x4A, 0x07, 0x4A, 0xE7, 0x41, 0xE7, 0x41, 0x08, 0x4A, 0x69, 0x52,
    0x89, 0x5A, 0x49, 0x52, 0x08, 0x4A, 0x28, 0x4A, 0x28, 0x52, 0x28, 0x52, 0x28, 0x52, 0x28, 0x52,
    0x48, 0x52, 0x49, 0x52, 0x69, 0x5A, 0x89, 0x5A, 0xAA, 0x62, 0xCA, 0x6A, 0x0B, 0x73, 0x4B, 0x7B,
    0x4C, 0x7B, 0x8D, 0x83, 0xCD, 0x8B, 0xEE, 0x93, 0x0E, 0x94, 0x4F, 0x9C, 0x70, 0xA4, 0x70, 0xA4,
    0x90, 0xA4, 0x90, 0xA4, 0x90, 0xA4, 0x90, 0xA4, 0xB1, 0xA4, 0xD2, 0xAC, 0xF2, 0xAC, 0x12, 0xB5,
    0x12, 0xB5, 0x13, 0xB5, 0x13, 0xB5, 0x13, 0xB5, 0x13, 0xB5, 0x13, 0xB5, 0x13, 0xB5, 0x13, 0xB5,
    0x13, 0xB5, 0x33, 0xB5, 0x13, 0xB5, 0xF2, 0xAC, 0xF2, 0xAC, 0x13, 0xB5, 0x33, 0xB5, 0x33, 0xB5,
    0x33, 0xB5, 0x13, 0xB5, 0xD2, 0xAC, 0x70, 0xA4, 0x70, 0xA4, 0x90, 0xA4, 0xB1, 0xA4, 0xB1, 0xAC,
    0x4F, 0x9C, 0x0F, 0x94, 0xEE, 0x93, 0xEE, 0x93, 0xEE, 0x8B, 0xCE, 0x8B, 0xCE, 0x8B, 0xCE, 0x8B,
    0xAE, 0x8B, 0xCE, 0x8B, 0xEE, 0x93, 0x0F, 0x9C, 0x2F, 0x94, 0x2F, 0x9C, 0x2F, 0x94, 0xCE, 0x8B,
    0x8D, 0x83, 0xCE, 0x8B, 0xEE, 0x93, 0x0F, 0x94, 0xB1, 0xA4, 0x2F, 0x94, 0xAD, 0x83, 0x2B, 0x7B,
    0x2B, 0x73, 0xEE, 0x8B, 0xCE, 0x83, 0x2B, 0x73, 0x6C, 0x7B, 0x6D, 0x83, 0x0B, 0x6B, 0xCA, 0x62,
    0x0B, 0x6B, 0xEB, 0x6A, 0x0C, 0x6B, 0x2C, 0x73, 0xCB, 0x62, 0xCB, 0x62, 0xEB, 0x62, 0x0B, 0x6B,
    0x4C, 0x73, 0x6D, 0x7B, 0x4C, 0x73, 0x8D, 0x7B, 0xAD, 0x7B, 0x8D, 0x7B, 0x2B, 0x6B, 0x4C, 0x73,
    0x6C, 0x73, 0x4C, 0x73, 0x2B, 0x6B, 0x8D, 0x7B, 0x8D, 0x7B, 0x6C, 0x73, 0x8C, 0x7B, 0xCD, 0x83,
    0xAD, 0x83, 0xAD, 0x7B, 0xAD, 0x83, 0x8D, 0x7B, 0x8D, 0x83, 0xAD, 0x83, 0x0B, 0x6B, 0x0B, 0x6B,
    0x4C, 0x6B, 0xAA, 0x5A, 0x28, 0x4A, 0x89, 0x52, 0xEB, 0x62, 0x4C, 0x73, 0x6D, 0x73, 0x2B, 0x6B,
    0x8D, 0x73, 0x6D, 0x6B, 0x6D, 0x6B, 0x6D, 0x6B, 0x6D, 0x73, 0x0C, 0x63, 0x0C, 0x63, 0x6D, 0x6B,
    0x6D, 0x6B, 0x4D, 0x6B, 0x6D, 0x6B, 0x4D, 0x6B, 0x0C, 0x63, 0x0B, 0x5B, 0x6D, 0x6B, 0x6D, 0x6B,
    0x6D, 0x6B, 0x6D, 0x6B, 0x6D, 0x6B, 0x6D, 0x6B, 0x4D, 0x6B, 0x4D, 0x6B, 0x6D, 0x6B, 0x6D, 0x6B,
    0x8D, 0x6B, 0x4C, 0x63, 0x4D, 0x6B, 0x6D, 0x6B, 0x6D, 0x6B, 0x6D, 0x6B, 0x6D, 0x6B, 0x6D, 0x6B,
    0x6D, 0x6B, 0x6D, 0x6B, 0x6D, 0x6B, 0x6D, 0x6B, 0x6D, 0x6B, 0x6D, 0x6B, 0x6D, 0x6B, 0x6D, 0x6B,
    0x6D, 0x6B, 0x6D, 0x6B, 0x6D, 0x6B, 0x6D, 0x6B, 0x6D, 0x6B, 0x6D, 0x6B, 0x6D, 0x6B, 0x6D, 0x6B,
    0x6D, 0x6B, 0x6D, 0x6B, 0x6D, 0x6B, 0x6D, 0x6B, 0x6D, 0x6B, 0x6D, 0x6B, 0x6D, 0x63, 0x6D, 0x63,
    0x8E, 0x6B, 0x8E, 0x6B, 0x8E, 0x6B, 0x8E, 0x6B, 0x8E, 0x6B, 0x8E, 0x6B, 0x8E, 0x6B, 0x8E, 0x6B,
    0x8E, 0x6B, 0x8E, 0x6B, 0x8D, 0x6B, 0x8D, 0x6B, 0x8D, 0x6B, 0x8D, 0x6B, 0x8D, 0x6B, 0x8D, 0x6B,
    0x8D, 0x6B, 0x8D, 0x6B, 0x8D, 0x6B, 0x8D, 0x6B, 0x8D, 0x6B, 0x8D, 0x6B, 0x8D, 0x6B, 0x6D, 0x6B,
    0x6D, 0x6B, 0x6D, 0x6B, 0x6D, 0x6B, 0x6D, 0x6B, 0x6D, 0x6B, 0x6D, 0x6B, 0x6D, 0x6B, 0x6D, 0x6B,
    0x6D, 0x6B, 0x6D, 0x6B, 0x6D, 0x6B, 0x6D, 0x6B, 0x6D, 0x6B, 0x6D, 0x6B, 0x6D, 0x6B, 0x6D, 0x6B,
    0x6D, 0x6B, 0x6D, 0x6B, 0x6D, 0x6B, 0x6D, 0x6B, 0x8D, 0x6B, 0x8D, 0x6B, 0x8D, 0x6B, 0x8D, 0x6B,
    0x8D, 0x6B, 0x8E, 0x73, 0x6D, 0x6B, 0xEB, 0x5A, 0xEB, 0x5A, 0x8E, 0x73, 0xAE, 0x7B, 0x4D, 0x6B,
    0x4C, 0x6B, 0x4C, 0x6B, 0x2C, 0x6B, 0x2C, 0x6B, 0x2C, 0x6B, 0x0C, 0x63, 0x2C, 0x6B, 0x4C, 0x6B,
    0xAE, 0x7B, 0xEF, 0x83, 0xEF, 0x83, 0xEF, 0x83, 0xEF, 0x83, 0x0F, 0x84, 0x0F, 0x84, 0x10, 0x84,
    0x0F, 0x84, 0x0F, 0x84, 0x30, 0x84, 0x30, 0x84, 0x30, 0x84, 0x30, 0x8C, 0x50, 0x8C, 0x50, 0x8C,
    0x50, 0x8C, 0x50, 0x8C, 0x50, 0x8C, 0x50, 0x8C, 0x50, 0x8C, 0x50, 0x8C, 0x50, 0x8C, 0x50, 0x8C,
    0x50, 0x8C, 0x50, 0x8C, 0x50, 0x8C, 0x50, 0x8C, 0x50, 0x8C, 0x50, 0x8C, 0x51, 0x8C, 0x91, 0x94,
    0x91, 0x94, 0x71, 0x94, 0x71, 0x94, 0x71, 0x94, 0x50, 0x8C, 0x30, 0x8C, 0x30, 0x8C, 0x30, 0x8C,
    0x30, 0x8C, 0x30, 0x8C, 0x50, 0x8C, 0x30, 0x8C, 0x0F, 0x8C, 0xCE, 0x83, 0x8D, 0x7B, 0x6D, 0x73,
    0x8D, 0x7B, 0x8D, 0x7B, 0x8D, 0x7B, 0x8D, 0x7B, 0x2C, 0x6B, 0x4D, 0x73, 0xAE, 0x7B, 0xCE, 0x83,
    0x6D, 0x73, 0x2C, 0x6B, 0xCB, 0x62, 0x69, 0x5A, 0x69, 0x52, 0x49, 0x52, 0x28, 0x52, 0x48, 0x52,
    0x48, 0x52, 0x28, 0x4A, 0x28, 0x4A, 0x08, 0x4A, 0x08, 0x4A, 0x28, 0x52, 0x69, 0x5A, 0x69, 0x5A,
    0x49, 0x52, 0x28, 0x4A, 0x08, 0x4A, 0x08, 0x4A, 0x28, 0x4A, 0x28, 0x4A, 0x28, 0x4A, 0x28, 0x52,
    0x28, 0x52, 0x28, 0x52, 0x49, 0x52, 0x69, 0x5A, 0x89, 0x5A, 0xAA, 0x62, 0xAA, 0x62, 0xCA, 0x6A,
    0xEB, 0x72, 0x2B, 0x7B, 0x4B, 0x7B, 0x8C, 0x83, 0xCD, 0x8B, 0xEE, 0x93, 0x2F, 0x9C, 0x4F, 0x9C,
    0x4F, 0x9C, 0x70, 0x9C, 0x70, 0xA4, 0x90, 0xA4, 0xB1, 0xA4, 0xD1, 0xAC, 0xF2, 0xAC, 0xF2, 0xB4,
    0x12, 0xB5, 0x12, 0xB5, 0x12, 0xB5, 0x13, 0xB5, 0x13, 0xB5, 0x13, 0xB5, 0x13, 0xB5, 0x13, 0xB5,
    0x13, 0xB5, 0x13, 0xB5, 0x12, 0xB5, 0xD2, 0xAC, 0xF2, 0xAC, 0x13, 0xB5, 0x33, 0xB5, 0x33, 0xB5,
    0x33, 0xB5, 0x13, 0xB5, 0xD1, 0xAC, 0x70, 0x9C, 0x90, 0xA4, 0x90, 0xA4, 0xB1, 0xA4, 0x91, 0xA4,
    0x2F, 0x9C, 0x0F, 0x94, 0xEE, 0x93, 0xEE, 0x93, 0xEE, 0x8B, 0xCE, 0x8B, 0xCE, 0x8B, 0xCE, 0x8B,
    0xAE, 0x8B, 0xCE, 0x8B, 0x0F, 0x94, 0x2F, 0x9C, 0x2F, 0x9C, 0x50, 0x9C, 0x2F, 0x94, 0xCE, 0x8B,
    0x8D, 0x83, 0xCE, 0x8B, 0xEE, 0x93, 0x0F, 0x94, 0xB1, 0xA4, 0x50, 0x9C, 0xAD, 0x83, 0x2B, 0x7B,
    0x0B, 0x73, 0xEE, 0x8B, 0xCE, 0x83, 0x2B, 0x73, 0x6C, 0x7B, 0x6C, 0x7B, 0xEA, 0x6A, 0xCA, 0x62,
    0x0B, 0x6B, 0x0B, 0x6B, 0x0C, 0x6B, 0x0C, 0x6B, 0xCB, 0x62, 0xCB, 0x62, 0xEB, 0x62, 0xEB, 0x6A,
    0x4C, 0x73, 0x6D, 0x7B, 0x4C, 0x73, 0x8D, 0x7B, 0xAD, 0x83, 0x8D, 0x7B, 0x2B, 0x6B, 0x4C, 0x73,
    0x6C, 0x73, 0x6C, 0x73, 0x0B, 0x6B, 0x6C, 0x73, 0x8D, 0x7B, 0x8D, 0x7B, 0x6C, 0x7B, 0xAD, 0x83,
    0xAD, 0x83, 0xAD, 0x83, 0xAD, 0x83, 0x8D, 0x7B, 0x8C, 0x7B, 0xAD, 0x83, 0x2C, 0x73, 0xEA, 0x6A,
    0x2C, 0x6B, 0xCA, 0x5A, 0x48, 0x4A, 0x69, 0x52, 0xAA, 0x5A, 0x2C, 0x73, 0x6D, 0x7B, 0x2C, 0x6B,
    0x6C, 0x6B, 0x6D, 0x73, 0x6D, 0x6B, 0x6D, 0x6B, 0x6D, 0x6B, 0x4D, 0x6B, 0xEB, 0x5A, 0x4D, 0x6B,
    0x6D, 0x6B, 0x4D, 0x6B, 0x6D, 0x6B, 0x6D, 0x6B, 0x4C, 0x63, 0xEB, 0x5A, 0x2C, 0x63, 0x6D, 0x6B,
    0x6D, 0x6B, 0x6D, 0x6B, 0x6D, 0x6B, 0x6D, 0x6B, 0x4D, 0x6B, 0x6D, 0x6B, 0x6D, 0x6B, 0x6D, 0x6B,
    0x6D, 0x6B, 0x6D, 0x6B, 0x2C, 0x63, 0x6D, 0x6B, 0x6D, 0x6B, 0x6D, 0x6B, 0x6D, 0x6B, 0x6D, 0x6B,
    0x6D, 0x6B, 0x6D, 0x6B, 0x6D, 0x6B, 0x6D, 0x6B, 0x6D, 0x6B, 0x6D, 0x6B, 0x6D, 0x6B, 0x6D, 0x6B,
    0x6D, 0x6B, 0x6D, 0x6B, 0x6D, 0x6B, 0x6D, 0x6B, 0x6D, 0x6B, 0x6D, 0x6B, 0x6D, 0x6B, 0x6D, 0x6B,
    0x6D, 0x6B, 0x6D, 0x6B, 0x6D, 0x6B, 0x6D, 0x6B, 0x6D, 0x6B, 0x6D, 0x6B, 0x6D, 0x63, 0x6D, 0x63,
    0x8E, 0x6B, 0x8E, 0x6B, 0x8E, 0x6B, 0x8E, 0x6B, 0x8E, 0x6B, 0x8E, 0x6B, 0x8E, 0x6B, 0x8E, 0x6B,
    0x8D, 0x6B, 0x8D, 0x6B, 0x8D, 0x6B, 0x8D, 0x6B, 0x8D, 0x6B, 0x8D, 0x6B, 0x8D, 0x6B, 0x8D, 0x6B,
    0x8D, 0x6B, 0x8D, 0x6B, 0x8D, 0x6B, 0x8D, 0x6B, 0x8D, 0x6B, 0x8D, 0x6B, 0x6D, 0x6B, 0x6D, 0x6B,
    0x6D, 0x6B, 0x6D, 0x6B, 0x6D, 0x6B, 0x6D, 0x6B, 0x6D, 0x6B, 0x6D, 0x6B, 0x6D, 0x6B, 0x6D, 0x6B,
    0x6D, 0x6B, 0x6D, 0x6B, 0x6D, 0x6B, 0x6D, 0x6B, 0x6D, 0x6B, 0x6D, 0x6B, 0x6D, 0x6B, 0x6D, 0x6B,
    0x6D, 0x6B, 0x6D, 0x6B, 0x6D, 0x6B, 0x6D, 0x6B, 0x6D, 0x6B, 0x6D, 0x6B, 0x6D, 0x6B, 0x8D, 0x6B,
    0x8D, 0x6B, 0x6D, 0x6B, 0x0B, 0x63, 0x8A, 0x52, 0x4C, 0x6B, 0x8E, 0x73, 0x2C, 0x63, 0x2C, 0x6B,
    0x2C, 0x6B, 0x0C, 0x63, 0x0C, 0x63, 0x0B, 0x63, 0x0B, 0x63, 0x0B, 0x63, 0x0C, 0x63, 0x2C, 0x6B,
    0xAE, 0x7B, 0xEF, 0x83, 0xCF, 0x7B, 0xEF, 0x83, 0xEF, 0x83, 0xEF, 0x83, 0x0F, 0x84, 0x0F, 0x84,
    0x0F, 0x84, 0x0F, 0x84, 0x30, 0x84, 0x30, 0x84, 0x30, 0x84, 0x50, 0x8C, 0x50, 0x8C, 0x50, 0x8C,
    0x50, 0x8C, 0x50, 0x8C, 0x50, 0x8C, 0x50, 0x8C, 0x50, 0x8C, 0x50, 0x8C, 0x50, 0x8C, 0x50, 0x8C,
    0x50, 0x8C, 0x50, 0x8C, 0x50, 0x8C, 0x50, 0x8C, 0x50, 0x8C, 0x50, 0x8C, 0x50, 0x8C, 0x71, 0x94,
    0x91, 0x94, 0x71, 0x94, 0x71, 0x94, 0x71, 0x94, 0x71, 0x94, 0x50, 0x8C, 0x50, 0x8C, 0x30, 0x8C,
    0x30, 0x8C, 0x50, 0x8C, 0x50, 0x94, 0x50, 0x8C, 0x0F, 0x8C, 0xEF, 0x83, 0xAE, 0x7B, 0x8D, 0x7B,
    0x8D, 0x7B, 0x8D, 0x7B, 0x8E, 0x7B, 0x6D, 0x73, 0x2C, 0x6B, 0xAE, 0x7B, 0xCE, 0x83, 0xCE, 0x83,
    0x8D, 0x7B, 0x4C, 0x73, 0xEB, 0x62, 0xAA, 0x5A, 0x69, 0x5A, 0x49, 0x52, 0x49, 0x52, 0x49, 0x52,
    0x49, 0x52, 0x49, 0x52, 0x49, 0x52, 0x49, 0x52, 0x69, 0x5A, 0x89, 0x5A, 0x89, 0x5A, 0x69, 0x5A,
    0x48, 0x52, 0x28, 0x4A, 0x08, 0x4A, 0x08, 0x4A, 0x28, 0x52, 0x08, 0x52, 0x08, 0x52, 0x28, 0x52,
    0x28, 0x52, 0x28, 0x52, 0x28, 0x52, 0x48, 0x52, 0x69, 0x5A, 0x69, 0x5A, 0x8A, 0x62, 0xAA, 0x62,
    0xAA, 0x62, 0xEA, 0x6A, 0x0B, 0x73, 0x0B, 0x73, 0x6C, 0x83, 0xAD, 0x8B, 0xEE, 0x93, 0x0E, 0x94,
    0x2F, 0x9C, 0x4F, 0x9C, 0x50, 0x9C, 0x70, 0xA4, 0x90, 0xA4, 0xD1, 0xAC, 0xF2, 0xAC, 0xF2, 0xAC,
    0xF2, 0xB4, 0x12, 0xB5, 0x12, 0xB5, 0x12, 0xB5, 0x12, 0xB5, 0x12, 0xB5, 0x12, 0xB5, 0x13, 0xB5,
    0x13, 0xB5, 0x13, 0xB5, 0x12, 0xB5, 0xD1, 0xAC, 0xF2, 0xAC, 0x13, 0xB5, 0x33, 0xB5, 0x33, 0xB5,
    0x13, 0xB5, 0x12, 0xB5, 0x91, 0xA4, 0x70, 0x9C, 0x70, 0xA4, 0x90, 0xA4, 0xB1, 0xA4, 0x70, 0xA4,
    0x2F, 0x94, 0x0E, 0x94, 0xEE, 0x93, 0xEE, 0x93, 0xEE, 0x8B, 0xCE, 0x8B, 0xCE, 0x8B, 0xAE, 0x8B,
    0xAE, 0x8B, 0xCE, 0x8B, 0x0F, 0x94, 0x2F, 0x9C, 0x2F, 0x9C, 0x50, 0x9C, 0x2F, 0x9C, 0xCE, 0x8B,
    0x8D, 0x83, 0xCE, 0x8B, 0xEE, 0x93, 0x0F, 0x94, 0xB1, 0xA4, 0x70, 0xA4, 0xAD, 0x8B, 0x4C, 0x7B,
    0x0B, 0x73, 0xCE, 0x8B, 0xCE, 0x8B, 0x4C, 0x73, 0x6C, 0x7B, 0x6C, 0x7B, 0xEA, 0x6A, 0xCA, 0x62,
    0xEB, 0x6A, 0x0B, 0x6B, 0x0C, 0x6B, 0x0C, 0x6B, 0xCB, 0x62, 0xCB, 0x62, 0xEB, 0x62, 0xEB, 0x6A,
    0x4C, 0x73, 0x6D, 0x7B, 0x4C, 0x73, 0x8D, 0x7B, 0xAD, 0x83, 0x8D, 0x7B, 0x2B, 0x6B, 0x2B, 0x73,
    0x4C, 0x73, 0x6C, 0x7B, 0x2B, 0x73, 0x4C, 0x73, 0xAD, 0x7B, 0x8D, 0x7B, 0x6C, 0x7B, 0xAD, 0x83,
    0xAD, 0x83, 0xAD, 0x83, 0xAD, 0x83, 0xAD, 0x7B, 0x6C, 0x7B, 0x8D, 0x83, 0x6C, 0x7B, 0xEA, 0x6A,
    0x2B, 0x73, 0x0B, 0x63, 0x48, 0x4A, 0x49, 0x4A, 0x89, 0x5A, 0x2C, 0x73, 0x4C, 0x73, 0x4C, 0x73,
    0x2C, 0x6B, 0x6D, 0x73, 0x6D, 0x6B, 0x6D, 0x6B, 0x4D, 0x6B, 0x6D, 0x6B, 0xEB, 0x5A, 0x2C, 0x63,
    0x6D, 0x6B, 0x4D, 0x6B, 0x6D, 0x6B, 0x6D, 0x6B, 0x6D, 0x6B, 0x2C, 0x63, 0xEB, 0x5A, 0x4D, 0x6B,
    0x6D, 0x6B, 0x6D, 0x6B, 0x6D, 0x6B, 0x6D, 0x6B, 0x6D, 0x6B, 0x6D, 0x6B, 0x6D, 0x6B, 0x6D, 0x6B,
    0x6D, 0x6B, 0x8D, 0x6B, 0x4D, 0x63, 0x2C, 0x63, 0x6D, 0x6B, 0x6D, 0x6B, 0x6D, 0x6B, 0x6D, 0x6B,
    0x6D, 0x6B, 0x6D, 0x6B, 0x6D, 0x6B, 0x6D, 0x6B, 0x6D, 0x6B, 0x6D, 0x6B, 0x6D, 0x6B, 0x6D, 0x6B,
    0x6D, 0x6B, 0x6D, 0x6B, 0x6D, 0x6B, 0x6D, 0x6B, 0x6D, 0x6B, 0x6D, 0x6B, 0x6D, 0x6B, 0x6D, 0x6B,
    0x6D, 0x6B, 0x6D, 0x6B, 0x6D, 0x6B, 0x6D, 0x6B, 0x6D, 0x6B, 0x6D, 0x6B, 0x6D, 0x63, 0x6D, 0x63,
    0x8E, 0x6B, 0x8E, 0x6B, 0x8E, 0x6B, 0x8E, 0x6B, 0x8E, 0x6B, 0x8E, 0x6B, 0x8E, 0x6B, 0x8E, 0x6B,
    0x8D, 0x6B, 0x8D, 0x6B, 0x8D, 0x6B, 0x8D, 0x6B, 0x8D, 0x6B, 0x8D, 0x6B, 0x8D, 0x6B, 0x8D, 0x6B,
    0x8D, 0x6B, 0x8D, 0x6B, 0x8D, 0x6B, 0x8D, 0x6B, 0x8D, 0x6B, 0x6D, 0x6B, 0x6D, 0x6B, 0x6D, 0x6B,
    0x6D, 0x6B, 0x6D, 0x6B, 0x6D, 0x6B, 0x6D, 0x6B, 0x6D, 0x6B, 0x6D, 0x6B, 0x6D, 0x6B, 0x6D, 0x6B,
    0x6D, 0x6B, 0x6D, 0x6B, 0x6D, 0x6B, 0x6D, 0x6B, 0x6D, 0x6B, 0x6D, 0x6B, 0x6D, 0x6B, 0x6D, 0x6B,
    0x6D, 0x6B, 0x6D, 0x6B, 0x6D, 0x6B, 0x6D, 0x6B, 0x6D, 0x6B, 0x6D, 0x6B, 0x6D, 0x6B, 0x6D, 0x6B,
    0x6D, 0x6B, 0x2C, 0x63, 0xAA, 0x52, 0xEB, 0x5A, 0x2C, 0x63, 0xCB, 0x5A, 0x0C, 0x63, 0x0C, 0x63,
    0xEB, 0x62, 0xEB, 0x62, 0xEB, 0x62, 0xEB, 0x62, 0xEB, 0x62, 0xEB, 0x62, 0x0B, 0x63, 0x2C, 0x6B,
    0x8E, 0x73, 0xEF, 0x83, 0xCF, 0x7B, 0xCF, 0x7B, 0xEF, 0x83, 0xEF, 0x83, 0x0F, 0x84, 0x0F, 0x84,
    0x0F, 0x84, 0x0F, 0x84, 0x30, 0x84, 0x30, 0x84, 0x30, 0x8C, 0x50, 0x8C, 0x50, 0x8C, 0x50, 0x8C,
    0x50, 0x8C, 0x50, 0x8C, 0x50, 0x8C, 0x71, 0x8C, 0x50, 0x8C, 0x50, 0x8C, 0x50, 0x8C, 0x50, 0x8C,
    0x50, 0x8C, 0x50, 0x8C, 0x50, 0x8C, 0x50, 0x8C, 0x50, 0x8C, 0x50, 0x8C, 0x50, 0x8C, 0x51, 0x8C,
    0x71, 0x94, 0x71, 0x94, 0x70, 0x8C, 0x50, 0x8C, 0x71, 0x94, 0x71, 0x94, 0x50, 0x8C, 0x50, 0x8C,
    0x50, 0x8C, 0x51, 0x94, 0x51, 0x94, 0x50, 0x8C, 0x30, 0x8C, 0xEF, 0x83, 0xCE, 0x7B, 0xAE, 0x7B,
    0xAE, 0x7B, 0x8D, 0x7B, 0x8E, 0x7B, 0x4D, 0x73, 0x4C, 0x73, 0xAE, 0x7B, 0xCF, 0x83, 0xAE, 0x7B,
    0x6D, 0x7B, 0x2C, 0x73, 0x0C, 0x6B, 0xCB, 0x62, 0x69, 0x52, 0x49, 0x52, 0x69, 0x52, 0x69, 0x52,
    0x69, 0x5A, 0x69, 0x5A, 0x89, 0x5A, 0xAA, 0x62, 0xAA, 0x62, 0xAA, 0x62, 0xAA, 0x62, 0x89, 0x62,
    0x69, 0x5A, 0x49, 0x52, 0x28, 0x52, 0x08, 0x52, 0x08, 0x52, 0x08, 0x52, 0x28, 0x52, 0x28, 0x52,
    0x28, 0x4A, 0x28, 0x52, 0x28, 0x52, 0x28, 0x52, 0x48, 0x52, 0x49, 0x52, 0x69, 0x5A, 0x89, 0x5A,
    0x89, 0x62, 0xA9, 0x62, 0xCA, 0x62, 0xEA, 0x6A, 0x0B, 0x73, 0x6C, 0x7B, 0xAD, 0x8B, 0xCE, 0x93,
    0xEE, 0x93, 0x0E, 0x9C, 0x2F, 0x9C, 0x70, 0x9C, 0x90, 0xA4, 0xB1, 0xA4, 0xD2, 0xAC, 0xF2, 0xAC,
    0xF2, 0xAC, 0xF2, 0xAC, 0xF2, 0xB4, 0xF2, 0xB4, 0x12, 0xB5, 0x12, 0xB5, 0x12, 0xB5, 0x12, 0xB5,
    0x12, 0xB5, 0x13, 0xB5, 0x12, 0xB5, 0xD1, 0xAC, 0xF2, 0xAC, 0x13, 0xB5, 0x13, 0xB5, 0x13, 0xB5,
    0x13, 0xB5, 0xF2, 0xB4, 0x70, 0xA4, 0x70, 0xA4, 0x70, 0xA4, 0x90, 0xA4, 0x91, 0xA4, 0x50, 0x9C,
    0x0F, 0x94, 0xEE, 0x93, 0xEE, 0x93, 0xEE, 0x93, 0xEE, 0x93, 0xCE, 0x8B, 0xCE, 0x8B, 0xAE, 0x8B,
    0xAD, 0x8B, 0xCE, 0x8B, 0x0F, 0x94, 0x2F, 0x9C, 0x30, 0x9C, 0x50, 0x9C, 0x50, 0x9C, 0xCE, 0x8B,
    0x8D, 0x83, 0xCE, 0x8B, 0xEF, 0x93, 0x0F, 0x94, 0x91, 0xA4, 0x91, 0xA4, 0xCE, 0x8B, 0x4C, 0x7B,
    0x0B, 0x73, 0xCE, 0x83, 0xCE, 0x8B, 0x4C, 0x7B, 0x6C, 0x7B, 0x6D, 0x7B, 0xCA, 0x6A, 0xCA, 0x62,
    0xEB, 0x6A, 0x0C, 0x6B, 0x0C, 0x6B, 0x0C, 0x6B, 0xCB, 0x62, 0xEB, 0x62, 0xCB, 0x62, 0xEB, 0x6A,
    0x4C, 0x73, 0x6D, 0x7B, 0x4C, 0x73, 0x8D, 0x7B, 0xAD, 0x83, 0x8D, 0x7B, 0x0B, 0x6B, 0x2B, 0x73,
    0x2C, 0x73, 0x4C, 0x73, 0x4C, 0x73, 0x2B, 0x73, 0x8D, 0x7B, 0x8D, 0x83, 0x8D, 0x7B, 0xAD, 0x83,
    0xAD, 0x83, 0xAD, 0x7B, 0xAD, 0x7B, 0xAD, 0x7B, 0x6C, 0x73, 0x6D, 0x7B, 0x8D, 0x7B, 0xEB, 0x6A,
    0x0B, 0x73, 0x0B, 0x6B, 0x69, 0x52, 0x29, 0x4A, 0x69, 0x52, 0x0B, 0x6B, 0x6D, 0x73, 0x6D, 0x73,
    0x0C, 0x6B, 0x4D, 0x6B, 0x6E, 0x6B, 0x6D, 0x6B, 0x6D, 0x6B, 0x6D, 0x6B, 0x4C, 0x63, 0x0C, 0x5B,
    0x6D, 0x6B, 0x4D, 0x6B, 0x6D, 0x6B, 0x6D, 0x6B, 0x6D, 0x6B, 0x4D, 0x6B, 0x0C, 0x5B, 0x0C, 0x5B,
    0x6E, 0x6B, 0x6D, 0x6B, 0x6D, 0x6B, 0x6D, 0x6B, 0x6D, 0x6B, 0x6D, 0x6B, 0x6D, 0x6B, 0x6D, 0x6B,
    0x6D, 0x6B, 0x6D, 0x6B, 0x6D, 0x6B, 0x0C, 0x63, 0x4D, 0x6B, 0x6D, 0x6B, 0x6D, 0x6B, 0x6D, 0x6B,
    0x6D, 0x6B, 0x6D, 0x6B, 0x6D, 0x6B, 0x6D, 0x6B, 0x6D, 0x6B, 0x6D, 0x6B, 0x6D, 0x6B, 0x6D, 0x6B,
    0x6D, 0x6B, 0x6D, 0x6B, 0x6D, 0x6B, 0x6D, 0x6B, 0x6D, 0x6B, 0x6D, 0x6B, 0x6D, 0x6B, 0x6D, 0x6B,
    0x6D, 0x6B, 0x6D, 0x6B, 0x6D, 0x6B, 0x6D, 0x6B, 0x6D, 0x6B, 0x6D, 0x6B, 0x6D, 0x6B, 0x6D, 0x6B,
    0x8E, 0x6B, 0x8E, 0x6B, 0x8E, 0x6B, 0x8E, 0x6B, 0x8E, 0x6B, 0x8E, 0x6B, 0x8E, 0x6B, 0x8E, 0x6B,
    0x8D, 0x6B, 0x8D, 0x6B, 0x8D, 0x6B, 0x8D, 0x6B, 0x8D, 0x6B, 0x8D, 0x6B, 0x8D, 0x6B, 0x8D, 0x6B,
    0x8D, 0x6B, 0x8D, 0x6B, 0x8D, 0x6B, 0x8D, 0x6B, 0x6D, 0x6B, 0x6D, 0x6B, 0x6D, 0x6B, 0x6D, 0x6B,
    0x6D, 0x6B, 0x6D, 0x6B, 0x6D, 0x6B, 0x6D, 0x6B, 0x6D, 0x6B, 0x6D, 0x6B, 0x6D, 0x6B, 0x6D, 0x6B,
    0x6D, 0x6B, 0x6D, 0x6B, 0x6D, 0x6B, 0x6D, 0x6B, 0x6D, 0x6B, 0x6D, 0x6B, 0x6D, 0x6B, 0x6D, 0x6B,
    0x6D, 0x6B, 0x6D, 0x6B, 0x6D, 0x6B, 0x6D, 0x6B, 0x6D, 0x6B, 0x6D, 0x6B, 0x6D, 0x6B, 0x6D, 0x6B,
    0x4D, 0x6B, 0xCA, 0x5A, 0xAA, 0x52, 0xEB, 0x5A, 0xAA, 0x52, 0xEB, 0x5A, 0xEB, 0x62, 0xAA, 0x5A,
    0xCA, 0x5A, 0xCA, 0x5A, 0xCA, 0x5A, 0xCA, 0x5A, 0xCA, 0x5A, 0xCA, 0x5A, 0xEB, 0x62, 0xEB, 0x62,
    0x8D, 0x73, 0xCE, 0x7B, 0xCE, 0x7B, 0xCF, 0x7B, 0xCF, 0x7B, 0xEF, 0x83, 0x0F, 0x84, 0x0F, 0x84,
    0x0F, 0x84, 0x0F, 0x84, 0x30, 0x84, 0x30, 0x84, 0x30, 0x8C, 0x50, 0x8C, 0x50, 0x8C, 0x50, 0x8C,
    0x50, 0x8C, 0x50, 0x8C, 0x50, 0x8C, 0x70, 0x8C, 0x50, 0x8C, 0x50, 0x8C, 0x50, 0x8C, 0x50, 0x8C,
    0x50, 0x8C, 0x50, 0x8C, 0x50, 0x8C, 0x50, 0x8C, 0x50, 0x8C, 0x50, 0x8C, 0x50, 0x8C, 0x50, 0x8C,
    0x50, 0x8C, 0x70, 0x8C, 0x70, 0x8C, 0x50, 0x8C, 0x50, 0x8C, 0x71, 0x94, 0x71, 0x94, 0x51, 0x8C,
    0x50, 0x8C, 0x50, 0x8C, 0x50, 0x8C, 0x50, 0x8C, 0x30, 0x8C, 0xEF, 0x83, 0xCE, 0x7B, 0xAE, 0x7B,
    0xAE, 0x7B, 0x8E, 0x7B, 0x8E, 0x7B, 0x2C, 0x73, 0x4D, 0x73, 0xAE, 0x7B, 0xCF, 0x83, 0xAE, 0x7B,
    0x4D, 0x73, 0x2C, 0x6B, 0x0C, 0x6B, 0xCB, 0x62, 0x69, 0x5A, 0x69, 0x52, 0x69, 0x5A, 0x69, 0x5A,
    0x69, 0x5A, 0x8A, 0x5A, 0xAA, 0x62, 0xCA, 0x62, 0xCA, 0x62, 0xCA, 0x62, 0xCA, 0x62, 0xAA, 0x62,
    0xAA, 0x62, 0x69, 0x5A, 0x48, 0x5A, 0x48, 0x52, 0x48, 0x52, 0x48, 0x52, 0x28, 0x52, 0x28, 0x52,
    0x28, 0x52, 0x28, 0x52, 0x28, 0x52, 0x28, 0x52, 0x28, 0x52, 0x48, 0x52, 0x49, 0x52, 0x69, 0x5A,
    0x89, 0x5A, 0x89, 0x62, 0x89, 0x62, 0xAA, 0x62, 0xEA, 0x6A, 0x0B, 0x73, 0x4C, 0x83, 0x8D, 0x8B,
    0xAD, 0x8B, 0xEE, 0x93, 0x0F, 0x94, 0x4F, 0x9C, 0x70, 0xA4, 0xB1, 0xA4, 0xD1, 0xAC, 0xD2, 0xAC,
    0xF2, 0xAC, 0xF2, 0xAC, 0xF2, 0xAC, 0xF2, 0xAC, 0xF2, 0xAC, 0xF2, 0xB4, 0x12, 0xB5, 0x12, 0xB5,
    0x12, 0xB5, 0x13, 0xB5, 0xF2, 0xAC, 0xD1, 0xAC, 0xF2, 0xAC, 0x13, 0xB5, 0x13, 0xB5, 0x13, 0xB5,
    0x13, 0xB5, 0xD2, 0xAC, 0x50, 0x9C, 0x70, 0xA4, 0x70, 0x9C, 0x90, 0xA4, 0x90, 0xA4, 0x2F, 0x9C,
    0x0E, 0x94, 0xEE, 0x93, 0xEE, 0x93, 0xCE, 0x8B, 0xCE, 0x8B, 0xCE, 0x8B, 0xCE, 0x8B, 0xAD, 0x8B,
    0xAD, 0x8B, 0xEE, 0x8B, 0x2F, 0x94, 0x2F, 0x9C, 0x30, 0x9C, 0x50, 0x9C, 0x50, 0x9C, 0xCE, 0x8B,
    0x8D, 0x83, 0xCE, 0x8B, 0xEF, 0x93, 0x0F, 0x94, 0x91, 0xA4, 0x91, 0xA4, 0xCE, 0x8B, 0x4C, 0x7B,
    0x0B, 0x73, 0xAD, 0x83, 0xCE, 0x8B, 0x4C, 0x7B, 0x6C, 0x7B, 0x6D, 0x7B, 0xCA, 0x62, 0xCA, 0x62,
    0xEB, 0x6A, 0x0C, 0x6B, 0x0C, 0x6B, 0xEB, 0x6A, 0xCB, 0x62, 0xEB, 0x62, 0xEB, 0x62, 0xEB, 0x6A,
    0x4C, 0x73, 0x6C, 0x7B, 0x4C, 0x73, 0xAD, 0x7B, 0xAD, 0x83, 0x8D, 0x7B, 0x0B, 0x6B, 0x2B, 0x6B,
    0x0B, 0x6B, 0x2C, 0x73, 0x6C, 0x7B, 0x2B, 0x73, 0x8D, 0x7B, 0xAD, 0x83, 0x8D, 0x7B, 0xAD, 0x83,
    0xAD, 0x83, 0xAD, 0x83, 0xAD, 0x7B, 0xAD, 0x83, 0x6D, 0x7B, 0x4C, 0x73, 0xAD, 0x83, 0x0B, 0x6B,
    0x0B, 0x6B, 0x2B, 0x6B, 0xAA, 0x5A, 0x29, 0x4A, 0x49, 0x4A, 0xCA, 0x62, 0x6D, 0x73, 0x6D, 0x73,
    0x2C, 0x6B, 0x2C, 0x6B, 0x8E, 0x73, 0x6D, 0x6B, 0x6D, 0x6B, 0x6D, 0x6B, 0x6D, 0x6B, 0x0C, 0x5B,
    0x4D, 0x63, 0x4D, 0x6B, 0x6D, 0x6B, 0x6D, 0x6B, 0x6D, 0x6B, 0x6D, 0x6B, 0x2C, 0x63, 0xEB, 0x5A,
    0x2D, 0x63, 0x6D, 0x6B, 0x6D, 0x6B, 0x6D, 0x6B, 0x6D, 0x6B, 0x6D, 0x6B, 0x6D, 0x6B, 0x6D, 0x6B,
    0x6D, 0x6B, 0x6D, 0x6B, 0x6D, 0x6B, 0x4D, 0x6B, 0x2C, 0x63, 0x6E, 0x6B, 0x6D, 0x6B, 0x6D, 0x6B,
    0x6D, 0x6B, 0x6D, 0x6B, 0x6D, 0x6B, 0x6D, 0x6B, 0x6D, 0x6B, 0x6D, 0x6B, 0x6D, 0x6B, 0x6D, 0x6B,
    0x6D, 0x6B, 0x6D, 0x6B, 0x6D, 0x6B, 0x6D, 0x6B, 0x6D, 0x6B, 0x6D, 0x6B, 0x6D, 0x6B, 0x6D, 0x6B,
    0x6D, 0x6B, 0x6D, 0x6B, 0x6D, 0x6B, 0x6D, 0x6B, 0x6D, 0x6B, 0x6D, 0x6B, 0x6D, 0x6B, 0x6D, 0x6B,
    0x8E, 0x6B, 0x8E, 0x6B, 0x8E, 0x6B, 0x8E, 0x6B, 0x8E, 0x6B, 0x8E, 0x6B, 0x8E, 0x6B, 0x8E, 0x6B,
    0x8D, 0x6B, 0x8D, 0x6B, 0x8D, 0x6B, 0x8D, 0x6B, 0x8D, 0x6B, 0x8D, 0x6B, 0x8D, 0x6B, 0x8D, 0x6B,
    0x8D, 0x6B, 0x8D, 0x6B, 0x8D, 0x6B, 0x6D, 0x6B, 0x6D, 0x6B, 0x6D, 0x6B, 0x6D, 0x6B, 0x6D, 0x6B,
    0x6D, 0x6B, 0x6D, 0x6B, 0x6D, 0x6B, 0x6D, 0x6B, 0x6D, 0x6B, 0x6D, 0x6B, 0x6D, 0x6B, 0x6D, 0x6B,
    0x6D, 0x6B, 0x6D, 0x6B, 0x6D, 0x6B, 0x6D, 0x6B, 0x6D, 0x6B, 0x6D, 0x6B, 0x6D, 0x6B, 0x6D, 0x6B,
    0x6D, 0x6B, 0x6D, 0x6B, 0x6D, 0x6B, 0x6D, 0x6B, 0x6D, 0x6B, 0x6D, 0x6B, 0x6D, 0x6B, 0x6D, 0x6B,
    0xEB, 0x62, 0x89, 0x52, 0x8A, 0x52, 0x89, 0x52, 0x0B, 0x63, 0xEB, 0x5A, 0x8A, 0x52, 0x8A, 0x5A,
    0xAA, 0x5A, 0xAA, 0x5A, 0xAA, 0x5A, 0xAA, 0x5A, 0xAA, 0x5A, 0xCA, 0x5A, 0xCA, 0x5A, 0xEB, 0x62,
    0x8D, 0x73, 0xCE, 0x7B, 0xAE, 0x7B, 0xCE, 0x7B, 0xCF, 0x7B, 0xEF, 0x83, 0x0F, 0x84, 0x0F, 0x84,
    0x0F, 0x84, 0x30, 0x84, 0x30, 0x84, 0x30, 0x8C, 0x50, 0x8C, 0x50, 0x8C, 0x50, 0x8C, 0x50, 0x8C,
    0x50, 0x8C, 0x50, 0x8C, 0x50, 0x8C, 0x50, 0x8C, 0x50, 0x8C, 0x50, 0x8C, 0x50, 0x8C, 0x50, 0x8C,
    0x50, 0x8C, 0x50, 0x8C, 0x50, 0x8C, 0x50, 0x8C, 0x50, 0x8C, 0x50, 0x8C, 0x50, 0x8C, 0x50, 0x8C,
    0x50, 0x8C, 0x50, 0x8C, 0x50, 0x8C, 0x50, 0x8C, 0x50, 0x8C, 0x50, 0x8C, 0x50, 0x8C, 0x50, 0x8C,
    0x51, 0x8C, 0x50, 0x8C, 0x50, 0x8C, 0x50, 0x8C, 0x30, 0x8C, 0xEF, 0x83, 0xCE, 0x7B, 0xAE, 0x7B,
    0xAE, 0x7B, 0x8E, 0x7B, 0x8D, 0x7B, 0x0C, 0x6B, 0x6D, 0x7B, 0xAE, 0x7B, 0xCE, 0x83, 0xAE, 0x7B,
    0x2C, 0x73, 0x0C, 0x6B, 0x2C, 0x6B, 0xCB, 0x62, 0x69, 0x5A, 0x69, 0x5A, 0x69, 0x5A, 0x8A, 0x5A,
    0xAA, 0x62, 0xAA, 0x62, 0xCA, 0x62, 0xCA, 0x6A, 0xCA, 0x6A, 0xCA, 0x6A, 0xCA, 0x6A, 0xAA, 0x62,
    0x89, 0x62, 0x69, 0x5A, 0x89, 0x62, 0x89, 0x62, 0x89, 0x5A, 0x89, 0x5A, 0x69, 0x5A, 0x48, 0x52,
    0x28, 0x52, 0x28, 0x52, 0x28, 0x52, 0x28, 0x52, 0x49, 0x52, 0x48, 0x52, 0x48, 0x52, 0x49, 0x52,
    0x69, 0x5A, 0x69, 0x5A, 0x69, 0x5A, 0x89, 0x62, 0xAA, 0x62, 0xEA, 0x6A, 0x0B, 0x73, 0x6C, 0x83,
    0x8D, 0x83, 0xCE, 0x8B, 0xEE, 0x93, 0x2F, 0x9C, 0x50, 0x9C, 0x91, 0xA4, 0xB1, 0xAC, 0xD2, 0xAC,
    0xD2, 0xAC, 0xD2, 0xAC, 0xF2, 0xAC, 0xF2, 0xAC, 0xF2, 0xAC, 0xF2, 0xAC, 0xF2, 0xAC, 0xF2, 0xB4,
    0xF2, 0xB4, 0x12, 0xB5, 0xF2, 0xAC, 0xD1, 0xAC, 0xF2, 0xAC, 0x12, 0xB5, 0x12, 0xB5, 0x12, 0xB5,
    0xF2, 0xB4, 0x91, 0xA4, 0x50, 0x9C, 0x70, 0x9C, 0x70, 0x9C, 0x70, 0xA4, 0x70, 0xA4, 0x0F, 0x9C,
    0xEE, 0x93, 0xEE, 0x93, 0xCE, 0x8B, 0xCE, 0x8B, 0xCE, 0x8B, 0xCE, 0x8B, 0xAE, 0x8B, 0xAD, 0x8B,
    0xAD, 0x8B, 0xEE, 0x8B, 0x0F, 0x94, 0x2F, 0x9C, 0x50, 0x9C, 0x70, 0x9C, 0x70, 0x9C, 0xCE, 0x8B,
    0xAD, 0x83, 0xCE, 0x8B, 0xEF, 0x93, 0x0F, 0x94, 0x91, 0xA4, 0xB1, 0xA4, 0xEE, 0x8B, 0x6C, 0x7B,
    0x0B, 0x73, 0xAD, 0x83, 0xAD, 0x83, 0x4C, 0x7B, 0x4C, 0x7B, 0x6D, 0x7B, 0xAA, 0x62, 0xCB, 0x62,
    0xEB, 0x6A, 0xEB, 0x6A, 0x0B, 0x6B, 0xCB, 0x62, 0xCB, 0x62, 0xEB, 0x62, 0xEB, 0x62, 0xEB, 0x6A,
    0x4C, 0x73, 0x6C, 0x7B, 0x4C, 0x73, 0xAD, 0x83, 0xAD, 0x83, 0xAD, 0x7B, 0x0B, 0x6B, 0x2B, 0x6B,
    0x0B, 0x6B, 0x0B, 0x6B, 0x6D, 0x7B, 0x2C, 0x73, 0x6C, 0x7B, 0xAD, 0x83, 0x8D, 0x83, 0x8D, 0x83,
    0xAD, 0x83, 0xAD, 0x83, 0xAD, 0x83, 0xAD, 0x7B, 0x8D, 0x7B, 0x4C, 0x73, 0x8D, 0x7B, 0x4C, 0x73,
    0xEA, 0x6A, 0x0B, 0x6B, 0xEA, 0x62, 0x28, 0x4A, 0x48, 0x4A, 0xA9, 0x5A, 0x4C, 0x73, 0x4C, 0x73,
    0x4C, 0x73, 0xEB, 0x62, 0x6D, 0x73, 0x6D, 0x6B, 0x4D, 0x6B, 0x6D, 0x6B, 0x6D, 0x6B, 0x2C, 0x63,
    0x2C, 0x63, 0x6D, 0x6B, 0x6D, 0x6B, 0x6D, 0x6B, 0x6D, 0x6B, 0x6D, 0x6B, 0x4D, 0x6B, 0x0C, 0x5B,
    0xEC, 0x5A, 0x6D, 0x6B, 0x6D, 0x6B, 0x6D, 0x6B, 0x6D, 0x6B, 0x6D, 0x6B, 0x6D, 0x6B, 0x6D, 0x6B,
    0x6D, 0x6B, 0x6D, 0x6B, 0x6D, 0x6B, 0x6D, 0x6B, 0x0C, 0x63, 0x4D, 0x6B, 0x6E, 0x6B, 0x6D, 0x6B,
    0x6D, 0x6B, 0x6D, 0x6B, 0x6D, 0x6B, 0x6D, 0x6B, 0x6D, 0x6B, 0x6D, 0x6B, 0x6D, 0x6B, 0x6D, 0x6B,
    0x6D, 0x6B, 0x6D, 0x6B, 0x6D, 0x6B, 0x6D, 0x6B, 0x6D, 0x6B, 0x6D, 0x6B, 0x6D, 0x6B, 0x6D, 0x6B,
    0x6D, 0x6B, 0x6D, 0x6B, 0x6D, 0x6B, 0x6D, 0x6B, 0x6D, 0x6B, 0x6D, 0x6B, 0x6D, 0x6B, 0x6D, 0x6B,
    0x8E, 0x6B, 0x8E, 0x6B, 0x8E, 0x6B, 0x8E, 0x6B, 0x8E, 0x6B, 0x8E, 0x6B, 0x8E, 0x6B, 0x8E, 0x6B,
    0x8D, 0x6B, 0x8D, 0x6B, 0x8D, 0x6B, 0x8D, 0x6B, 0x8D, 0x6B, 0x8D, 0x6B, 0x8E, 0x6B, 0x6E, 0x6B,
    0x8D, 0x6B, 0x8D, 0x6B, 0x6D, 0x6B, 0x6D, 0x6B, 0x6D, 0x6B, 0x6D, 0x6B, 0x6D, 0x6B, 0x6D, 0x6B,
    0x6D, 0x6B, 0x6D, 0x6B, 0x6D, 0x6B, 0x6D, 0x6B, 0x6D, 0x6B, 0x6D, 0x6B, 0x6D, 0x6B, 0x6D, 0x6B,
    0x6D, 0x6B, 0x6D, 0x6B, 0x6D, 0x6B, 0x6D, 0x6B, 0x6D, 0x6B, 0x6D, 0x6B, 0x6D, 0x6B, 0x6D, 0x6B,
    0x6D, 0x6B, 0x6D, 0x6B, 0x6D, 0x6B, 0x6D, 0x6B, 0x6D, 0x6B, 0x6D, 0x6B, 0x6D, 0x6B, 0x0C, 0x63,
    0x8A, 0x52, 0x69, 0x4A, 0xAA, 0x52, 0x0B, 0x63, 0x0B, 0x63, 0x89, 0x52, 0x49, 0x4A, 0x69, 0x52,
    0x69, 0x52, 0x69, 0x52, 0x8A, 0x52, 0xAA, 0x5A, 0xAA, 0x5A, 0xAA, 0x5A, 0xAA, 0x5A, 0xCA, 0x5A,
    0x8D, 0x73, 0xAE, 0x7B, 0xAE, 0x7B, 0xAE, 0x7B, 0xCF, 0x7B, 0xEF, 0x83, 0x0F, 0x84, 0x0F, 0x84,
    0x0F, 0x84, 0x30, 0x84, 0x30, 0x84, 0x30, 0x8C, 0x50, 0x8C, 0x50, 0x8C, 0x50, 0x8C, 0x50, 0x8C,
    0x50, 0x8C, 0x50, 0x8C, 0x50, 0x8C, 0x50, 0x8C, 0x50, 0x8C, 0x50, 0x8C, 0x50, 0x8C, 0x50, 0x8C,
    0x50, 0x8C, 0x50, 0x8C, 0x50, 0x8C, 0x50, 0x8C, 0x50, 0x8C, 0x50, 0x8C, 0x50, 0x8C, 0x50, 0x8C,
    0x50, 0x8C, 0x50, 0x8C, 0x50, 0x8C, 0x50, 0x8C, 0x50, 0x8C, 0x50, 0x8C, 0x50, 0x8C, 0x50, 0x8C,
    0x50, 0x8C, 0x50, 0x8C, 0x50, 0x8C, 0x30, 0x8C, 0x30, 0x8C, 0x0F, 0x84, 0xCE, 0x7B, 0xCE, 0x7B,
    0xAE, 0x7B, 0x8E, 0x7B, 0x6D, 0x73, 0x2C, 0x6B, 0x8D, 0x7B, 0xAE, 0x83, 0xCE, 0x83, 0x8D, 0x7B,
    0x2C, 0x6B, 0x0C, 0x6B, 0x2C, 0x73, 0xAA, 0x62, 0x69, 0x5A, 0x8A, 0x5A, 0x8A, 0x62, 0xAA, 0x62,
    0xAA, 0x62, 0xAA, 0x62, 0xCA, 0x6A, 0xCA, 0x6A, 0xCA, 0x6A, 0xCA, 0x6A, 0xCA, 0x6A, 0xA9, 0x62,
    0x89, 0x62, 0xA9, 0x62, 0xAA, 0x6A, 0xCA, 0x6A, 0xCA, 0x6A, 0xCA, 0x62, 0xA9, 0x62, 0x89, 0x62,
    0x69, 0x5A, 0x49, 0x5A, 0x48, 0x52, 0x48, 0x52, 0x49, 0x52, 0x48, 0x52, 0x48, 0x52, 0x49, 0x52,
    0x69, 0x5A, 0x69, 0x5A, 0x69, 0x5A, 0x69, 0x5A, 0x89, 0x62, 0xAA, 0x6A, 0xCA, 0x6A, 0x2B, 0x7B,
    0x6C, 0x83, 0xAD, 0x8B, 0xCE, 0x8B, 0x0F, 0x94, 0x4F, 0x9C, 0x70, 0xA4, 0xB1, 0xA4, 0xD1, 0xAC,
    0xD1, 0xAC, 0xD2, 0xAC, 0xD2, 0xAC, 0xD2, 0xAC, 0xF2, 0xAC, 0xF2, 0xAC, 0xF2, 0xAC, 0xF2, 0xAC,
    0xF2, 0xAC, 0xF2, 0xB4, 0xD2, 0xAC, 0xB1, 0xAC, 0xD2, 0xAC, 0xF2, 0xB4, 0x12, 0xB5, 0x12, 0xB5,
    0xD2, 0xAC, 0x50, 0x9C, 0x50, 0x9C, 0x70, 0x9C, 0x70, 0x9C, 0x70, 0xA4, 0x50, 0x9C, 0x0E, 0x94,
    0xCE, 0x93, 0xCE, 0x8B, 0xCE, 0x8B, 0xCE, 0x8B, 0xCE, 0x8B, 0xAE, 0x8B, 0xAD, 0x8B, 0xAD, 0x8B,
    0xAD, 0x83, 0xCE, 0x8B, 0x0F, 0x94, 0x2F, 0x9C, 0x50, 0x9C, 0x70, 0x9C, 0x70, 0xA4, 0xCE, 0x8B,
    0xAD, 0x83, 0xAE, 0x8B, 0xEF, 0x93, 0x0F, 0x94, 0x91, 0xA4, 0xB1, 0xA4, 0xEE, 0x93, 0x6C, 0x83,
    0x0B, 0x73, 0x8D, 0x83, 0xAD, 0x83, 0x4C, 0x7B, 0x4C, 0x7B, 0x4C, 0x7B, 0xAA, 0x62, 0xCB, 0x62,
    0xEB, 0x6A, 0xEB, 0x6A, 0xEB, 0x6A, 0xCA, 0x62, 0xCB, 0x62, 0xCB, 0x62, 0xEB, 0x62, 0xEB, 0x6A,
    0x4C, 0x73, 0x4C, 0x7B, 0x4C, 0x7B, 0xAD, 0x83, 0xAD, 0x83, 0xAD, 0x7B, 0x2B, 0x6B, 0x2B, 0x6B,
    0x0B, 0x6B, 0xEA, 0x62, 0x6D, 0x7B, 0x4C, 0x73, 0x4C, 0x73, 0x8D, 0x83, 0xAD, 0x83, 0x8D, 0x83,
    0xCE, 0x83, 0xCD, 0x83, 0xAD, 0x83, 0xAD, 0x7B, 0xAD, 0x7B, 0x6C, 0x73, 0x8C, 0x7B, 0x8D, 0x7B,
    0x0B, 0x6B, 0x0A, 0x6B, 0x0B, 0x6B, 0x69, 0x52, 0x48, 0x4A, 0x69, 0x52, 0x2C, 0x6B, 0x4C, 0x7B,
    0x4D, 0x7B, 0xEB, 0x6A, 0x0C, 0x63, 0x6D, 0x6B, 0x4D, 0x6B, 0x6D, 0x6B, 0x6D, 0x6B, 0x4D, 0x6B,
    0x0B, 0x5B, 0x6D, 0x6B, 0x4D, 0x6B, 0x4D, 0x6B, 0x6D, 0x6B, 0x4D, 0x6B, 0x6D, 0x6B, 0x4D, 0x63,
    0x0C, 0x5B, 0x2D, 0x63, 0x6E, 0x6B, 0x6D, 0x6B, 0x6D, 0x6B, 0x6D, 0x6B, 0x6D, 0x6B, 0x6D, 0x6B,
    0x6D, 0x6B, 0x6D, 0x6B, 0x6D, 0x6B, 0x6D, 0x6B, 0x4D, 0x6B, 0x0C, 0x63, 0x6E, 0x6B, 0x6D, 0x6B,
    0x6D, 0x6B, 0x6D, 0x6B, 0x6D, 0x6B, 0x6D, 0x6B, 0x6D, 0x6B, 0x6D, 0x6B, 0x6D, 0x6B, 0x6D, 0x6B,
    0x6D, 0x6B, 0x6D, 0x6B, 0x6D, 0x6B, 0x6D, 0x6B, 0x6D, 0x6B, 0x6D, 0x6B, 0x6D, 0x6B, 0x6D, 0x6B,
    0x6D, 0x6B, 0x6D, 0x6B, 0x6D, 0x6B, 0x6D, 0x6B, 0x6D, 0x6B, 0x6D, 0x6B, 0x6D, 0x6B, 0x6D, 0x6B,
    0x8E, 0x6B, 0x8E, 0x6B, 0x8E, 0x6B, 0x8E, 0x6B, 0x8E, 0x6B, 0x8E, 0x6B, 0x8E, 0x6B, 0x8E, 0x6B,
    0x8D, 0x6B, 0x8D, 0x6B, 0x8D, 0x6B, 0x8D, 0x6B, 0x8D, 0x6B, 0x8D, 0x6B, 0x6E, 0x6B, 0x6E, 0x6B,
    0x8D, 0x6B, 0x6D, 0x6B, 0x6D, 0x6B, 0x6D, 0x6B, 0x6D, 0x6B, 0x6D, 0x6B, 0x6D, 0x6B, 0x6D, 0x6B,
    0x6D, 0x6B, 0x6D, 0x6B, 0x6D, 0x6B, 0x6D, 0x6B, 0x6D, 0x6B, 0x6D, 0x6B, 0x6D, 0x6B, 0x6D, 0x6B,
    0x6D, 0x6B, 0x6D, 0x6B, 0x6D, 0x6B, 0x6D, 0x6B, 0x6D, 0x6B, 0x6D, 0x6B, 0x6D, 0x6B, 0x6D, 0x6B,
    0x6D, 0x6B, 0x6D, 0x6B, 0x6D, 0x6B, 0x6D, 0x6B, 0x6D, 0x6B, 0x6D, 0x6B, 0x2C, 0x63, 0xAA, 0x52,
    0x49, 0x4A, 0xAA, 0x52, 0x0C, 0x63, 0x0B, 0x63, 0x89, 0x52, 0x28, 0x42, 0x28, 0x4A, 0x49, 0x4A,
    0x48, 0x4A, 0x49, 0x52, 0x69, 0x52, 0x89, 0x52, 0x8A, 0x52, 0x8A, 0x52, 0x89, 0x52, 0xCB, 0x5A,
    0x8E, 0x73, 0x8E, 0x73, 0xAE, 0x7B, 0xAE, 0x7B, 0xCE, 0x7B, 0xEF, 0x83, 0x0F, 0x84, 0x0F, 0x84,
    0x0F, 0x84, 0x30, 0x84, 0x30, 0x84, 0x30, 0x8C, 0x50, 0x8C, 0x50, 0x8C, 0x50, 0x8C, 0x50, 0x8C,
    0x50, 0x8C, 0x50, 0x8C, 0x50, 0x8C, 0x50, 0x8C, 0x50, 0x8C, 0x50, 0x8C, 0x50, 0x8C, 0x50, 0x8C,
    0x50, 0x8C, 0x50, 0x8C, 0x50, 0x8C, 0x50, 0x8C, 0x50, 0x8C, 0x30, 0x8C, 0x30, 0x8C, 0x30, 0x8C,
    0x50, 0x8C, 0x50, 0x8C, 0x50, 0x8C, 0x50, 0x8C, 0x50, 0x8C, 0x50, 0x8C, 0x50, 0x8C, 0x50, 0x8C,
    0x50, 0x8C, 0x30, 0x8C, 0x50, 0x8C, 0x30, 0x8C, 0x30, 0x8C, 0x0F, 0x84, 0xEF, 0x83, 0xCE, 0x7B,
    0xAE, 0x7B, 0x8E, 0x7B, 0x4D, 0x73, 0x2C, 0x73, 0x8E, 0x7B, 0xAE, 0x7B, 0xCE, 0x83, 0x4C, 0x73,
    0x0B, 0x6B, 0x0C, 0x6B, 0x2C, 0x6B, 0x8A, 0x5A, 0x8A, 0x5A, 0xAA, 0x62, 0xAA, 0x62, 0xAA, 0x62,
    0xAA, 0x62, 0xCA, 0x6A, 0xCA, 0x6A, 0xCA, 0x6A, 0xCA, 0x6A, 0xCA, 0x6A, 0x89, 0x62, 0x89, 0x62,
    0xA9, 0x6A, 0xEA, 0x72, 0x0B, 0x73, 0x0B, 0x73, 0x0B, 0x73, 0x0B, 0x73, 0xEA, 0x6A, 0xEA, 0x6A,
    0xCA, 0x62, 0x89, 0x62, 0x89, 0x5A, 0x69, 0x5A, 0x49, 0x52, 0x49, 0x52, 0x49, 0x52, 0x69, 0x52,
    0x69, 0x52, 0x69, 0x5A, 0x69, 0x5A, 0x69, 0x5A, 0x69, 0x5A, 0xAA, 0x62, 0xAA, 0x6A, 0xEB, 0x72,
    0x2B, 0x7B, 0x8D, 0x83, 0xAD, 0x8B, 0xEE, 0x93, 0x2F, 0x9C, 0x70, 0x9C, 0x91, 0xA4, 0xB1, 0xA4,
    0xB1, 0xAC, 0xD1, 0xAC, 0xD1, 0xAC, 0xD2, 0xAC, 0xD2, 0xAC, 0xD2, 0xAC, 0xF2, 0xAC, 0xF2, 0xAC,
    0xF2, 0xAC, 0xF2, 0xAC, 0xD1, 0xAC, 0xB1, 0xAC, 0xD2, 0xAC, 0xF2, 0xB4, 0x12, 0xB5, 0xF2, 0xB4,
    0xB1, 0xA4, 0x4F, 0x9C, 0x50, 0x9C, 0x50, 0x9C, 0x70, 0x9C, 0x70, 0x9C, 0x2F, 0x9C, 0xEE, 0x93,
    0xCE, 0x8B, 0xCD, 0x8B, 0xCE, 0x8B, 0xAE, 0x8B, 0xAD, 0x8B, 0xAD, 0x8B, 0xAD, 0x8B, 0x8D, 0x83,
    0x8D, 0x83, 0xCE, 0x8B, 0x0F, 0x94, 0x2F, 0x9C, 0x50, 0x9C, 0x91, 0xA4, 0x70, 0xA4, 0xCE, 0x8B,
    0xAD, 0x83, 0xAD, 0x8B, 0xEE, 0x93, 0x0F, 0x94, 0x91, 0xA4, 0xB1, 0xA4, 0x0E, 0x94, 0x6C, 0x83,
    0x0B, 0x73, 0x8D, 0x7B, 0x8D, 0x83, 0x4C, 0x7B, 0x4C, 0x7B, 0x4C, 0x73, 0xAA, 0x62, 0xCB, 0x62,
    0xEB, 0x6A, 0xEB, 0x6A, 0xCB, 0x62, 0xCA, 0x62, 0xEB, 0x62, 0xCB, 0x62, 0xEB, 0x62, 0x0B, 0x6B,
    0x4C, 0x73, 0x4C, 0x73, 0x6C, 0x7B, 0xAD, 0x83, 0xAD, 0x83, 0xAD, 0x7B, 0x2B, 0x6B, 0x2B, 0x6B,
    0x0B, 0x6B, 0xCA, 0x62, 0x2C, 0x73, 0x8D, 0x7B, 0x4C, 0x73, 0x6C, 0x7B, 0xAD, 0x83, 0x8D, 0x83,
    0xAD, 0x83, 0xCD, 0x83, 0xAD, 0x83, 0xAD, 0x7B, 0x8D, 0x7B, 0x6C, 0x7B, 0x6C, 0x73, 0x8D, 0x7B,
    0x2B, 0x6B, 0x0A, 0x6B, 0x0B, 0x6B, 0xAA, 0x5A, 0x48, 0x4A, 0x48, 0x4A, 0x0B, 0x6B, 0x6D, 0x7B,
    0x4C, 0x7B, 0x4C, 0x73, 0xCB, 0x5A, 0x6D, 0x6B, 0x4D, 0x6B, 0x4D, 0x6B, 0x4D, 0x6B, 0x6D, 0x6B,
    0x2C, 0x63, 0x2C, 0x63, 0x6D, 0x6B, 0x4D, 0x6B, 0x6D, 0x6B, 0x4D, 0x6B, 0x4D, 0x63, 0x6D, 0x6B,
    0x4D, 0x63, 0x0C, 0x5B, 0x6D, 0x6B, 0x6D, 0x6B, 0x6D, 0x6B, 0x6D, 0x6B, 0x6D, 0x6B, 0x6D, 0x6B,
    0x6D, 0x6B, 0x6D, 0x6B, 0x6D, 0x6B, 0x6D, 0x6B, 0x6D, 0x6B, 0x2C, 0x63, 0x4D, 0x63, 0x6E, 0x6B,
    0x6D, 0x6B, 0x6D, 0x6B, 0x6D, 0x6B, 0x6D, 0x6B, 0x6D, 0x6B, 0x6D, 0x6B, 0x6D, 0x6B, 0x6D, 0x6B,
    0x6D, 0x6B, 0x6D, 0x6B, 0x6D, 0x6B, 0x6D, 0x6B, 0x6D, 0x6B, 0x6D, 0x6B, 0x6D, 0x6B, 0x6D, 0x6B,
    0x6D, 0x6B, 0x6D, 0x6B, 0x6D, 0x6B, 0x6D, 0x6B, 0x6D, 0x6B, 0x6D, 0x6B, 0x6D, 0x6B, 0x6D, 0x6B,
    0x8E, 0x6B, 0x8E, 0x6B, 0x8E, 0x6B, 0x8E, 0x6B, 0x8E, 0x6B, 0x8E, 0x6B, 0x8D, 0x6B, 0x8D, 0x6B,
    0x8D, 0x6B, 0x8D, 0x6B, 0x8D, 0x6B, 0x8D, 0x6B, 0x8D, 0x6B, 0x6D, 0x6B, 0x6D, 0x6B, 0x6D, 0x6B,
    0x6D, 0x6B, 0x6D, 0x6B, 0x6D, 0x6B, 0x6D, 0x6B, 0x6D, 0x6B, 0x6D, 0x6B, 0x6D, 0x6B, 0x6D, 0x6B,
    0x6D, 0x6B, 0x6D, 0x6B, 0x6D, 0x6B, 0x6D, 0x6B, 0x6D, 0x6B, 0x6D, 0x6B, 0x6D, 0x6B, 0x6D, 0x6B,
    0x6D, 0x6B, 0x6D, 0x6B, 0x6D, 0x6B, 0x6D, 0x6B, 0x6D, 0x6B, 0x6D, 0x6B, 0x6D, 0x6B, 0x6D, 0x6B,
    0x6D, 0x6B, 0x6D, 0x6B, 0x6D, 0x6B, 0x6D, 0x6B, 0x6D, 0x6B, 0x2C, 0x63, 0xAA, 0x52, 0x49, 0x4A,
    0xAA, 0x5A, 0x0C, 0x63, 0xEC, 0x62, 0x69, 0x52, 0x28, 0x42, 0x08, 0x42, 0x28, 0x4A, 0x28, 0x4A,
    0x48, 0x4A, 0x49, 0x4A, 0x69, 0x4A, 0x69, 0x4A, 0x89, 0x52, 0x89, 0x52, 0x69, 0x52, 0xEB, 0x62,
    0x8E, 0x73, 0x8E, 0x73, 0xAE, 0x7B, 0xAE, 0x7B, 0xCE, 0x7B, 0xEF, 0x7B, 0x0F, 0x84, 0x0F, 0x84,
    0x10, 0x84, 0x30, 0x84, 0x30, 0x84, 0x50, 0x8C, 0x50, 0x8C, 0x50, 0x8C, 0x50, 0x8C, 0x50, 0x8C,
    0x50, 0x8C, 0x50, 0x8C, 0x50, 0x8C, 0x50, 0x8C, 0x50, 0x8C, 0x50, 0x8C, 0x50, 0x8C, 0x50, 0x8C,
    0x50, 0x8C, 0x50, 0x8C, 0x50, 0x8C, 0x50, 0x8C, 0x50, 0x8C, 0x30, 0x8C, 0x30, 0x8C, 0x30, 0x8C,
    0x30, 0x8C, 0x30, 0x8C, 0x30, 0x8C, 0x50, 0x8C, 0x50, 0x8C, 0x50, 0x8C, 0x30, 0x8C, 0x30, 0x8C,
    0x30, 0x8C, 0x30, 0x8C, 0x30, 0x8C, 0x30, 0x8C, 0x30, 0x8C, 0x0F, 0x84, 0xEF, 0x83, 0xEF, 0x83,
    0xAE, 0x7B, 0x8D, 0x7B, 0x2C, 0x73, 0x4D, 0x73, 0xAE, 0x7B, 0xAE, 0x7B, 0xCE, 0x83, 0x2C, 0x6B,
    0x0B, 0x6B, 0x0C, 0x6B, 0xEB, 0x6A, 0x8A, 0x5A, 0xAA, 0x5A, 0xAA, 0x62, 0xAA, 0x62, 0xAA, 0x62,
    0xAA, 0x6A, 0xCA, 0x6A, 0xCA, 0x6A, 0xCA, 0x6A, 0xCA, 0x6A, 0x89, 0x62, 0x89, 0x62, 0xCA, 0x6A,
    0xEB, 0x72, 0x0B, 0x7B, 0x2B, 0x7B, 0x2B, 0x7B, 0x2B, 0x7B, 0x2B, 0x7B, 0x2B, 0x7B, 0x0B, 0x73,
    0x0B, 0x73, 0xCA, 0x6A, 0xAA, 0x62, 0x8A, 0x62, 0x69, 0x5A, 0x69, 0x5A, 0x69, 0x5A, 0x69, 0x5A,
    0x69, 0x5A, 0x69, 0x5A, 0x69, 0x5A, 0x69, 0x5A, 0x69, 0x5A, 0x8A, 0x62, 0xAA, 0x6A, 0xEA, 0x72,
    0x0B, 0x73, 0x6C, 0x7B, 0xAD, 0x83, 0xCE, 0x8B, 0x0F, 0x94, 0x4F, 0x9C, 0x90, 0xA4, 0xB1, 0xA4,
    0xB1, 0xA4, 0xB1, 0xA4, 0xD1, 0xAC, 0xD1, 0xAC, 0xD1, 0xAC, 0xD2, 0xAC, 0xD2, 0xAC, 0xD2, 0xAC,
    0xF2, 0xAC, 0xF2, 0xAC, 0xD1, 0xAC, 0xB1, 0xA4, 0xD1, 0xAC, 0xF2, 0xAC, 0x12, 0xB5, 0xD1, 0xAC,
    0x70, 0xA4, 0x4F, 0x9C, 0x4F, 0x9C, 0x50, 0x9C, 0x50, 0x9C, 0x4F, 0x9C, 0x0E, 0x94, 0xCE, 0x8B,
    0xAD, 0x8B, 0xAD, 0x8B, 0xAD, 0x8B, 0xAD, 0x8B, 0xAD, 0x8B, 0x8D, 0x8B, 0x8D, 0x83, 0x8D, 0x83,
    0x8D, 0x83, 0xCE, 0x8B, 0x0F, 0x94, 0x2F, 0x94, 0x4F, 0x9C, 0x91, 0xA4, 0x91, 0xA4, 0xCE, 0x8B,
    0x8D, 0x83, 0xAD, 0x8B, 0xEE, 0x93, 0x0E, 0x94, 0x90, 0xA4, 0xB1, 0xAC, 0x0E, 0x94, 0x8C, 0x83,
    0x0B, 0x73, 0x6C, 0x7B, 0x8D, 0x83, 0x4C, 0x7B, 0x4C, 0x73, 0x4C, 0x73, 0xAA, 0x62, 0xCA, 0x62,
    0xEB, 0x6A, 0x0B, 0x6B, 0xCB, 0x6A, 0xAA, 0x62, 0xEB, 0x62, 0xCB, 0x62, 0xEB, 0x62, 0x0B, 0x6B,
    0x4C, 0x73, 0x4C, 0x73, 0x6C, 0x7B, 0xCD, 0x83, 0xAD, 0x83, 0xAD, 0x7B, 0x2C, 0x6B, 0x0B, 0x6B,
    0x0B, 0x6B, 0xCA, 0x62, 0xEB, 0x6A, 0x8D, 0x7B, 0x6C, 0x7B, 0x6C, 0x73, 0xAD, 0x83, 0xAD, 0x83,
    0xAD, 0x83, 0xCE, 0x83, 0xAD, 0x83, 0xAD, 0x83, 0x8C, 0x7B, 0x8C, 0x7B, 0x6C, 0x7B, 0x8D, 0x7B,
    0x4B, 0x73, 0x0B, 0x6B, 0xEA, 0x62, 0xEB, 0x62, 0x48, 0x4A, 0x48, 0x4A, 0xAA, 0x5A, 0x6D, 0x73,
    0x4C, 0x73, 0x6C, 0x73, 0xEB, 0x62, 0x2C, 0x6B, 0x6D, 0x6B, 0x4D, 0x6B, 0x6D, 0x6B, 0x6D, 0x6B,
    0x4D, 0x6B, 0x0C, 0x63, 0x6D, 0x6B, 0x4D, 0x6B, 0x4D, 0x6B, 0x4D, 0x63, 0x4D, 0x63, 0x4D, 0x63,
    0x4D, 0x63, 0x0C, 0x5B, 0x0C, 0x63, 0x6E, 0x6B, 0x4D, 0x6B, 0x6D, 0x6B, 0x6D, 0x6B, 0x6D, 0x6B,
    0x6D, 0x6B, 0x6D, 0x6B, 0x6D, 0x6B, 0x6D, 0x6B, 0x6D, 0x6B, 0x4D, 0x63, 0x0C, 0x5B, 0x6D, 0x6B,
    0x6D, 0x6B, 0x6D, 0x6B, 0x6D, 0x6B, 0x6D, 0x6B, 0x6D, 0x6B, 0x6D, 0x6B, 0x6D, 0x6B, 0x6D, 0x6B,
    0x6D, 0x6B, 0x6D, 0x6B, 0x6D, 0x6B, 0x6D, 0x6B, 0x6D, 0x6B, 0x6D, 0x6B, 0x6D, 0x6B, 0x6D, 0x6B,
    0x6D, 0x6B, 0x6D, 0x6B, 0x6D, 0x6B, 0x6D, 0x6B, 0x6D, 0x6B, 0x6D, 0x6B, 0x6D, 0x6B, 0x6D, 0x6B,
    0x8E, 0x6B, 0x8E, 0x6B, 0x8E, 0x6B, 0x8E, 0x6B, 0x8E, 0x6B, 0x8E, 0x6B, 0x8D, 0x6B, 0x8D, 0x6B,
    0x8D, 0x6B, 0x8D, 0x6B, 0x8D, 0x6B, 0x8D, 0x6B, 0x6D, 0x6B, 0x6D, 0x6B, 0x6D, 0x6B, 0x6D, 0x6B,
    0x6D, 0x6B, 0x6D, 0x6B, 0x6D, 0x6B, 0x6D, 0x6B, 0x6D, 0x6B, 0x6D, 0x6B, 0x6D, 0x6B, 0x6D, 0x6B,
    0x6D, 0x6B, 0x6D, 0x6B, 0x6D, 0x6B, 0x6D, 0x6B, 0x6D, 0x6B, 0x6D, 0x6B, 0x6D, 0x6B, 0x6D, 0x6B,
    0x6D, 0x6B, 0x6D, 0x6B, 0x6D, 0x6B, 0x6D, 0x6B, 0x6D, 0x6B, 0x6D, 0x6B, 0x6D, 0x6B, 0x6D, 0x6B,
    0x6D, 0x6B, 0x6D, 0x6B, 0x6D, 0x6B, 0x6D, 0x6B, 0x2C, 0x63, 0xCA, 0x5A, 0x69, 0x4A, 0xCA, 0x5A,
    0x0C, 0x63, 0xEB, 0x62, 0x69, 0x52, 0x08, 0x42, 0xE8, 0x41, 0x08, 0x42, 0x28, 0x4A, 0x28, 0x4A,
    0x28, 0x4A, 0x28, 0x4A, 0x28, 0x4A, 0x49, 0x4A, 0x49, 0x4A, 0x69, 0x4A, 0x48, 0x4A, 0x0C, 0x63,
    0x8E, 0x73, 0x8E, 0x73, 0x8E, 0x73, 0xAE, 0x7B, 0xCE, 0x7B, 0xEF, 0x7B, 0xEF, 0x7B, 0x0F, 0x84,
    0x10, 0x84, 0x30, 0x84, 0x30, 0x84, 0x30, 0x8C, 0x50, 0x8C, 0x50, 0x8C, 0x50, 0x8C, 0x50, 0x8C,
    0x50, 0x8C, 0x50, 0x8C, 0x50, 0x8C, 0x50, 0x8C, 0x50, 0x8C, 0x50, 0x8C, 0x50, 0x8C, 0x50, 0x8C,
    0x50, 0x8C, 0x50, 0x8C, 0x50, 0x8C, 0x50, 0x8C, 0x50, 0x8C, 0x50, 0x8C, 0x30, 0x8C, 0x30, 0x8C,
    0x30, 0x8C, 0x30, 0x8C, 0x30, 0x8C, 0x30, 0x8C, 0x30, 0x8C, 0x50, 0x8C, 0x30, 0x8C, 0x30, 0x8C,
    0x30, 0x8C, 0x30, 0x8C, 0x0F, 0x84, 0x0F, 0x84, 0x0F, 0x8C, 0x0F, 0x8C, 0x0F, 0x84, 0x0F, 0x84,
    0xCF, 0x83, 0x6D, 0x7B, 0x2C, 0x73, 0x6D, 0x7B, 0xAE, 0x7B, 0xAE, 0x7B, 0xAE, 0x7B, 0x0B, 0x6B,
    0xEB, 0x62, 0x0B, 0x6B, 0xCB, 0x62, 0xAA, 0x5A, 0xAA, 0x62, 0xAA, 0x62, 0xAA, 0x62, 0xAA, 0x62,
    0xAA, 0x62, 0xAA, 0x62, 0xCA, 0x6A, 0xCA, 0x6A, 0x89, 0x62, 0xA9, 0x6A, 0xCA, 0x72, 0x0B, 0x7B,
    0x2B, 0x7B, 0x2B, 0x7B, 0x4B, 0x83, 0x4B, 0x83, 0x4C, 0x83, 0x4C, 0x83, 0x4C, 0x83, 0x4C, 0x7B,
    0x2B, 0x7B, 0x0B, 0x73, 0xEB, 0x72, 0xCA, 0x6A, 0xAA, 0x62, 0x89, 0x62, 0x89, 0x5A, 0x69, 0x5A,
    0x69, 0x5A, 0x69, 0x5A, 0x69, 0x5A, 0x89, 0x5A, 0x69, 0x5A, 0x8A, 0x62, 0xAA, 0x62, 0xCA, 0x6A,
    0xEB, 0x72, 0x2C, 0x7B, 0x8D, 0x83, 0xCD, 0x8B, 0xEE, 0x93, 0x2F, 0x9C, 0x70, 0x9C, 0x90, 0xA4,
    0xB1, 0xA4, 0xB1, 0xA4, 0xB1, 0xA4, 0xB1, 0xAC, 0xD1, 0xAC, 0xD1, 0xAC, 0xD1, 0xAC, 0xD2, 0xAC,
    0xD2, 0xAC, 0xF2, 0xAC, 0xB1, 0xAC, 0x91, 0xA4, 0xB1, 0xAC, 0xF2, 0xAC, 0xF2, 0xB4, 0xB1, 0xAC,
    0x4F, 0x9C, 0x2F, 0x9C, 0x4F, 0x9C, 0x4F, 0x9C, 0x2F, 0x9C, 0x0F, 0x94, 0xCE, 0x8B, 0xAD, 0x8B,
    0x8D, 0x8B, 0x8D, 0x8B, 0x8D, 0x8B, 0x8D, 0x8B, 0x8D, 0x8B, 0x8D, 0x83, 0x6C, 0x83, 0x8C, 0x83,
    0x8D, 0x83, 0xAD, 0x8B, 0xEE, 0x93, 0x0F, 0x94, 0x2F, 0x9C, 0x91, 0xA4, 0x71, 0xA4, 0xCE, 0x8B,
    0x8D, 0x83, 0x8D, 0x83, 0xEE, 0x93, 0xEE, 0x93, 0x90, 0xA4, 0xB1, 0xA4, 0x0E, 0x94, 0x8C, 0x83,
    0x2B, 0x73, 0x4C, 0x7B, 0x6C, 0x7B, 0x4C, 0x7B, 0x4C, 0x73, 0x2B, 0x73, 0xAA, 0x62, 0xCA, 0x62,
    0xEB, 0x6A, 0x0B, 0x6B, 0xCB, 0x62, 0xCA, 0x62, 0xCB, 0x62, 0xCB, 0x62, 0xEB, 0x62, 0x0B, 0x6B,
    0x4C, 0x73, 0x4C, 0x73, 0x6C, 0x7B, 0xCE, 0x83, 0xAD, 0x83, 0xAD, 0x7B, 0x2C, 0x73, 0x0B, 0x6B,
    0x2C, 0x6B, 0xAA, 0x5A, 0xCB, 0x62, 0x6D, 0x73, 0x8D, 0x7B, 0x6C, 0x73, 0xAD, 0x7B, 0xCD, 0x83,
    0xAD, 0x7B, 0xCD, 0x83, 0xCD, 0x83, 0xCE, 0x83, 0x6C, 0x73, 0x6C, 0x7B, 0x8D, 0x7B, 0x6C, 0x7B,
    0x6C, 0x7B, 0x2B, 0x73, 0xEA, 0x62, 0x0B, 0x6B, 0x69, 0x52, 0x48, 0x4A, 0x69, 0x52, 0x4C, 0x73,
    0x4C, 0x73, 0x4C, 0x73, 0x2C, 0x6B, 0xEB, 0x62, 0x6D, 0x6B, 0x4D, 0x6B, 0x4D, 0x6B, 0x4D, 0x6B,
    0x6D, 0x6B, 0x0C, 0x63, 0x4D, 0x63, 0x6D, 0x6B, 0x4D, 0x6B, 0x4D, 0x6B, 0x4D, 0x63, 0x4D, 0x63,
    0x4D, 0x63, 0x4D, 0x63, 0xEB, 0x5A, 0x4D, 0x63, 0x6D, 0x6B, 0x6D, 0x6B, 0x6D, 0x6B, 0x6D, 0x6B,
    0x6D, 0x6B, 0x6D, 0x6B, 0x6D, 0x6B, 0x6D, 0x6B, 0x6D, 0x6B, 0x6D, 0x6B, 0x2C, 0x63, 0x4D, 0x63,
    0x6D, 0x6B, 0x6D, 0x6B, 0x6D, 0x6B, 0x6D, 0x6B, 0x6D, 0x6B, 0x6D, 0x6B, 0x6D, 0x6B, 0x6D, 0x6B,
    0x6D, 0x6B, 0x6D, 0x6B, 0x6D, 0x6B, 0x6D, 0x6B, 0x6D, 0x6B, 0x6D, 0x6B, 0x6D, 0x6B, 0x6D, 0x6B,
    0x6D, 0x6B, 0x6D, 0x6B, 0x6D, 0x6B, 0x6D, 0x6B, 0x6D, 0x6B, 0x6D, 0x6B, 0x6D, 0x6B, 0x6D, 0x6B,
    0x8E, 0x6B, 0x8E, 0x6B, 0x8D, 0x6B, 0x8E, 0x6B, 0x8E, 0x6B, 0x8E, 0x6B, 0x8D, 0x6B, 0x8D, 0x6B,
    0x8D, 0x6B, 0x8D, 0x6B, 0x8D, 0x6B, 0x8D, 0x6B, 0x6D, 0x6B, 0x6D, 0x6B, 0x6D, 0x6B, 0x6D, 0x6B,
    0x6D, 0x6B, 0x6D, 0x6B, 0x6D, 0x6B, 0x6D, 0x6B, 0x6D, 0x6B, 0x6D, 0x6B, 0x6D, 0x6B, 0x6D, 0x6B,
    0x6D, 0x6B, 0x6D, 0x6B, 0x6D, 0x6B, 0x6D, 0x6B, 0x6D, 0x6B, 0x6D, 0x6B, 0x6D, 0x6B, 0x6D, 0x6B,
    0x6D, 0x6B, 0x6D, 0x6B, 0x6D, 0x6B, 0x6D, 0x6B, 0x6D, 0x6B, 0x6D, 0x6B, 0x6D, 0x6B, 0x6D, 0x6B,
    0x6D, 0x6B, 0x6D, 0x6B, 0x6D, 0x6B, 0x2C, 0x63, 0xCA, 0x5A, 0x89, 0x52, 0xCA, 0x5A, 0x0B, 0x63,
    0xEB, 0x62, 0x69, 0x4A, 0x08, 0x42, 0x08, 0x42, 0x08, 0x42, 0x08, 0x42, 0x08, 0x42, 0x08, 0x42,
    0x28, 0x42, 0x28, 0x42, 0x28, 0x42, 0x28, 0x42, 0x48, 0x4A, 0x48, 0x4A, 0x49, 0x4A, 0x2C, 0x6B,
    0x6D, 0x73, 0x8D, 0x73, 0x8E, 0x73, 0xAE, 0x7B, 0xAE, 0x7B, 0xCF, 0x7B, 0xCF, 0x7B, 0xEF, 0x83,
    0xEF, 0x83, 0x0F, 0x84, 0x30, 0x84, 0x30, 0x84, 0x30, 0x8C, 0x50, 0x8C, 0x50, 0x8C, 0x50, 0x8C,
    0x50, 0x8C, 0x50, 0x8C, 0x50, 0x8C, 0x50, 0x8C, 0x50, 0x8C, 0x50, 0x8C, 0x50, 0x8C, 0x50, 0x8C,
    0x50, 0x8C, 0x50, 0x8C, 0x50, 0x8C, 0x30, 0x8C, 0x50, 0x8C, 0x50, 0x8C, 0x30, 0x8C, 0x10, 0x8C,
    0x0F, 0x84, 0x0F, 0x84, 0x10, 0x8C, 0x0F, 0x84, 0x10, 0x8C, 0x30, 0x8C, 0x30, 0x8C, 0x30, 0x8C,
    0x30, 0x8C, 0x30, 0x8C, 0x0F, 0x84, 0x0F, 0x84, 0xEF, 0x83, 0x0F, 0x84, 0xEF, 0x83, 0xEF, 0x83,
    0xCF, 0x83, 0x8E, 0x7B, 0x2C, 0x73, 0x8D, 0x7B, 0x8D, 0x7B, 0xAE, 0x83, 0x6D, 0x73, 0xEB, 0x62,
    0xCB, 0x62, 0xEB, 0x6A, 0xAA, 0x62, 0xAA, 0x62, 0xAA, 0x5A, 0xAA, 0x62, 0xAA, 0x62, 0xAA, 0x62,
    0xAA, 0x62, 0xAA, 0x62, 0xAA, 0x6A, 0xAA, 0x6A, 0xCA, 0x6A, 0x0B, 0x7B, 0x2C, 0x83, 0x4C, 0x83,
    0x4C, 0x83, 0x6C, 0x83, 0x6C, 0x8B, 0x6C, 0x8B, 0x6C, 0x83, 0x6C, 0x83, 0x6C, 0x83, 0x6C, 0x83,
    0x4C, 0x83, 0x4C, 0x7B, 0x2B, 0x7B, 0x0B, 0x73, 0xCB, 0x6A, 0xAA, 0x62, 0xAA, 0x62, 0x8A, 0x62,
    0x8A, 0x62, 0x8A, 0x62, 0x89, 0x5A, 0x8A, 0x5A, 0x8A, 0x5A, 0x8A, 0x62, 0xAA, 0x62, 0xCA, 0x6A,
    0xEB, 0x6A, 0x0B, 0x73, 0x6C, 0x83, 0xAD, 0x8B, 0xEE, 0x93, 0x2F, 0x94, 0x4F, 0x9C, 0x70, 0xA4,
    0x91, 0xA4, 0x91, 0xA4, 0xB1, 0xA4, 0xB1, 0xA4, 0xB1, 0xAC, 0xD1, 0xAC, 0xD1, 0xAC, 0xD1, 0xAC,
    0xD2, 0xAC, 0xD2, 0xAC, 0xB1, 0xAC, 0x91, 0xA4, 0xB1, 0xAC, 0xF2, 0xAC, 0xD1, 0xAC, 0x70, 0xA4,
    0x2F, 0x9C, 0x2F, 0x9C, 0x2F, 0x9C, 0x2F, 0x9C, 0x0E, 0x94, 0xCE, 0x93, 0x8D, 0x8B, 0x6C, 0x83,
    0x6C, 0x83, 0x6C, 0x83, 0x6C, 0x83, 0x6C, 0x83, 0x6C, 0x83, 0x4C, 0x83, 0x4C, 0x7B, 0x6C, 0x7B,
    0x6C, 0x83, 0xAD, 0x83, 0xCE, 0x8B, 0xEE, 0x93, 0x2F, 0x94, 0x91, 0x9C, 0x70, 0xA4, 0xAD, 0x8B,
    0x8D, 0x83, 0x8D, 0x83, 0xCE, 0x8B, 0xEE, 0x93, 0x70, 0xA4, 0xB1, 0xA4, 0x0E, 0x94, 0x8D, 0x83,
    0x2B, 0x73, 0x2C, 0x7B, 0x6C, 0x7B, 0x4C, 0x7B, 0x4B, 0x73, 0x2B, 0x6B, 0xAA, 0x5A, 0xCA, 0x62,
    0xEB, 0x62, 0xEB, 0x6A, 0xAA, 0x62, 0xCA, 0x62, 0xCB, 0x62, 0xCB, 0x62, 0xEB, 0x62, 0x0B, 0x6B,
    0x4C, 0x73, 0x2C, 0x73, 0x6D, 0x7B, 0xCE, 0x83, 0xAD, 0x83, 0xAD, 0x83, 0x2C, 0x73, 0x0B, 0x6B,
    0x2C, 0x6B, 0xAA, 0x62, 0xCA, 0x62, 0x2C, 0x6B, 0x8D, 0x7B, 0x6C, 0x7B, 0x8D, 0x7B, 0xCE, 0x83,
    0xAD, 0x83, 0xCD, 0x83, 0xCD, 0x83, 0xCE, 0x83, 0x6C, 0x7B, 0x4C, 0x73, 0xAD, 0x83, 0x6C, 0x7B,
    0x8D, 0x7B, 0x4C, 0x73, 0x0A, 0x6B, 0x0B, 0x6B, 0xA9, 0x5A, 0x48, 0x4A, 0x49, 0x52, 0x0B, 0x6B,
    0x6D, 0x73, 0x2C, 0x73, 0x4C, 0x73, 0xCA, 0x62, 0x4C, 0x6B, 0x6D, 0x6B, 0x4D, 0x6B, 0x4D, 0x6B,
    0x6D, 0x6B, 0x4D, 0x6B, 0x0C, 0x63, 0x6D, 0x6B, 0x4D, 0x6B, 0x6D, 0x6B, 0x6D, 0x63, 0x4D, 0x63,
    0x4D, 0x63, 0x4D, 0x63, 0x2D, 0x63, 0xEC, 0x5A, 0x6D, 0x6B, 0x4D, 0x6B, 0x6D, 0x6B, 0x6D, 0x6B,
    0x6D, 0x6B, 0x6D, 0x6B, 0x6D, 0x6B, 0x6D, 0x6B, 0x6D, 0x6B, 0x6D, 0x6B, 0x6D, 0x6B, 0x0C, 0x5B,
    0x6D, 0x6B, 0x6D, 0x6B, 0x6D, 0x6B, 0x6D, 0x6B, 0x6D, 0x6B, 0x6D, 0x6B, 0x6D, 0x6B, 0x6D, 0x6B,
    0x6D, 0x6B, 0x6D, 0x6B, 0x6D, 0x6B, 0x6D, 0x6B, 0x6D, 0x6B, 0x6D, 0x6B, 0x6D, 0x6B, 0x6D, 0x6B,
    0x6D, 0x6B, 0x6D, 0x6B, 0x6D, 0x6B, 0x6D, 0x6B, 0x6D, 0x6B, 0x6D, 0x6B, 0x6D, 0x6B, 0x6D, 0x6B,
    0x8E, 0x6B, 0x8D, 0x6B, 0x8D, 0x6B, 0x8D, 0x6B, 0x8D, 0x6B, 0x8D, 0x6B, 0x8D, 0x6B, 0x8D, 0x6B,
    0x8D, 0x6B, 0x6D, 0x6B, 0x6D, 0x6B, 0x6D, 0x6B, 0x6D, 0x6B, 0x6D, 0x6B, 0x6D, 0x6B, 0x6D, 0x6B,
    0x6D, 0x6B, 0x6D, 0x6B, 0x6D, 0x6B, 0x6D, 0x6B, 0x6D, 0x6B, 0x6D, 0x6B, 0x6D, 0x6B, 0x6D, 0x6B,
    0x6D, 0x6B, 0x6D, 0x6B, 0x6D, 0x6B, 0x6D, 0x6B, 0x6D, 0x6B, 0x6D, 0x6B, 0x6D, 0x6B, 0x6D, 0x6B,
    0x6D, 0x6B, 0x6D, 0x6B, 0x6D, 0x6B, 0x6D, 0x6B, 0x6D, 0x6B, 0x6D, 0x6B, 0x6D, 0x6B, 0x6D, 0x6B,
    0x6D, 0x6B, 0x4D, 0x6B, 0x2C, 0x63, 0xAA, 0x5A, 0x89, 0x52, 0xAA, 0x52, 0x0B, 0x63, 0xCB, 0x5A,
    0x49, 0x4A, 0x08, 0x42, 0x08, 0x42, 0x08, 0x42, 0x08, 0x42, 0x08, 0x42, 0x08, 0x42, 0x08, 0x42,
    0x08, 0x42, 0x28, 0x42, 0x28, 0x42, 0x28, 0x42, 0x28, 0x4A, 0x48, 0x4A, 0x69, 0x52, 0x4C, 0x6B,
    0x6D, 0x73, 0x8D, 0x73, 0x8E, 0x73, 0xAE, 0x7B, 0xAE, 0x7B, 0xCE, 0x7B, 0xCE, 0x7B, 0xCE, 0x7B,
    0xCE, 0x7B, 0xEF, 0x83, 0x0F, 0x84, 0x30, 0x84, 0x30, 0x84, 0x50, 0x8C, 0x50, 0x8C, 0x50, 0x8C,
    0x50, 0x8C, 0x50, 0x8C, 0x50, 0x8C, 0x50, 0x8C, 0x50, 0x8C, 0x50, 0x8C, 0x50, 0x8C, 0x50, 0x8C,
    0x50, 0x8C, 0x50, 0x8C, 0x50, 0x8C, 0x30, 0x8C, 0x30, 0x8C, 0x50, 0x8C, 0x30, 0x8C, 0x0F, 0x84,
    0x0F, 0x84, 0x0F, 0x84, 0x0F, 0x84, 0x0F, 0x84, 0x10, 0x8C, 0x10, 0x84, 0x30, 0x8C, 0x30, 0x8C,
    0x30, 0x8C, 0x30, 0x8C, 0x0F, 0x84, 0xEF, 0x83, 0xEF, 0x83, 0xEF, 0x83, 0xCF, 0x83, 0xEF, 0x83,
    0xEF, 0x83, 0x8E, 0x7B, 0x4C, 0x73, 0xAE, 0x7B, 0x8D, 0x7B, 0xCE, 0x83, 0x2C, 0x6B, 0xCB, 0x62,
    0xCA, 0x62, 0xEB, 0x62, 0x8A, 0x5A, 0xAA, 0x62, 0xAA, 0x5A, 0xAA, 0x62, 0xAA, 0x62, 0xAA, 0x62,
    0xAA, 0x62, 0xAA, 0x6A, 0xCA, 0x72, 0xEB, 0x7A, 0x2B, 0x83, 0x4C, 0x83, 0x6C, 0x8B, 0x6C, 0x8B,
    0x8D, 0x8B, 0x8D, 0x8B, 0x8D, 0x93, 0x8C, 0x8B, 0x8C, 0x8B, 0x8D, 0x8B, 0x8D, 0x8B, 0x8C, 0x8B,
    0x8C, 0x8B, 0x6C, 0x83, 0x4C, 0x83, 0x2C, 0x7B, 0x0B, 0x73, 0xCA, 0x6A, 0xAA, 0x6A, 0xAA, 0x62,
    0xAA, 0x62, 0x8A, 0x62, 0x8A, 0x5A, 0x8A, 0x5A, 0x8A, 0x62, 0x8A, 0x62, 0xAA, 0x62, 0xCA, 0x6A,
    0xEB, 0x6A, 0x0B, 0x73, 0x4C, 0x7B, 0x8D, 0x83, 0xCD, 0x8B, 0x0E, 0x94, 0x4F, 0x9C, 0x70, 0x9C,
    0x90, 0xA4, 0x91, 0xA4, 0xB1, 0xA4, 0xB1, 0xA4, 0xB1, 0xA4, 0xB1, 0xAC, 0xD1, 0xAC, 0xD1, 0xAC,
    0xD1, 0xAC, 0xD2, 0xAC, 0xB1, 0xA4, 0x90, 0xA4, 0xB1, 0xAC, 0xD1, 0xAC, 0xB1, 0xAC, 0x4F, 0x9C,
    0x2F, 0x9C, 0x0F, 0x94, 0x0E, 0x94, 0x0E, 0x94, 0xCE, 0x93, 0x8D, 0x8B, 0x6C, 0x83, 0x4C, 0x83,
    0x4B, 0x7B, 0x4B, 0x7B, 0x2B, 0x7B, 0x2B, 0x7B, 0x2B, 0x7B, 0x2B, 0x7B, 0x2B, 0x7B, 0x2B, 0x7B,
    0x6C, 0x7B, 0x8C, 0x83, 0xAD, 0x83, 0xCE, 0x8B, 0x0F, 0x94, 0x90, 0x9C, 0x70, 0x9C, 0xAD, 0x83,
    0x6C, 0x83, 0x6C, 0x83, 0xCD, 0x8B, 0xEE, 0x8B, 0x70, 0xA4, 0xB1, 0xA4, 0x0E, 0x94, 0x8D, 0x83,
    0x2B, 0x73, 0x2C, 0x7B, 0x4C, 0x7B, 0x4C, 0x7B, 0x2B, 0x73, 0x0B, 0x6B, 0x89, 0x5A, 0xCA, 0x62,
    0xEA, 0x62, 0xEB, 0x6A, 0xAA, 0x62, 0xCA, 0x62, 0xCB, 0x62, 0xEB, 0x62, 0xEB, 0x62, 0x0B, 0x6B,
    0x2C, 0x73, 0x2C, 0x73, 0x8D, 0x7B, 0xCE, 0x8B, 0xAD, 0x83, 0xAD, 0x83, 0x2C, 0x73, 0x0B, 0x6B,
    0x2C, 0x6B, 0xAA, 0x62, 0xAA, 0x62, 0xEB, 0x6A, 0x6C, 0x7B, 0x8D, 0x7B, 0x8C, 0x7B, 0xCE, 0x83,
    0xAD, 0x83, 0xCE, 0x83, 0xCE, 0x83, 0xCE, 0x83, 0x8D, 0x7B, 0x2B, 0x73, 0xAD, 0x83, 0x8D, 0x7B,
    0x8D, 0x7B, 0x4C, 0x7B, 0x2B, 0x6B, 0xEA, 0x62, 0xEA, 0x62, 0x48, 0x4A, 0x48, 0x4A, 0xCA, 0x62,
    0x6D, 0x7B, 0x2C, 0x73, 0x4C, 0x73, 0x0B, 0x6B, 0x0B, 0x63, 0x8D, 0x73, 0x4D, 0x63, 0x4D, 0x6B,
    0x4D, 0x6B, 0x6D, 0x6B, 0x0C, 0x63, 0x4D, 0x63, 0x6D, 0x6B, 0x6D, 0x6B, 0x6D, 0x63, 0x4D, 0x63,
    0x4D, 0x63, 0x4D, 0x63, 0x6D, 0x6B, 0x0C, 0x5B, 0x0C, 0x63, 0x6D, 0x6B, 0x4D, 0x6B, 0x6D, 0x6B,
    0x6D, 0x6B, 0x6D, 0x6B, 0x6D, 0x6B, 0x6D, 0x6B, 0x6D, 0x6B, 0x6D, 0x6B, 0x6D, 0x6B, 0x2C, 0x63,
    0x2C, 0x63, 0x6D, 0x6B, 0x6D, 0x6B, 0x6D, 0x6B, 0x6D, 0x6B, 0x6D, 0x6B, 0x6D, 0x6B, 0x6D, 0x6B,
    0x6D, 0x6B, 0x6D, 0x6B, 0x6D, 0x6B, 0x6D, 0x6B, 0x6D, 0x6B, 0x6D, 0x6B, 0x6D, 0x6B, 0x6D, 0x6B,
    0x6D, 0x6B, 0x6D, 0x6B, 0x6D, 0x6B, 0x6D, 0x6B, 0x6D, 0x6B, 0x6D, 0x6B, 0x6D, 0x6B, 0x6D, 0x6B,
    0x8D, 0x6B, 0x8D, 0x6B, 0x8D, 0x6B, 0x8D, 0x6B, 0x8D, 0x6B, 0x6D, 0x6B, 0x6D, 0x6B, 0x6D, 0x6B,
    0x6D, 0x6B, 0x6D, 0x6B, 0x6D, 0x6B, 0x6D, 0x6B, 0x6D, 0x6B, 0x6D, 0x6B, 0x6D, 0x6B, 0x6D, 0x6B,
    0x6D, 0x6B, 0x6D, 0x6B, 0x6D, 0x6B, 0x6D, 0x6B, 0x6D, 0x6B, 0x6D, 0x6B, 0x6D, 0x6B, 0x6D, 0x6B,
    0x6D, 0x6B, 0x6D, 0x6B, 0x6D, 0x6B, 0x6D, 0x6B, 0x6D, 0x6B, 0x6D, 0x6B, 0x6D, 0x6B, 0x6D, 0x6B,
    0x6D, 0x6B, 0x6D, 0x6B, 0x6D, 0x6B, 0x6D, 0x6B, 0x6D, 0x6B, 0x6D, 0x6B, 0x6D, 0x6B, 0x6D, 0x6B,
    0x4D, 0x6B, 0x0C, 0x63, 0x8A, 0x52, 0x8A, 0x52, 0xAA, 0x52, 0xEB, 0x5A, 0xAA, 0x5A, 0x49, 0x4A,
    0x08, 0x42, 0xE7, 0x41, 0x08, 0x42, 0x08, 0x42, 0x08, 0x3A, 0xE7, 0x39, 0xE8, 0x41, 0xE8, 0x41,
    0x08, 0x42, 0x08, 0x42, 0x08, 0x42, 0x28, 0x42, 0x28, 0x42, 0x28, 0x42, 0x69, 0x52, 0x4C, 0x6B,
    0x4C, 0x6B, 0x8D, 0x73, 0x8E, 0x73, 0xAE, 0x7B, 0xAE, 0x7B, 0xAE, 0x7B, 0xCE, 0x7B, 0xAE, 0x7B,
    0xAE, 0x7B, 0xCE, 0x7B, 0xEF, 0x83, 0x0F, 0x84, 0x30, 0x84, 0x30, 0x8C, 0x50, 0x8C, 0x50, 0x8C,
    0x50, 0x8C, 0x50, 0x8C, 0x50, 0x8C, 0x50, 0x8C, 0x50, 0x8C, 0x50, 0x8C, 0x50, 0x8C, 0x50, 0x8C,
    0x50, 0x8C, 0x50, 0x8C, 0x50, 0x8C, 0x30, 0x8C, 0x50, 0x8C, 0x50, 0x8C, 0x30, 0x8C, 0x0F, 0x84,
    0x0F, 0x84, 0x0F, 0x84, 0x30, 0x8C, 0x30, 0x8C, 0x30, 0x8C, 0x10, 0x84, 0x30, 0x8C, 0x30, 0x8C,
    0x30, 0x8C, 0x30, 0x8C, 0x0F, 0x84, 0xEF, 0x83, 0xCE, 0x83, 0xCE, 0x83, 0xCE, 0x83, 0xCE, 0x83,
    0xCE, 0x83, 0x6D, 0x7B, 0x8D, 0x7B, 0xCE, 0x83, 0x8E, 0x7B, 0xCF, 0x83, 0x0B, 0x6B, 0xCA, 0x62,
    0xAA, 0x62, 0xCA, 0x62, 0x8A, 0x5A, 0xAA, 0x5A, 0xAA, 0x5A, 0xAA, 0x62, 0xAA, 0x62, 0xAA, 0x62,
    0xCA, 0x6A, 0xEA, 0x72, 0x0B, 0x7B, 0x2B, 0x83, 0x4C, 0x8B, 0x6C, 0x8B, 0x8D, 0x8B, 0xAD, 0x93,
    0xAD, 0x93, 0xCD, 0x93, 0xCD, 0x93, 0xAD, 0x93, 0xAD, 0x93, 0xAD, 0x93, 0xAD, 0x93, 0x8D, 0x93,
    0x8C, 0x8B, 0x8C, 0x8B, 0x6C, 0x83, 0x6C, 0x83, 0x2C, 0x7B, 0x0B, 0x73, 0xEB, 0x6A, 0xCA, 0x6A,
    0xAA, 0x62, 0xAA, 0x62, 0xAA, 0x62, 0xAA, 0x62, 0xAA, 0x62, 0xAA, 0x62, 0xAA, 0x62, 0xCA, 0x62,
    0xCA, 0x6A, 0x0B, 0x73, 0x4C, 0x7B, 0x8D, 0x83, 0xAD, 0x8B, 0xEE, 0x93, 0x2F, 0x94, 0x4F, 0x9C,
    0x70, 0xA4, 0x90, 0xA4, 0x91, 0xA4, 0xB1, 0xA4, 0xB1, 0xA4, 0xB1, 0xAC, 0xB1, 0xAC, 0xB1, 0xAC,
    0xD1, 0xAC, 0xD1, 0xAC, 0xB1, 0xA4, 0x90, 0xA4, 0xB1, 0xA4, 0xD1, 0xAC, 0x70, 0xA4, 0x2F, 0x9C,
    0x0E, 0x9C, 0xEE, 0x93, 0xEE, 0x93, 0xCD, 0x8B, 0x8C, 0x83, 0x6C, 0x83, 0x2C, 0x7B, 0x2B, 0x7B,
    0x0B, 0x73, 0x0B, 0x73, 0x0B, 0x73, 0x0B, 0x73, 0xEB, 0x72, 0xEA, 0x72, 0xEA, 0x72, 0xEB, 0x72,
    0x2B, 0x73, 0x4B, 0x7B, 0x8C, 0x83, 0xAD, 0x83, 0xEE, 0x8B, 0x50, 0x9C, 0x4F, 0x9C, 0x8D, 0x83,
    0x6C, 0x83, 0x6C, 0x83, 0xAD, 0x8B, 0xCD, 0x8B, 0x70, 0x9C, 0x90, 0xA4, 0xEE, 0x93, 0x8C, 0x83,
    0x2B, 0x73, 0x2B, 0x7B, 0x4C, 0x7B, 0x4C, 0x7B, 0x2B, 0x73, 0xEA, 0x6A, 0x89, 0x5A, 0xCA, 0x62,
    0xCA, 0x62, 0xEB, 0x6A, 0x8A, 0x62, 0xCA, 0x62, 0xCB, 0x62, 0xEB, 0x62, 0xEB, 0x62, 0x0B, 0x6B,
    0x2C, 0x73, 0x2B, 0x73, 0x8D, 0x7B, 0xCE, 0x8B, 0xAD, 0x83, 0x8D, 0x7B, 0x2C, 0x73, 0x0B, 0x6B,
    0x2C, 0x6B, 0xAA, 0x5A, 0xAA, 0x5A, 0xEB, 0x6A, 0x4C, 0x73, 0x8D, 0x7B, 0x8D, 0x7B, 0xCD, 0x83,
    0xAD, 0x83, 0xCD, 0x83, 0xCE, 0x83, 0xAD, 0x83, 0xAD, 0x7B, 0x0B, 0x6B, 0x8D, 0x7B, 0xAD, 0x83,
    0x6D, 0x7B, 0x6C, 0x7B, 0x2B, 0x73, 0xEA, 0x62, 0x2B, 0x6B, 0x49, 0x4A, 0x49, 0x4A, 0x89, 0x5A,
    0x4C, 0x73, 0x4C, 0x73, 0x2C, 0x6B, 0x4C, 0x73, 0xCA, 0x5A, 0x6D, 0x6B, 0x6D, 0x6B, 0x4D, 0x63,
    0x6D, 0x6B, 0x6D, 0x6B, 0x2D, 0x63, 0x0C, 0x63, 0x6D, 0x6B, 0x4D, 0x6B, 0x6D, 0x6B, 0x4D, 0x6B,
    0x4D, 0x63, 0x4D, 0x63, 0x4D, 0x63, 0x4D, 0x6B, 0xEB, 0x5A, 0x4D, 0x6B, 0x4D, 0x6B, 0x4D, 0x6B,
    0x6D, 0x6B, 0x6D, 0x6B, 0x6D, 0x6B, 0x6D, 0x6B, 0x6D, 0x6B, 0x6D, 0x6B, 0x6D, 0x6B, 0x6D, 0x6B,
    0x0B, 0x5B, 0x6D, 0x6B, 0x6D, 0x6B, 0x6D, 0x6B, 0x6D, 0x6B, 0x6D, 0x6B, 0x6D, 0x6B, 0x6D, 0x6B,
    0x6D, 0x6B, 0x6D, 0x6B, 0x6D, 0x6B, 0x6D, 0x6B, 0x6D, 0x6B, 0x6D, 0x6B, 0x6D, 0x6B, 0x6D, 0x6B,
    0x6D, 0x6B, 0x6D, 0x6B, 0x6D, 0x6B, 0x6D, 0x6B, 0x6D, 0x6B, 0x6D, 0x6B, 0x6D, 0x6B, 0x6D, 0x6B,
    0x8D, 0x6B, 0x8D, 0x6B, 0x6D, 0x6B, 0x6D, 0x6B, 0x6D, 0x6B, 0x6D, 0x6B, 0x6D, 0x6B, 0x6D, 0x6B,
    0x6D, 0x6B, 0x6D, 0x6B, 0x6D, 0x6B, 0x6D, 0x6B, 0x6D, 0x6B, 0x6D, 0x6B, 0x6D, 0x6B, 0x6D, 0x6B,
    0x6D, 0x6B, 0x6D, 0x6B, 0x6D, 0x6B, 0x6D, 0x6B, 0x6D, 0x6B, 0x6D, 0x6B, 0x6D, 0x6B, 0x6D, 0x6B,
    0x6D, 0x6B, 0x6D, 0x6B, 0x6D, 0x6B, 0x6D, 0x6B, 0x6D, 0x6B, 0x6D, 0x6B, 0x6D, 0x6B, 0x6D, 0x6B,
    0x6D, 0x6B, 0x6D, 0x6B, 0x6D, 0x6B, 0x6D, 0x6B, 0x6D, 0x6B, 0x6D, 0x6B, 0x6D, 0x6B, 0x4C, 0x6B,
    0x0B, 0x63, 0x8A, 0x52, 0xAA, 0x52, 0xCB, 0x5A, 0xCB, 0x5A, 0xCB, 0x5A, 0x49, 0x4A, 0x08, 0x42,
    0xE8, 0x41, 0xE7, 0x39, 0xE7, 0x39, 0xE7, 0x39, 0xE7, 0x39, 0xE7, 0x39, 0xE7, 0x39, 0xE7, 0x39,
    0x08, 0x42, 0x08, 0x42, 0x08, 0x42, 0x08, 0x42, 0x28, 0x42, 0x28, 0x42, 0x89, 0x52, 0x2C, 0x6B,
    0x2C, 0x6B, 0x8D, 0x73, 0x8E, 0x73, 0xAE, 0x7B, 0xAE, 0x7B, 0xAE, 0x7B, 0xAE, 0x7B, 0xAE, 0x7B,
    0xAE, 0x7B, 0xAE, 0x7B, 0xCE, 0x7B, 0xEF, 0x83, 0x0F, 0x84, 0x30, 0x84, 0x50, 0x8C, 0x50, 0x8C,
    0x50, 0x8C, 0x50, 0x8C, 0x50, 0x8C, 0x50, 0x8C, 0x50, 0x8C, 0x50, 0x8C, 0x50, 0x8C, 0x50, 0x8C,
    0x50, 0x8C, 0x50, 0x8C, 0x50, 0x8C, 0x50, 0x8C, 0x50, 0x8C, 0x30, 0x8C, 0x30, 0x8C, 0x10, 0x8C,
    0x10, 0x8C, 0x10, 0x8C, 0x30, 0x8C, 0x30, 0x8C, 0x30, 0x8C, 0x10, 0x8C, 0x0F, 0x84, 0x30, 0x8C,
    0x30, 0x8C, 0x30, 0x8C, 0x0F, 0x84, 0xEF, 0x83, 0xCE, 0x83, 0xAE, 0x7B, 0xAE, 0x83, 0xAE, 0x83,
    0xAE, 0x7B, 0x4C, 0x73, 0x8D, 0x7B, 0xCE, 0x83, 0xAE, 0x7B, 0xAE, 0x83, 0xEB, 0x62, 0xAA, 0x62,
    0xAA, 0x62, 0xAA, 0x62, 0x8A, 0x5A, 0xAA, 0x5A, 0xAA, 0x5A, 0xAA, 0x62, 0xAA, 0x62, 0xAA, 0x6A,
    0xEA, 0x72, 0x0B, 0x7B, 0x2B, 0x83, 0x4C, 0x8B, 0x6C, 0x8B, 0x8C, 0x8B, 0xAD, 0x93, 0xCD, 0x93,
    0xCD, 0x93, 0xCE, 0x9B, 0xEE, 0x9B, 0xEE, 0x9B, 0xCE, 0x9B, 0xCD, 0x93, 0xCE, 0x93, 0xAD, 0x93,
    0xAD, 0x93, 0x8D, 0x8B, 0x8D, 0x8B, 0x8C, 0x83, 0x6C, 0x83, 0x4C, 0x7B, 0x0B, 0x73, 0xEA, 0x6A,
    0xCA, 0x6A, 0xAA, 0x62, 0xAA, 0x62, 0xAA, 0x62, 0xAA, 0x62, 0xAA, 0x62, 0xAA, 0x62, 0xAA, 0x62,
    0xCA, 0x6A, 0x0B, 0x73, 0x2C, 0x7B, 0x6C, 0x83, 0xAD, 0x8B, 0xEE, 0x93, 0x2F, 0x94, 0x4F, 0x9C,
    0x70, 0x9C, 0x90, 0xA4, 0x91, 0xA4, 0xB1, 0xA4, 0xB1, 0xA4, 0xB1, 0xA4, 0xB1, 0xAC, 0xB1, 0xAC,
    0xB1, 0xAC, 0xB1, 0xAC, 0x91, 0xA4, 0x90, 0xA4, 0xB1, 0xA4, 0xD1, 0xAC, 0x4F, 0x9C, 0x0E, 0x9C,
    0xEE, 0x93, 0xCE, 0x93, 0xCD, 0x93, 0xAD, 0x8B, 0x6C, 0x83, 0x2B, 0x7B, 0x0B, 0x73, 0x0B, 0x73,
    0xEA, 0x72, 0xEA, 0x6A, 0xCA, 0x6A, 0xAA, 0x6A, 0xAA, 0x62, 0xAA, 0x62, 0xAA, 0x6A, 0xCA, 0x6A,
    0xEA, 0x6A, 0x0B, 0x73, 0x2B, 0x73, 0x6C, 0x7B, 0xAD, 0x83, 0x0F, 0x94, 0x0F, 0x94, 0x6C, 0x7B,
    0x4C, 0x7B, 0x4C, 0x7B, 0x8D, 0x83, 0xCD, 0x8B, 0x70, 0x9C, 0x70, 0xA4, 0xCE, 0x8B, 0x6C, 0x83,
    0x2B, 0x73, 0x0B, 0x73, 0x2C, 0x73, 0x4C, 0x73, 0x2B, 0x73, 0xEA, 0x62, 0xA9, 0x5A, 0xCA, 0x62,
    0xCB, 0x62, 0xEB, 0x62, 0xAA, 0x5A, 0xCA, 0x62, 0xCB, 0x62, 0xEB, 0x62, 0xEB, 0x6A, 0xEB, 0x6A,
    0x2C, 0x73, 0x0B, 0x73, 0x6D, 0x7B, 0xEE, 0x8B, 0xAD, 0x83, 0x8D, 0x83, 0x2C, 0x73, 0x0B, 0x6B,
    0x2C, 0x6B, 0xAA, 0x5A, 0xAA, 0x5A, 0xEB, 0x62, 0x2B, 0x6B, 0x8C, 0x7B, 0xAD, 0x83, 0xAD, 0x83,
    0xAD, 0x83, 0xAE, 0x83, 0xEE, 0x83, 0xAD, 0x83, 0xAD, 0x83, 0x0B, 0x6B, 0x4C, 0x73, 0xAD, 0x83,
    0x6D, 0x7B, 0x8D, 0x7B, 0x4C, 0x73, 0xEA, 0x62, 0x0B, 0x6B, 0x8A, 0x5A, 0x49, 0x4A, 0x69, 0x52,
    0x0B, 0x6B, 0x4C, 0x73, 0x0B, 0x6B, 0x4C, 0x73, 0xEB, 0x62, 0xEB, 0x62, 0x8E, 0x73, 0x4D, 0x63,
    0x4D, 0x6B, 0x4D, 0x6B, 0x4D, 0x6B, 0x0C, 0x63, 0x4D, 0x6B, 0x6D, 0x6B, 0x6D, 0x6B, 0x6D, 0x6B,
    0x6D, 0x6B, 0x4D, 0x63, 0x4D, 0x63, 0x4D, 0x6B, 0x2C, 0x63, 0x0C, 0x5B, 0x6D, 0x6B, 0x4D, 0x6B,
    0x4D, 0x6B, 0x6D, 0x6B, 0x6D, 0x6B, 0x6D, 0x6B, 0x6D, 0x6B, 0x6D, 0x6B, 0x6D, 0x6B, 0x6D, 0x6B,
    0x2C, 0x63, 0x2C, 0x63, 0x6D, 0x6B, 0x6D, 0x6B, 0x6D, 0x6B, 0x6D, 0x6B, 0x6D, 0x6B, 0x6D, 0x6B,
    0x6D, 0x6B, 0x6D, 0x6B, 0x6D, 0x6B, 0x6D, 0x6B, 0x6D, 0x6B, 0x6D, 0x6B, 0x6D, 0x6B, 0x6D, 0x6B,
    0x6D, 0x6B, 0x6D, 0x6B, 0x6D, 0x6B, 0x6D, 0x6B, 0x6D, 0x6B, 0x6D, 0x6B, 0x6D, 0x6B, 0x6D, 0x6B,
    0x8D, 0x6B, 0x6D, 0x6B, 0x6D, 0x6B, 0x6D, 0x6B, 0x6D, 0x6B, 0x6D, 0x6B, 0x6D, 0x6B, 0x6D, 0x6B,
    0x6D, 0x6B, 0x6D, 0x6B, 0x6D, 0x6B, 0x6D, 0x6B, 0x6D, 0x6B, 0x6D, 0x6B, 0x6D, 0x6B, 0x6D, 0x6B,
    0x6D, 0x6B, 0x6D, 0x6B, 0x6D, 0x6B, 0x6D, 0x6B, 0x6D, 0x6B, 0x6D, 0x6B, 0x6D, 0x6B, 0x6D, 0x6B,
    0x6D, 0x6B, 0x6D, 0x6B, 0x6D, 0x6B, 0x6D, 0x6B, 0x6D, 0x6B, 0x6D, 0x6B, 0x6D, 0x6B, 0x6D, 0x6B,
    0x6D, 0x6B, 0x6D, 0x6B, 0x6D, 0x6B, 0x6D, 0x6B, 0x6D, 0x6B, 0x6D, 0x6B, 0x4D, 0x6B, 0x0B, 0x63,
    0x89, 0x52, 0xCB, 0x5A, 0xEC, 0x62, 0xCB, 0x5A, 0xAA, 0x52, 0x29, 0x4A, 0x08, 0x42, 0x08, 0x42,
    0xE7, 0x39, 0xE7, 0x39, 0xE7, 0x39, 0xE7, 0x39, 0xE7, 0x39, 0xE7, 0x39, 0xE7, 0x39, 0xE7, 0x39,
    0x08, 0x42, 0x08, 0x42, 0x08, 0x42, 0x08, 0x42, 0x28, 0x42, 0x28, 0x42, 0x89, 0x52, 0x0C, 0x63,
    0x2C, 0x6B, 0x6D, 0x73, 0x8E, 0x73, 0x8E, 0x73, 0xAE, 0x7B, 0xAE, 0x7B, 0xAE, 0x7B, 0x8E, 0x73,
    0x8D, 0x73, 0x8D, 0x73, 0xAE, 0x7B, 0xCE, 0x7B, 0x0F, 0x84, 0x30, 0x8C, 0x50, 0x8C, 0x50, 0x8C,
    0x50, 0x8C, 0x50, 0x8C, 0x50, 0x8C, 0x50, 0x8C, 0x50, 0x8C, 0x50, 0x8C, 0x50, 0x8C, 0x50, 0x8C,
    0x50, 0x8C, 0x50, 0x8C, 0x50, 0x8C, 0x50, 0x8C, 0x50, 0x8C, 0x30, 0x8C, 0x30, 0x8C, 0x30, 0x8C,
    0x30, 0x8C, 0x30, 0x8C, 0x0F, 0x84, 0x10, 0x8C, 0x30, 0x8C, 0x30, 0x8C, 0x0F, 0x8C, 0x0F, 0x84,
    0x0F, 0x8C, 0x0F, 0x8C, 0x0F, 0x84, 0xEF, 0x83, 0xCF, 0x83, 0xCE, 0x83, 0xAE, 0x7B, 0xAE, 0x7B,
    0x8D, 0x7B, 0x4C, 0x73, 0xAD, 0x7B, 0xAD, 0x7B, 0xAE, 0x83, 0x8E, 0x7B, 0xCB, 0x62, 0xAA, 0x5A,
    0xAA, 0x5A, 0x8A, 0x5A, 0x8A, 0x5A, 0xAA, 0x5A, 0xAA, 0x5A, 0xAA, 0x62, 0xAA, 0x62, 0xCA, 0x6A,
    0xEA, 0x72, 0x2B, 0x7B, 0x4C, 0x83, 0x4C, 0x83, 0x6C, 0x8B, 0x8C, 0x8B, 0xAD, 0x93, 0xCD, 0x93,
    0xCD, 0x9B, 0xEE, 0x9B, 0x0E, 0x9C, 0x0E, 0xA4, 0x0E, 0x9C, 0xEE, 0x9B, 0xEE, 0x9B, 0xEE, 0x9B,
    0xCD, 0x93, 0xAD, 0x93, 0xAD, 0x93, 0x8D, 0x8B, 0x6C, 0x8B, 0x6C, 0x83, 0x2B, 0x7B, 0x0B, 0x73,
    0xEA, 0x72, 0xCA, 0x6A, 0xAA, 0x62, 0xAA, 0x62, 0xAA, 0x62, 0xAA, 0x62, 0xAA, 0x62, 0xAA, 0x62,
    0xCA, 0x6A, 0xEB, 0x72, 0x2B, 0x7B, 0x6C, 0x83, 0xAD, 0x8B, 0xEE, 0x93, 0x2F, 0x94, 0x4F, 0x9C,
    0x70, 0x9C, 0x90, 0xA4, 0x91, 0xA4, 0xB1, 0xA4, 0xB1, 0xA4, 0xB1, 0xA4, 0xB1, 0xAC, 0xB1, 0xAC,
    0xB1, 0xAC, 0xB1, 0xAC, 0x91, 0xA4, 0x90, 0xA4, 0xB1, 0xA4, 0x90, 0xA4, 0x2F, 0x9C, 0x0E, 0x9C,
    0xCE, 0x93, 0xCD, 0x93, 0xAD, 0x8B, 0x6C, 0x83, 0x2B, 0x7B, 0x0B, 0x73, 0xEA, 0x72, 0xCA, 0x6A,
    0xCA, 0x6A, 0xA9, 0x62, 0x8A, 0x62, 0x8A, 0x62, 0x89, 0x5A, 0x89, 0x5A, 0x89, 0x5A, 0x89, 0x62,
    0x89, 0x62, 0xAA, 0x62, 0xCA, 0x6A, 0x0B, 0x73, 0x2C, 0x73, 0x8D, 0x83, 0x8D, 0x83, 0x0B, 0x73,
    0x0B, 0x73, 0x2B, 0x73, 0x6C, 0x7B, 0xAD, 0x83, 0x4F, 0x9C, 0x4F, 0x9C, 0xCD, 0x8B, 0x6C, 0x83,
    0x2B, 0x73, 0x0B, 0x73, 0x0B, 0x73, 0x4C, 0x73, 0x2B, 0x6B, 0xEA, 0x62, 0x89, 0x5A, 0xCA, 0x62,
    0xCB, 0x62, 0xCB, 0x62, 0xAA, 0x5A, 0xCA, 0x62, 0xCA, 0x62, 0xEB, 0x6A, 0xEB, 0x6A, 0xEB, 0x6A,
    0x2C, 0x73, 0x0C, 0x6B, 0x6D, 0x7B, 0xEE, 0x8B, 0xCE, 0x83, 0x8D, 0x83, 0x2C, 0x73, 0x0B, 0x6B,
    0x2C, 0x73, 0xAA, 0x5A, 0x8A, 0x5A, 0xCA, 0x62, 0x0B, 0x6B, 0x4C, 0x73, 0xAD, 0x83, 0xAD, 0x83,
    0xCE, 0x83, 0xAD, 0x7B, 0xEE, 0x8B, 0xAD, 0x83, 0xAD, 0x83, 0x2C, 0x73, 0x2B, 0x6B, 0xAE, 0x83,
    0x8D, 0x7B, 0x8D, 0x7B, 0x6D, 0x7B, 0x0B, 0x6B, 0x0B, 0x6B, 0xEB, 0x62, 0x48, 0x4A, 0x69, 0x52,
    0xCA, 0x62, 0x6C, 0x73, 0x2B, 0x6B, 0x4C, 0x73, 0x4C, 0x73, 0xCA, 0x5A, 0x6D, 0x73, 0x6D, 0x6B,
    0x4D, 0x6B, 0x4D, 0x6B, 0x6D, 0x6B, 0x2C, 0x63, 0x2C, 0x63, 0x6D, 0x6B, 0x6D, 0x6B, 0x6D, 0x6B,
    0x6D, 0x6B, 0x4D, 0x63, 0x4D, 0x6B, 0x4D, 0x6B, 0x4D, 0x6B, 0x0C, 0x5B, 0x2C, 0x63, 0x4D, 0x6B,
    0x4D, 0x6B, 0x4D, 0x6B, 0x4D, 0x6B, 0x6D, 0x6B, 0x6D, 0x6B, 0x6D, 0x6B, 0x6D, 0x6B, 0x6D, 0x6B,
    0x6D, 0x6B, 0x0C, 0x5B, 0x6D, 0x6B, 0x6D, 0x6B, 0x6D, 0x6B, 0x6D, 0x6B, 0x6D, 0x6B, 0x6D, 0x6B,
    0x6D, 0x6B, 0x6D, 0x6B, 0x6D, 0x6B, 0x6D, 0x6B, 0x6D, 0x6B, 0x6D, 0x6B, 0x6D, 0x6B, 0x6D, 0x6B,
    0x6D, 0x6B, 0x6D, 0x6B, 0x6D, 0x6B, 0x6D, 0x6B, 0x6D, 0x6B, 0x6D, 0x6B, 0x6D, 0x6B, 0x6D, 0x6B,
    0x6D, 0x6B, 0x6D, 0x6B, 0x6D, 0x6B, 0x6D, 0x6B, 0x6D, 0x6B, 0x6D, 0x6B, 0x6D, 0x6B, 0x6D, 0x6B,
    0x6D, 0x6B, 0x6D, 0x6B, 0x6D, 0x6B, 0x6D, 0x6B, 0x6D, 0x6B, 0x6D, 0x6B, 0x6D, 0x6B, 0x6D, 0x6B,
    0x6D, 0x6B, 0x6D, 0x6B, 0x6D, 0x6B, 0x6D, 0x6B, 0x6D, 0x6B, 0x6D, 0x6B, 0x6D, 0x6B, 0x6D, 0x6B,
    0x6D, 0x6B, 0x6D, 0x6B, 0x6D, 0x6B, 0x6D, 0x6B, 0x6D, 0x6B, 0x6D, 0x6B, 0x6D, 0x6B, 0x6D, 0x6B,
    0x6D, 0x6B, 0x6D, 0x6B, 0x6D, 0x6B, 0x6D, 0x6B, 0x4D, 0x6B, 0x4D, 0x6B, 0xEB, 0x62, 0x89, 0x52,
    0xEB, 0x5A, 0x2C, 0x63, 0xAA, 0x5A, 0x8A, 0x52, 0x28, 0x4A, 0x08, 0x42, 0x08, 0x42, 0xE7, 0x39,
    0xE7, 0x39, 0xE7, 0x39, 0xC7, 0x39, 0xC7, 0x39, 0xC7, 0x39, 0xC7, 0x39, 0xE7, 0x39, 0xE7, 0x39,
    0xE7, 0x39, 0x08, 0x42, 0x08, 0x42, 0x08, 0x42, 0x28, 0x42, 0x08, 0x42, 0x89, 0x52, 0xEB, 0x62,
    0x2C, 0x6B, 0x6D, 0x73, 0x8D, 0x73, 0x8D, 0x73, 0x8D, 0x73, 0x8D, 0x73, 0x8D, 0x73, 0x8D, 0x73,
    0x8D, 0x73, 0x8D, 0x73, 0x8D, 0x73, 0xAE, 0x7B, 0xEF, 0x83, 0x30, 0x84, 0x50, 0x8C, 0x50, 0x8C,
    0x50, 0x8C, 0x50, 0x8C, 0x50, 0x8C, 0x50, 0x8C, 0x50, 0x8C, 0x30, 0x8C, 0x30, 0x8C, 0x30, 0x8C,
    0x30, 0x8C, 0x30, 0x8C, 0x50, 0x8C, 0x50, 0x8C, 0x50, 0x8C, 0x50, 0x8C, 0x30, 0x8C, 0x30, 0x8C,
    0x30, 0x8C, 0x10, 0x8C, 0x10, 0x8C, 0x10, 0x8C, 0x10, 0x8C, 0x0F, 0x8C, 0x30, 0x8C, 0x0F, 0x84,
    0x0F, 0x84, 0x0F, 0x8C, 0x0F, 0x84, 0xEF, 0x83, 0xCE, 0x83, 0xCE, 0x83, 0xCE, 0x83, 0xAE, 0x7B,
    0x8D, 0x7B, 0x2C, 0x73, 0xAE, 0x7B, 0x8D, 0x7B, 0xCE, 0x83, 0x6D, 0x73, 0xAA, 0x62, 0xAA, 0x5A,
    0xAA, 0x5A, 0x8A, 0x5A, 0x8A, 0x5A, 0x8A, 0x5A, 0xAA, 0x62, 0xA9, 0x62, 0xA9, 0x6A, 0xCA, 0x72,
    0x0B, 0x7B, 0x2C, 0x83, 0x4C, 0x83, 0x4B, 0x83, 0x6C, 0x8B, 0x6C, 0x8B, 0x8D, 0x93, 0xAD, 0x93,
    0xCD, 0x93, 0xEE, 0x9B, 0x0E, 0xA4, 0x0E, 0xA4, 0x2F, 0xA4, 0x2F, 0xA4, 0x0F, 0xA4, 0x0E, 0x9C,
    0xEE, 0x9B, 0xCE, 0x93, 0xCD, 0x93, 0xAD, 0x93, 0x8D, 0x8B, 0x6C, 0x8B, 0x4C, 0x83, 0x2B, 0x7B,
    0xEB, 0x72, 0xCA, 0x6A, 0xCA, 0x6A, 0xCA, 0x62, 0xAA, 0x62, 0xAA, 0x62, 0xAA, 0x62, 0xAA, 0x62,
    0xCA, 0x6A, 0xEA, 0x6A, 0x2B, 0x73, 0x6C, 0x83, 0x8D, 0x83, 0xEE, 0x8B, 0x0E, 0x94, 0x4F, 0x9C,
    0x50, 0x9C, 0x70, 0xA4, 0x91, 0xA4, 0xB1, 0xA4, 0xB1, 0xA4, 0xB1, 0xA4, 0xB1, 0xAC, 0xB1, 0xA4,
    0xB1, 0xA4, 0xB1, 0xA4, 0x90, 0xA4, 0x90, 0xA4, 0x90, 0xA4, 0x70, 0xA4, 0x2E, 0x9C, 0xEE, 0x93,
    0xCD, 0x93, 0xAD, 0x8B, 0x6C, 0x83, 0x2B, 0x7B, 0x0B, 0x7B, 0xEA, 0x72, 0xCA, 0x6A, 0xA9, 0x62,
    0x89, 0x62, 0x89, 0x5A, 0x69, 0x5A, 0x69, 0x5A, 0x69, 0x5A, 0x69, 0x5A, 0x69, 0x5A, 0x69, 0x5A,
    0x69, 0x5A, 0x69, 0x5A, 0x89, 0x62, 0xA9, 0x62, 0xEA, 0x6A, 0x0B, 0x6B, 0x0B, 0x73, 0xCA, 0x6A,
    0xCA, 0x6A, 0xEA, 0x6A, 0x2B, 0x73, 0x6C, 0x7B, 0x0E, 0x94, 0x0E, 0x9C, 0x8D, 0x8B, 0x4C, 0x7B,
    0x0B, 0x73, 0x0B, 0x73, 0x0B, 0x73, 0x2B, 0x73, 0x0B, 0x6B, 0xEA, 0x62, 0x89, 0x5A, 0xCA, 0x62,
    0xCA, 0x62, 0xCA, 0x62, 0x8A, 0x5A, 0xAA, 0x62, 0xAA, 0x62, 0xEB, 0x6A, 0xEB, 0x6A, 0xEB, 0x6A,
    0x2C, 0x73, 0x0B, 0x6B, 0x6C, 0x7B, 0xEE, 0x8B, 0xCD, 0x83, 0x8D, 0x7B, 0x2C, 0x73, 0x0B, 0x6B,
    0x2C, 0x73, 0xAA, 0x5A, 0x8A, 0x5A, 0xCA, 0x62, 0x0B, 0x6B, 0x2B, 0x6B, 0x8D, 0x7B, 0xCE, 0x83,
    0xCD, 0x83, 0x8D, 0x7B, 0xEE, 0x83, 0xCE, 0x83, 0xAD, 0x7B, 0x6C, 0x73, 0xEB, 0x6A, 0xAE, 0x83,
    0x8D, 0x7B, 0x6D, 0x7B, 0x6D, 0x7B, 0x4C, 0x73, 0xEB, 0x62, 0x2C, 0x6B, 0x49, 0x52, 0x69, 0x52,
    0xAA, 0x5A, 0x4C, 0x73, 0x2C, 0x6B, 0x4C, 0x6B, 0x6D, 0x73, 0xEB, 0x62, 0xEB, 0x62, 0xAE, 0x73,
    0x4D, 0x63, 0x4D, 0x6B, 0x4D, 0x6B, 0x6D, 0x6B, 0x2C, 0x63, 0x6D, 0x6B, 0x6D, 0x6B, 0x6D, 0x6B,
    0x6D, 0x6B, 0x4D, 0x63, 0x4D, 0x6B, 0x4D, 0x6B, 0x4D, 0x6B, 0x4D, 0x6B, 0xEC, 0x5A, 0x4D, 0x6B,
    0x4D, 0x6B, 0x4D, 0x6B, 0x4D, 0x6B, 0x6D, 0x6B, 0x6D, 0x6B, 0x6D, 0x6B, 0x6D, 0x6B, 0x6D, 0x6B,
    0x6D, 0x6B, 0x2C, 0x63, 0x2C, 0x5B, 0x8E, 0x6B, 0x6D, 0x6B, 0x6D, 0x6B, 0x6D, 0x6B, 0x6D, 0x6B,
    0x6D, 0x6B, 0x6D, 0x6B, 0x6D, 0x6B, 0x6D, 0x6B, 0x6D, 0x6B, 0x6D, 0x6B, 0x6D, 0x6B, 0x6D, 0x6B,
    0x6D, 0x6B, 0x6D, 0x6B, 0x6D, 0x6B, 0x6D, 0x6B, 0x6D, 0x6B, 0x6D, 0x6B, 0x6D, 0x6B, 0x6D, 0x6B,
    0x6D, 0x6B, 0x6D, 0x6B, 0x6D, 0x6B, 0x6D, 0x6B, 0x6D, 0x6B, 0x6D, 0x6B, 0x6D, 0x6B, 0x6D, 0x6B,
    0x6D, 0x6B, 0x6D, 0x6B, 0x6D, 0x6B, 0x6D, 0x6B, 0x6D, 0x6B, 0x6D, 0x6B, 0x6D, 0x6B, 0x6D, 0x6B,
    0x6D, 0x6B, 0x6D, 0x6B, 0x6D, 0x6B, 0x6D, 0x6B, 0x6D, 0x6B, 0x6D, 0x6B, 0x6D, 0x6B, 0x6D, 0x6B,
    0x6D, 0x6B, 0x6D, 0x6B, 0x6D, 0x6B, 0x6D, 0x6B, 0x6D, 0x6B, 0x6D, 0x6B, 0x6D, 0x6B, 0x6D, 0x6B,
    0x6D, 0x6B, 0x6D, 0x6B, 0x6D, 0x6B, 0x4D, 0x6B, 0x2C, 0x6B, 0xCB, 0x5A, 0x8A, 0x52, 0x0B, 0x63,
    0x4C, 0x6B, 0xCB, 0x5A, 0x69, 0x4A, 0x29, 0x4A, 0x08, 0x42, 0x08, 0x42, 0xE7, 0x39, 0xE7, 0x39,
    0x08, 0x42, 0x08, 0x42, 0xC7, 0x39, 0xC7, 0x39, 0xC7, 0x39, 0xC7, 0x39, 0xC7, 0x39, 0xE7, 0x39,
    0xE7, 0x39, 0xE7, 0x39, 0x08, 0x42, 0x08, 0x42, 0x28, 0x42, 0x07, 0x42, 0x69, 0x52, 0xEB, 0x62,
    0x0C, 0x6B, 0x6D, 0x73, 0x6D, 0x73, 0x8D, 0x73, 0x8D, 0x73, 0x8D, 0x73, 0x8D, 0x73, 0x8D, 0x73,
    0x8D, 0x73, 0x8D, 0x73, 0x8D, 0x73, 0xAE, 0x7B, 0xEF, 0x83, 0x30, 0x84, 0x30, 0x8C, 0x50, 0x8C,
    0x50, 0x8C, 0x50, 0x8C, 0x50, 0x8C, 0x30, 0x8C, 0x30, 0x8C, 0x10, 0x8C, 0x0F, 0x84, 0xEF, 0x83,
    0xEF, 0x83, 0xEF, 0x83, 0x10, 0x8C, 0x51, 0x94, 0x71, 0x94, 0x50, 0x8C, 0x50, 0x8C, 0x50, 0x8C,
    0x30, 0x8C, 0x0F, 0x84, 0x0F, 0x84, 0x0F, 0x84, 0x0F, 0x84, 0x0F, 0x8C, 0x0F, 0x8C, 0xEF, 0x83,
    0xEF, 0x83, 0xEF, 0x83, 0xEF, 0x83, 0xEF, 0x83, 0xCE, 0x83, 0xCE, 0x83, 0xCE, 0x83, 0xAE, 0x7B,
    0x6D, 0x7B, 0x4D, 0x73, 0xAE, 0x83, 0x6D, 0x7B, 0xCE, 0x83, 0x2C, 0x73, 0xAA, 0x5A, 0xAA, 0x5A,
    0x8A, 0x5A, 0x8A, 0x5A, 0x8A, 0x5A, 0x8A, 0x5A, 0xAA, 0x62, 0x89, 0x62, 0xA9, 0x6A, 0xCA, 0x72,
    0xCA, 0x72, 0xEA, 0x7A, 0xEB, 0x7A, 0x2B, 0x83, 0x4C, 0x8B, 0x6C, 0x8B, 0x8C, 0x93, 0x8D, 0x93,
    0xAD, 0x93, 0xCE, 0x9B, 0x0E, 0xA4, 0x0F, 0xA4, 0x2F, 0xA4, 0x2F, 0xA4, 0x2F, 0xA4, 0x0E, 0xA4,
    0x0E, 0x9C, 0xEE, 0x9B, 0xEE, 0x9B, 0xAD, 0x93, 0xAD, 0x93, 0x8D, 0x8B, 0x6C, 0x83, 0x2C, 0x7B,
    0x0B, 0x73, 0xEA, 0x72, 0xCA, 0x6A, 0xCA, 0x62, 0xAA, 0x62, 0xAA, 0x62, 0xAA, 0x62, 0xAA, 0x62,
    0xCA, 0x6A, 0xEA, 0x6A, 0x0B, 0x73, 0x4C, 0x7B, 0x8D, 0x83, 0xCD, 0x8B, 0x0E, 0x94, 0x2F, 0x9C,
    0x50, 0x9C, 0x70, 0xA4, 0x91, 0xA4, 0x91, 0xA4, 0xB1, 0xA4, 0xB1, 0xA4, 0xB1, 0xA4, 0xB1, 0xA4,
    0xB1, 0xA4, 0xB1, 0xA4, 0x90, 0xA4, 0x70, 0xA4, 0x90, 0xA4, 0x2F, 0x9C, 0xEE, 0x93, 0xCD, 0x93,
    0xAD, 0x8B, 0x8D, 0x8B, 0x4C, 0x83, 0x2B, 0x7B, 0x0B, 0x73, 0xEA, 0x72, 0xAA, 0x6A, 0x89, 0x62,
    0x69, 0x5A, 0x69, 0x5A, 0x69, 0x5A, 0x49, 0x5A, 0x49, 0x5A, 0x49, 0x52, 0x49, 0x52, 0x49, 0x52,
    0x48, 0x52, 0x48, 0x52, 0x68, 0x5A, 0x69, 0x5A, 0x89, 0x5A, 0xAA, 0x62, 0xAA, 0x62, 0x89, 0x5A,
    0xA9, 0x62, 0xA9, 0x62, 0xCA, 0x6A, 0x0B, 0x73, 0xAD, 0x83, 0xAD, 0x8B, 0x4C, 0x7B, 0x2B, 0x7B,
    0x0B, 0x73, 0x0B, 0x73, 0x0B, 0x73, 0x2B, 0x73, 0x0B, 0x6B, 0xCA, 0x62, 0x89, 0x5A, 0xAA, 0x62,
    0xCA, 0x62, 0xCA, 0x62, 0xAA, 0x5A, 0xAA, 0x62, 0xAA, 0x62, 0x0B, 0x6B, 0xEB, 0x6A, 0xEB, 0x6A,
    0x2C, 0x73, 0x0B, 0x6B, 0x6C, 0x7B, 0xEE, 0x8B, 0xCD, 0x83, 0x8D, 0x83, 0x2C, 0x73, 0xEB, 0x6A,
    0x2C, 0x6B, 0xAA, 0x5A, 0x8A, 0x5A, 0xCA, 0x62, 0xEA, 0x62, 0x2B, 0x6B, 0x6C, 0x73, 0xCE, 0x83,
    0xCD, 0x83, 0x8D, 0x7B, 0xEE, 0x83, 0xEE, 0x83, 0xAD, 0x7B, 0x8D, 0x7B, 0xEB, 0x6A, 0x8D, 0x7B,
    0xAD, 0x7B, 0x6C, 0x7B, 0x6D, 0x7B, 0x6D, 0x7B, 0x0B, 0x6B, 0x2B, 0x6B, 0xAA, 0x5A, 0x48, 0x4A,
    0x89, 0x52, 0x0B, 0x6B, 0x2C, 0x6B, 0x2B, 0x6B, 0x6C, 0x73, 0x4C, 0x73, 0xAA, 0x5A, 0x6D, 0x6B,
    0x6D, 0x6B, 0x4D, 0x6B, 0x4D, 0x6B, 0x6D, 0x6B, 0x2C, 0x63, 0x2C, 0x63, 0x6D, 0x6B, 0x6D, 0x6B,
    0x6D, 0x6B, 0x6D, 0x6B, 0x4D, 0x6B, 0x4D, 0x6B, 0x4D, 0x6B, 0x4D, 0x6B, 0x2C, 0x63, 0x0C, 0x63,
    0x6D, 0x6B, 0x4D, 0x6B, 0x4D, 0x6B, 0x4D, 0x6B, 0x6D, 0x6B, 0x6D, 0x6B, 0x6D, 0x6B, 0x6D, 0x6B,
    0x6D, 0x6B, 0x6D, 0x6B, 0x0C, 0x5B, 0x6D, 0x63, 0x6D, 0x6B, 0x6D, 0x6B, 0x6D, 0x6B, 0x6D, 0x6B,
    0x6D, 0x6B, 0x6D, 0x6B, 0x6D, 0x6B, 0x6D, 0x6B, 0x6D, 0x6B, 0x6D, 0x6B, 0x6D, 0x6B, 0x6D, 0x6B,
    0x6D, 0x6B, 0x6D, 0x6B, 0x6D, 0x6B, 0x6D, 0x6B, 0x6D, 0x6B, 0x6D, 0x6B, 0x6D, 0x6B, 0x6D, 0x6B,
    0x6D, 0x6B, 0x6D, 0x6B, 0x6D, 0x6B, 0x6D, 0x6B, 0x6D, 0x6B, 0x6D, 0x6B, 0x6D, 0x6B, 0x6D, 0x6B,
    0x6D, 0x6B, 0x6D, 0x6B, 0x6D, 0x6B, 0x6D, 0x6B, 0x6D, 0x6B, 0x6D, 0x6B, 0x6D, 0x6B, 0x6D, 0x6B,
    0x6D, 0x6B, 0x6D, 0x6B, 0x6D, 0x6B, 0x6D, 0x6B, 0x6D, 0x6B, 0x6D, 0x6B, 0x6D, 0x6B, 0x6D, 0x6B,
    0x6D, 0x6B, 0x6D, 0x6B, 0x6D, 0x6B, 0x6D, 0x6B, 0x6D, 0x6B, 0x6D, 0x6B, 0x6D, 0x6B, 0x6D, 0x6B,
    0x6D, 0x6B, 0x6D, 0x6B, 0x4C, 0x6B, 0x2C, 0x63, 0xAA, 0x5A, 0xAA, 0x52, 0x2C, 0x6B, 0x4C, 0x6B,
    0xEB, 0x5A, 0x69, 0x4A, 0x28, 0x4A, 0x08, 0x42, 0x08, 0x42, 0xE7, 0x39, 0xE7, 0x39, 0x28, 0x42,
    0x28, 0x42, 0xC7, 0x39, 0xC7, 0x39, 0xC7, 0x39, 0xC7, 0x39, 0xC7, 0x39, 0xC7, 0x39, 0xE7, 0x39,
    0xE7, 0x39, 0xE7, 0x39, 0xE7, 0x39, 0x08, 0x42, 0x08, 0x42, 0x07, 0x42, 0x48, 0x4A, 0xCB, 0x62,
    0x0C, 0x63, 0x4D, 0x6B, 0x6D, 0x73, 0x6D, 0x73, 0x6D, 0x73, 0x6D, 0x73, 0x6D, 0x73, 0x8D, 0x73,
    0x8D, 0x73, 0x8E, 0x73, 0xAE, 0x7B, 0xCF, 0x7B, 0x0F, 0x84, 0x30, 0x84, 0x30, 0x84, 0x30, 0x8C,
    0x30, 0x8C, 0x50, 0x8C, 0x50, 0x8C, 0x30, 0x8C, 0x10, 0x84, 0xEF, 0x83, 0xCE, 0x7B, 0xAE, 0x7B,
    0x8D, 0x73, 0x8D, 0x73, 0x8D, 0x73, 0xCE, 0x7B, 0x50, 0x8C, 0x71, 0x94, 0x50, 0x8C, 0x30, 0x8C,
    0x10, 0x8C, 0x0F, 0x84, 0x0F, 0x84, 0x0F, 0x84, 0x0F, 0x84, 0x0F, 0x84, 0xEF, 0x83, 0xEF, 0x83,
    0xCF, 0x83, 0xCF, 0x83, 0xEF, 0x83, 0xCF, 0x83, 0xCE, 0x83, 0xCE, 0x83, 0xCE, 0x83, 0xAE, 0x7B,
    0x6D, 0x7B, 0x6D, 0x73, 0xAE, 0x83, 0x6D, 0x7B, 0xCE, 0x83, 0x2C, 0x6B, 0x8A, 0x5A, 0xAA, 0x5A,
    0x8A, 0x5A, 0x8A, 0x5A, 0x8A, 0x5A, 0x8A, 0x5A, 0x8A, 0x5A, 0x89, 0x62, 0x69, 0x62, 0x69, 0x62,
    0x48, 0x62, 0x48, 0x62, 0x68, 0x6A, 0x88, 0x6A, 0xA9, 0x72, 0xCA, 0x72, 0x0A, 0x7B, 0x4C, 0x8B,
    0x8C, 0x93, 0xAD, 0x9B, 0xEE, 0xA3, 0x0F, 0xA4, 0x2F, 0xA4, 0x2F, 0xA4, 0x2F, 0xA4, 0x2F, 0xA4,
    0x0E, 0xA4, 0x0E, 0xA4, 0xEE, 0x9B, 0xCD, 0x93, 0xAD, 0x93, 0x8D, 0x8B, 0x6C, 0x8B, 0x4C, 0x83,
    0x2C, 0x7B, 0x0B, 0x73, 0xCA, 0x6A, 0xCA, 0x6A, 0xAA, 0x62, 0xAA, 0x62, 0xAA, 0x62, 0xAA, 0x62,
    0xCA, 0x62, 0xEA, 0x6A, 0x0B, 0x73, 0x4C, 0x7B, 0x8C, 0x83, 0xCD, 0x8B, 0xEE, 0x93, 0x2F, 0x9C,
    0x50, 0x9C, 0x70, 0xA4, 0x91, 0xA4, 0xB1, 0xA4, 0xB1, 0xA4, 0xB1, 0xA4, 0xB1, 0xA4, 0xB1, 0xA4,
    0xB1, 0xA4, 0x90, 0xA4, 0x90, 0xA4, 0x70, 0xA4, 0x70, 0xA4, 0x0E, 0x9C, 0xCE, 0x93, 0xAD, 0x93,
    0x8D, 0x8B, 0x6C, 0x83, 0x4C, 0x7B, 0x2B, 0x7B, 0xEB, 0x72, 0xCA, 0x6A, 0x8A, 0x62, 0x89, 0x62,
    0xA9, 0x62, 0x89, 0x62, 0x69, 0x5A, 0x49, 0x52, 0x49, 0x52, 0x49, 0x52, 0x49, 0x52, 0x48, 0x52,
    0x48, 0x52, 0x48, 0x52, 0x48, 0x52, 0x48, 0x52, 0x69, 0x5A, 0x89, 0x5A, 0x89, 0x5A, 0x69, 0x5A,
    0x69, 0x52, 0x69, 0x5A, 0x89, 0x5A, 0xAA, 0x62, 0x2B, 0x73, 0x4C, 0x7B, 0x0B, 0x73, 0xEB, 0x72,
    0xEB, 0x6A, 0xEB, 0x6A, 0xEB, 0x6A, 0x0B, 0x73, 0xEB, 0x6A, 0xCA, 0x62, 0x8A, 0x5A, 0xAA, 0x62,
    0xAA, 0x62, 0xAA, 0x62, 0xAA, 0x62, 0xAA, 0x62, 0xAA, 0x62, 0xEB, 0x6A, 0xEB, 0x6A, 0xEB, 0x6A,
    0x2C, 0x73, 0xEB, 0x6A, 0x6C, 0x7B, 0xEE, 0x8B, 0xCE, 0x83, 0x8D, 0x83, 0x4C, 0x73, 0x0B, 0x6B,
    0x4C, 0x73, 0xAA, 0x5A, 0x8A, 0x5A, 0xAA, 0x5A, 0xEA, 0x62, 0x0B, 0x6B, 0x2C, 0x73, 0xAE, 0x83,
    0xEE, 0x83, 0x8D, 0x7B, 0xCE, 0x83, 0xEE, 0x8B, 0xAD, 0x7B, 0x8D, 0x7B, 0x0B, 0x6B, 0x4C, 0x73,
    0xAE, 0x83, 0x6D, 0x7B, 0x6C, 0x7B, 0x6C, 0x7B, 0x4C, 0x73, 0x0B, 0x6B, 0xEB, 0x62, 0x49, 0x52,
    0x69, 0x52, 0xEB, 0x62, 0x2C, 0x6B, 0x0B, 0x63, 0x4C, 0x73, 0x6D, 0x73, 0xEB, 0x62, 0xEB, 0x5A,
    0xAE, 0x73, 0x4D, 0x6B, 0x4D, 0x6B, 0x4D, 0x6B, 0x4D, 0x6B, 0x2C, 0x63, 0x6D, 0x6B, 0x6D, 0x6B,
    0x6D, 0x6B, 0x6D, 0x6B, 0x4D, 0x6B, 0x4D, 0x6B, 0x4D, 0x6B, 0x4D, 0x6B, 0x4D, 0x6B, 0x0C, 0x5B,
    0x2D, 0x63, 0x4D, 0x6B, 0x4D, 0x6B, 0x4D, 0x6B, 0x6D, 0x6B, 0x6D, 0x6B, 0x6D, 0x6B, 0x6D, 0x6B,
    0x6D, 0x6B, 0x6D, 0x6B, 0x4D, 0x63, 0x2C, 0x5B, 0x8E, 0x6B, 0x6D, 0x6B, 0x6D, 0x6B, 0x6D, 0x6B,
    0x6D, 0x6B, 0x6D, 0x6B, 0x6D, 0x6B, 0x6D, 0x6B, 0x6D, 0x6B, 0x6D, 0x6B, 0x6D, 0x6B, 0x6D, 0x6B,
    0x6D, 0x6B, 0x6D, 0x6B, 0x6D, 0x6B, 0x6D, 0x6B, 0x6D, 0x6B, 0x6D, 0x6B, 0x6D, 0x6B, 0x6D, 0x6B,
    0x6D, 0x6B, 0x6D, 0x6B, 0x6D, 0x6B, 0x6D, 0x6B, 0x6D, 0x6B, 0x6D, 0x6B, 0x6D, 0x6B, 0x6D, 0x6B,
    0x6D, 0x6B, 0x6D, 0x6B, 0x6D, 0x6B, 0x6D, 0x6B, 0x6D, 0x6B, 0x6D, 0x6B, 0x6D, 0x6B, 0x6D, 0x6B,
    0x6D, 0x6B, 0x6D, 0x6B, 0x6D, 0x6B, 0x6D, 0x6B, 0x6D, 0x6B, 0x6D, 0x6B, 0x6D, 0x6B, 0x6D, 0x6B,
    0x6D, 0x6B, 0x6D, 0x6B, 0x6D, 0x6B, 0x6D, 0x6B, 0x6D, 0x6B, 0x6D, 0x6B, 0x6D, 0x6B, 0x6D, 0x6B,
    0x6D, 0x6B, 0x4D, 0x6B, 0x2C, 0x63, 0x8A, 0x52, 0xAA, 0x5A, 0x4D, 0x6B, 0x4D, 0x6B, 0xEB, 0x62,
    0x69, 0x4A, 0x28, 0x42, 0x08, 0x42, 0x08, 0x42, 0xE8, 0x39, 0xE7, 0x39, 0x48, 0x42, 0x28, 0x42,
    0xE7, 0x39, 0xC7, 0x39, 0xC7, 0x39, 0xC7, 0x39, 0xC7, 0x39, 0xC7, 0x39, 0xC7, 0x39, 0xE7, 0x39,
    0xE7, 0x39, 0xE7, 0x39, 0xE7, 0x39, 0xE7, 0x39, 0x07, 0x3A, 0xE7, 0x39, 0x08, 0x42, 0xAA, 0x5A,
    0x0C, 0x63, 0x4D, 0x6B, 0x4D, 0x6B, 0x6D, 0x73, 0x6D, 0x73, 0x6D, 0x73, 0x6D, 0x73, 0x6D, 0x73,
    0x8D, 0x73, 0xAE, 0x7B, 0xCF, 0x7B, 0xEF, 0x83, 0x0F, 0x84, 0x30, 0x84, 0x30, 0x84, 0x30, 0x84,
    0x30, 0x8C, 0x30, 0x8C, 0x30, 0x8C, 0x30, 0x8C, 0x0F, 0x84, 0xCF, 0x83, 0xAE, 0x7B, 0x6D, 0x73,
    0x4C, 0x6B, 0x4C, 0x6B, 0x4D, 0x73, 0x6D, 0x73, 0xAE, 0x7B, 0xEF, 0x83, 0x50, 0x8C, 0x50, 0x94,
    0x30, 0x8C, 0x0F, 0x84, 0x0F, 0x84, 0x0F, 0x84, 0xEF, 0x83, 0xEF, 0x83, 0xEF, 0x83, 0xEF, 0x83,
    0xCE, 0x83, 0xAE, 0x7B, 0xAE, 0x7B, 0xAE, 0x7B, 0xAE, 0x7B, 0xAE, 0x7B, 0xCE, 0x83, 0xAE, 0x7B,
    0x6D, 0x73, 0x6D, 0x73, 0xAE, 0x83, 0x4D, 0x73, 0xCE, 0x83, 0x0C, 0x6B, 0xAA, 0x5A, 0xAA, 0x5A,
    0x8A, 0x5A, 0x8A, 0x5A, 0x8A, 0x5A, 0x8A, 0x5A, 0x89, 0x5A, 0x89, 0x5A, 0x89, 0x62, 0x8A, 0x62,
    0xAA, 0x72, 0xEA, 0x72, 0x0B, 0x7B, 0x0B, 0x7B, 0x0B, 0x7B, 0x0A, 0x7B, 0xEA, 0x7A, 0xCA, 0x7A,
    0xEA, 0x7A, 0x2B, 0x83, 0x8D, 0x93, 0xEE, 0x9B, 0x0F, 0xA4, 0x2F, 0xA4, 0x2F, 0xA4, 0x2F, 0xA4,
    0x0F, 0xA4, 0x0E, 0xA4, 0xEE, 0x9B, 0xEE, 0x9B, 0xCD, 0x93, 0xAD, 0x93, 0x8C, 0x8B, 0x6C, 0x8B,
    0x4C, 0x83, 0x0B, 0x73, 0xEA, 0x6A, 0xCA, 0x6A, 0xAA, 0x62, 0xAA, 0x62, 0xAA, 0x62, 0xAA, 0x62,
    0xCA, 0x62, 0xEA, 0x6A, 0x0B, 0x73, 0x4C, 0x7B, 0x8C, 0x83, 0xCD, 0x8B, 0x0E, 0x94, 0x2F, 0x9C,
    0x4F, 0x9C, 0x70, 0xA4, 0x91, 0xA4, 0xB1, 0xA4, 0xB1, 0xA4, 0xB1, 0xA4, 0xB1, 0xA4, 0xB1, 0xA4,
    0xB1, 0xA4, 0x90, 0xA4, 0x70, 0xA4, 0x70, 0xA4, 0x4F, 0xA4, 0xEE, 0x93, 0xCE, 0x93, 0xAD, 0x93,
    0x8D, 0x8B, 0x6C, 0x83, 0x4C, 0x7B, 0x2B, 0x7B, 0xEA, 0x72, 0xAA, 0x6A, 0x89, 0x62, 0xAA, 0x62,
    0x8A, 0x62, 0x69, 0x5A, 0x49, 0x5A, 0x49, 0x52, 0x49, 0x52, 0x49, 0x52, 0x49, 0x52, 0x48, 0x52,
    0x48, 0x52, 0x48, 0x52, 0x48, 0x52, 0x48, 0x52, 0x48, 0x52, 0x48, 0x52, 0x48, 0x52, 0x48, 0x52,
    0x48, 0x52, 0x49, 0x52, 0x69, 0x52, 0x89, 0x5A, 0xCA, 0x62, 0xEB, 0x6A, 0xCA, 0x6A, 0xAA, 0x62,
    0xCA, 0x62, 0xCA, 0x62, 0xEB, 0x6A, 0xEB, 0x6A, 0xEB, 0x6A, 0xAA, 0x5A, 0x8A, 0x5A, 0x8A, 0x5A,
    0xAA, 0x62, 0xAA, 0x62, 0xAA, 0x62, 0xAA, 0x62, 0xAA, 0x62, 0xEB, 0x6A, 0xEB, 0x6A, 0xEB, 0x6A,
    0x2C, 0x73, 0xEB, 0x6A, 0x4C, 0x7B, 0xEE, 0x8B, 0xCD, 0x83, 0x8D, 0x83, 0x4C, 0x73, 0x0B, 0x6B,
    0x4C, 0x73, 0xA9, 0x5A, 0xAA, 0x5A, 0xCA, 0x5A, 0xCA, 0x62, 0x0B, 0x6B, 0x2B, 0x6B, 0x6D, 0x7B,
    0xEE, 0x8B, 0xAD, 0x7B, 0xAD, 0x7B, 0xEE, 0x8B, 0xAD, 0x7B, 0x8D, 0x7B, 0x2C, 0x73, 0x0B, 0x6B,
    0xAD, 0x83, 0x8D, 0x7B, 0x6C, 0x7B, 0x6C, 0x7B, 0x6C, 0x7B, 0x2B, 0x6B, 0x2B, 0x6B, 0x69, 0x52,
    0x89, 0x52, 0xAA, 0x5A, 0x4C, 0x73, 0xEB, 0x62, 0x0B, 0x6B, 0x6D, 0x73, 0x6D, 0x73, 0x89, 0x52,
    0x4D, 0x6B, 0x8D, 0x73, 0x4C, 0x6B, 0x4D, 0x6B, 0x6D, 0x6B, 0x2C, 0x63, 0x4D, 0x6B, 0x6D, 0x6B,
    0x6D, 0x6B, 0x6D, 0x6B, 0x4D, 0x6B, 0x4D, 0x6B, 0x4D, 0x6B, 0x4D, 0x6B, 0x4D, 0x6B, 0x4D, 0x63,
    0x0C, 0x5B, 0x4D, 0x6B, 0x4D, 0x6B, 0x4D, 0x6B, 0x4D, 0x6B, 0x6D, 0x6B, 0x6D, 0x6B, 0x6D, 0x6B,
    0x6D, 0x6B, 0x6D, 0x6B, 0x6D, 0x6B, 0x0C, 0x5B, 0x6D, 0x63, 0x6D, 0x6B, 0x6D, 0x6B, 0x6D, 0x6B,
    0x6D, 0x6B, 0x6D, 0x6B, 0x6D, 0x6B, 0x6D, 0x6B, 0x6D, 0x6B, 0x6D, 0x6B, 0x6D, 0x6B, 0x6D, 0x6B,
    0x6D, 0x6B, 0x6D, 0x6B, 0x6D, 0x6B, 0x6D, 0x6B, 0x6D, 0x6B, 0x6D, 0x6B, 0x6D, 0x6B, 0x6D, 0x6B,
    0x6D, 0x6B, 0x6D, 0x6B, 0x6D, 0x6B, 0x6D, 0x6B, 0x6D, 0x6B, 0x6D, 0x6B, 0x6D, 0x6B, 0x6D, 0x6B,
    0x6D, 0x6B, 0x6D, 0x6B, 0x6D, 0x6B, 0x6D, 0x6B, 0x6D, 0x6B, 0x6D, 0x6B, 0x6D, 0x6B, 0x6D, 0x6B,
    0x6D, 0x6B, 0x6D, 0x6B, 0x6D, 0x6B, 0x6D, 0x6B, 0x6D, 0x6B, 0x6D, 0x6B, 0x6D, 0x6B, 0x6D, 0x6B,
    0x6D, 0x6B, 0x6D, 0x6B, 0x6D, 0x6B, 0x6D, 0x6B, 0x6D, 0x6B, 0x6D, 0x6B, 0x6D, 0x6B, 0x6D, 0x6B,
    0x4D, 0x6B, 0x0C, 0x63, 0xAA, 0x52, 0xCB, 0x5A, 0x6D, 0x6B, 0x4D, 0x6B, 0xEB, 0x5A, 0x69, 0x52,
    0x28, 0x4A, 0x08, 0x42, 0xE8, 0x41, 0x08, 0x42, 0x08, 0x42, 0x49, 0x42, 0x49, 0x4A, 0x07, 0x42,
    0xE7, 0x39, 0xA6, 0x31, 0xC7, 0x39, 0xC7, 0x39, 0xC7, 0x39, 0xC7, 0x39, 0xC7, 0x39, 0xE7, 0x39,
    0xE7, 0x39, 0xE7, 0x39, 0xE7, 0x39, 0xE7, 0x39, 0xE7, 0x39, 0xE7, 0x39, 0xE7, 0x41, 0x8A, 0x52,
    0x0C, 0x63, 0x2D, 0x6B, 0x4D, 0x6B, 0x4D, 0x73, 0x4D, 0x73, 0x4D, 0x73, 0x6D, 0x73, 0x6D, 0x73,
    0x8D, 0x73, 0xAE, 0x7B, 0xCF, 0x7B, 0xEF, 0x83, 0x0F, 0x84, 0x0F, 0x84, 0x30, 0x84, 0x30, 0x84,
    0x30, 0x8C, 0x30, 0x8C, 0x30, 0x8C, 0x0F, 0x84, 0xEF, 0x83, 0xAE, 0x7B, 0x6D, 0x73, 0x4C, 0x6B,
    0x2C, 0x6B, 0x2C, 0x6B, 0x0C, 0x6B, 0x4C, 0x6B, 0x8D, 0x73, 0x4C, 0x6B, 0x6D, 0x73, 0x0F, 0x8C,
    0x30, 0x8C, 0x10, 0x8C, 0x0F, 0x84, 0xEF, 0x83, 0xEF, 0x83, 0xCF, 0x83, 0xEF, 0x83, 0xCE, 0x83,
    0xCE, 0x83, 0xAE, 0x83, 0x8E, 0x7B, 0x8E, 0x7B, 0x8E, 0x7B, 0xAE, 0x7B, 0xAE, 0x83, 0x8E, 0x7B,
    0x4D, 0x73, 0x6D, 0x73, 0x8E, 0x7B, 0x4D, 0x73, 0xCE, 0x83, 0x0B, 0x6B, 0xAA, 0x62, 0xAA, 0x5A,
    0xAA, 0x5A, 0x8A, 0x5A, 0x8A, 0x5A, 0x89, 0x5A, 0x89, 0x5A, 0x69, 0x5A, 0x89, 0x62, 0x89, 0x62,
    0x89, 0x6A, 0xCA, 0x72, 0xEA, 0x7A, 0xEA, 0x7A, 0x2B, 0x83, 0x4C, 0x8B, 0x6C, 0x93, 0x8C, 0x93,
    0x6C, 0x8B, 0x4B, 0x83, 0x0B, 0x83, 0x2B, 0x83, 0xAD, 0x93, 0x0E, 0xA4, 0x0F, 0xA4, 0x2F, 0xA4,
    0x0F, 0xA4, 0x0F, 0xA4, 0x0E, 0x9C, 0xEE, 0x9B, 0xCE, 0x9B, 0xAD, 0x93, 0x8C, 0x8B, 0x6C, 0x8B,
    0x4C, 0x83, 0x2B, 0x7B, 0xEB, 0x72, 0xCA, 0x6A, 0xAA, 0x62, 0xAA, 0x62, 0xAA, 0x62, 0xCA, 0x62,
    0xCA, 0x62, 0xCA, 0x6A, 0xEB, 0x72, 0x4B, 0x7B, 0x8C, 0x83, 0xCD, 0x8B, 0xEE, 0x93, 0x2F, 0x9C,
    0x4F, 0x9C, 0x70, 0xA4, 0x90, 0xA4, 0xB1, 0xA4, 0xB1, 0xA4, 0xB1, 0xA4, 0xB1, 0xA4, 0xB1, 0xA4,
    0xB1, 0xA4, 0x90, 0xA4, 0x70, 0xA4, 0x70, 0xA4, 0x2F, 0x9C, 0xEE, 0x93, 0xCD, 0x93, 0xAD, 0x93,
    0x8D, 0x8B, 0x6C, 0x83, 0x4C, 0x83, 0x0B, 0x73, 0xCA, 0x6A, 0xCA, 0x6A, 0xAA, 0x6A, 0xAA, 0x62,
    0x69, 0x5A, 0x69, 0x5A, 0x49, 0x5A, 0x49, 0x5A, 0x49, 0x5A, 0x49, 0x52, 0x28, 0x52, 0x48, 0x52,
    0x48, 0x52, 0x48, 0x52, 0x48, 0x52, 0x48, 0x52, 0x48, 0x52, 0x48, 0x52, 0x48, 0x52, 0x48, 0x52,
    0x28, 0x52, 0x28, 0x52, 0x49, 0x52, 0x49, 0x52, 0x8A, 0x5A, 0x8A, 0x5A, 0x8A, 0x5A, 0x89, 0x5A,
    0x8A, 0x5A, 0x8A, 0x62, 0xCB, 0x6A, 0xEB, 0x6A, 0xCB, 0x62, 0x8A, 0x5A, 0x8A, 0x5A, 0x89, 0x5A,
    0xAA, 0x62, 0xAA, 0x62, 0xAA, 0x62, 0x8A, 0x5A, 0xCA, 0x62, 0xEB, 0x6A, 0xEB, 0x6A, 0xEB, 0x62,
    0x2C, 0x73, 0x0B, 0x6B, 0x4C, 0x7B, 0xEE, 0x8B, 0xAD, 0x83, 0xAE, 0x83, 0x6C, 0x73, 0x0B, 0x6B,
    0x2C, 0x73, 0xA9, 0x5A, 0xA9, 0x5A, 0xCA, 0x5A, 0xCA, 0x62, 0x0B, 0x6B, 0x2C, 0x6B, 0x4C, 0x73,
    0xEE, 0x83, 0xCE, 0x83, 0x8C, 0x7B, 0xEE, 0x8B, 0xAD, 0x83, 0x8D, 0x7B, 0x6C, 0x73, 0x0B, 0x6B,
    0x8D, 0x7B, 0x8D, 0x7B, 0x6C, 0x7B, 0x6C, 0x7B, 0x6C, 0x7B, 0x4C, 0x73, 0x2C, 0x6B, 0xCA, 0x62,
    0x69, 0x52, 0xAA, 0x5A, 0x0B, 0x6B, 0xEB, 0x62, 0xEB, 0x62, 0x6D, 0x73, 0x6D, 0x7B, 0xEB, 0x62,
    0xCA, 0x5A, 0x8E, 0x73, 0x4D, 0x6B, 0x4D, 0x6B, 0x6D, 0x6B, 0x4D, 0x6B, 0x2C, 0x63, 0x6D, 0x6B,
    0x6D, 0x6B, 0x6D, 0x6B, 0x4D, 0x6B, 0x4D, 0x6B, 0x4D, 0x6B, 0x4D, 0x6B, 0x4D, 0x63, 0x6D, 0x6B,
    0x0C, 0x63, 0x0C, 0x63, 0x6D, 0x6B, 0x4D, 0x6B, 0x4D, 0x6B, 0x6D, 0x6B, 0x6D, 0x6B, 0x6D, 0x6B,
    0x6D, 0x6B, 0x6D, 0x6B, 0x6D, 0x6B, 0x2D, 0x63, 0x2C, 0x5B, 0x8E, 0x6B, 0x6D, 0x63, 0x6D, 0x6B,
    0x6D, 0x6B, 0x6D, 0x6B, 0x6D, 0x6B, 0x6D, 0x6B, 0x6D, 0x6B, 0x6D, 0x6B, 0x6D, 0x6B, 0x6D, 0x6B,
    0x6D, 0x6B, 0x6D, 0x6B, 0x6D, 0x6B, 0x6D, 0x6B, 0x6D, 0x6B, 0x6D, 0x6B, 0x6D, 0x6B, 0x6D, 0x6B,
    0x6D, 0x6B, 0x6D, 0x6B, 0x6D, 0x6B, 0x6D, 0x6B, 0x6D, 0x6B, 0x6D, 0x6B, 0x6D, 0x6B, 0x6D, 0x6B,
    0x6D, 0x6B, 0x6D, 0x6B, 0x6D, 0x6B, 0x6D, 0x6B, 0x6D, 0x6B, 0x6D, 0x6B, 0x6D, 0x6B, 0x6D, 0x6B,
    0x6D, 0x6B, 0x6D, 0x6B, 0x6D, 0x6B, 0x6D, 0x6B, 0x6D, 0x6B, 0x6D, 0x6B, 0x6D, 0x6B, 0x6D, 0x6B,
    0x6D, 0x6B, 0x6D, 0x6B, 0x6D, 0x6B, 0x6D, 0x6B, 0x6D, 0x6B, 0x6D, 0x6B, 0x4D, 0x6B, 0x4D, 0x63,
    0x0C, 0x5B, 0x8A, 0x52, 0xEB, 0x5A, 0x4D, 0x6B, 0x4D, 0x6B, 0xEB, 0x5A, 0x69, 0x4A, 0x28, 0x4A,
    0x08, 0x42, 0x08, 0x42, 0x08, 0x42, 0x28, 0x42, 0x49, 0x4A, 0x6A, 0x4A, 0x28, 0x42, 0x07, 0x3A,
    0xC7, 0x39, 0xC7, 0x39, 0xA6, 0x31, 0xC7, 0x39, 0xC7, 0x39, 0xC7, 0x39, 0xC7, 0x39, 0xC7, 0x39,
    0xC7, 0x39, 0xE7, 0x39, 0xE7, 0x39, 0xE7, 0x39, 0xE7, 0x39, 0xE7, 0x39, 0xE7, 0x39, 0x69, 0x4A,
    0xEC, 0x62, 0x2C, 0x6B, 0x4D, 0x6B, 0x4D, 0x6B, 0x4D, 0x73, 0x4D, 0x73, 0x4D, 0x73, 0x6D, 0x73,
    0x6D, 0x73, 0xAE, 0x7B, 0xCE, 0x7B, 0xEF, 0x83, 0xEF, 0x83, 0x0F, 0x84, 0x0F, 0x84, 0x10, 0x84,
    0x10, 0x84, 0x0F, 0x84, 0x0F, 0x84, 0xEF, 0x83, 0xAE, 0x7B, 0x6D, 0x73, 0x4C, 0x6B, 0x2C, 0x6B,
    0x0B, 0x63, 0x0B, 0x63, 0x0B, 0x63, 0x0B, 0x63, 0x4C, 0x73, 0xEB, 0x62, 0x0B, 0x6B, 0x8D, 0x7B,
    0xCE, 0x83, 0xCF, 0x83, 0xEF, 0x83, 0xEF, 0x83, 0xCF, 0x83, 0xCE, 0x83, 0xCE, 0x83, 0xCE, 0x83,
    0xAE, 0x83, 0x8E, 0x7B, 0x8E, 0x7B, 0x8D, 0x7B, 0x8E, 0x7B, 0xAE, 0x7B, 0xAE, 0x83, 0x8D, 0x7B,
    0x4C, 0x73, 0x6D, 0x7B, 0x8D, 0x7B, 0x4D, 0x73, 0xCE, 0x83, 0x0B, 0x6B, 0xAA, 0x62, 0xAA, 0x5A,
    0xAA, 0x5A, 0x8A, 0x5A, 0x8A, 0x5A, 0x69, 0x5A, 0x69, 0x5A, 0x69, 0x5A, 0x69, 0x5A, 0x69, 0x5A,
    0x69, 0x62, 0x89, 0x62, 0xAA, 0x6A, 0xA9, 0x72, 0xEA, 0x7A, 0x4C, 0x8B, 0xEA, 0x7A, 0x6C, 0x8B,
    0xAD, 0x93, 0xCD, 0x93, 0xCD, 0x93, 0x8D, 0x93, 0x2B, 0x83, 0x6C, 0x8B, 0xEE, 0x9B, 0x0F, 0xA4,
    0x0F, 0xA4, 0x0F, 0xA4, 0x0E, 0x9C, 0xEE, 0x9B, 0xCE, 0x9B, 0xCD, 0x93, 0xAD, 0x93, 0x8C, 0x8B,
    0x6C, 0x83, 0x2C, 0x7B, 0x0B, 0x73, 0xCA, 0x6A, 0xAA, 0x62, 0xAA, 0x62, 0xAA, 0x62, 0xAA, 0x62,
    0xAA, 0x62, 0xCA, 0x6A, 0xEA, 0x72, 0x2B, 0x7B, 0x8C, 0x83, 0xCD, 0x8B, 0xEE, 0x93, 0x2F, 0x9C,
    0x4F, 0x9C, 0x90, 0xA4, 0xB1, 0xA4, 0xB1, 0xA4, 0xB1, 0xA4, 0xB1, 0xAC, 0xB1, 0xAC, 0xB1, 0xA4,
    0xB1, 0xA4, 0x90, 0xA4, 0x70, 0xA4, 0x50, 0xA4, 0x0F, 0x9C, 0xEE, 0x93, 0xCD, 0x93, 0xAD, 0x93,
    0x8D, 0x8B, 0x6D, 0x8B, 0x4C, 0x7B, 0x0B, 0x73, 0xEA, 0x72, 0xEA, 0x72, 0xCA, 0x6A, 0xCA, 0x6A,
    0xAA, 0x62, 0x89, 0x62, 0x69, 0x5A, 0x69, 0x5A, 0x69, 0x5A, 0x69, 0x5A, 0x49, 0x52, 0x49, 0x52,
    0x49, 0x52, 0x48, 0x52, 0x49, 0x52, 0x48, 0x52, 0x48, 0x52, 0x48, 0x52, 0x48, 0x52, 0x48, 0x52,
    0x48, 0x52, 0x28, 0x52, 0x48, 0x52, 0x48, 0x52, 0x69, 0x5A, 0x69, 0x5A, 0x69, 0x5A, 0x69, 0x52,
    0x69, 0x52, 0x69, 0x5A, 0xCB, 0x62, 0xEB, 0x6A, 0xAA, 0x62, 0x8A, 0x5A, 0x89, 0x5A, 0x69, 0x52,
    0xAA, 0x62, 0xAA, 0x5A, 0xAA, 0x62, 0x89, 0x5A, 0xCA, 0x62, 0xEB, 0x6A, 0xEB, 0x6A, 0xEB, 0x62,
    0x2C, 0x6B, 0x0B, 0x6B, 0x4C, 0x7B, 0xCE, 0x8B, 0xAD, 0x83, 0xAE, 0x83, 0x6D, 0x7B, 0x0B, 0x6B,
    0x2C, 0x73, 0xAA, 0x5A, 0x89, 0x52, 0xCA, 0x5A, 0xAA, 0x5A, 0x0B, 0x6B, 0x2C, 0x73, 0x2B, 0x6B,
    0xAD, 0x7B, 0xEE, 0x8B, 0x8D, 0x7B, 0xCE, 0x83, 0xAD, 0x83, 0x8D, 0x7B, 0x8D, 0x7B, 0x0B, 0x6B,
    0x6C, 0x73, 0xAD, 0x83, 0x6C, 0x7B, 0x6C, 0x73, 0x6C, 0x7B, 0x6C, 0x73, 0x2B, 0x6B, 0x2B, 0x6B,
    0x89, 0x5A, 0x89, 0x5A, 0xEB, 0x62, 0x0B, 0x6B, 0xCA, 0x62, 0x2C, 0x6B, 0x6D, 0x73, 0x4C, 0x73,
    0x8A, 0x52, 0x2C, 0x63, 0x8D, 0x73, 0x4C, 0x6B, 0x4D, 0x6B, 0x6D, 0x6B, 0x2C, 0x63, 0x4D, 0x6B,
    0x6D, 0x6B, 0x6D, 0x6B, 0x4D, 0x6B, 0x4D, 0x6B, 0x4D, 0x6B, 0x4D, 0x6B, 0x4D, 0x63, 0x4D, 0x63,
    0x4D, 0x6B, 0xEB, 0x5A, 0x2D, 0x63, 0x4D, 0x6B, 0x4D, 0x6B, 0x6D, 0x6B, 0x6D, 0x6B, 0x6D, 0x6B,
    0x6D, 0x6B, 0x6D, 0x6B, 0x6D, 0x6B, 0x6D, 0x6B, 0x0C, 0x5B, 0x6D, 0x63, 0x8E, 0x6B, 0x6D, 0x6B,
    0x6D, 0x6B, 0x6D, 0x6B, 0x6D, 0x6B, 0x6D, 0x6B, 0x6D, 0x6B, 0x6D, 0x6B, 0x6D, 0x6B, 0x6D, 0x6B,
    0x6D, 0x6B, 0x6D, 0x6B, 0x6D, 0x6B, 0x6D, 0x6B, 0x6D, 0x6B, 0x6D, 0x6B, 0x6D, 0x6B, 0x6D, 0x6B,
    0x6D, 0x6B, 0x6D, 0x6B, 0x6D, 0x6B, 0x6D, 0x6B, 0x6D, 0x6B, 0x6D, 0x6B, 0x6D, 0x6B, 0x6D, 0x6B,
    0x6D, 0x6B, 0x6D, 0x6B, 0x6D, 0x6B, 0x6D, 0x6B, 0x6D, 0x6B, 0x6D, 0x6B, 0x6D, 0x6B, 0x6D, 0x6B,
    0x6D, 0x6B, 0x6D, 0x6B, 0x6D, 0x6B, 0x6D, 0x6B, 0x6D, 0x6B, 0x6D, 0x6B, 0x6D, 0x6B, 0x6D, 0x6B,
    0x6D, 0x6B, 0x6D, 0x6B, 0x6D, 0x6B, 0x6D, 0x6B, 0x6D, 0x6B, 0x4D, 0x6B, 0x2D, 0x63, 0xEB, 0x5A,
    0x8A, 0x4A, 0xEB, 0x5A, 0x6D, 0x6B, 0x4D, 0x6B, 0xEB, 0x5A, 0x69, 0x4A, 0x28, 0x42, 0x28, 0x4A,
    0x08, 0x42, 0x28, 0x42, 0x29, 0x4A, 0x49, 0x4A, 0x6A, 0x4A, 0x49, 0x4A, 0x28, 0x42, 0xC7, 0x39,
    0xC7, 0x39, 0xC7, 0x39, 0xC7, 0x39, 0xC7, 0x39, 0xC7, 0x39, 0xC7, 0x39, 0xC7, 0x39, 0xC7, 0x39,
    0xC7, 0x39, 0xC7, 0x39, 0xC7, 0x39, 0xC7, 0x39, 0xE7, 0x39, 0xE7, 0x39, 0xE7, 0x39, 0x49, 0x4A,
    0xCB, 0x5A, 0x2C, 0x6B, 0x4D, 0x6B, 0x4D, 0x6B, 0x4C, 0x73, 0x4D, 0x73, 0x4D, 0x73, 0x4D, 0x73,
    0x6D, 0x73, 0x8D, 0x73, 0xAE, 0x7B, 0xCE, 0x7B, 0xEF, 0x83, 0xEF, 0x83, 0x0F, 0x84, 0x0F, 0x84,
    0x0F, 0x84, 0xEF, 0x83, 0xCF, 0x83, 0xAE, 0x7B, 0x6D, 0x73, 0x4C, 0x6B, 0x0C, 0x6B, 0xEB, 0x62,
    0xEB, 0x62, 0xEB, 0x62, 0xEB, 0x62, 0xEB, 0x62, 0x4C, 0x6B, 0xCA, 0x5A, 0xEB, 0x62, 0x4D, 0x73,
    0x6D, 0x73, 0x8D, 0x7B, 0x8E, 0x7B, 0xAE, 0x7B, 0xCE, 0x83, 0xAE, 0x7B, 0xCE, 0x83, 0xCE, 0x83,
    0xAD, 0x7B, 0x6D, 0x7B, 0x8E, 0x7B, 0x8D, 0x7B, 0x8D, 0x7B, 0xAE, 0x7B, 0xAE, 0x83, 0x6D, 0x7B,
    0x2C, 0x73, 0x6D, 0x7B, 0x8D, 0x7B, 0x6D, 0x73, 0xAE, 0x83, 0x0B, 0x6B, 0xCA, 0x62, 0xAA, 0x5A,
    0xAA, 0x5A, 0x89, 0x5A, 0x69, 0x5A, 0x69, 0x5A, 0x69, 0x5A, 0x69, 0x52, 0x48, 0x52, 0x48, 0x52,
    0x49, 0x5A, 0x49, 0x5A, 0x69, 0x62, 0x49, 0x62, 0xAA, 0x6A, 0x0B, 0x7B, 0xA9, 0x6A, 0x2B, 0x83,
    0x6C, 0x8B, 0x8C, 0x8B, 0xCD, 0x93, 0x0E, 0x9C, 0x0F, 0x9C, 0x8C, 0x8B, 0x6C, 0x8B, 0xCE, 0x9B,
    0x0E, 0xA4, 0x0E, 0xA4, 0x0E, 0xA4, 0xEE, 0x9B, 0xCE, 0x9B, 0xCD, 0x93, 0xAD, 0x93, 0x8C, 0x8B,
    0x6C, 0x8B, 0x2C, 0x7B, 0x0B, 0x73, 0xCA, 0x6A, 0xAA, 0x6A, 0xAA, 0x62, 0xAA, 0x62, 0xAA, 0x62,
    0xAA, 0x62, 0xCA, 0x6A, 0xEB, 0x72, 0x2B, 0x7B, 0x8C, 0x83, 0xCD, 0x8B, 0x0E, 0x94, 0x2F, 0x9C,
    0x70, 0x9C, 0x90, 0xA4, 0xB1, 0xA4, 0xB1, 0xA4, 0xB1, 0xAC, 0xB1, 0xAC, 0xB1, 0xAC, 0xB1, 0xAC,
    0xB1, 0xA4, 0x90, 0xA4, 0x70, 0xA4, 0x4F, 0x9C, 0x0E, 0x94, 0xCE, 0x93, 0xCD, 0x93, 0xAD, 0x93,
    0x8D, 0x8B, 0x6D, 0x83, 0x4C, 0x7B, 0x0B, 0x7B, 0x0B, 0x73, 0x0B, 0x73, 0xEA, 0x72, 0xCA, 0x6A,
    0xCA, 0x6A, 0xA9, 0x62, 0x89, 0x62, 0x89, 0x62, 0x69, 0x5A, 0x89, 0x5A, 0x69, 0x5A, 0x69, 0x5A,
    0x69, 0x5A, 0x69, 0x5A, 0x69, 0x5A, 0x69, 0x5A, 0x49, 0x5A, 0x49, 0x52, 0x49, 0x52, 0x48, 0x52,
    0x28, 0x52, 0x28, 0x52, 0x28, 0x52, 0x48, 0x52, 0x69, 0x5A, 0x69, 0x5A, 0x69, 0x52, 0x49, 0x52,
    0x49, 0x52, 0x69, 0x5A, 0xCA, 0x62, 0xCB, 0x6A, 0xAA, 0x62, 0x69, 0x5A, 0x69, 0x5A, 0x49, 0x52,
    0xAA, 0x62, 0x8A, 0x5A, 0xAA, 0x62, 0x89, 0x5A, 0xCA, 0x62, 0xEB, 0x6A, 0xEB, 0x6A, 0xEB, 0x62,
    0x2C, 0x6B, 0x0B, 0x6B, 0x4C, 0x7B, 0xCE, 0x8B, 0xAD, 0x83, 0xCE, 0x83, 0x8D, 0x7B, 0x0B, 0x6B,
    0x2C, 0x73, 0xAA, 0x5A, 0x69, 0x52, 0xCA, 0x62, 0x8A, 0x5A, 0xEB, 0x62, 0x2C, 0x73, 0x2C, 0x6B,
    0x8D, 0x7B, 0xEE, 0x83, 0xAD, 0x83, 0xAD, 0x83, 0xCD, 0x83, 0x8D, 0x7B, 0x8D, 0x7B, 0x2C, 0x73,
    0x2B, 0x6B, 0xAD, 0x83, 0x8D, 0x7B, 0x6C, 0x7B, 0x6C, 0x73, 0x6C, 0x7B, 0x2B, 0x73, 0x4C, 0x6B,
    0xCA, 0x62, 0x89, 0x5A, 0xCA, 0x62, 0x2B, 0x6B, 0xCA, 0x62, 0x0B, 0x6B, 0x6D, 0x73, 0x6D, 0x73,
    0xEB, 0x62, 0x89, 0x52, 0x8D, 0x73, 0x6D, 0x6B, 0x4D, 0x6B, 0x6D, 0x6B, 0x4C, 0x6B, 0x4C, 0x6B,
    0x6D, 0x6B, 0x6D, 0x6B, 0x4D, 0x6B, 0x4D, 0x6B, 0x4D, 0x6B, 0x4D, 0x6B, 0x4D, 0x63, 0x4D, 0x63,
    0x4D, 0x6B, 0x2C, 0x63, 0xCB, 0x5A, 0x4D, 0x6B, 0x4D, 0x6B, 0x4D, 0x6B, 0x6D, 0x6B, 0x6D, 0x6B,
    0x6D, 0x6B, 0x6D, 0x6B, 0x6D, 0x6B, 0x6D, 0x6B, 0x4D, 0x63, 0x2C, 0x5B, 0x6E, 0x6B, 0x6D, 0x6B,
    0x6D, 0x6B, 0x6D, 0x6B, 0x6D, 0x6B, 0x6D, 0x6B, 0x6D, 0x6B, 0x6D, 0x6B, 0x6D, 0x6B, 0x6D, 0x6B,
    0x6D, 0x6B, 0x6D, 0x6B, 0x6D, 0x6B, 0x6D, 0x6B, 0x6D, 0x6B, 0x6D, 0x6B, 0x6D, 0x6B, 0x6D, 0x6B,
    0x6D, 0x6B, 0x6D, 0x6B, 0x6D, 0x6B, 0x6D, 0x6B, 0x6D, 0x6B, 0x6D, 0x6B, 0x6D, 0x6B, 0x6D, 0x6B,
    0x6D, 0x6B, 0x6D, 0x6B, 0x6D, 0x6B, 0x6D, 0x6B, 0x6D, 0x6B, 0x6D, 0x6B, 0x6D, 0x6B, 0x6D, 0x6B,
    0x6D, 0x6B, 0x6D, 0x6B, 0x6D, 0x6B, 0x6D, 0x6B, 0x6D, 0x6B, 0x6D, 0x6B, 0x6D, 0x6B, 0x6D, 0x6B,
    0x6D, 0x6B, 0x6D, 0x6B, 0x6D, 0x6B, 0x6D, 0x6B, 0x4D, 0x6B, 0x2D, 0x63, 0xEB, 0x5A, 0x6A, 0x4A,
    0xEC, 0x5A, 0x4D, 0x6B, 0x2C, 0x63, 0xCB, 0x5A, 0x69, 0x4A, 0x49, 0x4A, 0x29, 0x4A, 0x08, 0x42,
    0x28, 0x4A, 0x49, 0x4A, 0x29, 0x4A, 0x8A, 0x52, 0x6A, 0x4A, 0x69, 0x4A, 0x07, 0x3A, 0xC6, 0x39,
    0xC7, 0x39, 0xC7, 0x39, 0xC7, 0x39, 0xC7, 0x39, 0xC7, 0x39, 0xC7, 0x39, 0xC7, 0x39, 0xC7, 0x39,
    0xC7, 0x39, 0xC7, 0x39, 0xC7, 0x39, 0xC7, 0x39, 0xC7, 0x39, 0xC7, 0x39, 0xE7, 0x39, 0x49, 0x4A,
    0x8A, 0x52, 0x0C, 0x63, 0x2C, 0x6B, 0x4C, 0x6B, 0x4C, 0x6B, 0x4D, 0x6B, 0x4D, 0x73, 0x4D, 0x73,
    0x6D, 0x73, 0x8D, 0x73, 0xAE, 0x7B, 0xCE, 0x7B, 0xCE, 0x7B, 0xCF, 0x83, 0xEF, 0x83, 0xEF, 0x83,
    0xCF, 0x83, 0xCE, 0x7B, 0x8D, 0x73, 0x4D, 0x73, 0x2C, 0x6B, 0x0B, 0x63, 0xEB, 0x62, 0xCA, 0x5A,
    0xCA, 0x5A, 0xCA, 0x5A, 0xCA, 0x5A, 0xEB, 0x62, 0x2C, 0x6B, 0xAA, 0x5A, 0xCB, 0x62, 0x2C, 0x6B,
    0x4C, 0x73, 0x4D, 0x73, 0x4D, 0x73, 0x6D, 0x7B, 0x8D, 0x7B, 0x8D, 0x7B, 0xAE, 0x83, 0xAE, 0x83,
    0x6D, 0x7B, 0x6D, 0x73, 0x6D, 0x7B, 0x6D, 0x73, 0x6D, 0x7B, 0xAE, 0x7B, 0xAE, 0x7B, 0x6D, 0x73,
    0x2C, 0x73, 0x8D, 0x7B, 0x6D, 0x7B, 0x6D, 0x73, 0xAE, 0x83, 0x0C, 0x6B, 0xCA, 0x62, 0xAA, 0x5A,
    0xAA, 0x5A, 0x69, 0x5A, 0x69, 0x5A, 0x69, 0x5A, 0x69, 0x5A, 0x69, 0x52, 0x28, 0x52, 0x28, 0x52,
    0x48, 0x52, 0x28, 0x52, 0x08, 0x52, 0x08, 0x52, 0x69, 0x5A, 0xAA, 0x62, 0x28, 0x5A, 0xEA, 0x72,
    0xEB, 0x7A, 0x0B, 0x7B, 0x8D, 0x8B, 0x2F, 0xA4, 0x70, 0xA4, 0xB1, 0xB4, 0x0E, 0x9C, 0x6C, 0x8B,
    0xAD, 0x9B, 0xEE, 0x9B, 0xEE, 0x9B, 0xEE, 0x9B, 0xEE, 0x9B, 0xCD, 0x9B, 0xAD, 0x93, 0xAC, 0x93,
    0x6C, 0x8B, 0x2C, 0x83, 0xEB, 0x72, 0xAA, 0x6A, 0xAA, 0x62, 0xAA, 0x62, 0xAA, 0x62, 0xAA, 0x62,
    0xAA, 0x62, 0xCA, 0x6A, 0xEB, 0x72, 0x2B, 0x7B, 0x8C, 0x83, 0xCD, 0x8B, 0x0E, 0x94, 0x2F, 0x9C,
    0x70, 0xA4, 0x90, 0xA4, 0xB1, 0xAC, 0xD1, 0xAC, 0xD1, 0xAC, 0xD1, 0xAC, 0xD1, 0xAC, 0xD1, 0xAC,
    0xB1, 0xA4, 0x90, 0xA4, 0x70, 0xA4, 0x2F, 0x9C, 0xEE, 0x93, 0xCE, 0x93, 0xCD, 0x93, 0xAD, 0x93,
    0x8D, 0x8B, 0x6C, 0x83, 0x4C, 0x7B, 0x2B, 0x7B, 0x0B, 0x7B, 0x0B, 0x73, 0x0B, 0x73, 0xEA, 0x72,
    0xCA, 0x6A, 0xCA, 0x6A, 0xA9, 0x6A, 0xA9, 0x62, 0xA9, 0x62, 0xA9, 0x62, 0xAA, 0x62, 0xAA, 0x62,
    0xAA, 0x62, 0xAA, 0x6A, 0xAA, 0x6A, 0xAA, 0x62, 0xA9, 0x62, 0x89, 0x62, 0x89, 0x5A, 0x49, 0x52,
    0x48, 0x52, 0x49, 0x52, 0x48, 0x52, 0x49, 0x52, 0x69, 0x5A, 0x89, 0x5A, 0x49, 0x52, 0x48, 0x52,
    0x48, 0x52, 0x69, 0x5A, 0xAA, 0x62, 0xCB, 0x62, 0x8A, 0x62, 0x69, 0x5A, 0x69, 0x52, 0x49, 0x52,
    0x8A, 0x5A, 0x8A, 0x5A, 0xAA, 0x62, 0x89, 0x5A, 0xCA, 0x62, 0x0B, 0x6B, 0xEB, 0x6A, 0xCB, 0x62,
    0x2C, 0x6B, 0xEB, 0x6A, 0x4C, 0x73, 0xCE, 0x8B, 0xAD, 0x83, 0xCE, 0x83, 0x8D, 0x7B, 0x0B, 0x6B,
    0x2C, 0x73, 0xCA, 0x62, 0x48, 0x52, 0xEB, 0x62, 0x89, 0x5A, 0xCA, 0x62, 0x2C, 0x73, 0x4C, 0x73,
    0x6D, 0x7B, 0xCE, 0x83, 0xAD, 0x7B, 0xCE, 0x83, 0xCD, 0x83, 0x6D, 0x7B, 0x8D, 0x7B, 0x4C, 0x73,
    0x0B, 0x6B, 0x8D, 0x7B, 0xAD, 0x7B, 0x6C, 0x7B, 0x6C, 0x7B, 0x6C, 0x7B, 0x4C, 0x73, 0x0B, 0x6B,
    0x4C, 0x73, 0x89, 0x5A, 0xA9, 0x5A, 0x2C, 0x6B, 0xCA, 0x62, 0xCA, 0x62, 0x4D, 0x73, 0x6D, 0x73,
    0x2C, 0x6B, 0x69, 0x52, 0xEB, 0x5A, 0x8E, 0x73, 0x4C, 0x6B, 0x6D, 0x6B, 0x6D, 0x6B, 0x4C, 0x6B,
    0x6D, 0x6B, 0x6D, 0x6B, 0x6D, 0x6B, 0x6D, 0x6B, 0x6D, 0x6B, 0x4D, 0x6B, 0x4D, 0x63, 0x4D, 0x6B,
    0x4D, 0x6B, 0x4D, 0x6B, 0x0C, 0x5B, 0xEC, 0x5A, 0x6D, 0x6B, 0x4D, 0x63, 0x4D, 0x63, 0x6D, 0x6B,
    0x6D, 0x6B, 0x6D, 0x6B, 0x6D, 0x6B, 0x6D, 0x6B, 0x6E, 0x6B, 0x0C, 0x63, 0x4D, 0x6B, 0x6E, 0x6B,
    0x6D, 0x6B, 0x6D, 0x6B, 0x6D, 0x6B, 0x6D, 0x6B, 0x6D, 0x6B, 0x6D, 0x6B, 0x6D, 0x6B, 0x6D, 0x6B,
    0x6D, 0x6B, 0x6D, 0x6B, 0x6D, 0x6B, 0x6D, 0x6B, 0x6D, 0x6B, 0x6D, 0x6B, 0x6D, 0x6B, 0x6D, 0x6B,
    0x6D, 0x6B, 0x6D, 0x6B, 0x6D, 0x6B, 0x6D, 0x6B, 0x6D, 0x6B, 0x6D, 0x6B, 0x6D, 0x6B, 0x6D, 0x6B,
    0x6D, 0x6B, 0x6D, 0x6B, 0x6D, 0x6B, 0x6D, 0x6B, 0x6D, 0x6B, 0x6D, 0x6B, 0x6D, 0x6B, 0x6D, 0x6B,
    0x6D, 0x6B, 0x6D, 0x6B, 0x6D, 0x6B, 0x6D, 0x6B, 0x6D, 0x6B, 0x6D, 0x6B, 0x6D, 0x6B, 0x6D, 0x6B,
    0x6D, 0x6B, 0x6D, 0x6B, 0x6D, 0x6B, 0x4D, 0x63, 0x2D, 0x63, 0xEB, 0x5A, 0x6A, 0x4A, 0xEC, 0x5A,
    0x2D, 0x63, 0x0C, 0x63, 0xCB, 0x5A, 0x49, 0x4A, 0x48, 0x4A, 0x49, 0x4A, 0x29, 0x4A, 0x49, 0x4A,
    0x49, 0x4A, 0x29, 0x4A, 0x8A, 0x52, 0xAA, 0x52, 0x8A, 0x52, 0x49, 0x42, 0xE7, 0x39, 0xC7, 0x39,
    0xC7, 0x39, 0xC7, 0x39, 0xC7, 0x39, 0xC7, 0x39, 0xC7, 0x39, 0xC7, 0x39, 0xC7, 0x39, 0xC7, 0x39,
    0xC7, 0x39, 0xC7, 0x39, 0xC7, 0x39, 0xC7, 0x39, 0xC7, 0x39, 0xC7, 0x39, 0xE7, 0x41, 0x49, 0x4A,
    0x28, 0x4A, 0xEB, 0x62, 0x4C, 0x6B, 0x2C, 0x6B, 0x4C, 0x6B, 0x4D, 0x6B, 0x4D, 0x73, 0x4D, 0x73,
    0x6D, 0x73, 0x8D, 0x73, 0xAE, 0x7B, 0xAE, 0x7B, 0xCE, 0x7B, 0xCE, 0x7B, 0xCE, 0x7B, 0xAE, 0x7B,
    0x8D, 0x73, 0x6D, 0x73, 0x4C, 0x6B, 0x0C, 0x6B, 0xEB, 0x62, 0xEB, 0x62, 0xCA, 0x5A, 0xAA, 0x5A,
    0xAA, 0x5A, 0xCA, 0x5A, 0xAA, 0x5A, 0xEB, 0x62, 0x0B, 0x63, 0x69, 0x52, 0xCA, 0x62, 0x0C, 0x6B,
    0x2C, 0x73, 0x2C, 0x73, 0x4D, 0x73, 0x4D, 0x73, 0x6D, 0x73, 0x4D, 0x73, 0x8D, 0x7B, 0x8D, 0x7B,
    0x4C, 0x73, 0x4C, 0x73, 0x6D, 0x73, 0x2C, 0x73, 0x4D, 0x73, 0x8E, 0x7B, 0x8D, 0x7B, 0x4D, 0x73,
    0x2C, 0x73, 0x8D, 0x7B, 0x6D, 0x73, 0x6D, 0x7B, 0xCE, 0x83, 0x0C, 0x6B, 0xCA, 0x62, 0x8A, 0x5A,
    0x89, 0x5A, 0x69, 0x52, 0x69, 0x5A, 0x69, 0x5A, 0x69, 0x52, 0x49, 0x52, 0x28, 0x4A, 0x08, 0x4A,
    0x28, 0x4A, 0x08, 0x4A, 0x08, 0x42, 0x28, 0x4A, 0x28, 0x4A, 0x28, 0x4A, 0x08, 0x4A, 0xAA, 0x62,
    0xAA, 0x6A, 0x89, 0x6A, 0x0B, 0x7B, 0x6C, 0x8B, 0x2F, 0x9C, 0xF2, 0xB4, 0xB1, 0xB4, 0x2F, 0xA4,
    0x8C, 0x93, 0xAD, 0x93, 0xEE, 0x9B, 0xEE, 0x9B, 0xCE, 0x9B, 0xCE, 0x9B, 0xCD, 0x93, 0xAC, 0x93,
    0x8C, 0x8B, 0x2C, 0x83, 0xEB, 0x72, 0xAA, 0x6A, 0xAA, 0x62, 0xAA, 0x62, 0xAA, 0x62, 0xAA, 0x62,
    0xAA, 0x62, 0xCA, 0x6A, 0xEB, 0x72, 0x2B, 0x7B, 0x8C, 0x83, 0xCD, 0x8B, 0x0F, 0x94, 0x4F, 0x9C,
    0x90, 0xA4, 0xB1, 0xAC, 0xD1, 0xAC, 0xD2, 0xAC, 0xD2, 0xAC, 0xD2, 0xAC, 0xD2, 0xAC, 0xD1, 0xAC,
    0xB1, 0xAC, 0x90, 0xA4, 0x50, 0x9C, 0x2F, 0x9C, 0xEE, 0x93, 0xEE, 0x93, 0xCD, 0x93, 0xAD, 0x93,
    0x8D, 0x8B, 0x6C, 0x83, 0x2C, 0x7B, 0x2C, 0x7B, 0x2B, 0x7B, 0x0B, 0x7B, 0x0B, 0x73, 0xEA, 0x72,
    0xEA, 0x72, 0xCA, 0x6A, 0xCA, 0x6A, 0xCA, 0x6A, 0xCA, 0x6A, 0xCA, 0x6A, 0xCA, 0x6A, 0xEA, 0x72,
    0xEA, 0x72, 0xEA, 0x72, 0xEA, 0x72, 0x0A, 0x73, 0x0B, 0x73, 0xEA, 0x6A, 0xCA, 0x6A, 0x89, 0x62,
    0x69, 0x5A, 0x69, 0x5A, 0x69, 0x5A, 0x69, 0x5A, 0x69, 0x5A, 0x8A, 0x5A, 0x69, 0x5A, 0x49, 0x52,
    0x48, 0x52, 0x49, 0x5A, 0xAA, 0x62, 0xAA, 0x62, 0x8A, 0x5A, 0x69, 0x52, 0x49, 0x52, 0x48, 0x52,
    0x89, 0x5A, 0x69, 0x5A, 0xAA, 0x62, 0x8A, 0x5A, 0xCB, 0x62, 0x0B, 0x6B, 0xEB, 0x6A, 0xCB, 0x62,
    0x2C, 0x6B, 0xEB, 0x6A, 0x4C, 0x73, 0xCE, 0x8B, 0xAD, 0x83, 0xAE, 0x83, 0xAD, 0x83, 0xEB, 0x6A,
    0x0C, 0x6B, 0xCA, 0x62, 0x48, 0x4A, 0xCA, 0x62, 0x8A, 0x5A, 0xAA, 0x5A, 0x0C, 0x6B, 0x4C, 0x73,
    0x4C, 0x73, 0xCE, 0x83, 0x6C, 0x7B, 0xCE, 0x83, 0xEE, 0x83, 0x6D, 0x7B, 0x8D, 0x7B, 0x6C, 0x73,
    0x2B, 0x6B, 0x6C, 0x7B, 0xAD, 0x7B, 0x8C, 0x7B, 0x6C, 0x7B, 0x6C, 0x7B, 0x6C, 0x73, 0x2B, 0x6B,
    0x2C, 0x73, 0xEB, 0x6A, 0x89, 0x5A, 0x0B, 0x6B, 0xEB, 0x62, 0xCA, 0x62, 0x2C, 0x6B, 0x8D, 0x73,
    0x4D, 0x73, 0xEB, 0x62, 0x49, 0x4A, 0x4D, 0x6B, 0x6D, 0x6B, 0x4C, 0x6B, 0x6D, 0x6B, 0x4D, 0x6B,
    0x6D, 0x6B, 0x6D, 0x6B, 0x6D, 0x6B, 0x6D, 0x6B, 0x6D, 0x6B, 0x4D, 0x6B, 0x4D, 0x63, 0x4D, 0x63,
    0x4D, 0x6B, 0x4D, 0x6B, 0x4D, 0x6B, 0xCB, 0x5A, 0x2C, 0x63, 0x6D, 0x6B, 0x4D, 0x63, 0x4D, 0x63,
    0x6D, 0x6B, 0x6D, 0x6B, 0x6D, 0x63, 0x6D, 0x63, 0x6D, 0x6B, 0x4D, 0x6B, 0x0C, 0x63, 0x6E, 0x6B,
    0x6D, 0x6B, 0x6D, 0x6B, 0x6D, 0x6B, 0x6D, 0x6B, 0x6D, 0x6B, 0x6D, 0x6B, 0x6D, 0x6B, 0x6D, 0x6B,
    0x6D, 0x6B, 0x6D, 0x6B, 0x6D, 0x6B, 0x6D, 0x6B, 0x6D, 0x6B, 0x6D, 0x6B, 0x6D, 0x6B, 0x6D, 0x6B,
    0x6D, 0x6B, 0x6D, 0x6B, 0x6D, 0x6B, 0x6D, 0x6B, 0x6D, 0x6B, 0x6D, 0x6B, 0x6D, 0x6B, 0x6D, 0x6B,
    0x6D, 0x6B, 0x6D, 0x6B, 0x6D, 0x6B, 0x6D, 0x6B, 0x6D, 0x6B, 0x6D, 0x6B, 0x6D, 0x6B, 0x6D, 0x6B,
    0x6D, 0x6B, 0x6D, 0x6B, 0x6D, 0x6B, 0x6D, 0x6B, 0x6D, 0x6B, 0x6D, 0x6B, 0x6D, 0x6B, 0x6D, 0x6B,
    0x6D, 0x6B, 0x6D, 0x6B, 0x4D, 0x63, 0x4D, 0x63, 0xEB, 0x5A, 0x8A, 0x4A, 0xEC, 0x5A, 0x2C, 0x63,
    0x0C, 0x63, 0xAA, 0x52, 0x28, 0x42, 0x28, 0x42, 0x49, 0x4A, 0x49, 0x4A, 0x49, 0x4A, 0x49, 0x4A,
    0x49, 0x42, 0x8A, 0x52, 0xCB, 0x5A, 0xAA, 0x52, 0x8A, 0x4A, 0x28, 0x42, 0x08, 0x42, 0xE7, 0x39,
    0xC7, 0x39, 0xC7, 0x39, 0xC7, 0x39, 0xC7, 0x39, 0xC7, 0x39, 0xC7, 0x39, 0xC7, 0x39, 0xC7, 0x39,
    0xC7, 0x39, 0xC7, 0x39, 0xC7, 0x39, 0xC7, 0x39, 0xC7, 0x39, 0xA6, 0x31, 0x08, 0x42, 0x49, 0x4A,
    0x08, 0x42, 0x8A, 0x52, 0x0C, 0x63, 0x4C, 0x6B, 0x4C, 0x6B, 0x4C, 0x6B, 0x4D, 0x6B, 0x4D, 0x6B,
    0x6D, 0x73, 0x8D, 0x73, 0xAE, 0x7B, 0xAE, 0x7B, 0xAE, 0x7B, 0xAE, 0x7B, 0x8D, 0x73, 0x6D, 0x73,
    0x4C, 0x6B, 0x0C, 0x6B, 0x0B, 0x63, 0xEB, 0x62, 0xCB, 0x62, 0xCA, 0x5A, 0xCA, 0x5A, 0xAA, 0x5A,
    0xAA, 0x5A, 0xAA, 0x5A, 0xAA, 0x5A, 0xCB, 0x62, 0xEB, 0x62, 0x69, 0x52, 0xAA, 0x5A, 0x0B, 0x6B,
    0x2C, 0x6B, 0x2C, 0x6B, 0x2C, 0x73, 0x4C, 0x73, 0x4C, 0x73, 0x2C, 0x73, 0x6D, 0x73, 0x6D, 0x7B,
    0x2C, 0x6B, 0x2C, 0x73, 0x4C, 0x73, 0x0B, 0x6B, 0x4C, 0x73, 0x6D, 0x7B, 0x6D, 0x73, 0x2C, 0x73,
    0x2C, 0x73, 0x8E, 0x7B, 0x6D, 0x73, 0x8E, 0x7B, 0xCE, 0x83, 0x2C, 0x73, 0xCB, 0x62, 0x8A, 0x5A,
    0x69, 0x52, 0x48, 0x52, 0x48, 0x52, 0x49, 0x52, 0x49, 0x52, 0x48, 0x52, 0x08, 0x4A, 0x08, 0x42,
    0x08, 0x42, 0xE7, 0x41, 0xE7, 0x41, 0xE7, 0x41, 0xE7, 0x41, 0xE7, 0x41, 0xE7, 0x49, 0x08, 0x4A,
    0x08, 0x4A, 0x48, 0x5A, 0x89, 0x6A, 0xAA, 0x72, 0x2B, 0x83, 0xAD, 0x93, 0xF2, 0xBC, 0x13, 0xBD,
    0x0E, 0x9C, 0x6C, 0x8B, 0xCD, 0x9B, 0xCE, 0x9B, 0xCE, 0x9B, 0xCD, 0x9B, 0xCD, 0x9B, 0xAC, 0x93,
    0x8C, 0x8B, 0x2C, 0x7B, 0xEB, 0x72, 0xAA, 0x6A, 0xAA, 0x6A, 0xAA, 0x6A, 0xAA, 0x62, 0xA9, 0x62,
    0xA9, 0x62, 0xCA, 0x6A, 0xEA, 0x72, 0x4B, 0x7B, 0x8D, 0x83, 0xEE, 0x93, 0x2F, 0x9C, 0x70, 0x9C,
    0x90, 0xA4, 0xD1, 0xAC, 0xF2, 0xAC, 0xF2, 0xAC, 0xF2, 0xAC, 0xF2, 0xB4, 0xF2, 0xAC, 0xD1, 0xAC,
    0xB1, 0xAC, 0x90, 0xA4, 0x4F, 0x9C, 0x0F, 0x9C, 0xEE, 0x93, 0xEE, 0x93, 0xCD, 0x93, 0xCD, 0x93,
    0x8D, 0x8B, 0x6C, 0x83, 0x4C, 0x83, 0x2B, 0x7B, 0x2B, 0x7B, 0x0B, 0x7B, 0x0B, 0x73, 0xEB, 0x72,
    0xEA, 0x72, 0xEA, 0x72, 0xEA, 0x6A, 0xEA, 0x6A, 0xEA, 0x6A, 0xEA, 0x72, 0xEB, 0x72, 0xEB, 0x72,
    0x0B, 0x73, 0x0B, 0x7B, 0x2B, 0x7B, 0x2B, 0x7B, 0x2B, 0x7B, 0x0B, 0x73, 0xEB, 0x72, 0xCA, 0x6A,
    0xAA, 0x62, 0x89, 0x62, 0x69, 0x62, 0x89, 0x62, 0x89, 0x62, 0xAA, 0x62, 0x89, 0x62, 0x69, 0x5A,
    0x49, 0x5A, 0x49, 0x5A, 0x8A, 0x62, 0xAA, 0x62, 0x8A, 0x5A, 0x49, 0x52, 0x49, 0x52, 0x28, 0x52,
    0x69, 0x5A, 0x69, 0x5A, 0x8A, 0x5A, 0x8A, 0x5A, 0xEB, 0x6A, 0x0C, 0x6B, 0x0B, 0x6B, 0xCB, 0x62,
    0x0C, 0x6B, 0xEB, 0x6A, 0x2C, 0x73, 0xCE, 0x8B, 0xAD, 0x83, 0xAD, 0x83, 0xAE, 0x83, 0xEB, 0x6A,
    0x2C, 0x6B, 0xCB, 0x62, 0x48, 0x52, 0xCA, 0x62, 0xAA, 0x5A, 0x89, 0x5A, 0x0B, 0x6B, 0x4C, 0x73,
    0x2C, 0x73, 0xCE, 0x83, 0x4C, 0x73, 0xAD, 0x83, 0x0E, 0x8C, 0x8D, 0x7B, 0x8D, 0x7B, 0x6D, 0x7B,
    0x2C, 0x73, 0x4C, 0x73, 0x8D, 0x7B, 0x8D, 0x7B, 0x6C, 0x73, 0x6C, 0x7B, 0x6C, 0x73, 0x4C, 0x73,
    0x0B, 0x6B, 0x4C, 0x73, 0xAA, 0x62, 0xEB, 0x6A, 0x0B, 0x6B, 0xCA, 0x62, 0x0B, 0x6B, 0x8D, 0x73,
    0x4C, 0x73, 0x4C, 0x6B, 0x8A, 0x5A, 0x8A, 0x52, 0x8E, 0x73, 0x4D, 0x6B, 0x4D, 0x6B, 0x4D, 0x6B,
    0x6D, 0x6B, 0x6D, 0x6B, 0x6D, 0x6B, 0x6D, 0x6B, 0x6D, 0x6B, 0x6D, 0x6B, 0x4D, 0x6B, 0x4D, 0x6B,
    0x4D, 0x6B, 0x4D, 0x6B, 0x4D, 0x6B, 0x2C, 0x63, 0xCB, 0x5A, 0x4D, 0x63, 0x4D, 0x63, 0x6D, 0x6B,
    0x4D, 0x63, 0x6D, 0x6B, 0x4D, 0x6B, 0x4D, 0x6B, 0x4D, 0x6B, 0x6D, 0x6B, 0x0C, 0x63, 0x4D, 0x6B,
    0x6E, 0x6B, 0x6D, 0x6B, 0x6D, 0x6B, 0x6D, 0x6B, 0x6D, 0x6B, 0x6D, 0x6B, 0x6D, 0x6B, 0x6D, 0x6B,
    0x6D, 0x6B, 0x6D, 0x6B, 0x6D, 0x6B, 0x6D, 0x6B, 0x6D, 0x6B, 0x6D, 0x6B, 0x6D, 0x6B, 0x6D, 0x6B,
    0x6D, 0x6B, 0x6D, 0x6B, 0x6D, 0x6B, 0x6D, 0x6B, 0x6D, 0x6B, 0x6D, 0x6B, 0x6D, 0x6B, 0x6D, 0x6B,
    0x6D, 0x6B, 0x6D, 0x6B, 0x6D, 0x6B, 0x6D, 0x6B, 0x6D, 0x6B, 0x6D, 0x6B, 0x6D, 0x6B, 0x6D, 0x6B,
    0x6D, 0x6B, 0x6D, 0x6B, 0x4D, 0x6B, 0x6D, 0x6B, 0x6D, 0x6B, 0x6D, 0x6B, 0x6D, 0x6B, 0x6D, 0x6B,
    0x6D, 0x6B, 0x4D, 0x6B, 0x2C, 0x63, 0xCB, 0x52, 0x8A, 0x4A, 0xEC, 0x5A, 0x2C, 0x63, 0x0C, 0x63,
    0x8A, 0x52, 0x08, 0x42, 0x08, 0x42, 0x28, 0x42, 0x28, 0x42, 0x49, 0x4A, 0x49, 0x4A, 0x49, 0x4A,
    0x49, 0x4A, 0xCB, 0x5A, 0xAB, 0x52, 0xAA, 0x52, 0x49, 0x42, 0x28, 0x42, 0x28, 0x42, 0x28, 0x42,
    0x08, 0x42, 0xE7, 0x39, 0xE7, 0x39, 0xC7, 0x39, 0xC7, 0x39, 0xC7, 0x39, 0xC7, 0x39, 0xC7, 0x39,
    0xC7, 0x39, 0xC7, 0x39, 0xC7, 0x39, 0xC7, 0x39, 0xC7, 0x39, 0xA6, 0x31, 0x28, 0x42, 0x08, 0x42,
    0x28, 0x42, 0x69, 0x4A, 0x49, 0x4A, 0xEB, 0x62, 0x4C, 0x6B, 0x4C, 0x6B, 0x4D, 0x6B, 0x4D, 0x6B,
    0x6D, 0x73, 0x8D, 0x73, 0x8E, 0x73, 0x8E, 0x73, 0x8D, 0x73, 0x6D, 0x73, 0x2C, 0x6B, 0x0B, 0x63,
    0xEB, 0x62, 0xEB, 0x62, 0xCA, 0x5A, 0xCA, 0x5A, 0xAA, 0x5A, 0xAA, 0x5A, 0xAA, 0x5A, 0xAA, 0x5A,
    0x8A, 0x5A, 0xAA, 0x5A, 0x8A, 0x5A, 0xCA, 0x5A, 0xCA, 0x5A, 0x48, 0x52, 0xAA, 0x5A, 0xEB, 0x62,
    0x0C, 0x6B, 0x0B, 0x6B, 0x0C, 0x6B, 0x0C, 0x6B, 0x0C, 0x6B, 0x0C, 0x6B, 0x4D, 0x73, 0x6D, 0x73,
    0x0C, 0x6B, 0x0C, 0x6B, 0x2C, 0x73, 0xEB, 0x62, 0x2C, 0x73, 0x6D, 0x73, 0x4C, 0x73, 0x2C, 0x6B,
    0x2C, 0x73, 0x8E, 0x7B, 0x6D, 0x73, 0x8E, 0x7B, 0xCF, 0x83, 0x4C, 0x73, 0xEB, 0x62, 0x8A, 0x5A,
    0x49, 0x52, 0x28, 0x4A, 0x28, 0x4A, 0x28, 0x4A, 0x28, 0x4A, 0x28, 0x4A, 0x08, 0x4A, 0x08, 0x42,
    0x08, 0x42, 0xE7, 0x41, 0xE7, 0x41, 0xE7, 0x41, 0xE7, 0x41, 0xE7, 0x41, 0xE7, 0x41, 0xE7, 0x41,
    0xE7, 0x41, 0xE7, 0x49, 0x28, 0x52, 0x89, 0x62, 0xCA, 0x72, 0x0A, 0x7B, 0xCD, 0x9B, 0x4F, 0xAC,
    0x4F, 0xA4, 0xCD, 0x9B, 0x6C, 0x93, 0xCE, 0x9B, 0xCE, 0x9B, 0xCD, 0x9B, 0xCD, 0x9B, 0xAD, 0x93,
    0x8C, 0x8B, 0x2C, 0x7B, 0xCA, 0x6A, 0xAA, 0x6A, 0xAA, 0x6A, 0xAA, 0x62, 0xA9, 0x62, 0xA9, 0x62,
    0xAA, 0x62, 0xCA, 0x6A, 0xEA, 0x72, 0x2B, 0x7B, 0x8D, 0x8B, 0xEE, 0x93, 0x4F, 0x9C, 0x90, 0xA4,
    0xB1, 0xAC, 0xF2, 0xAC, 0x12, 0xB5, 0x12, 0xB5, 0x12, 0xB5, 0x12, 0xB5, 0xF2, 0xB4, 0xD1, 0xAC,
    0xB1, 0xAC, 0x90, 0xA4, 0x4F, 0x9C, 0x0E, 0x9C, 0xEE, 0x93, 0xEE, 0x93, 0xCE, 0x93, 0xCD, 0x93,
    0x6C, 0x83, 0x6C, 0x83, 0x4C, 0x83, 0x2B, 0x7B, 0x2B, 0x7B, 0x0B, 0x7B, 0x0B, 0x73, 0xEB, 0x72,
    0xEA, 0x72, 0xEA, 0x72, 0xEA, 0x72, 0xEA, 0x72, 0xEA, 0x72, 0x0B, 0x73, 0x0B, 0x73, 0x0B, 0x73,
    0x2B, 0x7B, 0x2B, 0x7B, 0x4B, 0x83, 0x4C, 0x83, 0x4C, 0x83, 0x2B, 0x7B, 0x0B, 0x73, 0xEB, 0x72,
    0xCA, 0x6A, 0xAA, 0x62, 0xAA, 0x62, 0xAA, 0x6A, 0xCA, 0x6A, 0x0B, 0x73, 0xCA, 0x6A, 0x89, 0x62,
    0x69, 0x5A, 0x69, 0x5A, 0x8A, 0x62, 0xAA, 0x5A, 0x69, 0x5A, 0x49, 0x52, 0x28, 0x52, 0x28, 0x52,
    0x69, 0x5A, 0x49, 0x52, 0x8A, 0x5A, 0x8A, 0x62, 0xEB, 0x6A, 0x0C, 0x6B, 0x0B, 0x6B, 0xCB, 0x62,
    0x0C, 0x6B, 0xEB, 0x6A, 0x2C, 0x73, 0xCE, 0x8B, 0xAD, 0x7B, 0xAE, 0x83, 0xAE, 0x83, 0x0B, 0x6B,
    0x2C, 0x6B, 0xCB, 0x62, 0x28, 0x4A, 0xAA, 0x5A, 0xCA, 0x5A, 0x89, 0x52, 0xEB, 0x62, 0x2C, 0x73,
    0x2C, 0x73, 0xAD, 0x7B, 0x6C, 0x73, 0x8C, 0x7B, 0x0F, 0x8C, 0xAD, 0x7B, 0x6D, 0x7B, 0x6D, 0x7B,
    0x2C, 0x73, 0x4C, 0x73, 0x6D, 0x7B, 0x8D, 0x7B, 0x6C, 0x7B, 0x6D, 0x7B, 0x4C, 0x73, 0x6D, 0x7B,
    0x2C, 0x6B, 0x2C, 0x73, 0x0B, 0x6B, 0xCA, 0x62, 0x0C, 0x6B, 0xCA, 0x62, 0x0B, 0x63, 0x6D, 0x73,
    0x6D, 0x73, 0x4C, 0x73, 0x0C, 0x6B, 0x28, 0x4A, 0x2C, 0x6B, 0x8E, 0x73, 0x4D, 0x6B, 0x4D, 0x6B,
    0x6D, 0x6B, 0x6D, 0x6B, 0x6D, 0x6B, 0x6D, 0x6B, 0x6D, 0x6B, 0x6D, 0x6B, 0x6D, 0x6B, 0x4D, 0x6B,
    0x4D, 0x6B, 0x4D, 0x6B, 0x4D, 0x6B, 0x4D, 0x6B, 0xEC, 0x5A, 0xEC, 0x5A, 0x6D, 0x6B, 0x4D, 0x63,
    0x4D, 0x63, 0x4D, 0x63, 0x6D, 0x6B, 0x4D, 0x6B, 0x4D, 0x6B, 0x6D, 0x6B, 0x4D, 0x63, 0x0C, 0x63,
    0x6E, 0x6B, 0x6D, 0x6B, 0x6D, 0x6B, 0x6D, 0x6B, 0x6D, 0x6B, 0x6D, 0x6B, 0x6D, 0x6B, 0x6D, 0x6B,
    0x6D, 0x6B, 0x6D, 0x6B, 0x6D, 0x6B, 0x6D, 0x6B, 0x6D, 0x6B, 0x6D, 0x6B, 0x6D, 0x6B, 0x6D, 0x6B,
    0x6D, 0x6B, 0x6D, 0x6B, 0x6D, 0x6B, 0x6D, 0x6B, 0x6D, 0x6B, 0x6D, 0x6B, 0x6D, 0x6B, 0x6D, 0x6B,
    0x6D, 0x6B, 0x6D, 0x6B, 0x6D, 0x6B, 0x6D, 0x6B, 0x6D, 0x6B, 0x6D, 0x6B, 0x6D, 0x6B, 0x6D, 0x6B,
    0x6D, 0x6B, 0x6D, 0x6B, 0x4D, 0x6B, 0x6D, 0x6B, 0x6D, 0x6B, 0x6D, 0x6B, 0x6D, 0x6B, 0x6D, 0x6B,
    0x4D, 0x6B, 0x2C, 0x63, 0xCB, 0x5A, 0xAA, 0x4A, 0x0C, 0x5B, 0x2C, 0x63, 0xEC, 0x5A, 0x6A, 0x4A,
    0x08, 0x42, 0xE7, 0x39, 0x08, 0x42, 0x08, 0x42, 0x28, 0x42, 0x49, 0x4A, 0x69, 0x4A, 0x28, 0x42,
    0xAB, 0x52, 0xAB, 0x52, 0xAA, 0x52, 0x49, 0x4A, 0x28, 0x42, 0x49, 0x42, 0x28, 0x42, 0x28, 0x42,
    0x28, 0x42, 0x08, 0x42, 0x08, 0x42, 0xE7, 0x39, 0xC7, 0x39, 0xC7, 0x39, 0xC7, 0x39, 0xC7, 0x39,
    0xC7, 0x39, 0xC7, 0x39, 0xC7, 0x39, 0xC7, 0x39, 0xA6, 0x31, 0xC7, 0x39, 0x28, 0x42, 0xE7, 0x39,
    0x29, 0x4A, 0x28, 0x4A, 0x08, 0x42, 0x08, 0x42, 0x8A, 0x5A, 0x0C, 0x63, 0x2C, 0x6B, 0x4D, 0x6B,
    0x6D, 0x73, 0x6D, 0x73, 0x6D, 0x73, 0x4D, 0x6B, 0x2C, 0x6B, 0x0B, 0x63, 0xCB, 0x62, 0xCA, 0x5A,
    0xAA, 0x5A, 0xAA, 0x5A, 0xAA, 0x5A, 0xAA, 0x5A, 0xAA, 0x5A, 0x8A, 0x5A, 0x8A, 0x5A, 0x89, 0x52,
    0x89, 0x52, 0x8A, 0x5A, 0x89, 0x52, 0xCA, 0x5A, 0xAA, 0x5A, 0x28, 0x4A, 0x8A, 0x5A, 0xEB, 0x62,
    0x0C, 0x6B, 0xEB, 0x6A, 0x0B, 0x6B, 0x0C, 0x6B, 0x0C, 0x6B, 0xEB, 0x6A, 0x2C, 0x73, 0x4C, 0x73,
    0xEB, 0x6A, 0x0B, 0x6B, 0x0C, 0x6B, 0xCA, 0x62, 0x0C, 0x6B, 0x4D, 0x73, 0x2C, 0x6B, 0x0B, 0x6B,
    0x2C, 0x6B, 0x8E, 0x7B, 0x6D, 0x73, 0x8E, 0x7B, 0xCF, 0x83, 0x2C, 0x73, 0xEB, 0x62, 0x8A, 0x5A,
    0x69, 0x52, 0x49, 0x52, 0x49, 0x52, 0x48, 0x52, 0x48, 0x52, 0x28, 0x4A, 0x08, 0x42, 0x08, 0x42,
    0x07, 0x42, 0xE7, 0x41, 0x08, 0x42, 0x08, 0x42, 0xE7, 0x41, 0x07, 0x42, 0xE7, 0x41, 0xE7, 0x41,
    0xE8, 0x41, 0xE7, 0x41, 0xE7, 0x41, 0x07, 0x4A, 0x68, 0x5A, 0xCA, 0x72, 0xEA, 0x82, 0x6C, 0x93,
    0xCD, 0x9B, 0xCD, 0x9B, 0x8D, 0x93, 0x8D, 0x93, 0xCE, 0x9B, 0xCD, 0x9B, 0xCD, 0x9B, 0xCD, 0x93,
    0x8C, 0x8B, 0x0B, 0x7B, 0xCA, 0x6A, 0xAA, 0x6A, 0xAA, 0x6A, 0xAA, 0x6A, 0xAA, 0x6A, 0xAA, 0x6A,
    0xAA, 0x62, 0xCA, 0x6A, 0xEA, 0x72, 0x4C, 0x7B, 0xAD, 0x8B, 0x0E, 0x94, 0x70, 0xA4, 0x90, 0xA4,
    0xD1, 0xAC, 0xF2, 0xB4, 0x12, 0xB5, 0x12, 0xB5, 0x12, 0xB5, 0x12, 0xB5, 0x12, 0xB5, 0xF2, 0xAC,
    0xD1, 0xAC, 0x70, 0xA4, 0x2F, 0x9C, 0x0E, 0x9C, 0xEE, 0x93, 0xEE, 0x93, 0xCE, 0x93, 0xAD, 0x8B,
    0x6C, 0x83, 0x6C, 0x83, 0x4C, 0x83, 0x4B, 0x7B, 0x2B, 0x7B, 0x0B, 0x7B, 0x0B, 0x73, 0xEB, 0x72,
    0xEA, 0x72, 0xEA, 0x72, 0xEA, 0x72, 0xEA, 0x72, 0xEA, 0x72, 0x0B, 0x73, 0x0B, 0x73, 0x2B, 0x7B,
    0x2B, 0x7B, 0x4B, 0x83, 0x4C, 0x83, 0x6C, 0x83, 0x6C, 0x83, 0x4C, 0x7B, 0x0B, 0x7B, 0xEB, 0x72,
    0xCA, 0x6A, 0xCA, 0x6A, 0xAA, 0x6A, 0xCA, 0x6A, 0xCA, 0x6A, 0x4C, 0x7B, 0x2B, 0x73, 0xCA, 0x6A,
    0xAA, 0x62, 0x89, 0x5A, 0x8A, 0x62, 0xAA, 0x62, 0x69, 0x5A, 0x49, 0x52, 0x28, 0x52, 0x28, 0x4A,
    0x49, 0x52, 0x48, 0x52, 0x8A, 0x5A, 0x8A, 0x62, 0xEB, 0x6A, 0x0C, 0x6B, 0x0B, 0x6B, 0xCB, 0x62,
    0xEB, 0x6A, 0xEB, 0x6A, 0x4C, 0x73, 0xCE, 0x8B, 0xAD, 0x7B, 0xAE, 0x83, 0xCE, 0x83, 0x0B, 0x6B,
    0x0B, 0x6B, 0xEB, 0x62, 0x48, 0x52, 0x8A, 0x5A, 0xEB, 0x62, 0x89, 0x52, 0xCA, 0x62, 0x2C, 0x6B,
    0x2C, 0x73, 0x8D, 0x7B, 0x6D, 0x7B, 0x4C, 0x73, 0xEE, 0x8B, 0xEE, 0x83, 0x6C, 0x7B, 0x6D, 0x7B,
    0x2C, 0x73, 0x2C, 0x73, 0x6C, 0x73, 0xAD, 0x7B, 0x6D, 0x7B, 0x6D, 0x7B, 0x6D, 0x7B, 0x4C, 0x73,
    0x4C, 0x73, 0x0B, 0x6B, 0x4C, 0x73, 0xCA, 0x62, 0x0B, 0x6B, 0xCA, 0x62, 0xEB, 0x62, 0x4C, 0x6B,
    0x8E, 0x73, 0x4C, 0x73, 0x4D, 0x73, 0xAA, 0x5A, 0x49, 0x4A, 0xAE, 0x73, 0x6D, 0x6B, 0x4D, 0x6B,
    0x6D, 0x6B, 0x6D, 0x6B, 0x4D, 0x6B, 0x6D, 0x6B, 0x6D, 0x6B, 0x6D, 0x6B, 0x6D, 0x6B, 0x4D, 0x6B,
    0x4D, 0x6B, 0x4D, 0x6B, 0x4D, 0x6B, 0x4D, 0x6B, 0x4D, 0x6B, 0xEB, 0x5A, 0x4D, 0x63, 0x6D, 0x6B,
    0x4D, 0x63, 0x4D, 0x63, 0x4D, 0x6B, 0x4D, 0x6B, 0x4D, 0x6B, 0x6D, 0x6B, 0x6E, 0x6B, 0x0C, 0x63,
    0x4D, 0x63, 0x6D, 0x6B, 0x6D, 0x6B, 0x6D, 0x6B, 0x6D, 0x6B, 0x6D, 0x6B, 0x6D, 0x6B, 0x6D, 0x6B,
    0x6D, 0x6B, 0x6D, 0x6B, 0x6D, 0x6B, 0x6D, 0x6B, 0x6D, 0x6B, 0x6D, 0x6B, 0x6D, 0x6B, 0x6D, 0x6B,
    0x6D, 0x6B, 0x6D, 0x6B, 0x6D, 0x6B, 0x6D, 0x6B, 0x6D, 0x6B, 0x6D, 0x6B, 0x6D, 0x6B, 0x6D, 0x6B,
    0x6D, 0x6B, 0x6D, 0x6B, 0x6D, 0x6B, 0x6D, 0x6B, 0x6D, 0x6B, 0x6D, 0x6B, 0x6D, 0x6B, 0x6D, 0x6B,
    0x6D, 0x6B, 0x6D, 0x6B, 0x4D, 0x6B, 0x6D, 0x6B, 0x6D, 0x6B, 0x6D, 0x6B, 0x6D, 0x6B, 0x4D, 0x6B,
    0x2C, 0x63, 0xCB, 0x52, 0x8A, 0x52, 0x0C, 0x5B, 0x2C, 0x63, 0xEC, 0x5A, 0x69, 0x4A, 0xE8, 0x39,
    0xC7, 0x39, 0xE7, 0x39, 0x08, 0x42, 0x28, 0x42, 0x28, 0x42, 0x69, 0x4A, 0x69, 0x4A, 0x69, 0x4A,
    0xCB, 0x52, 0x8A, 0x52, 0x8A, 0x4A, 0x28, 0x42, 0x28, 0x42, 0x28, 0x42, 0x28, 0x42, 0x28, 0x42,
    0x28, 0x42, 0x28, 0x42, 0x08, 0x42, 0x08, 0x42, 0xE7, 0x39, 0xC7, 0x39, 0xC7, 0x39, 0xC7, 0x39,
    0xC7, 0x39, 0xC7, 0x39, 0xC7, 0x39, 0xA6, 0x31, 0xA6, 0x31, 0xE7, 0x39, 0xE7, 0x39, 0xE7, 0x39,
    0x49, 0x4A, 0x08, 0x42, 0xE7, 0x39, 0x07, 0x42, 0x08, 0x42, 0x28, 0x4A, 0x69, 0x52, 0xAA, 0x5A,
    0xCA, 0x5A, 0x0B, 0x63, 0xEB, 0x62, 0xCA, 0x5A, 0xAA, 0x5A, 0xAA, 0x5A, 0x89, 0x52, 0x89, 0x52,
    0x89, 0x52, 0x89, 0x52, 0x89, 0x52, 0x89, 0x52, 0x89, 0x52, 0x8A, 0x5A, 0x8A, 0x5A, 0x89, 0x52,
    0x89, 0x52, 0x89, 0x52, 0x89, 0x52, 0xCA, 0x5A, 0x89, 0x52, 0x28, 0x4A, 0x8A, 0x5A, 0xEB, 0x62,
    0x0C, 0x6B, 0xEB, 0x62, 0xEB, 0x6A, 0x0C, 0x6B, 0xEB, 0x6A, 0xEB, 0x62, 0x2C, 0x73, 0x2C, 0x73,
    0xEB, 0x62, 0xEB, 0x6A, 0x0B, 0x6B, 0xAA, 0x62, 0x0B, 0x6B, 0x2C, 0x73, 0xEB, 0x6A, 0xEB, 0x62,
    0x0C, 0x6B, 0x6D, 0x7B, 0x4C, 0x73, 0xAE, 0x7B, 0xCF, 0x83, 0x2C, 0x6B, 0xEB, 0x62, 0x69, 0x5A,
    0x69, 0x52, 0x69, 0x52, 0x69, 0x52, 0x69, 0x52, 0x49, 0x52, 0x48, 0x52, 0x08, 0x4A, 0x08, 0x42,
    0x07, 0x42, 0x07, 0x42, 0x07, 0x42, 0x07, 0x42, 0x07, 0x42, 0x07, 0x4A, 0x07, 0x42, 0xE7, 0x41,
    0xE8, 0x41, 0xE7, 0x41, 0xE7, 0x41, 0xE7, 0x41, 0x07, 0x4A, 0x48, 0x5A, 0xA9, 0x72, 0x0B, 0x83,
    0x6C, 0x93, 0x8C, 0x93, 0xAD, 0x9B, 0x8D, 0x93, 0xAD, 0x9B, 0xCD, 0x9B, 0xCD, 0x9B, 0xAD, 0x93,
    0x8C, 0x8B, 0x0B, 0x7B, 0xAA, 0x6A, 0xAA, 0x6A, 0xAA, 0x6A, 0xAA, 0x6A, 0xAA, 0x6A, 0xAA, 0x6A,
    0xAA, 0x62, 0xCA, 0x6A, 0x0B, 0x73, 0x4C, 0x7B, 0xCD, 0x8B, 0x2F, 0x9C, 0x70, 0xA4, 0xB1, 0xAC,
    0xF2, 0xAC, 0x12, 0xB5, 0x32, 0xB5, 0x33, 0xB5, 0x33, 0xB5, 0x12, 0xB5, 0x12, 0xB5, 0xF2, 0xB4,
    0xB1, 0xAC, 0x70, 0xA4, 0x2F, 0x9C, 0xEE, 0x93, 0xEE, 0x93, 0xEE, 0x93, 0xEE, 0x93, 0x8C, 0x8B,
    0x6C, 0x83, 0x6C, 0x83, 0x4C, 0x83, 0x4B, 0x7B, 0x2B, 0x7B, 0x0B, 0x7B, 0x0A, 0x73, 0xEA, 0x72,
    0xEA, 0x72, 0xEA, 0x72, 0xEA, 0x72, 0xEA, 0x72, 0x0A, 0x73, 0x0B, 0x73, 0x2B, 0x7B, 0x2B, 0x7B,
    0x4B, 0x83, 0x4C, 0x83, 0x6C, 0x8B, 0x6C, 0x83, 0x6C, 0x83, 0x4C, 0x83, 0x2B, 0x7B, 0x0B, 0x73,
    0xEA, 0x72, 0xCA, 0x6A, 0xEA, 0x6A, 0xCA, 0x72, 0xCA, 0x72, 0x4B, 0x7B, 0x4C, 0x7B, 0x0B, 0x73,
    0xEB, 0x6A, 0xAA, 0x62, 0x8A, 0x62, 0xAA, 0x62, 0x69, 0x5A, 0x49, 0x52, 0x48, 0x52, 0x28, 0x52,
    0x49, 0x52, 0x28, 0x52, 0x89, 0x5A, 0x8A, 0x62, 0xEB, 0x6A, 0x0B, 0x6B, 0x0B, 0x6B, 0xCB, 0x62,
    0xEB, 0x6A, 0xEB, 0x6A, 0x2C, 0x73, 0xEE, 0x8B, 0xAD, 0x83, 0xAD, 0x83, 0xCE, 0x83, 0x2C, 0x6B,
    0xEB, 0x62, 0x0B, 0x6B, 0x48, 0x52, 0x89, 0x52, 0xEB, 0x62, 0x89, 0x52, 0xCA, 0x62, 0x0B, 0x6B,
    0x2C, 0x73, 0x4C, 0x73, 0x8D, 0x7B, 0x2B, 0x6B, 0xCE, 0x83, 0xEE, 0x8B, 0xAD, 0x83, 0x6C, 0x7B,
    0x4C, 0x73, 0x2C, 0x73, 0x4C, 0x73, 0x8D, 0x7B, 0x8D, 0x7B, 0x6D, 0x7B, 0x6D, 0x7B, 0x6D, 0x73,
    0x6D, 0x73, 0x0B, 0x6B, 0x2C, 0x73, 0x2C, 0x73, 0x0B, 0x6B, 0xCB, 0x62, 0xEB, 0x62, 0x0B, 0x63,
    0x8E, 0x73, 0x6D, 0x73, 0x4C, 0x73, 0x2C, 0x6B, 0x28, 0x4A, 0xEB, 0x5A, 0xAE, 0x73, 0x4D, 0x6B,
    0x6D, 0x6B, 0x4D, 0x6B, 0x4D, 0x6B, 0x6D, 0x6B, 0x6D, 0x6B, 0x6D, 0x6B, 0x6D, 0x6B, 0x4D, 0x6B,
    0x4D, 0x6B, 0x4D, 0x6B, 0x4D, 0x6B, 0x4D, 0x63, 0x4D, 0x6B, 0x2C, 0x63, 0xEC, 0x5A, 0x6D, 0x6B,
    0x4D, 0x63, 0x4D, 0x63, 0x4D, 0x6B, 0x4D, 0x6B, 0x4D, 0x6B, 0x6D, 0x6B, 0x6E, 0x6B, 0x4D, 0x6B,
    0x0C, 0x5B, 0x6E, 0x6B, 0x6D, 0x6B, 0x6D, 0x6B, 0x6D, 0x6B, 0x6D, 0x6B, 0x6D, 0x6B, 0x6D, 0x6B,
    0x6D, 0x6B, 0x6D, 0x6B, 0x6D, 0x6B, 0x6D, 0x6B, 0x6D, 0x6B, 0x6D, 0x6B, 0x6D, 0x6B, 0x6D, 0x6B,
    0x6D, 0x6B, 0x6D, 0x6B, 0x6D, 0x6B, 0x6D, 0x6B, 0x6D, 0x6B, 0x6D, 0x6B, 0x6D, 0x6B, 0x6D, 0x6B,
    0x6D, 0x6B, 0x6D, 0x6B, 0x6D, 0x6B, 0x6D, 0x6B, 0x6D, 0x6B, 0x6D, 0x6B, 0x6D, 0x6B, 0x6D, 0x6B,
    0x6D, 0x6B, 0x6D, 0x6B, 0x4D, 0x6B, 0x6D, 0x6B, 0x6D, 0x63, 0x6D, 0x6B, 0x4D, 0x6B, 0x2C, 0x63,
    0xAB, 0x52, 0x8A, 0x52, 0xEC, 0x5A, 0x0C, 0x5B, 0xEC, 0x5A, 0x49, 0x4A, 0xE7, 0x39, 0xC7, 0x39,
    0xE7, 0x39, 0xE7, 0x39, 0x28, 0x42, 0x28, 0x42, 0x49, 0x4A, 0xAA, 0x52, 0x48, 0x4A, 0xAA, 0x52,
    0x8A, 0x52, 0x8A, 0x52, 0x28, 0x42, 0x08, 0x42, 0x08, 0x3A, 0x07, 0x3A, 0x08, 0x42, 0x08, 0x42,
    0x28, 0x42, 0x28, 0x42, 0x08, 0x42, 0x08, 0x42, 0x08, 0x42, 0xE7, 0x39, 0xC7, 0x39, 0xC7, 0x39,
    0xC7, 0x39, 0xC7, 0x39, 0xC7, 0x39, 0xC7, 0x39, 0xC7, 0x39, 0x08, 0x42, 0xC7, 0x39, 0x28, 0x42,
    0x08, 0x42, 0xC7, 0x39, 0xC7, 0x39, 0xE7, 0x41, 0x08, 0x42, 0x08, 0x42, 0x08, 0x42, 0x08, 0x42,
    0x28, 0x4A, 0x89, 0x52, 0x69, 0x52, 0x69, 0x52, 0x49, 0x4A, 0x48, 0x4A, 0x49, 0x52, 0x49, 0x52,
    0x49, 0x52, 0x69, 0x52, 0x69, 0x52, 0x89, 0x52, 0x89, 0x52, 0x89, 0x52, 0x89, 0x52, 0x69, 0x52,
    0x69, 0x52, 0x89, 0x52, 0x69, 0x52, 0xCA, 0x5A, 0x69, 0x52, 0x28, 0x4A, 0x89, 0x5A, 0xCB, 0x62,
    0xEB, 0x6A, 0xCB, 0x62, 0xEB, 0x62, 0x0B, 0x6B, 0xCB, 0x62, 0xCA, 0x62, 0x0C, 0x6B, 0x2C, 0x73,
    0xEB, 0x62, 0xEB, 0x6A, 0xEB, 0x6A, 0xAA, 0x5A, 0x0B, 0x6B, 0x2C, 0x6B, 0xCB, 0x62, 0xAA, 0x62,
    0xEB, 0x6A, 0x6D, 0x73, 0x2C, 0x6B, 0x8E, 0x7B, 0xAE, 0x83, 0x0C, 0x6B, 0xEB, 0x62, 0x69, 0x5A,
    0x69, 0x52, 0x69, 0x52, 0x69, 0x52, 0x69, 0x52, 0x49, 0x52, 0x28, 0x4A, 0x08, 0x4A, 0x08, 0x42,
    0x48, 0x4A, 0x28, 0x4A, 0x28, 0x4A, 0x28, 0x4A, 0x28, 0x4A, 0x07, 0x4A, 0x07, 0x4A, 0x08, 0x4A,
    0xE8, 0x41, 0xE7, 0x41, 0xE7, 0x41, 0xE8, 0x41, 0xE8, 0x41, 0x07, 0x4A, 0x28, 0x52, 0xA9, 0x6A,
    0x0A, 0x83, 0x6C, 0x93, 0x8C, 0x93, 0xAD, 0x9B, 0xAD, 0x93, 0xCD, 0x9B, 0xCD, 0x9B, 0xCD, 0x93,
    0x6C, 0x8B, 0xEB, 0x72, 0xAA, 0x6A, 0xAA, 0x62, 0xAA, 0x62, 0xAA, 0x62, 0xAA, 0x6A, 0xAA, 0x6A,
    0xAA, 0x62, 0xCA, 0x6A, 0x0B, 0x73, 0x6C, 0x83, 0xEE, 0x93, 0x4F, 0x9C, 0x90, 0xA4, 0xD1, 0xAC,
    0x12, 0xB5, 0x33, 0xB5, 0x33, 0xB5, 0x53, 0xBD, 0x53, 0xBD, 0x33, 0xB5, 0x12, 0xB5, 0xF2, 0xB4,
    0xB1, 0xAC, 0x50, 0xA4, 0x0F, 0x9C, 0xEE, 0x93, 0xEE, 0x9B, 0xEE, 0x93, 0xCD, 0x93, 0x6C, 0x83,
    0x6C, 0x83, 0x6C, 0x83, 0x4C, 0x83, 0x4B, 0x7B, 0x2B, 0x7B, 0x0B, 0x73, 0x0A, 0x73, 0xEA, 0x72,
    0xEA, 0x72, 0xEA, 0x72, 0xEA, 0x72, 0xEA, 0x72, 0x0B, 0x73, 0x0B, 0x7B, 0x2B, 0x7B, 0x2B, 0x7B,
    0x4C, 0x83, 0x6C, 0x8B, 0x6C, 0x8B, 0x8C, 0x8B, 0x6C, 0x83, 0x6C, 0x83, 0x2B, 0x7B, 0x0B, 0x7B,
    0xEA, 0x72, 0xEA, 0x72, 0xEA, 0x72, 0x0B, 0x73, 0xEA, 0x72, 0x2B, 0x7B, 0x6C, 0x83, 0x0B, 0x73,
    0x0B, 0x73, 0xCA, 0x6A, 0x8A, 0x62, 0x8A, 0x62, 0x89, 0x5A, 0x69, 0x5A, 0x48, 0x52, 0x28, 0x52,
    0x49, 0x52, 0x28, 0x52, 0x69, 0x5A, 0xAA, 0x62, 0xEB, 0x6A, 0x0B, 0x6B, 0x0B, 0x6B, 0xCB, 0x62,
    0xEB, 0x6A, 0xEB, 0x6A, 0x0B, 0x6B, 0xCE, 0x83, 0xAD, 0x7B, 0xAD, 0x83, 0xCE, 0x83, 0x2C, 0x73,
    0xCB, 0x62, 0x0B, 0x6B, 0x69, 0x52, 0x69, 0x52, 0xEB, 0x62, 0xAA, 0x5A, 0xAA, 0x5A, 0xEB, 0x6A,
    0x2C, 0x73, 0x2C, 0x73, 0x8D, 0x7B, 0x4C, 0x73, 0x8D, 0x7B, 0xCE, 0x83, 0x8D, 0x83, 0x8D, 0x83,
    0x4C, 0x73, 0x2B, 0x73, 0x4C, 0x73, 0x8D, 0x7B, 0x8D, 0x7B, 0x8D, 0x7B, 0x6D, 0x7B, 0x6D, 0x7B,
    0x6D, 0x73, 0x4C, 0x73, 0xEB, 0x6A, 0x4C, 0x73, 0x0B, 0x6B, 0xCB, 0x62, 0xEB, 0x62, 0xEB, 0x62,
    0x6D, 0x73, 0x8E, 0x7B, 0x4D, 0x73, 0x4C, 0x73, 0xCA, 0x5A, 0x48, 0x4A, 0x6D, 0x6B, 0x8D, 0x73,
    0x4D, 0x6B, 0x4D, 0x6B, 0x4D, 0x6B, 0x6D, 0x6B, 0x6D, 0x6B, 0x6D, 0x6B, 0x6D, 0x6B, 0x4D, 0x6B,
    0x4D, 0x6B, 0x4D, 0x6B, 0x4D, 0x6B, 0x4D, 0x6B, 0x4D, 0x6B, 0x6D, 0x6B, 0xEC, 0x5A, 0x2C, 0x63,
    0x6D, 0x6B, 0x4D, 0x63, 0x4D, 0x6B, 0x4D, 0x6B, 0x4D, 0x6B, 0x4D, 0x6B, 0x6D, 0x6B, 0x6E, 0x6B,
    0x0C, 0x63, 0x4D, 0x63, 0x6E, 0x6B, 0x6D, 0x6B, 0x6D, 0x6B, 0x6D, 0x6B, 0x6D, 0x6B, 0x6D, 0x6B,
    0x6D, 0x6B, 0x6D, 0x6B, 0x6D, 0x6B, 0x6D, 0x6B, 0x6D, 0x6B, 0x6D, 0x6B, 0x6D, 0x6B, 0x6D, 0x6B,
    0x6D, 0x6B, 0x6D, 0x6B, 0x6D, 0x6B, 0x6D, 0x6B, 0x6D, 0x6B, 0x6D, 0x6B, 0x6D, 0x6B, 0x6D, 0x6B,
    0x6D, 0x6B, 0x6D, 0x6B, 0x6D, 0x6B, 0x6D, 0x6B, 0x6D, 0x6B, 0x6D, 0x6B, 0x6D, 0x6B, 0x6D, 0x6B,
    0x6D, 0x6B, 0x4D, 0x6B, 0x4D, 0x6B, 0x4D, 0x6B, 0x4D, 0x6B, 0x4D, 0x6B, 0x0C, 0x63, 0xCB, 0x52,
    0x8A, 0x4A, 0xEC, 0x5A, 0x0C, 0x63, 0xEC, 0x5A, 0x49, 0x4A, 0xE7, 0x39, 0xC7, 0x39, 0xC7, 0x39,
    0xE7, 0x39, 0x28, 0x42, 0x28, 0x42, 0x28, 0x42, 0xAA, 0x52, 0x8A, 0x52, 0x8A, 0x52, 0x8A, 0x52,
    0x8A, 0x52, 0x49, 0x4A, 0xE7, 0x39, 0xE7, 0x39, 0xC7, 0x39, 0xE7, 0x39, 0xE7, 0x39, 0xE7, 0x39,
    0x08, 0x42, 0xE7, 0x39, 0xE7, 0x39, 0xE7, 0x39, 0x08, 0x42, 0x08, 0x42, 0xE7, 0x39, 0xE7, 0x39,
    0xC7, 0x39, 0xC7, 0x39, 0xC7, 0x39, 0xA6, 0x31, 0xE7, 0x39, 0xE7, 0x39, 0xC7, 0x39, 0x28, 0x42,
    0xE7, 0x39, 0xA7, 0x39, 0xC7, 0x39, 0xE7, 0x39, 0x08, 0x42, 0x08, 0x42, 0x08, 0x42, 0x28, 0x42,
    0x48, 0x4A, 0x69, 0x52, 0x28, 0x4A, 0x28, 0x4A, 0x28, 0x4A, 0x28, 0x4A, 0x28, 0x4A, 0x28, 0x4A,
    0x28, 0x4A, 0x49, 0x52, 0x69, 0x52, 0x89, 0x52, 0x69, 0x52, 0x69, 0x52, 0x69, 0x52, 0x69, 0x52,
    0x69, 0x52, 0x89, 0x52, 0x69, 0x52, 0xAA, 0x5A, 0x48, 0x4A, 0x28, 0x4A, 0x69, 0x52, 0xCA, 0x62,
    0xEB, 0x62, 0xAA, 0x62, 0xCB, 0x62, 0xEB, 0x6A, 0xAA, 0x5A, 0xAA, 0x5A, 0x0C, 0x6B, 0x2C, 0x73,
    0xCB, 0x62, 0xEB, 0x62, 0xEB, 0x62, 0xAA, 0x5A, 0xEB, 0x6A, 0x0C, 0x6B, 0xCA, 0x62, 0x8A, 0x5A,
    0xCB, 0x62, 0x4C, 0x73, 0x0C, 0x6B, 0x8E, 0x7B, 0xAE, 0x83, 0xEB, 0x6A, 0xEB, 0x62, 0x69, 0x52,
    0x69, 0x52, 0x69, 0x52, 0x49, 0x52, 0x49, 0x52, 0x48, 0x52, 0x48, 0x52, 0x28, 0x4A, 0x08, 0x4A,
    0x49, 0x52, 0x49, 0x52, 0x28, 0x4A, 0x28, 0x4A, 0x28, 0x4A, 0x28, 0x4A, 0x08, 0x4A, 0x28, 0x4A,
    0x28, 0x4A, 0x07, 0x4A, 0xE7, 0x41, 0xE7, 0x41, 0x28, 0x4A, 0x28, 0x4A, 0x07, 0x4A, 0x27, 0x52,
    0xA9, 0x72, 0x2B, 0x8B, 0x6C, 0x93, 0xAC, 0x9B, 0xCD, 0x9B, 0xCD, 0x9B, 0xCD, 0x9B, 0xCD, 0x93,
    0x6C, 0x8B, 0xEB, 0x72, 0xAA, 0x6A, 0xAA, 0x62, 0xAA, 0x62, 0xAA, 0x62, 0xAA, 0x6A, 0xAA, 0x6A,
    0xCA, 0x62, 0xCA, 0x6A, 0x0B, 0x73, 0x6C, 0x83, 0xEE, 0x93, 0x70, 0x9C, 0xB1, 0xAC, 0xF2, 0xB4,
    0x12, 0xB5, 0x53, 0xBD, 0x53, 0xBD, 0x53, 0xBD, 0x53, 0xBD, 0x33, 0xBD, 0x32, 0xB5, 0xF2, 0xB4,
    0xB1, 0xAC, 0x4F, 0x9C, 0x0F, 0x9C, 0xEE, 0x93, 0xEE, 0x93, 0xEE, 0x93, 0xAD, 0x8B, 0x6C, 0x83,
    0x6C, 0x83, 0x4C, 0x83, 0x4B, 0x83, 0x2B, 0x7B, 0x0B, 0x7B, 0x0B, 0x73, 0xEA, 0x72, 0xEA, 0x72,
    0xEA, 0x72, 0xEA, 0x72, 0xEA, 0x72, 0x0A, 0x73, 0x0B, 0x7B, 0x2B, 0x7B, 0x2B, 0x7B, 0x4B, 0x83,
    0x6C, 0x83, 0x8D, 0x8B, 0x8D, 0x8B, 0xAD, 0x8B, 0x8D, 0x8B, 0x6C, 0x8B, 0x4C, 0x83, 0x0B, 0x7B,
    0x0B, 0x73, 0xEA, 0x72, 0x0B, 0x7B, 0x0B, 0x7B, 0xEA, 0x72, 0x0B, 0x7B, 0x8C, 0x83, 0x2B, 0x7B,
    0x2B, 0x7B, 0xEB, 0x6A, 0xAA, 0x62, 0x89, 0x62, 0x89, 0x5A, 0x69, 0x5A, 0x69, 0x5A, 0x28, 0x52,
    0x49, 0x52, 0x28, 0x52, 0x69, 0x5A, 0x8A, 0x62, 0xEB, 0x6A, 0x0B, 0x6B, 0x0B, 0x6B, 0xEB, 0x6A,
    0xEB, 0x6A, 0xEB, 0x6A, 0x0B, 0x6B, 0xCE, 0x83, 0xAD, 0x83, 0xAD, 0x83, 0xEE, 0x83, 0x6C, 0x73,
    0xAA, 0x62, 0x0B, 0x6B, 0x69, 0x52, 0x49, 0x52, 0xCB, 0x62, 0xCA, 0x62, 0x8A, 0x5A, 0xCA, 0x62,
    0x2C, 0x6B, 0x2C, 0x73, 0x8D, 0x7B, 0x6C, 0x73, 0x6C, 0x7B, 0xCE, 0x83, 0x4C, 0x73, 0xAD, 0x83,
    0x6C, 0x7B, 0x2B, 0x6B, 0x4C, 0x73, 0x6D, 0x7B, 0x8D, 0x7B, 0x8D, 0x7B, 0x6D, 0x7B, 0x6D, 0x7B,
    0x6C, 0x7B, 0x6C, 0x7B, 0x0B, 0x6B, 0x2B, 0x73, 0x6D, 0x73, 0xEB, 0x62, 0xEB, 0x62, 0xEB, 0x62,
    0x2C, 0x6B, 0xAE, 0x7B, 0x6D, 0x73, 0x4C, 0x6B, 0x2C, 0x6B, 0x89, 0x52, 0x89, 0x52, 0xAE, 0x73,
    0x6D, 0x6B, 0x4D, 0x6B, 0x4D, 0x6B, 0x6D, 0x6B, 0x6D, 0x6B, 0x6D, 0x6B, 0x6D, 0x6B, 0x6D, 0x6B,
    0x4D, 0x6B, 0x4D, 0x6B, 0x4D, 0x6B, 0x4D, 0x6B, 0x4D, 0x6B, 0x6D, 0x6B, 0x2D, 0x63, 0xEB, 0x5A,
    0x4D, 0x63, 0x4D, 0x63, 0x4D, 0x6B, 0x4D, 0x6B, 0x4D, 0x6B, 0x4D, 0x6B, 0x6D, 0x6B, 0x6D, 0x6B,
    0x4D, 0x63, 0x2C, 0x63, 0x6E, 0x6B, 0x6D, 0x6B, 0x6D, 0x6B, 0x6D, 0x6B, 0x6D, 0x6B, 0x6D, 0x6B,
    0x6D, 0x6B, 0x6D, 0x6B, 0x6D, 0x6B, 0x6D, 0x6B, 0x6D, 0x6B, 0x6D, 0x6B, 0x6D, 0x6B, 0x6D, 0x6B,
    0x6D, 0x6B, 0x6D, 0x6B, 0x6D, 0x6B, 0x6D, 0x6B, 0x6D, 0x6B, 0x6D, 0x6B, 0x6D, 0x6B, 0x6D, 0x6B,
    0x6D, 0x6B, 0x6D, 0x6B, 0x6D, 0x6B, 0x6D, 0x6B, 0x6D, 0x6B, 0x6D, 0x6B, 0x6D, 0x6B, 0x6D, 0x6B,
    0x6D, 0x6B, 0x4D, 0x6B, 0x4D, 0x6B, 0x4D, 0x6B, 0x4D, 0x6B, 0x2C, 0x63, 0xCA, 0x52, 0x8A, 0x4A,
    0xEB, 0x52, 0x0C, 0x5B, 0xEC, 0x5A, 0x49, 0x4A, 0xE7, 0x39, 0xC7, 0x39, 0xC7, 0x39, 0xC7, 0x39,
    0x07, 0x3A, 0x28, 0x42, 0x28, 0x42, 0x69, 0x4A, 0xAA, 0x52, 0x8A, 0x52, 0x8A, 0x52, 0x69, 0x4A,
    0x69, 0x4A, 0xE7, 0x39, 0x08, 0x42, 0xC7, 0x39, 0xC7, 0x39, 0xC7, 0x39, 0xC7, 0x39, 0xC7, 0x39,
    0xC7, 0x39, 0xC7, 0x39, 0xC7, 0x39, 0xC7, 0x39, 0x08, 0x42, 0x08, 0x42, 0xE7, 0x39, 0xE7, 0x39,
    0xC7, 0x39, 0xC7, 0x39, 0xC7, 0x39, 0xC7, 0x39, 0x08, 0x42, 0xA7, 0x39, 0x08, 0x42, 0xE7, 0x41,
    0xA6, 0x39, 0xA6, 0x39, 0xA6, 0x39, 0xC7, 0x39, 0xE7, 0x39, 0x08, 0x42, 0x08, 0x42, 0x07, 0x42,
    0x28, 0x4A, 0x28, 0x4A, 0x08, 0x4A, 0x28, 0x4A, 0x28, 0x4A, 0x28, 0x4A, 0x28, 0x4A, 0x28, 0x4A,
    0x28, 0x4A, 0x49, 0x4A, 0x49, 0x52, 0x69, 0x52, 0x69, 0x52, 0x69, 0x52, 0x69, 0x52, 0x49, 0x4A,
    0x49, 0x52, 0x69, 0x52, 0x69, 0x52, 0xAA, 0x5A, 0x28, 0x4A, 0x28, 0x4A, 0x69, 0x5A, 0xAA, 0x5A,
    0xEB, 0x62, 0xAA, 0x62, 0xCB, 0x62, 0xEB, 0x6A, 0xAA, 0x5A, 0x89, 0x52, 0x0C, 0x6B, 0x2C, 0x73,
    0xCB, 0x62, 0xCB, 0x62, 0xCB, 0x62, 0x89, 0x5A, 0xCB, 0x62, 0xEB, 0x6A, 0xAA, 0x5A, 0x69, 0x52,
    0xCB, 0x5A, 0x2C, 0x6B, 0xEB, 0x6A, 0x6D, 0x7B, 0xAE, 0x7B, 0xCB, 0x62, 0xEB, 0x62, 0x49, 0x52,
    0x69, 0x52, 0x69, 0x52, 0x69, 0x52, 0x69, 0x5A, 0x69, 0x52, 0x49, 0x52, 0x48, 0x52, 0x48, 0x52,
    0x48, 0x52, 0x48, 0x52, 0x28, 0x4A, 0x28, 0x4A, 0x28, 0x4A, 0x28, 0x4A, 0x49, 0x4A, 0x49, 0x4A,
    0x49, 0x4A, 0x28, 0x4A, 0x07, 0x42, 0x48, 0x52, 0x69, 0x52, 0x49, 0x52, 0x28, 0x52, 0x07, 0x52,
    0x28, 0x5A, 0xCA, 0x72, 0x4B, 0x8B, 0xAC, 0x9B, 0xCD, 0x9B, 0xEE, 0x9B, 0xEE, 0x9B, 0xCD, 0x9B,
    0x6C, 0x83, 0xEB, 0x72, 0xAA, 0x6A, 0xAA, 0x62, 0xAA, 0x62, 0xAA, 0x6A, 0xAA, 0x6A, 0xCA, 0x6A,
    0xCA, 0x6A, 0xEA, 0x6A, 0x2B, 0x7B, 0x8D, 0x83, 0x0F, 0x94, 0x90, 0xA4, 0xD1, 0xAC, 0x12, 0xB5,
    0x53, 0xBD, 0x74, 0xBD, 0x74, 0xBD, 0x74, 0xC5, 0x74, 0xBD, 0x53, 0xBD, 0x32, 0xB5, 0xF2, 0xB4,
    0x90, 0xAC, 0x2F, 0x9C, 0x0F, 0x9C, 0xEE, 0x93, 0x0E, 0x9C, 0xEE, 0x93, 0x8C, 0x8B, 0x6C, 0x83,
    0x6C, 0x83, 0x4C, 0x83, 0x4B, 0x83, 0x2B, 0x7B, 0x0B, 0x7B, 0x0B, 0x73, 0xEA, 0x72, 0xEA, 0x72,
    0xEA, 0x72, 0xEA, 0x72, 0x0B, 0x73, 0x0B, 0x7B, 0x0B, 0x7B, 0x2B, 0x7B, 0x4B, 0x7B, 0x4C, 0x83,
    0x6C, 0x8B, 0x8D, 0x8B, 0xAD, 0x93, 0xAD, 0x93, 0xAD, 0x8B, 0x8D, 0x8B, 0x6C, 0x83, 0x2B, 0x83,
    0x0B, 0x7B, 0x0B, 0x7B, 0x2B, 0x7B, 0x2C, 0x83, 0x0B, 0x7B, 0xEA, 0x7A, 0x6C, 0x83, 0x4C, 0x83,
    0x2B, 0x7B, 0xEB, 0x72, 0xAA, 0x62, 0x89, 0x62, 0x89, 0x5A, 0x89, 0x5A, 0x69, 0x5A, 0x49, 0x5A,
    0x69, 0x5A, 0x28, 0x52, 0x49, 0x52, 0xAA, 0x62, 0xEB, 0x6A, 0xEB, 0x6A, 0x0B, 0x6B, 0x0B, 0x6B,
    0xEB, 0x6A, 0xEB, 0x6A, 0xEB, 0x6A, 0xAE, 0x83, 0xAD, 0x83, 0xAD, 0x83, 0xCE, 0x83, 0x8D, 0x7B,
    0xAA, 0x62, 0xEB, 0x6A, 0x8A, 0x5A, 0x49, 0x52, 0xCA, 0x5A, 0xEB, 0x62, 0xAA, 0x5A, 0xAA, 0x62,
    0x0B, 0x6B, 0x2C, 0x6B, 0x6D, 0x7B, 0x6C, 0x73, 0x4C, 0x73, 0xCE, 0x83, 0x6C, 0x73, 0x8D, 0x7B,
    0xAD, 0x83, 0x2B, 0x73, 0x2C, 0x73, 0x4C, 0x73, 0x8D, 0x7B, 0x8D, 0x7B, 0x8D, 0x7B, 0x6D, 0x7B,
    0x6C, 0x7B, 0x6C, 0x7B, 0x4C, 0x73, 0xEA, 0x6A, 0x6D, 0x7B, 0x2C, 0x73, 0xCB, 0x62, 0xEB, 0x62,
    0xEB, 0x62, 0xAE, 0x7B, 0x8D, 0x7B, 0x6D, 0x73, 0x4C, 0x6B, 0xEB, 0x62, 0x48, 0x4A, 0x0B, 0x63,
    0xAE, 0x73, 0x4C, 0x6B, 0x4D, 0x6B, 0x6D, 0x6B, 0x6D, 0x6B, 0x6D, 0x6B, 0x6D, 0x6B, 0x6D, 0x6B,
    0x6D, 0x6B, 0x4D, 0x6B, 0x4D, 0x6B, 0x4D, 0x6B, 0x4D, 0x6B, 0x4D, 0x6B, 0x6D, 0x6B, 0x0C, 0x5B,
    0x0C, 0x5B, 0x6D, 0x63, 0x4D, 0x63, 0x4D, 0x6B, 0x4D, 0x6B, 0x4D, 0x6B, 0x6D, 0x6B, 0x6D, 0x6B,
    0x6D, 0x6B, 0x0C, 0x5B, 0x4D, 0x63, 0x6D, 0x6B, 0x6D, 0x6B, 0x6D, 0x6B, 0x6D, 0x6B, 0x6D, 0x6B,
    0x6D, 0x6B, 0x6D, 0x6B, 0x6D, 0x6B, 0x6D, 0x6B, 0x6D, 0x6B, 0x6D, 0x6B, 0x6D, 0x6B, 0x6D, 0x6B,
    0x6D, 0x6B, 0x6D, 0x6B, 0x6D, 0x6B, 0x6D, 0x6B, 0x6D, 0x6B, 0x6D, 0x6B, 0x6D, 0x6B, 0x6D, 0x6B,
    0x6D, 0x6B, 0x6D, 0x6B, 0x6D, 0x6B, 0x6D, 0x6B, 0x6D, 0x6B, 0x6D, 0x6B, 0x6D, 0x6B, 0x6D, 0x6B,
    0x6D, 0x6B, 0x4D, 0x6B, 0x4D, 0x6B, 0x4D, 0x6B, 0x2C, 0x63, 0xCB, 0x5A, 0x8A, 0x4A, 0xCB, 0x52,
    0x2C, 0x5B, 0x0C, 0x5B, 0x49, 0x4A, 0xE7, 0x39, 0xC7, 0x31, 0xC7, 0x39, 0xC7, 0x39, 0xE7, 0x39,
    0x28, 0x42, 0x48, 0x42, 0x49, 0x4A, 0xAA, 0x52, 0xAA, 0x52, 0x8A, 0x52, 0x69, 0x4A, 0x49, 0x4A,
    0x08, 0x42, 0xE7, 0x39, 0xC7, 0x39, 0xA6, 0x31, 0xC7, 0x39, 0xA6, 0x31, 0xC7, 0x39, 0xC7, 0x39,
    0xC7, 0x39, 0xC7, 0x39, 0xA6, 0x31, 0xC7, 0x39, 0xE7, 0x39, 0xE7, 0x39, 0xE7, 0x39, 0xE7, 0x39,
    0xC7, 0x39, 0xC7, 0x39, 0xA7, 0x39, 0xE7, 0x39, 0xE7, 0x39, 0xC7, 0x39, 0x08, 0x42, 0xC7, 0x39,
    0xA6, 0x31, 0xA6, 0x31, 0xA6, 0x31, 0xA7, 0x39, 0xE7, 0x39, 0xE7, 0x41, 0xE7, 0x41, 0xE7, 0x41,
    0x49, 0x4A, 0x28, 0x4A, 0x08, 0x4A, 0x08, 0x4A, 0x07, 0x42, 0x08, 0x4A, 0x07, 0x42, 0x08, 0x4A,
    0x28, 0x4A, 0x49, 0x4A, 0x49, 0x4A, 0x69, 0x52, 0x69, 0x52, 0x69, 0x52, 0x69, 0x52, 0x28, 0x4A,
    0x49, 0x52, 0x69, 0x52, 0x49, 0x4A, 0xAA, 0x5A, 0x28, 0x4A, 0x28, 0x4A, 0x69, 0x52, 0xAA, 0x5A,
    0xCB, 0x62, 0xAA, 0x5A, 0xAA, 0x62, 0xEB, 0x62, 0xAA, 0x5A, 0x69, 0x52, 0xEB, 0x62, 0x2C, 0x73,
    0xCB, 0x62, 0xCA, 0x62, 0xAA, 0x62, 0x69, 0x5A, 0xCB, 0x62, 0xEB, 0x6A, 0x8A, 0x5A, 0x49, 0x4A,
    0xAA, 0x5A, 0x0C, 0x6B, 0xEB, 0x62, 0x4D, 0x73, 0xAE, 0x7B, 0xCB, 0x62, 0xEB, 0x62, 0x49, 0x52,
    0x49, 0x52, 0x49, 0x52, 0x69, 0x5A, 0x69, 0x5A, 0x69, 0x5A, 0x69, 0x5A, 0x69, 0x5A, 0x89, 0x62,
    0xAA, 0x62, 0x89, 0x62, 0x89, 0x62, 0x69, 0x5A, 0x48, 0x52, 0x28, 0x52, 0x28, 0x52, 0x28, 0x4A,
    0x08, 0x4A, 0x07, 0x42, 0x28, 0x4A, 0xAA, 0x62, 0xAA, 0x62, 0x89, 0x5A, 0x49, 0x52, 0x28, 0x52,
    0x07, 0x4A, 0x28, 0x5A, 0xEA, 0x7A, 0x8C, 0x93, 0xEE, 0x9B, 0x0E, 0xA4, 0x2F, 0xA4, 0xEE, 0x9B,
    0x6C, 0x83, 0xEA, 0x72, 0xAA, 0x6A, 0xAA, 0x62, 0xAA, 0x6A, 0xAA, 0x6A, 0xAA, 0x6A, 0xCA, 0x6A,
    0xCA, 0x6A, 0xEA, 0x72, 0x2C, 0x7B, 0xAD, 0x8B, 0x4F, 0x9C, 0xB1, 0xAC, 0xF2, 0xB4, 0x33, 0xBD,
    0x74, 0xBD, 0x94, 0xC5, 0xB5, 0xC5, 0xB4, 0xC5, 0x94, 0xC5, 0x73, 0xBD, 0x33, 0xBD, 0xF1, 0xB4,
    0x70, 0xA4, 0x2F, 0x9C, 0x0F, 0x9C, 0x0E, 0x9C, 0x0E, 0x9C, 0xCE, 0x93, 0x6C, 0x83, 0x6C, 0x83,
    0x6C, 0x83, 0x4C, 0x83, 0x2B, 0x7B, 0x0B, 0x7B, 0x0B, 0x73, 0xEA, 0x72, 0xEA, 0x72, 0xEA, 0x72,
    0xEA, 0x72, 0xEA, 0x72, 0x0B, 0x7B, 0x0B, 0x7B, 0x2B, 0x7B, 0x2B, 0x7B, 0x4B, 0x83, 0x6C, 0x83,
    0x6C, 0x8B, 0x8D, 0x8B, 0xAD, 0x93, 0xAD, 0x93, 0xAD, 0x93, 0x8D, 0x8B, 0x8C, 0x8B, 0x6C, 0x83,
    0x4B, 0x83, 0x2B, 0x7B, 0x4B, 0x83, 0x4C, 0x83, 0x2B, 0x83, 0xEA, 0x72, 0x4C, 0x83, 0x4C, 0x83,
    0x2B, 0x7B, 0xEB, 0x72, 0xAA, 0x62, 0x89, 0x62, 0x89, 0x5A, 0x89, 0x5A, 0x8A, 0x5A, 0x69, 0x5A,
    0x89, 0x5A, 0x48, 0x52, 0x49, 0x52, 0xAA, 0x62, 0xEB, 0x6A, 0xEB, 0x6A, 0x0C, 0x6B, 0x0C, 0x6B,
    0xEB, 0x6A, 0xEB, 0x6A, 0xEB, 0x62, 0x8D, 0x83, 0xAE, 0x83, 0xAD, 0x83, 0xCE, 0x83, 0x8D, 0x7B,
    0xAA, 0x62, 0xEB, 0x6A, 0xAA, 0x5A, 0x49, 0x52, 0xAA, 0x5A, 0xEB, 0x62, 0xAA, 0x5A, 0xAA, 0x5A,
    0xCA, 0x62, 0x2C, 0x6B, 0x6C, 0x73, 0x8D, 0x7B, 0x4C, 0x73, 0xCD, 0x83, 0xAD, 0x83, 0x4C, 0x73,
    0xCE, 0x83, 0x4C, 0x73, 0x2C, 0x6B, 0x2C, 0x73, 0x6D, 0x7B, 0x8D, 0x7B, 0x8D, 0x7B, 0x8D, 0x7B,
    0x6D, 0x7B, 0x6C, 0x7B, 0x6C, 0x7B, 0x0B, 0x6B, 0x0B, 0x6B, 0x8D, 0x7B, 0xEB, 0x62, 0xEB, 0x62,
    0xAA, 0x5A, 0x6D, 0x73, 0x8E, 0x7B, 0x4C, 0x6B, 0x4C, 0x6B, 0x2C, 0x6B, 0xAA, 0x5A, 0x48, 0x4A,
    0x8D, 0x73, 0x6D, 0x6B, 0x4D, 0x6B, 0x6D, 0x6B, 0x6D, 0x6B, 0x6D, 0x6B, 0x6D, 0x6B, 0x6D, 0x6B,
    0x6D, 0x6B, 0x6D, 0x6B, 0x4D, 0x6B, 0x4D, 0x6B, 0x4D, 0x6B, 0x4D, 0x6B, 0x4D, 0x6B, 0x4D, 0x6B,
    0xEB, 0x5A, 0x2C, 0x63, 0x2D, 0x63, 0x4D, 0x6B, 0x4D, 0x6B, 0x4D, 0x6B, 0x6D, 0x6B, 0x6D, 0x6B,
    0x6D, 0x6B, 0x4D, 0x63, 0x2C, 0x63, 0x6E, 0x6B, 0x6D, 0x6B, 0x6D, 0x6B, 0x6D, 0x6B, 0x6D, 0x6B,
    0x6D, 0x6B, 0x6D, 0x6B, 0x6D, 0x6B, 0x6D, 0x6B, 0x6D, 0x6B, 0x6D, 0x6B, 0x6D, 0x6B, 0x6D, 0x6B,
    0x6D, 0x6B, 0x6D, 0x6B, 0x6D, 0x6B, 0x6D, 0x6B, 0x6D, 0x6B, 0x6D, 0x6B, 0x6D, 0x6B, 0x6D, 0x6B,
    0x6D, 0x6B, 0x6D, 0x6B, 0x6D, 0x6B, 0x6D, 0x6B, 0x6D, 0x6B, 0x6D, 0x6B, 0x6D, 0x6B, 0x6D, 0x6B,
    0x4D, 0x6B, 0x4D, 0x6B, 0x4D, 0x6B, 0x4D, 0x63, 0xEB, 0x5A, 0x8A, 0x52, 0xCB, 0x52, 0x0C, 0x5B,
    0x0C, 0x5B, 0x69, 0x4A, 0xE7, 0x39, 0xC7, 0x31, 0xC7, 0x39, 0xC7, 0x39, 0xE7, 0x39, 0x28, 0x42,
    0x69, 0x4A, 0x69, 0x4A, 0x8A, 0x52, 0xAA, 0x52, 0xAA, 0x52, 0x69, 0x4A, 0x49, 0x4A, 0x28, 0x42,
    0xE7, 0x39, 0xC7, 0x39, 0xA6, 0x31, 0xA6, 0x31, 0xA6, 0x31, 0xA6, 0x31, 0xA6, 0x31, 0xA6, 0x31,
    0xA6, 0x31, 0xA6, 0x31, 0xA6, 0x31, 0xC7, 0x39, 0xC7, 0x39, 0xC7, 0x39, 0xC7, 0x39, 0xC7, 0x39,
    0xC7, 0x39, 0xC7, 0x39, 0xC7, 0x39, 0xE8, 0x41, 0xA6, 0x39, 0x08, 0x42, 0xE7, 0x39, 0xA6, 0x31,
    0xA6, 0x31, 0xA6, 0x31, 0xA6, 0x31, 0xA6, 0x31, 0xC7, 0x39, 0xC7, 0x39, 0xC7, 0x39, 0xE7, 0x39,
    0x49, 0x4A, 0x08, 0x42, 0x08, 0x4A, 0x08, 0x42, 0x08, 0x42, 0x08, 0x42, 0x08, 0x42, 0x08, 0x42,
    0x08, 0x4A, 0x28, 0x4A, 0x28, 0x4A, 0x69, 0x52, 0x69, 0x52, 0x69, 0x52, 0x69, 0x52, 0x28, 0x4A,
    0x49, 0x52, 0x69, 0x52, 0x48, 0x4A, 0xAA, 0x5A, 0x08, 0x4A, 0x28, 0x4A, 0x69, 0x52, 0xAA, 0x5A,
    0xCB, 0x62, 0xAA, 0x5A, 0xAA, 0x62, 0xCB, 0x62, 0xAA, 0x5A, 0x89, 0x52, 0xAA, 0x5A, 0x2C, 0x73,
    0xCB, 0x62, 0xAA, 0x62, 0xAA, 0x5A, 0x69, 0x52, 0xAA, 0x62, 0xEB, 0x62, 0x8A, 0x52, 0x28, 0x4A,
    0x8A, 0x5A, 0x0B, 0x6B, 0xCB, 0x62, 0x2C, 0x73, 0xAE, 0x7B, 0xAA, 0x62, 0xEB, 0x62, 0x49, 0x52,
    0x49, 0x52, 0x49, 0x52, 0x69, 0x5A, 0x69, 0x5A, 0x69, 0x5A, 0x69, 0x62, 0x89, 0x62, 0xA9, 0x6A,
    0x89, 0x6A, 0x89, 0x6A, 0x89, 0x6A, 0xAA, 0x6A, 0xAA, 0x6A, 0xCA, 0x72, 0xAA, 0x6A, 0xCA, 0x6A,
    0xA9, 0x6A, 0xC9, 0x6A, 0xCA, 0x6A, 0xEA, 0x72, 0xEA, 0x6A, 0xA9, 0x62, 0x68, 0x5A, 0x48, 0x52,
    0x28, 0x52, 0x07, 0x52, 0x48, 0x5A, 0x4B, 0x83, 0xEE, 0x9B, 0x4F, 0xAC, 0x6F, 0xAC, 0x0E, 0x9C,
    0x6C, 0x83, 0xEB, 0x72, 0xAA, 0x6A, 0xAA, 0x6A, 0xAA, 0x6A, 0xAA, 0x6A, 0xAA, 0x6A, 0xCA, 0x6A,
    0xEA, 0x6A, 0x0B, 0x73, 0x4C, 0x83, 0xCE, 0x93, 0x70, 0xA4, 0xD1, 0xAC, 0x12, 0xB5, 0x53, 0xBD,
    0x94, 0xC5, 0xB5, 0xC5, 0xD5, 0xCD, 0xB5, 0xC5, 0x94, 0xC5, 0x74, 0xC5, 0x33, 0xBD, 0xD1, 0xB4,
    0x70, 0xA4, 0x2F, 0x9C, 0x0F, 0x9C, 0x0F, 0x9C, 0x0F, 0x9C, 0xAD, 0x8B, 0x6C, 0x83, 0x6C, 0x83,
    0x6C, 0x83, 0x4B, 0x83, 0x2B, 0x7B, 0x0B, 0x7B, 0x0B, 0x73, 0xEA, 0x72, 0xEA, 0x72, 0xEA, 0x72,
    0xEA, 0x72, 0xEA, 0x72, 0xEB, 0x7A, 0x0B, 0x7B, 0x2B, 0x7B, 0x2B, 0x83, 0x4B, 0x83, 0x4C, 0x83,
    0x6C, 0x8B, 0x8D, 0x8B, 0xAD, 0x93, 0xAD, 0x93, 0xAD, 0x93, 0xAD, 0x8B, 0x8D, 0x8B, 0x8C, 0x8B,
    0x6C, 0x8B, 0x4C, 0x83, 0x4C, 0x83, 0x6C, 0x8B, 0x4C, 0x83, 0xEA, 0x7A, 0x2B, 0x7B, 0x4C, 0x83,
    0x2B, 0x7B, 0x0B, 0x73, 0xAA, 0x62, 0x8A, 0x62, 0x8A, 0x62, 0x8A, 0x62, 0x8A, 0x62, 0x8A, 0x5A,
    0x8A, 0x5A, 0x49, 0x52, 0x49, 0x52, 0xAA, 0x62, 0xEB, 0x6A, 0xEB, 0x6A, 0x0B, 0x6B, 0x2C, 0x6B,
    0xEB, 0x6A, 0xEB, 0x6A, 0xCA, 0x62, 0x8D, 0x7B, 0xCE, 0x83, 0x8D, 0x7B, 0xEE, 0x83, 0xAD, 0x7B,
    0xAA, 0x62, 0xCB, 0x62, 0xAA, 0x5A, 0x49, 0x52, 0x89, 0x52, 0xEB, 0x62, 0xCA, 0x62, 0xCA, 0x62,
    0xAA, 0x5A, 0x0C, 0x6B, 0x4C, 0x73, 0x8D, 0x7B, 0x2C, 0x73, 0x8D, 0x7B, 0xEE, 0x83, 0x2B, 0x73,
    0xAD, 0x83, 0x8D, 0x7B, 0x0B, 0x6B, 0x0B, 0x6B, 0x2C, 0x6B, 0x8D, 0x7B, 0x6D, 0x7B, 0x8D, 0x7B,
    0x8D, 0x7B, 0x8D, 0x7B, 0x6C, 0x7B, 0x4C, 0x7B, 0xEA, 0x6A, 0x4C, 0x73, 0x4C, 0x73, 0xEB, 0x62,
    0xAA, 0x62, 0x0B, 0x6B, 0xAE, 0x7B, 0x4C, 0x73, 0x4C, 0x6B, 0x4C, 0x6B, 0x0B, 0x63, 0x48, 0x4A,
    0xEB, 0x5A, 0xAE, 0x73, 0x4D, 0x6B, 0x6D, 0x6B, 0x6D, 0x6B, 0x6D, 0x6B, 0x6D, 0x6B, 0x6D, 0x6B,
    0x6D, 0x6B, 0x6D, 0x6B, 0x6D, 0x6B, 0x6D, 0x6B, 0x4D, 0x6B, 0x4D, 0x6B, 0x4D, 0x6B, 0x6D, 0x6B,
    0x2C, 0x63, 0x0B, 0x5B, 0x2D, 0x63, 0x2D, 0x63, 0x6D, 0x6B, 0x4D, 0x6B, 0x6D, 0x6B, 0x6D, 0x6B,
    0x6D, 0x6B, 0x6D, 0x6B, 0x0C, 0x5B, 0x6D, 0x6B, 0x6D, 0x6B, 0x6D, 0x6B, 0x6D, 0x6B, 0x6D, 0x6B,
    0x6D, 0x6B, 0x6D, 0x6B, 0x6D, 0x6B, 0x6D, 0x6B, 0x6D, 0x6B, 0x6D, 0x6B, 0x6D, 0x6B, 0x6D, 0x6B,
    0x6D, 0x6B, 0x6D, 0x6B, 0x6D, 0x6B, 0x6D, 0x6B, 0x6D, 0x6B, 0x6D, 0x6B, 0x6D, 0x6B, 0x6D, 0x6B,
    0x6D, 0x6B, 0x6D, 0x6B, 0x6D, 0x6B, 0x6D, 0x6B, 0x6D, 0x6B, 0x6D, 0x6B, 0x6D, 0x6B, 0x4D, 0x6B,
    0x4D, 0x6B, 0x4D, 0x6B, 0x4D, 0x63, 0xEC, 0x5A, 0x8A, 0x52, 0xAB, 0x52, 0x0C, 0x63, 0x2C, 0x5B,
    0x8A, 0x4A, 0xE7, 0x39, 0xC7, 0x39, 0xC7, 0x39, 0xC7, 0x39, 0xE7, 0x39, 0x29, 0x42, 0x49, 0x4A,
    0x8A, 0x52, 0x89, 0x4A, 0xAA, 0x52, 0x8A, 0x52, 0xAA, 0x52, 0x49, 0x4A, 0x28, 0x42, 0xE7, 0x39,
    0xE7, 0x39, 0xA6, 0x31, 0xA6, 0x31, 0xA6, 0x31, 0xA6, 0x31, 0xA6, 0x31, 0xA6, 0x31, 0xA6, 0x31,
    0xA6, 0x31, 0xA6, 0x31, 0xA6, 0x31, 0xC7, 0x39, 0xC7, 0x39, 0xC7, 0x39, 0xA6, 0x31, 0xA6, 0x31,
    0xA6, 0x31, 0xA6, 0x31, 0xC7, 0x39, 0xC7, 0x39, 0xC7, 0x39, 0xE8, 0x41, 0xA6, 0x31, 0xA6, 0x31,
    0xA6, 0x31, 0xA6, 0x31, 0xA6, 0x31, 0xA6, 0x31, 0xA6, 0x31, 0xA7, 0x39, 0xA6, 0x31, 0xE7, 0x39,
    0x28, 0x4A, 0xE8, 0x41, 0x08, 0x42, 0xE7, 0x41, 0xE7, 0x41, 0xE7, 0x41, 0xE7, 0x41, 0xE7, 0x41,
    0x08, 0x4A, 0x28, 0x4A, 0x28, 0x4A, 0x69, 0x52, 0x69, 0x52, 0x69, 0x52, 0x49, 0x52, 0x08, 0x4A,
    0x49, 0x52, 0x49, 0x52, 0x49, 0x4A, 0xAA, 0x5A, 0x07, 0x42, 0x28, 0x4A, 0x69, 0x52, 0x8A, 0x5A,
    0xCB, 0x62, 0xAA, 0x5A, 0xAA, 0x5A, 0xCB, 0x62, 0xCA, 0x62, 0x89, 0x52, 0xAA, 0x5A, 0x2C, 0x73,
    0xCB, 0x6A, 0xAA, 0x62, 0xAA, 0x5A, 0x69, 0x52, 0xAB, 0x62, 0xCB, 0x62, 0x69, 0x52, 0x28, 0x4A,
    0x8A, 0x52, 0xEB, 0x6A, 0xEB, 0x62, 0x0C, 0x6B, 0xAE, 0x7B, 0xAA, 0x5A, 0xEB, 0x62, 0x69, 0x52,
    0x49, 0x52, 0x69, 0x5A, 0x69, 0x5A, 0x69, 0x5A, 0x69, 0x5A, 0x69, 0x62, 0x89, 0x62, 0x89, 0x6A,
    0x89, 0x6A, 0x89, 0x6A, 0x89, 0x6A, 0xA9, 0x72, 0xAA, 0x72, 0xCA, 0x7A, 0xEA, 0x7A, 0x2B, 0x83,
    0xEA, 0x82, 0x6C, 0x8B, 0x4B, 0x8B, 0x6C, 0x93, 0xAD, 0x93, 0xAD, 0x93, 0x6C, 0x83, 0xCA, 0x6A,
    0x49, 0x5A, 0x28, 0x5A, 0x07, 0x52, 0xC9, 0x72, 0xEE, 0x9B, 0x90, 0xB4, 0xD1, 0xB4, 0x2F, 0xA4,
    0x6C, 0x83, 0xEB, 0x72, 0xAA, 0x6A, 0xAA, 0x6A, 0xAA, 0x6A, 0xAA, 0x6A, 0xCA, 0x6A, 0xCA, 0x6A,
    0xEA, 0x6A, 0x0B, 0x73, 0x6D, 0x83, 0x0F, 0x9C, 0x91, 0xAC, 0xF2, 0xB4, 0x33, 0xBD, 0x74, 0xC5,
    0xB5, 0xCD, 0xF6, 0xCD, 0xF6, 0xCD, 0xD5, 0xCD, 0xB5, 0xC5, 0x74, 0xC5, 0x33, 0xBD, 0xD1, 0xAC,
    0x70, 0xA4, 0x2F, 0x9C, 0x0F, 0x9C, 0x2F, 0x9C, 0x0E, 0x9C, 0x8D, 0x8B, 0x8C, 0x8B, 0x6C, 0x83,
    0x6C, 0x83, 0x4B, 0x83, 0x2B, 0x7B, 0x0B, 0x7B, 0xEA, 0x72, 0xEA, 0x72, 0xEA, 0x72, 0xEA, 0x72,
    0xEA, 0x72, 0xEA, 0x72, 0xEB, 0x7A, 0x0B, 0x7B, 0x0B, 0x7B, 0x2B, 0x7B, 0x2B, 0x83, 0x4C, 0x83,
    0x6C, 0x8B, 0x8D, 0x8B, 0xAD, 0x93, 0xAD, 0x93, 0xAD, 0x93, 0xAD, 0x93, 0x8D, 0x8B, 0x8C, 0x8B,
    0x8C, 0x8B, 0x8C, 0x8B, 0x6C, 0x8B, 0x6C, 0x8B, 0x6C, 0x8B, 0x0B, 0x7B, 0x0A, 0x7B, 0x6C, 0x83,
    0x2B, 0x7B, 0x0B, 0x73, 0xAA, 0x62, 0x8A, 0x62, 0x8A, 0x62, 0x8A, 0x62, 0x8A, 0x62, 0x8A, 0x62,
    0xAA, 0x62, 0x69, 0x5A, 0x69, 0x5A, 0xAA, 0x62, 0xEB, 0x6A, 0xEB, 0x6A, 0x0B, 0x6B, 0x2C, 0x73,
    0xEB, 0x6A, 0xCB, 0x62, 0xCA, 0x62, 0x6D, 0x7B, 0xCE, 0x83, 0x8D, 0x7B, 0xCE, 0x83, 0xAD, 0x83,
    0xEB, 0x62, 0xCA, 0x62, 0xCB, 0x62, 0x69, 0x52, 0x69, 0x52, 0xEB, 0x62, 0xEB, 0x62, 0xCA, 0x62,
    0x8A, 0x5A, 0xEB, 0x62, 0x4C, 0x73, 0xAD, 0x7B, 0x4C, 0x73, 0x4C, 0x73, 0xEE, 0x83, 0x4C, 0x73,
    0x6C, 0x73, 0xAD, 0x83, 0x2C, 0x73, 0x2C, 0x6B, 0x0B, 0x6B, 0x6D, 0x7B, 0x8D, 0x7B, 0x8D, 0x7B,
    0x6D, 0x7B, 0x8D, 0x7B, 0x8D, 0x7B, 0x6C, 0x7B, 0x2B, 0x73, 0xEB, 0x6A, 0x6D, 0x7B, 0x0C, 0x6B,
    0xCA, 0x62, 0xCA, 0x62, 0x8D, 0x7B, 0x6D, 0x73, 0x2C, 0x6B, 0x4C, 0x6B, 0x4C, 0x6B, 0xAA, 0x5A,
    0x48, 0x4A, 0x6D, 0x6B, 0x8D, 0x73, 0x4D, 0x6B, 0x4D, 0x6B, 0x6D, 0x6B, 0x6D, 0x6B, 0x6D, 0x6B,
    0x6D, 0x6B, 0x6D, 0x6B, 0x6D, 0x6B, 0x6D, 0x6B, 0x6D, 0x6B, 0x4D, 0x6B, 0x4D, 0x6B, 0x4D, 0x6B,
    0x6D, 0x6B, 0x0C, 0x5B, 0x2C, 0x63, 0x2D, 0x63, 0x4D, 0x6B, 0x6D, 0x6B, 0x6D, 0x6B, 0x6D, 0x6B,
    0x6D, 0x6B, 0x6E, 0x6B, 0x2D, 0x63, 0x2C, 0x63, 0x6E, 0x6B, 0x6D, 0x6B, 0x6D, 0x6B, 0x6D, 0x6B,
    0x6D, 0x6B, 0x6D, 0x6B, 0x6D, 0x6B, 0x6D, 0x6B, 0x6D, 0x6B, 0x6D, 0x6B, 0x6D, 0x6B, 0x6D, 0x6B,
    0x6D, 0x6B, 0x6D, 0x6B, 0x6D, 0x6B, 0x6D, 0x6B, 0x6D, 0x6B, 0x6D, 0x6B, 0x6D, 0x6B, 0x6D, 0x6B,
    0x6D, 0x6B, 0x6D, 0x6B, 0x6D, 0x6B, 0x6D, 0x6B, 0x6D, 0x6B, 0x6D, 0x6B, 0x6D, 0x6B, 0x4D, 0x6B,
    0x4D, 0x6B, 0x4D, 0x6B, 0x0C, 0x63, 0xAA, 0x52, 0xAB, 0x52, 0x0C, 0x63, 0x2C, 0x63, 0x8A, 0x4A,
    0x08, 0x3A, 0xC7, 0x39, 0xA6, 0x39, 0xC7, 0x31, 0xC7, 0x39, 0x29, 0x42, 0x49, 0x42, 0xAB, 0x52,
    0x8A, 0x52, 0xAA, 0x52, 0x89, 0x4A, 0xCB, 0x5A, 0x8A, 0x52, 0x28, 0x42, 0x08, 0x42, 0xC7, 0x39,
    0xC7, 0x39, 0xA6, 0x31, 0xA6, 0x31, 0xA6, 0x31, 0xA6, 0x31, 0xA6, 0x31, 0xA6, 0x31, 0xA6, 0x31,
    0xA6, 0x31, 0xA6, 0x31, 0xA6, 0x31, 0xA6, 0x31, 0xA6, 0x31, 0xA6, 0x31, 0xA6, 0x31, 0xA6, 0x31,
    0xA6, 0x31, 0xA6, 0x31, 0xE7, 0x39, 0x86, 0x31, 0xE8, 0x41, 0xA7, 0x39, 0x86, 0x31, 0x86, 0x31,
    0x86, 0x31, 0xA6, 0x31, 0xA6, 0x31, 0xA6, 0x31, 0xA6, 0x31, 0xA6, 0x31, 0xA6, 0x31, 0xE7, 0x39,
    0x28, 0x42, 0x08, 0x42, 0x08, 0x42, 0xE7, 0x41, 0xE7, 0x41, 0xE7, 0x41, 0xE7, 0x41, 0xE7, 0x41,
    0x08, 0x42, 0x28, 0x4A, 0x28, 0x4A, 0x69, 0x52, 0x69, 0x52, 0x69, 0x52, 0x49, 0x4A, 0x08, 0x42,
    0x49, 0x52, 0x49, 0x52, 0x49, 0x52, 0x8A, 0x5A, 0x07, 0x42, 0x28, 0x4A, 0x69, 0x52, 0x89, 0x5A,
    0xCA, 0x62, 0x8A, 0x5A, 0x8A, 0x5A, 0xCB, 0x62, 0xAA, 0x5A, 0x89, 0x52, 0x89, 0x5A, 0x0C, 0x6B,
    0xEB, 0x6A, 0xAA, 0x62, 0x8A, 0x5A, 0x49, 0x52, 0xAA, 0x5A, 0xCB, 0x62, 0x6A, 0x52, 0x49, 0x4A,
    0x8A, 0x52, 0xEB, 0x62, 0xEB, 0x6A, 0xEB, 0x6A, 0xAE, 0x83, 0xAA, 0x62, 0xEB, 0x62, 0x69, 0x5A,
    0x49, 0x52, 0x69, 0x5A, 0x69, 0x5A, 0x69, 0x5A, 0x69, 0x5A, 0x8A, 0x62, 0x8A, 0x6A, 0x89, 0x6A,
    0xA9, 0x6A, 0xAA, 0x6A, 0xCA, 0x72, 0xC9, 0x72, 0xEA, 0x7A, 0xEA, 0x7A, 0x0B, 0x83, 0x0B, 0x83,
    0x2B, 0x8B, 0x4B, 0x93, 0x6B, 0x93, 0x6B, 0x93, 0x8C, 0x9B, 0xCD, 0xA3, 0xEE, 0xA3, 0x0F, 0xA4,
    0xEE, 0x9B, 0x0B, 0x7B, 0x27, 0x5A, 0x68, 0x6A, 0xAD, 0x93, 0xB1, 0xB4, 0xF2, 0xBC, 0x4F, 0xA4,
    0x6C, 0x83, 0xEB, 0x72, 0xCA, 0x6A, 0xAA, 0x6A, 0xAA, 0x6A, 0xCA, 0x6A, 0xCA, 0x6A, 0xCA, 0x6A,
    0xEB, 0x72, 0x2C, 0x7B, 0xAE, 0x8B, 0x4F, 0x9C, 0xB1, 0xAC, 0x12, 0xB5, 0x53, 0xBD, 0xB5, 0xC5,
    0xF5, 0xCD, 0x16, 0xD6, 0x16, 0xD6, 0xF6, 0xCD, 0xB5, 0xC5, 0x74, 0xC5, 0x33, 0xBD, 0xB1, 0xAC,
    0x50, 0xA4, 0x2F, 0x9C, 0x2F, 0x9C, 0x2F, 0x9C, 0xCE, 0x93, 0x8C, 0x8B, 0x8C, 0x8B, 0x6C, 0x83,
    0x6C, 0x83, 0x2B, 0x83, 0x2B, 0x7B, 0x0B, 0x73, 0xEA, 0x72, 0xEA, 0x72, 0xEA, 0x72, 0xCA, 0x72,
    0xCA, 0x72, 0xCA, 0x72, 0xEA, 0x7A, 0xEA, 0x7A, 0x0B, 0x7B, 0x2B, 0x83, 0x2B, 0x83, 0x4C, 0x83,
    0x4C, 0x83, 0x6C, 0x8B, 0x8D, 0x8B, 0x8D, 0x8B, 0x8D, 0x8B, 0x8D, 0x8B, 0x8D, 0x8B, 0x8D, 0x8B,
    0x8C, 0x8B, 0x8C, 0x8B, 0x8C, 0x8B, 0x8C, 0x8B, 0x6C, 0x8B, 0x2B, 0x83, 0xEA, 0x7A, 0x6C, 0x83,
    0x2C, 0x7B, 0x0B, 0x73, 0xAA, 0x62, 0x8A, 0x62, 0x8A, 0x62, 0x8A, 0x62, 0x8A, 0x62, 0xAA, 0x62,
    0xCA, 0x62, 0xAA, 0x62, 0x89, 0x5A, 0xAA, 0x62, 0xEB, 0x6A, 0xEB, 0x6A, 0xEB, 0x6A, 0x2C, 0x73,
    0x0B, 0x6B, 0xCB, 0x62, 0xCA, 0x62, 0x4C, 0x73, 0xCE, 0x83, 0x8D, 0x7B, 0xCE, 0x83, 0xCE, 0x83,
    0xEB, 0x6A, 0xAA, 0x62, 0xEB, 0x62, 0x89, 0x52, 0x69, 0x52, 0xCA, 0x62, 0xEB, 0x62, 0xCB, 0x62,
    0xAA, 0x5A, 0xAA, 0x5A, 0x2C, 0x6B, 0x8D, 0x7B, 0x6D, 0x73, 0x2C, 0x6B, 0xCE, 0x83, 0xAD, 0x83,
    0x2B, 0x6B, 0xAD, 0x83, 0x4C, 0x73, 0x0B, 0x6B, 0xEB, 0x6A, 0x2C, 0x73, 0x8D, 0x7B, 0x6D, 0x7B,
    0x8D, 0x7B, 0x8D, 0x7B, 0x6D, 0x7B, 0x6C, 0x7B, 0x4C, 0x7B, 0x0B, 0x6B, 0x2C, 0x73, 0x4D, 0x73,
    0x0B, 0x6B, 0xAA, 0x5A, 0x4C, 0x73, 0x8D, 0x7B, 0x2C, 0x6B, 0x2C, 0x6B, 0x4C, 0x6B, 0x0C, 0x63,
    0x69, 0x52, 0xAA, 0x5A, 0xAE, 0x73, 0x6D, 0x6B, 0x6D, 0x6B, 0x6D, 0x6B, 0x6D, 0x6B, 0x6D, 0x6B,
    0x6D, 0x6B, 0x6D, 0x6B, 0x6D, 0x6B, 0x6D, 0x6B, 0x6D, 0x6B, 0x6D, 0x6B, 0x4D, 0x6B, 0x4D, 0x6B,
    0x4D, 0x6B, 0x4D, 0x6B, 0xEB, 0x5A, 0x4D, 0x6B, 0x2C, 0x63, 0x6D, 0x6B, 0x6D, 0x6B, 0x6D, 0x6B,
    0x6D, 0x6B, 0x6D, 0x6B, 0x6D, 0x6B, 0x0C, 0x5B, 0x6D, 0x6B, 0x6D, 0x6B, 0x6D, 0x6B, 0x6D, 0x6B,
    0x6D, 0x6B, 0x6D, 0x6B, 0x6D, 0x6B, 0x6D, 0x6B, 0x6D, 0x6B, 0x6D, 0x6B, 0x6D, 0x6B, 0x6D, 0x6B,
    0x6D, 0x6B, 0x6D, 0x6B, 0x6D, 0x6B, 0x6D, 0x6B, 0x6D, 0x6B, 0x6D, 0x6B, 0x6D, 0x6B, 0x6D, 0x6B,
    0x6D, 0x6B, 0x6D, 0x6B, 0x6D, 0x6B, 0x6D, 0x6B, 0x6D, 0x6B, 0x6D, 0x6B, 0x6D, 0x6B, 0x6D, 0x6B,
    0x4D, 0x6B, 0x2C, 0x63, 0xAB, 0x52, 0xAB, 0x52, 0x0C, 0x5B, 0x2D, 0x63, 0xAB, 0x52, 0x08, 0x3A,
    0xC7, 0x39, 0xA6, 0x31, 0xA6, 0x31, 0xC7, 0x39, 0x49, 0x4A, 0x49, 0x4A, 0x8A, 0x52, 0xCB, 0x5A,
    0x8A, 0x52, 0x89, 0x4A, 0xAA, 0x52, 0xCB, 0x5A, 0x49, 0x4A, 0x08, 0x42, 0xE7, 0x39, 0xC7, 0x39,
    0xA6, 0x31, 0xA6, 0x31, 0xA6, 0x31, 0xA6, 0x31, 0xA6, 0x31, 0xA6, 0x31, 0xA6, 0x31, 0xA6, 0x31,
    0x86, 0x31, 0xA6, 0x31, 0xC7, 0x39, 0xA6, 0x31, 0x86, 0x31, 0x86, 0x31, 0x86, 0x31, 0x86, 0x31,
    0x86, 0x31, 0xC7, 0x39, 0xA6, 0x31, 0xC7, 0x39, 0xE7, 0x39, 0xA6, 0x31, 0x86, 0x31, 0x86, 0x31,
    0x86, 0x31, 0x86, 0x31, 0x86, 0x31, 0xA6, 0x31, 0xA6, 0x31, 0xA6, 0x31, 0x86, 0x31, 0x08, 0x42,
    0xE7, 0x39, 0xE7, 0x39, 0x08, 0x42, 0xE7, 0x41, 0xE7, 0x41, 0xE7, 0x41, 0xE7, 0x41, 0xE7, 0x41,
    0xE7, 0x41, 0x28, 0x4A, 0x08, 0x4A, 0x69, 0x52, 0x69, 0x52, 0x69, 0x52, 0x49, 0x4A, 0x08, 0x42,
    0x49, 0x4A, 0x49, 0x52, 0x69, 0x52, 0x89, 0x52, 0x07, 0x42, 0x28, 0x4A, 0x69, 0x52, 0x69, 0x5A,
    0xAA, 0x62, 0x8A, 0x5A, 0x8A, 0x5A, 0xCB, 0x62, 0xAA, 0x5A, 0x8A, 0x52, 0x49, 0x52, 0xEB, 0x6A,
    0x0C, 0x6B, 0xAA, 0x62, 0x8A, 0x5A, 0x49, 0x52, 0xAA, 0x5A, 0xCB, 0x62, 0x69, 0x52, 0x49, 0x4A,
    0x8A, 0x52, 0xCB, 0x62, 0xEB, 0x6A, 0xCB, 0x6A, 0xAE, 0x83, 0xCA, 0x62, 0xCB, 0x62, 0x8A, 0x5A,
    0x49, 0x52, 0x69, 0x5A, 0x69, 0x5A, 0x69, 0x62, 0x8A, 0x62, 0x89, 0x6A, 0x89, 0x6A, 0xA9, 0x6A,
    0xA9, 0x6A, 0xAA, 0x72, 0xCA, 0x72, 0xEA, 0x7A, 0xEA, 0x82, 0x0B, 0x83, 0x2B, 0x8B, 0x4B, 0x8B,
    0x4B, 0x93, 0x6C, 0x93, 0x8C, 0x9B, 0xAC, 0x9B, 0xCD, 0x9B, 0xED, 0xA3, 0xEE, 0xA3, 0xEE, 0xA3,
    0x2E, 0xAC, 0x90, 0xB4, 0xCE, 0x93, 0xA9, 0x6A, 0x8C, 0x8B, 0xB1, 0xB4, 0x12, 0xBD, 0x70, 0xA4,
    0x6C, 0x83, 0xEB, 0x72, 0xCA, 0x6A, 0xCA, 0x6A, 0xCA, 0x6A, 0xCA, 0x6A, 0xCA, 0x6A, 0xEA, 0x6A,
    0x0B, 0x73, 0x6C, 0x83, 0xEE, 0x93, 0x70, 0xA4, 0xD2, 0xAC, 0x33, 0xBD, 0x74, 0xC5, 0xD5, 0xCD,
    0x16, 0xD6, 0x16, 0xD6, 0x16, 0xD6, 0xF6, 0xD5, 0xB5, 0xCD, 0x74, 0xC5, 0x33, 0xBD, 0xB1, 0xAC,
    0x50, 0xA4, 0x4F, 0x9C, 0x2F, 0x9C, 0x2F, 0x9C, 0xCD, 0x93, 0x8D, 0x8B, 0x8C, 0x8B, 0x6C, 0x8B,
    0x4C, 0x83, 0x2B, 0x83, 0x0B, 0x7B, 0xEA, 0x7A, 0xEA, 0x72, 0xEA, 0x72, 0xEA, 0x72, 0xCA, 0x72,
    0xCA, 0x72, 0xCA, 0x72, 0xEA, 0x72, 0xEA, 0x7A, 0xEA, 0x7A, 0xEA, 0x7A, 0xEA, 0x7A, 0x0B, 0x7B,
    0x4B, 0x83, 0x6C, 0x83, 0x8C, 0x8B, 0x8D, 0x8B, 0x8D, 0x8B, 0x8D, 0x8B, 0x6C, 0x8B, 0x6C, 0x8B,
    0x8D, 0x8B, 0x8D, 0x8B, 0x8C, 0x8B, 0x8C, 0x8B, 0x6C, 0x8B, 0x2B, 0x83, 0xEA, 0x7A, 0x4C, 0x83,
    0x4C, 0x83, 0x0B, 0x73, 0xCA, 0x6A, 0x89, 0x62, 0x89, 0x62, 0x8A, 0x62, 0x89, 0x62, 0xA9, 0x62,
    0xCA, 0x62, 0xCA, 0x62, 0x89, 0x62, 0xCA, 0x62, 0xEB, 0x6A, 0xEB, 0x6A, 0xCB, 0x6A, 0x2C, 0x73,
    0x0C, 0x73, 0xCB, 0x6A, 0xCA, 0x62, 0x2C, 0x73, 0xCE, 0x83, 0x8D, 0x7B, 0xCE, 0x83, 0xCE, 0x83,
    0x0B, 0x6B, 0x89, 0x5A, 0xEB, 0x62, 0x89, 0x52, 0x69, 0x52, 0xAA, 0x5A, 0xEB, 0x62, 0xCB, 0x62,
    0xCB, 0x62, 0x89, 0x5A, 0x0B, 0x63, 0x6D, 0x73, 0x8D, 0x7B, 0x2B, 0x6B, 0xAD, 0x7B, 0xEE, 0x8B,
    0x2C, 0x73, 0x8D, 0x7B, 0x8D, 0x7B, 0x0C, 0x6B, 0xEB, 0x6A, 0x0B, 0x6B, 0x6C, 0x7B, 0x6C, 0x7B,
    0x8C, 0x7B, 0x8D, 0x7B, 0x6D, 0x7B, 0x6D, 0x7B, 0x6D, 0x7B, 0x4C, 0x73, 0x0B, 0x6B, 0x6D, 0x73,
    0x4C, 0x73, 0xCA, 0x62, 0x0B, 0x6B, 0x8D, 0x7B, 0x6D, 0x73, 0x2C, 0x6B, 0x4C, 0x6B, 0x2C, 0x6B,
    0xEB, 0x5A, 0x49, 0x4A, 0x4C, 0x6B, 0x8D, 0x73, 0x4C, 0x6B, 0x6D, 0x6B, 0x6D, 0x6B, 0x6D, 0x6B,
    0x6D, 0x6B, 0x6D, 0x6B, 0x6D, 0x6B, 0x6D, 0x6B, 0x6D, 0x6B, 0x6D, 0x6B, 0x6D, 0x6B, 0x4D, 0x6B,
    0x4D, 0x6B, 0x6D, 0x6B, 0x0C, 0x5B, 0x2C, 0x63, 0x4C, 0x63, 0x4D, 0x6B, 0x6D, 0x6B, 0x6D, 0x6B,
    0x6D, 0x6B, 0x6D, 0x6B, 0x6D, 0x6B, 0x2C, 0x63, 0x4D, 0x63, 0x6D, 0x6B, 0x6D, 0x6B, 0x6D, 0x6B,
    0x6D, 0x6B, 0x6D, 0x6B, 0x6D, 0x6B, 0x6D, 0x6B, 0x6D, 0x6B, 0x6D, 0x6B, 0x6D, 0x6B, 0x6D, 0x6B,
    0x6D, 0x6B, 0x6D, 0x6B, 0x6D, 0x6B, 0x6D, 0x6B, 0x6D, 0x6B, 0x6D, 0x6B, 0x6D, 0x6B, 0x6D, 0x6B,
    0x6D, 0x6B, 0x6D, 0x6B, 0x6D, 0x6B, 0x6D, 0x6B, 0x6D, 0x6B, 0x6D, 0x6B, 0x6D, 0x6B, 0x6D, 0x6B,
    0x2C, 0x63, 0xCB, 0x5A, 0x8A, 0x52, 0x0C, 0x5B, 0x2D, 0x63, 0xCB, 0x52, 0x08, 0x42, 0xE7, 0x39,
    0xC7, 0x39, 0xA6, 0x31, 0xC7, 0x39, 0x69, 0x4A, 0x6A, 0x4A, 0x6A, 0x4A, 0xEC, 0x5A, 0xAB, 0x52,
    0xAA, 0x52, 0x69, 0x4A, 0xEB, 0x5A, 0xAA, 0x52, 0x08, 0x42, 0x08, 0x42, 0xC7, 0x39, 0xA6, 0x31,
    0xA6, 0x31, 0xA6, 0x31, 0xA6, 0x31, 0xA6, 0x31, 0x86, 0x31, 0x86, 0x31, 0x86, 0x31, 0x86, 0x31,
    0x86, 0x31, 0xA6, 0x31, 0xA6, 0x31, 0x86, 0x31, 0x86, 0x31, 0x86, 0x31, 0x86, 0x31, 0x86, 0x31,
    0xA6, 0x31, 0xC7, 0x39, 0x86, 0x31, 0xE7, 0x39, 0xA6, 0x31, 0x86, 0x31, 0x86, 0x31, 0x86, 0x31,
    0x86, 0x31, 0x86, 0x31, 0x86, 0x31, 0xA6, 0x31, 0xA6, 0x31, 0x86, 0x31, 0xA6, 0x31, 0x08, 0x42,
    0xC7, 0x39, 0xC7, 0x39, 0xE7, 0x41, 0xE7, 0x41, 0xE7, 0x41, 0xC7, 0x39, 0xE7, 0x41, 0xC7, 0x39,
    0xE7, 0x41, 0x08, 0x4A, 0x08, 0x4A, 0x49, 0x52, 0x69, 0x52, 0x69, 0x52, 0x28, 0x4A, 0x07, 0x42,
    0x48, 0x4A, 0x48, 0x52, 0x69, 0x52, 0x89, 0x52, 0x07, 0x42, 0x08, 0x4A, 0x69, 0x52, 0x69, 0x52,
    0xAA, 0x5A, 0x8A, 0x5A, 0x8A, 0x5A, 0xAA, 0x5A, 0x8A, 0x5A, 0x8A, 0x52, 0x49, 0x52, 0xCA, 0x62,
    0x2C, 0x6B, 0xCA, 0x62, 0xAA, 0x5A, 0x49, 0x52, 0xAA, 0x5A, 0xCB, 0x62, 0x6A, 0x52, 0x69, 0x52,
    0x8A, 0x5A, 0xCB, 0x62, 0xEB, 0x6A, 0xCB, 0x6A, 0xAE, 0x83, 0xEB, 0x6A, 0xCB, 0x62, 0xAA, 0x62,
    0x69, 0x5A, 0x69, 0x5A, 0x8A, 0x62, 0x8A, 0x62, 0x89, 0x62, 0x89, 0x6A, 0xA9, 0x6A, 0xA9, 0x6A,
    0xA9, 0x72, 0xC9, 0x72, 0xEA, 0x7A, 0x0A, 0x83, 0x0B, 0x83, 0x0B, 0x83, 0x2B, 0x8B, 0x6C, 0x93,
    0x6C, 0x93, 0x8C, 0x9B, 0xAC, 0x9B, 0xCD, 0x9B, 0xED, 0xA3, 0x0E, 0xAC, 0x2E, 0xAC, 0x2F, 0xAC,
    0x2F, 0xAC, 0x4F, 0xAC, 0xD1, 0xB4, 0x70, 0xA4, 0xCD, 0x93, 0x90, 0xAC, 0x32, 0xBD, 0x70, 0xA4,
    0x6D, 0x8B, 0x0B, 0x73, 0xEA, 0x6A, 0xCA, 0x6A, 0xCA, 0x6A, 0xEA, 0x6A, 0xCA, 0x6A, 0xEA, 0x72,
    0x2C, 0x7B, 0x8D, 0x8B, 0x0E, 0x9C, 0x91, 0xAC, 0x12, 0xB5, 0x53, 0xBD, 0x94, 0xC5, 0xF6, 0xCD,
    0x16, 0xD6, 0x37, 0xD6, 0x36, 0xD6, 0xF6, 0xD5, 0xB5, 0xCD, 0x74, 0xC5, 0x33, 0xBD, 0xB0, 0xAC,
    0x50, 0xA4, 0x4F, 0xA4, 0x4F, 0xA4, 0x2F, 0x9C, 0xAD, 0x8B, 0xAD, 0x8B, 0x8D, 0x8B, 0x6C, 0x8B,
    0x4C, 0x83, 0x2B, 0x83, 0x0B, 0x7B, 0xEA, 0x72, 0xCA, 0x72, 0xEA, 0x72, 0xCA, 0x72, 0xCA, 0x72,
    0xA9, 0x6A, 0x89, 0x6A, 0x88, 0x62, 0x68, 0x62, 0x68, 0x6A, 0x88, 0x6A, 0x89, 0x6A, 0x89, 0x6A,
    0x89, 0x6A, 0xA9, 0x72, 0xCA, 0x72, 0x2B, 0x7B, 0x4C, 0x8B, 0x6C, 0x8B, 0x6C, 0x8B, 0x6C, 0x8B,
    0x6C, 0x8B, 0x8C, 0x8B, 0x8C, 0x8B, 0x8C, 0x8B, 0x6C, 0x8B, 0x2B, 0x83, 0xEA, 0x72, 0x0B, 0x7B,
    0x4C, 0x83, 0x0B, 0x73, 0xEA, 0x6A, 0x89, 0x5A, 0x89, 0x5A, 0x89, 0x62, 0x89, 0x62, 0xA9, 0x62,
    0xEA, 0x6A, 0xCA, 0x62, 0xAA, 0x62, 0xCA, 0x62, 0xEB, 0x6A, 0xEB, 0x6A, 0xCB, 0x62, 0x0C, 0x6B,
    0x2C, 0x6B, 0xEB, 0x6A, 0xCA, 0x62, 0x0C, 0x6B, 0xAE, 0x83, 0x8D, 0x7B, 0xCE, 0x83, 0xCE, 0x83,
    0x2C, 0x73, 0x89, 0x5A, 0xCB, 0x62, 0xAA, 0x5A, 0x69, 0x52, 0x8A, 0x5A, 0xEB, 0x62, 0xCB, 0x62,
    0xEB, 0x62, 0x89, 0x5A, 0xCA, 0x62, 0x4C, 0x73, 0xAE, 0x7B, 0x2C, 0x6B, 0x6C, 0x73, 0xEE, 0x8B,
    0x6D, 0x73, 0x2C, 0x6B, 0xCE, 0x83, 0x4C, 0x73, 0xEB, 0x62, 0xEB, 0x6A, 0x4C, 0x73, 0x6C, 0x7B,
    0x6C, 0x7B, 0x8D, 0x7B, 0x8D, 0x7B, 0x6D, 0x7B, 0x8D, 0x7B, 0x6D, 0x7B, 0x4C, 0x73, 0x0B, 0x6B,
    0x6C, 0x73, 0xEB, 0x6A, 0xCA, 0x62, 0x6D, 0x7B, 0x8D, 0x7B, 0x4C, 0x6B, 0x4C, 0x6B, 0x4D, 0x6B,
    0x2C, 0x6B, 0xAA, 0x52, 0x89, 0x52, 0x8D, 0x73, 0x6D, 0x6B, 0x4D, 0x6B, 0x4D, 0x6B, 0x4D, 0x63,
    0x6D, 0x6B, 0x6D, 0x6B, 0x6D, 0x6B, 0x6D, 0x6B, 0x6D, 0x6B, 0x6D, 0x6B, 0x4D, 0x6B, 0x4D, 0x6B,
    0x6D, 0x6B, 0x6D, 0x6B, 0x4D, 0x63, 0x0C, 0x5B, 0x6D, 0x6B, 0x2C, 0x63, 0x6D, 0x6B, 0x6D, 0x6B,
    0x6D, 0x6B, 0x6D, 0x6B, 0x6D, 0x6B, 0x6D, 0x6B, 0x0C, 0x63, 0x6D, 0x6B, 0x6D, 0x6B, 0x6D, 0x6B,
    0x6D, 0x6B, 0x6D, 0x6B, 0x6D, 0x6B, 0x6D, 0x6B, 0x6D, 0x6B, 0x6D, 0x6B, 0x6D, 0x6B, 0x6D, 0x6B,
    0x6D, 0x6B, 0x6D, 0x6B, 0x6D, 0x6B, 0x6D, 0x6B, 0x6D, 0x6B, 0x6D, 0x6B, 0x6D, 0x6B, 0x6D, 0x6B,
    0x6D, 0x6B, 0x6D, 0x6B, 0x6D, 0x6B, 0x6D, 0x6B, 0x6D, 0x6B, 0x6D, 0x6B, 0x6D, 0x6B, 0x4D, 0x63,
    0xEB, 0x5A, 0x8A, 0x52, 0xEB, 0x5A, 0x2C, 0x63, 0xEC, 0x5A, 0x29, 0x42, 0xE7, 0x39, 0xC7, 0x39,
    0xA7, 0x31, 0xE7, 0x39, 0x49, 0x4A, 0xAA, 0x52, 0x69, 0x4A, 0xEC, 0x5A, 0xEB, 0x5A, 0xCB, 0x5A,
    0x69, 0x4A, 0xAA, 0x52, 0xEB, 0x5A, 0x69, 0x4A, 0x08, 0x42, 0xE7, 0x39, 0xC7, 0x39, 0xA6, 0x31,
    0xA6, 0x31, 0xA6, 0x31, 0xA6, 0x31, 0x86, 0x31, 0x86, 0x31, 0x86, 0x31, 0x86, 0x31, 0x86, 0x31,
    0xA6, 0x31, 0xA6, 0x31, 0xA6, 0x31, 0x86, 0x31, 0x86, 0x31, 0x86, 0x31, 0x86, 0x31, 0x86, 0x31,
    0xC7, 0x39, 0x86, 0x31, 0xC7, 0x39, 0xC7, 0x39, 0x86, 0x31, 0x86, 0x31, 0x86, 0x31, 0x86, 0x31,
    0x86, 0x31, 0x86, 0x31, 0x86, 0x31, 0x86, 0x31, 0xA6, 0x31, 0x86, 0x31, 0xA6, 0x31, 0x07, 0x3A,
    0xA6, 0x31, 0xC7, 0x39, 0xE7, 0x41, 0xE7, 0x41, 0xE7, 0x41, 0xC7, 0x39, 0xC7, 0x39, 0xC6, 0x39,
    0xE7, 0x41, 0x08, 0x42, 0x08, 0x42, 0x49, 0x52, 0x69, 0x52, 0x49, 0x52, 0x28, 0x4A, 0xE7, 0x41,
    0x28, 0x4A, 0x28, 0x4A, 0x69, 0x52, 0x69, 0x52, 0xE7, 0x41, 0x08, 0x4A, 0x69, 0x52, 0x69, 0x52,
    0xAA, 0x5A, 0x69, 0x5A, 0x8A, 0x5A, 0xAA, 0x5A, 0x8A, 0x5A, 0x69, 0x52, 0x49, 0x52, 0x89, 0x5A,
    0x2C, 0x73, 0xCB, 0x62, 0xAA, 0x5A, 0x49, 0x52, 0x8A, 0x5A, 0xEB, 0x62, 0x8A, 0x5A, 0x89, 0x52,
    0x8A, 0x5A, 0xCB, 0x62, 0xEB, 0x6A, 0xCA, 0x62, 0xAE, 0x83, 0x2C, 0x73, 0xEB, 0x6A, 0x0B, 0x6B,
    0xCA, 0x6A, 0xEB, 0x6A, 0xEB, 0x72, 0xCA, 0x6A, 0xCA, 0x6A, 0xCA, 0x72, 0xCA, 0x72, 0xCA, 0x72,
    0xEA, 0x7A, 0xEA, 0x7A, 0x0A, 0x7B, 0x2B, 0x83, 0x2B, 0x83, 0x4B, 0x8B, 0x6C, 0x8B, 0x8C, 0x93,
    0xAD, 0x93, 0xCD, 0x9B, 0xEE, 0xA3, 0x0E, 0xA4, 0x2E, 0xAC, 0x6F, 0xAC, 0x90, 0xB4, 0xB0, 0xB4,
    0xB1, 0xBC, 0xB1, 0xB4, 0xD1, 0xB4, 0x12, 0xBD, 0xD1, 0xAC, 0x90, 0xAC, 0x12, 0xB5, 0x70, 0xA4,
    0x8D, 0x8B, 0x2B, 0x7B, 0xEB, 0x72, 0xEB, 0x72, 0xEB, 0x6A, 0xEA, 0x6A, 0xEA, 0x6A, 0x0B, 0x73,
    0x4C, 0x83, 0xAE, 0x8B, 0x2F, 0x9C, 0xD1, 0xB4, 0x33, 0xBD, 0x74, 0xC5, 0xB5, 0xCD, 0xF6, 0xD5,
    0x37, 0xD6, 0x37, 0xD6, 0x36, 0xD6, 0x16, 0xD6, 0xB5, 0xCD, 0x74, 0xC5, 0x33, 0xBD, 0xB1, 0xAC,
    0x50, 0xA4, 0x50, 0xA4, 0x70, 0xA4, 0x0F, 0x9C, 0xAD, 0x8B, 0xAD, 0x93, 0x8D, 0x8B, 0x6C, 0x8B,
    0x4C, 0x83, 0x0B, 0x7B, 0x0B, 0x7B, 0xEA, 0x7A, 0xCA, 0x72, 0xA9, 0x6A, 0x89, 0x6A, 0x69, 0x6A,
    0x69, 0x6A, 0x89, 0x6A, 0xA9, 0x72, 0xC9, 0x72, 0xC9, 0x72, 0xEA, 0x7A, 0xEA, 0x7A, 0x0A, 0x7B,
    0x0A, 0x7B, 0x0A, 0x7B, 0xEA, 0x7A, 0xCA, 0x72, 0xA9, 0x72, 0xCA, 0x72, 0x0B, 0x83, 0x4C, 0x8B,
    0x6C, 0x8B, 0x6C, 0x8B, 0x8C, 0x8B, 0x8C, 0x8B, 0x6C, 0x8B, 0x2B, 0x83, 0xEB, 0x7A, 0xEB, 0x72,
    0x4C, 0x83, 0x0B, 0x7B, 0xEA, 0x6A, 0x89, 0x5A, 0x69, 0x5A, 0x89, 0x5A, 0x89, 0x62, 0xAA, 0x62,
    0xEB, 0x6A, 0xCA, 0x62, 0xAA, 0x62, 0xCA, 0x62, 0xEB, 0x6A, 0xEB, 0x6A, 0xCB, 0x62, 0x0C, 0x6B,
    0x0C, 0x6B, 0xEB, 0x6A, 0xAA, 0x62, 0x0B, 0x6B, 0x8D, 0x7B, 0x8D, 0x7B, 0xCE, 0x83, 0xCE, 0x83,
    0x4C, 0x73, 0x89, 0x5A, 0xCA, 0x62, 0xAA, 0x5A, 0x8A, 0x5A, 0x8A, 0x5A, 0xEB, 0x62, 0xEB, 0x62,
    0xEB, 0x62, 0xAA, 0x5A, 0x89, 0x5A, 0x0B, 0x6B, 0xAE, 0x7B, 0x6D, 0x73, 0x2C, 0x73, 0xCE, 0x83,
    0xCE, 0x83, 0x0B, 0x6B, 0x8D, 0x7B, 0x6D, 0x7B, 0x0C, 0x6B, 0xEB, 0x62, 0x2C, 0x73, 0x4C, 0x73,
    0x4C, 0x73, 0x8D, 0x7B, 0x8D, 0x7B, 0x6D, 0x7B, 0x6D, 0x7B, 0x6C, 0x7B, 0x6D, 0x7B, 0x2B, 0x6B,
    0x2C, 0x73, 0x2B, 0x73, 0xCA, 0x62, 0x4C, 0x73, 0x8D, 0x7B, 0x6C, 0x73, 0x4C, 0x6B, 0x4D, 0x73,
    0x4C, 0x6B, 0x0B, 0x63, 0x69, 0x4A, 0x0B, 0x63, 0xAE, 0x73, 0x4D, 0x6B, 0x4D, 0x6B, 0x4D, 0x63,
    0x6D, 0x6B, 0x6D, 0x6B, 0x6D, 0x6B, 0x6D, 0x6B, 0x6D, 0x6B, 0x6D, 0x6B, 0x6D, 0x6B, 0x6D, 0x6B,
    0x6D, 0x6B, 0x6D, 0x6B, 0x6D, 0x6B, 0x2C, 0x63, 0x2C, 0x63, 0x4D, 0x6B, 0x2C, 0x63, 0x6D, 0x6B,
    0x6D, 0x6B, 0x6D, 0x6B, 0x6D, 0x6B, 0x6E, 0x6B, 0x0C, 0x63, 0x4D, 0x63, 0x6D, 0x6B, 0x6D, 0x6B,
    0x6D, 0x6B, 0x6D, 0x6B, 0x6D, 0x6B, 0x6D, 0x6B, 0x6D, 0x6B, 0x6D, 0x6B, 0x6D, 0x63, 0x6D, 0x6B,
    0x6D, 0x6B, 0x6D, 0x6B, 0x6D, 0x6B, 0x6D, 0x6B, 0x6D, 0x6B, 0x6D, 0x6B, 0x6D, 0x6B, 0x6D, 0x6B,
    0x6D, 0x6B, 0x6D, 0x6B, 0x6D, 0x6B, 0x6D, 0x6B, 0x6D, 0x6B, 0x6D, 0x6B, 0x4D, 0x63, 0x0C, 0x5B,
    0xAA, 0x52, 0xCB, 0x52, 0x0C, 0x63, 0x0C, 0x63, 0x49, 0x4A, 0xE7, 0x39, 0xC7, 0x39, 0xC7, 0x39,
    0xC7, 0x39, 0x49, 0x4A, 0xCB, 0x5A, 0x6A, 0x4A, 0xCB, 0x5A, 0xEC, 0x5A, 0x0C, 0x5B, 0x8A, 0x52,
    0x49, 0x4A, 0xEB, 0x5A, 0xCB, 0x52, 0x08, 0x42, 0xE7, 0x39, 0xE7, 0x39, 0xA6, 0x31, 0xA6, 0x31,
    0xA6, 0x31, 0xA6, 0x31, 0xA6, 0x31, 0x86, 0x31, 0x86, 0x31, 0x86, 0x31, 0x86, 0x31, 0x86, 0x31,
    0xA6, 0x31, 0xA6, 0x31, 0x86, 0x31, 0x65, 0x29, 0x86, 0x31, 0x86, 0x31, 0x65, 0x29, 0xA6, 0x31,
    0xC7, 0x39, 0xA6, 0x31, 0xE7, 0x39, 0x86, 0x31, 0x86, 0x31, 0x86, 0x31, 0x86, 0x31, 0x86, 0x31,
    0x86, 0x31, 0x86, 0x31, 0x86, 0x31, 0x86, 0x31, 0x86, 0x31, 0x86, 0x31, 0xC7, 0x39, 0xE7, 0x39,
    0xA6, 0x31, 0xA6, 0x31, 0xE7, 0x41, 0xE7, 0x41, 0xE7, 0x41, 0xC7, 0x39, 0xC7, 0x39, 0xA6, 0x39,
    0xE7, 0x41, 0x08, 0x42, 0xE7, 0x41, 0x49, 0x52, 0x69, 0x52, 0x49, 0x4A, 0x08, 0x4A, 0xE7, 0x41,
    0x28, 0x4A, 0x28, 0x4A, 0x89, 0x5A, 0x69, 0x52, 0xE7, 0x41, 0x28, 0x4A, 0x69, 0x52, 0x49, 0x52,
    0xAA, 0x5A, 0x69, 0x5A, 0x89, 0x5A, 0xAA, 0x5A, 0x8A, 0x5A, 0x49, 0x52, 0x29, 0x52, 0x49, 0x52,
    0x0C, 0x6B, 0xEB, 0x62, 0xAA, 0x5A, 0x69, 0x52, 0x8A, 0x5A, 0xEB, 0x6A, 0xAA, 0x5A, 0x8A, 0x5A,
    0xAA, 0x62, 0xCB, 0x62, 0x0B, 0x6B, 0xCA, 0x62, 0x8D, 0x83, 0x6C, 0x7B, 0x0B, 0x73, 0x4C, 0x7B,
    0x2B, 0x73, 0x2B, 0x7B, 0x2B, 0x7B, 0x4C, 0x83, 0x6C, 0x83, 0x6C, 0x8B, 0x6C, 0x83, 0x6C, 0x8B,
    0x8C, 0x8B, 0x8D, 0x93, 0xAD, 0x93, 0xAD, 0x93, 0xAD, 0x93, 0xCD, 0x93, 0xCE, 0x9B, 0xEE, 0x9B,
    0x2F, 0xA4, 0x4F, 0xA4, 0x70, 0xAC, 0x90, 0xAC, 0xB1, 0xB4, 0xD1, 0xB4, 0xF2, 0xBC, 0xF2, 0xBC,
    0xF2, 0xBC, 0xF2, 0xBC, 0x12, 0xBD, 0x12, 0xBD, 0x12, 0xBD, 0xD1, 0xB4, 0xD1, 0xAC, 0x4F, 0xA4,
    0xAD, 0x8B, 0x4C, 0x7B, 0x0B, 0x73, 0x0B, 0x73, 0x0B, 0x73, 0x0B, 0x73, 0x0B, 0x73, 0x2B, 0x7B,
    0x6D, 0x83, 0xEE, 0x93, 0x70, 0xA4, 0xF2, 0xB4, 0x53, 0xBD, 0x94, 0xC5, 0xD5, 0xCD, 0x16, 0xD6,
    0x37, 0xD6, 0x37, 0xD6, 0x36, 0xD6, 0x16, 0xD6, 0xB5, 0xCD, 0x74, 0xC5, 0x33, 0xBD, 0xB1, 0xAC,
    0x70, 0xA4, 0x70, 0xA4, 0x70, 0xA4, 0x0E, 0x94, 0xAD, 0x8B, 0xAD, 0x93, 0x8D, 0x8B, 0x6C, 0x8B,
    0x2C, 0x83, 0x0B, 0x7B, 0xEA, 0x7A, 0xCA, 0x72, 0xA9, 0x6A, 0xA9, 0x6A, 0xA9, 0x6A, 0xA9, 0x72,
    0xA9, 0x72, 0xA9, 0x72, 0xA9, 0x72, 0xA9, 0x72, 0xA9, 0x72, 0xC9, 0x72, 0xC9, 0x72, 0xC9, 0x72,
    0xEA, 0x7A, 0x0A, 0x7B, 0x0A, 0x7B, 0x0B, 0x7B, 0x0B, 0x7B, 0xEA, 0x72, 0xA9, 0x72, 0xA9, 0x72,
    0xEA, 0x7A, 0x4C, 0x8B, 0x6C, 0x8B, 0x8C, 0x8B, 0x6C, 0x8B, 0x2B, 0x83, 0xEB, 0x7A, 0xCA, 0x72,
    0x2C, 0x83, 0x0B, 0x7B, 0xEA, 0x6A, 0x89, 0x5A, 0x69, 0x5A, 0x89, 0x5A, 0x89, 0x62, 0xAA, 0x62,
    0xEA, 0x6A, 0xEA, 0x6A, 0xCA, 0x62, 0xCA, 0x62, 0xEB, 0x6A, 0xEB, 0x6A, 0xEB, 0x62, 0xEB, 0x6A,
    0x2C, 0x6B, 0xEB, 0x6A, 0xAA, 0x5A, 0xEB, 0x6A, 0x6C, 0x7B, 0x8D, 0x7B, 0xAD, 0x83, 0xCE, 0x83,
    0x6C, 0x7B, 0xCA, 0x62, 0xCA, 0x5A, 0xAA, 0x5A, 0x8A, 0x5A, 0x8A, 0x5A, 0xEB, 0x62, 0xEB, 0x62,
    0xCA, 0x62, 0xEB, 0x62, 0x69, 0x52, 0xCA, 0x62, 0x6D, 0x73, 0x8E, 0x7B, 0x0C, 0x6B, 0xAE, 0x7B,
    0xEE, 0x83, 0x4C, 0x73, 0x2C, 0x6B, 0xAE, 0x7B, 0x2C, 0x6B, 0x0B, 0x6B, 0x0B, 0x6B, 0x4D, 0x73,
    0x2C, 0x73, 0x8D, 0x7B, 0x8D, 0x7B, 0x6C, 0x7B, 0x6D, 0x7B, 0x6C, 0x7B, 0x6C, 0x7B, 0x6C, 0x7B,
    0x0B, 0x6B, 0x4C, 0x73, 0xEB, 0x6A, 0x2B, 0x6B, 0x8D, 0x7B, 0x8D, 0x73, 0x4C, 0x6B, 0x4D, 0x6B,
    0x4D, 0x6B, 0x2C, 0x6B, 0xAA, 0x5A, 0x69, 0x52, 0x8D, 0x73, 0x6D, 0x6B, 0x4D, 0x6B, 0x4D, 0x63,
    0x6D, 0x6B, 0x6D, 0x6B, 0x6D, 0x6B, 0x6D, 0x6B, 0x6D, 0x6B, 0x6D, 0x6B, 0x6D, 0x6B, 0x6D, 0x6B,
    0x6D, 0x6B, 0x6D, 0x6B, 0x6D, 0x6B, 0x4C, 0x6B, 0x0C, 0x63, 0x6D, 0x6B, 0x2C, 0x63, 0x4D, 0x6B,
    0x6D, 0x6B, 0x6D, 0x6B, 0x6D, 0x6B, 0x6D, 0x6B, 0x4D, 0x6B, 0x0C, 0x63, 0x8D, 0x6B, 0x6D, 0x6B,
    0x6D, 0x6B, 0x6D, 0x6B, 0x6D, 0x6B, 0x6D, 0x6B, 0x6D, 0x6B, 0x6D, 0x6B, 0x6D, 0x63, 0x6D, 0x6B,
    0x6D, 0x6B, 0x6D, 0x6B, 0x6D, 0x6B, 0x6D, 0x6B, 0x6D, 0x6B, 0x6D, 0x6B, 0x6D, 0x6B, 0x6D, 0x6B,
    0x6D, 0x6B, 0x6D, 0x6B, 0x6D, 0x6B, 0x6D, 0x6B, 0x6D, 0x6B, 0x4D, 0x63, 0x2D, 0x63, 0xAA, 0x52,
    0xCB, 0x52, 0x0C, 0x5B, 0x2C, 0x63, 0x8A, 0x52, 0xE8, 0x39, 0xC7, 0x39, 0xC7, 0x39, 0xC7, 0x39,
    0x28, 0x42, 0xEB, 0x5A, 0x8A, 0x52, 0xAB, 0x52, 0x0C, 0x63, 0x0C, 0x63, 0xEC, 0x5A, 0x49, 0x4A,
    0xAA, 0x52, 0xEB, 0x5A, 0x49, 0x4A, 0xE7, 0x39, 0xE7, 0x39, 0xC7, 0x39, 0x86, 0x31, 0xA6, 0x31,
    0xA6, 0x31, 0x86, 0x31, 0x86, 0x31, 0x86, 0x31, 0x86, 0x31, 0x86, 0x31, 0x86, 0x31, 0x86, 0x31,
    0xA6, 0x31, 0xA6, 0x31, 0x65, 0x29, 0x65, 0x29, 0x86, 0x31, 0x86, 0x31, 0x86, 0x31, 0xC7, 0x39,
    0x86, 0x31, 0xE7, 0x39, 0xC7, 0x39, 0x86, 0x31, 0x86, 0x31, 0x86, 0x31, 0x86, 0x31, 0x86, 0x31,
    0x86, 0x31, 0x86, 0x31, 0x86, 0x31, 0x86, 0x31, 0x86, 0x31, 0x86, 0x31, 0xC7, 0x39, 0xC7, 0x39,
    0x86, 0x31, 0xA6, 0x31, 0xE7, 0x39, 0xE7, 0x41, 0xE7, 0x41, 0xC7, 0x39, 0xC7, 0x39, 0xA6, 0x39,
    0xE7, 0x41, 0xE7, 0x41, 0xE7, 0x41, 0x49, 0x4A, 0x69, 0x52, 0x49, 0x4A, 0x08, 0x42, 0x07, 0x42,
    0x07, 0x42, 0x28, 0x4A, 0xAA, 0x5A, 0x48, 0x4A, 0xE7, 0x41, 0x08, 0x4A, 0x69, 0x52, 0x49, 0x52,
    0xAA, 0x5A, 0x69, 0x52, 0x69, 0x5A, 0xAA, 0x5A, 0x69, 0x5A, 0x49, 0x52, 0x49, 0x52, 0x48, 0x52,
    0xEB, 0x6A, 0x0B, 0x6B, 0x8A, 0x5A, 0x69, 0x52, 0x8A, 0x5A, 0x0C, 0x6B, 0xCB, 0x62, 0xAA, 0x62,
    0xCB, 0x6A, 0xEB, 0x6A, 0x0C, 0x6B, 0xCA, 0x62, 0x6C, 0x7B, 0xAD, 0x83, 0x6C, 0x7B, 0xAD, 0x83,
    0xAD, 0x83, 0xAD, 0x8B, 0xCD, 0x93, 0xEE, 0x93, 0xEE, 0x93, 0xEE, 0x93, 0xEE, 0x9B, 0x0E, 0x9C,
    0x0F, 0x9C, 0x2F, 0xA4, 0x2F, 0xA4, 0x4F, 0xA4, 0x4F, 0xA4, 0x4F, 0xA4, 0x70, 0xAC, 0x90, 0xAC,
    0xB1, 0xAC, 0xD1, 0xB4, 0xF1, 0xB4, 0xF2, 0xB4, 0x12, 0xBD, 0x12, 0xBD, 0x13, 0xBD, 0x13, 0xBD,
    0x13, 0xBD, 0x13, 0xBD, 0x12, 0xBD, 0x12, 0xBD, 0x12, 0xB5, 0xF1, 0xB4, 0xB0, 0xAC, 0x4F, 0x9C,
    0xCD, 0x8B, 0x6D, 0x83, 0x4C, 0x7B, 0x2B, 0x7B, 0x2B, 0x73, 0x0B, 0x73, 0x2B, 0x73, 0x4C, 0x7B,
    0xAD, 0x8B, 0x0F, 0x9C, 0x91, 0xAC, 0x12, 0xBD, 0x73, 0xC5, 0xB5, 0xCD, 0xF6, 0xD5, 0x16, 0xD6,
    0x37, 0xDE, 0x37, 0xD6, 0x36, 0xD6, 0xF6, 0xD5, 0xB5, 0xCD, 0x94, 0xC5, 0x33, 0xBD, 0xB1, 0xAC,
    0x70, 0xAC, 0x70, 0xA4, 0x70, 0xA4, 0x0E, 0x94, 0xCD, 0x93, 0xCE, 0x93, 0xAD, 0x8B, 0x6C, 0x8B,
    0x2B, 0x83, 0x0B, 0x7B, 0xEA, 0x72, 0xA9, 0x72, 0xA9, 0x72, 0xA9, 0x72, 0xA9, 0x72, 0x89, 0x6A,
    0x88, 0x6A, 0x88, 0x6A, 0x68, 0x6A, 0x68, 0x6A, 0x68, 0x6A, 0xA9, 0x6A, 0x68, 0x62, 0x89, 0x6A,
    0xA9, 0x6A, 0x89, 0x6A, 0xA9, 0x6A, 0xC9, 0x72, 0xCA, 0x72, 0x0A, 0x7B, 0x0A, 0x7B, 0xC9, 0x72,
    0xA9, 0x72, 0x88, 0x6A, 0x0A, 0x83, 0x6C, 0x8B, 0x4C, 0x8B, 0x0B, 0x83, 0xEB, 0x72, 0xCA, 0x72,
    0x0B, 0x7B, 0x2C, 0x7B, 0xEA, 0x72, 0xA9, 0x62, 0x69, 0x5A, 0x89, 0x5A, 0x89, 0x5A, 0xAA, 0x62,
    0xEA, 0x6A, 0xEA, 0x6A, 0xCA, 0x6A, 0xCB, 0x6A, 0xEB, 0x6A, 0xEB, 0x62, 0xEB, 0x62, 0xEB, 0x62,
    0x0C, 0x6B, 0x0B, 0x6B, 0xAA, 0x5A, 0xCA, 0x62, 0x4C, 0x73, 0x8D, 0x7B, 0xAD, 0x7B, 0xEE, 0x83,
    0x6C, 0x7B, 0xCA, 0x62, 0xAA, 0x5A, 0xAA, 0x5A, 0xAA, 0x5A, 0xAA, 0x5A, 0xCB, 0x62, 0x0B, 0x6B,
    0x8A, 0x5A, 0x0B, 0x6B, 0xAA, 0x5A, 0x8A, 0x5A, 0x2C, 0x6B, 0xAE, 0x7B, 0x2C, 0x6B, 0x6D, 0x7B,
    0xCE, 0x83, 0x8D, 0x7B, 0xEB, 0x62, 0x6D, 0x7B, 0x6D, 0x73, 0x2C, 0x6B, 0xEB, 0x62, 0x4D, 0x73,
    0x2C, 0x6B, 0x4C, 0x73, 0x8D, 0x7B, 0x6D, 0x7B, 0x6C, 0x73, 0x6C, 0x7B, 0x6C, 0x7B, 0x6C, 0x7B,
    0x4C, 0x73, 0x2B, 0x6B, 0x4C, 0x73, 0x2B, 0x6B, 0x8D, 0x7B, 0x8D, 0x73, 0x6D, 0x73, 0x4D, 0x6B,
    0x4D, 0x6B, 0x4D, 0x73, 0x0C, 0x63, 0x69, 0x4A, 0xCB, 0x5A, 0xAE, 0x73, 0x4D, 0x6B, 0x4D, 0x63,
    0x6D, 0x6B, 0x6D, 0x6B, 0x6D, 0x6B, 0x6D, 0x6B, 0x6D, 0x6B, 0x6D, 0x6B, 0x6D, 0x6B, 0x6D, 0x6B,
    0x6D, 0x6B, 0x6D, 0x6B, 0x6D, 0x6B, 0x6D, 0x6B, 0x2C, 0x63, 0x4D, 0x63, 0x4D, 0x6B, 0x0C, 0x63,
    0x6D, 0x6B, 0x4D, 0x6B, 0x6D, 0x6B, 0x6D, 0x6B, 0x6D, 0x6B, 0x2C, 0x63, 0x4D, 0x63, 0x6D, 0x6B,
    0x6D, 0x6B, 0x6D, 0x6B, 0x6D, 0x6B, 0x6D, 0x6B, 0x6D, 0x6B, 0x6D, 0x6B, 0x6D, 0x63, 0x6D, 0x6B,
    0x6D, 0x6B, 0x6D, 0x6B, 0x6D, 0x6B, 0x6D, 0x6B, 0x6D, 0x6B, 0x6D, 0x6B, 0x6D, 0x6B, 0x6D, 0x6B,
    0x6D, 0x6B, 0x6D, 0x6B, 0x6D, 0x6B, 0x4D, 0x6B, 0x4D, 0x6B, 0x2D, 0x63, 0xCB, 0x5A, 0xAB, 0x52,
    0x0C, 0x5B, 0x2C, 0x63, 0xCB, 0x52, 0x08, 0x42, 0xE7, 0x39, 0xC7, 0x39, 0xC7, 0x31, 0x08, 0x42,
    0xEB, 0x5A, 0xCB, 0x5A, 0x8A, 0x4A, 0x0C, 0x63, 0x0C, 0x63, 0x2C, 0x63, 0x8A, 0x52, 0x69, 0x4A,
    0xEB, 0x5A, 0xAA, 0x52, 0x08, 0x42, 0xE7, 0x39, 0xE7, 0x39, 0xA6, 0x31, 0xA6, 0x31, 0xA6, 0x31,
    0xA6, 0x31, 0x86, 0x31, 0x86, 0x31, 0x86, 0x31, 0x86, 0x31, 0x86, 0x31, 0x86, 0x31, 0xA6, 0x31,
    0xC7, 0x39, 0x86, 0x31, 0x65, 0x29, 0x65, 0x29, 0x65, 0x29, 0x65, 0x29, 0xC7, 0x39, 0xA6, 0x31,
    0xA6, 0x31, 0xE7, 0x39, 0x86, 0x31, 0x85, 0x31, 0x85, 0x31, 0x85, 0x31, 0x85, 0x31, 0x85, 0x31,
    0x86, 0x31, 0x86, 0x31, 0x86, 0x31, 0x86, 0x31, 0x86, 0x31, 0x86, 0x31, 0xC7, 0x39, 0xA6, 0x31,
    0x86, 0x31, 0x86, 0x31, 0xE7, 0x41, 0xE7, 0x41, 0xE7, 0x41, 0xC7, 0x39, 0xC7, 0x39, 0xC6, 0x39,
    0xE7, 0x41, 0xE7, 0x41, 0x07, 0x42, 0x49, 0x4A, 0x69, 0x52, 0x48, 0x4A, 0x08, 0x42, 0xE7, 0x41,
    0x07, 0x42, 0x48, 0x4A, 0xAA, 0x5A, 0x49, 0x4A, 0xE7, 0x41, 0x08, 0x4A, 0x69, 0x52, 0x49, 0x52,
    0xAA, 0x5A, 0x69, 0x52, 0x69, 0x52, 0xAA, 0x5A, 0x6A, 0x5A, 0x49, 0x52, 0x49, 0x52, 0x49, 0x52,
    0xCA, 0x62, 0x2C, 0x6B, 0xAA, 0x5A, 0x89, 0x52, 0x89, 0x5A, 0x0C, 0x6B, 0x0B, 0x6B, 0xEB, 0x6A,
    0x0C, 0x6B, 0x0B, 0x73, 0x2C, 0x73, 0xCA, 0x6A, 0x4C, 0x73, 0xEE, 0x8B, 0xCD, 0x8B, 0xCE, 0x8B,
    0x0F, 0x94, 0x2F, 0x9C, 0x2E, 0x9C, 0x2F, 0x9C, 0x2F, 0x9C, 0x4F, 0xA4, 0x6F, 0xA4, 0x6F, 0xA4,
    0x70, 0xAC, 0x70, 0xAC, 0x90, 0xAC, 0x90, 0xAC, 0xB1, 0xB4, 0xB1, 0xB4, 0xD1, 0xB4, 0xF2, 0xB4,
    0xF2, 0xB4, 0x12, 0xB5, 0x12, 0xB5, 0x32, 0xB5, 0x32, 0xBD, 0x33, 0xBD, 0x33, 0xBD, 0x33, 0xBD,
    0x33, 0xBD, 0x33, 0xBD, 0x12, 0xBD, 0x12, 0xBD, 0x12, 0xB5, 0xD1, 0xB4, 0x90, 0xAC, 0x2F, 0x9C,
    0xEE, 0x93, 0x8D, 0x83, 0x6C, 0x83, 0x2C, 0x7B, 0x2B, 0x7B, 0x2B, 0x7B, 0x2C, 0x7B, 0x6C, 0x83,
    0xCD, 0x93, 0x4F, 0xA4, 0xD1, 0xB4, 0x33, 0xBD, 0x74, 0xC5, 0xB5, 0xCD, 0xF6, 0xD5, 0x17, 0xD6,
    0x37, 0xDE, 0x37, 0xD6, 0x17, 0xD6, 0xF6, 0xD5, 0xB5, 0xCD, 0x94, 0xC5, 0x33, 0xBD, 0xB1, 0xAC,
    0x90, 0xA4, 0x90, 0xA4, 0x70, 0xA4, 0xEE, 0x93, 0xEE, 0x93, 0xCE, 0x93, 0xAD, 0x8B, 0x6C, 0x8B,
    0x2B, 0x83, 0xEA, 0x7A, 0xCA, 0x72, 0xA9, 0x72, 0xA9, 0x72, 0x89, 0x6A, 0x68, 0x6A, 0x68, 0x62,
    0x48, 0x62, 0x28, 0x5A, 0x27, 0x5A, 0x27, 0x5A, 0x27, 0x5A, 0x48, 0x5A, 0x07, 0x52, 0x48, 0x5A,
    0x48, 0x5A, 0x48, 0x5A, 0x48, 0x5A, 0x89, 0x62, 0x89, 0x62, 0xA9, 0x6A, 0xA9, 0x72, 0xEA, 0x7A,
    0x2A, 0x83, 0xC9, 0x72, 0xC9, 0x72, 0xA9, 0x72, 0x2B, 0x83, 0x0B, 0x7B, 0xCA, 0x72, 0xCA, 0x72,
    0xEB, 0x72, 0x2C, 0x7B, 0xEA, 0x72, 0xA9, 0x62, 0x69, 0x5A, 0x69, 0x5A, 0x89, 0x62, 0xAA, 0x62,
    0xCA, 0x6A, 0xCA, 0x6A, 0xCA, 0x6A, 0xEB, 0x6A, 0xEB, 0x6A, 0xEB, 0x6A, 0xEB, 0x6A, 0xCB, 0x6A,
    0xEB, 0x6A, 0x0C, 0x6B, 0xAA, 0x5A, 0xAA, 0x62, 0x2B, 0x73, 0x8C, 0x7B, 0xAD, 0x7B, 0xEE, 0x8B,
    0x6D, 0x7B, 0xEB, 0x6A, 0x8A, 0x5A, 0xAA, 0x5A, 0xAA, 0x5A, 0xAA, 0x5A, 0xCA, 0x62, 0x0B, 0x6B,
    0xAA, 0x5A, 0xCA, 0x62, 0xEB, 0x62, 0x69, 0x52, 0xEB, 0x62, 0x8D, 0x7B, 0x6D, 0x73, 0x2C, 0x73,
    0xAE, 0x83, 0xAE, 0x83, 0x2C, 0x6B, 0x0C, 0x6B, 0x8E, 0x7B, 0x2C, 0x73, 0x0B, 0x6B, 0x2C, 0x6B,
    0x4C, 0x73, 0x0B, 0x6B, 0x4C, 0x73, 0x8D, 0x7B, 0x4C, 0x73, 0x6C, 0x7B, 0x6C, 0x7B, 0x6C, 0x7B,
    0x6C, 0x7B, 0x2B, 0x73, 0x2C, 0x73, 0x4C, 0x73, 0x6D, 0x7B, 0x8D, 0x7B, 0x6C, 0x73, 0x4D, 0x6B,
    0x4D, 0x6B, 0x4C, 0x6B, 0x4C, 0x6B, 0xCA, 0x5A, 0x49, 0x4A, 0x4D, 0x6B, 0x6E, 0x6B, 0x4D, 0x6B,
    0x6D, 0x6B, 0x6D, 0x6B, 0x4D, 0x6B, 0x4D, 0x6B, 0x6D, 0x6B, 0x6D, 0x6B, 0x6D, 0x6B, 0x6D, 0x6B,
    0x6D, 0x6B, 0x6D, 0x6B, 0x6D, 0x6B, 0x6D, 0x6B, 0x4C, 0x6B, 0x2C, 0x63, 0x8D, 0x6B, 0x2C, 0x63,
    0x4D, 0x63, 0x6D, 0x6B, 0x6D, 0x6B, 0x6D, 0x6B, 0x6D, 0x6B, 0x4D, 0x63, 0x4C, 0x63, 0x6D, 0x6B,
    0x6D, 0x6B, 0x6D, 0x6B, 0x6D, 0x6B, 0x6D, 0x63, 0x6D, 0x63, 0x6D, 0x63, 0x6D, 0x6B, 0x6D, 0x6B,
    0x6D, 0x6B, 0x6D, 0x6B, 0x6D, 0x6B, 0x6D, 0x6B, 0x6D, 0x6B, 0x6D, 0x6B, 0x6D, 0x6B, 0x6D, 0x6B,
    0x6D, 0x6B, 0x6D, 0x6B, 0x6D, 0x6B, 0x4D, 0x6B, 0x4D, 0x63, 0xEC, 0x5A, 0x8A, 0x52, 0xEB, 0x5A,
    0x0C, 0x63, 0xEB, 0x5A, 0x29, 0x42, 0xE7, 0x39, 0xE7, 0x39, 0xC7, 0x39, 0x08, 0x42, 0xEB, 0x5A,
    0x0C, 0x5B, 0x8A, 0x52, 0xEB, 0x5A, 0x2C, 0x63, 0x2C, 0x63, 0xEB, 0x5A, 0x49, 0x4A, 0xAA, 0x52,
    0xEB, 0x5A, 0x49, 0x4A, 0xE7, 0x39, 0x08, 0x42, 0xC7, 0x39, 0xA6, 0x31, 0xA6, 0x31, 0xA6, 0x31,
    0x86, 0x31, 0x86, 0x31, 0x86, 0x31, 0x86, 0x31, 0x86, 0x31, 0x86, 0x31, 0xA6, 0x31, 0xA6, 0x31,
    0xA6, 0x31, 0x86, 0x31, 0x65, 0x29, 0x86, 0x31, 0x65, 0x29, 0x86, 0x31, 0xC7, 0x39, 0xA6, 0x31,
    0xE7, 0x39, 0xA6, 0x31, 0x85, 0x31, 0x85, 0x31, 0x85, 0x31, 0x85, 0x31, 0x85, 0x31, 0x85, 0x31,
    0x86, 0x31, 0x86, 0x31, 0x86, 0x31, 0x86, 0x31, 0x86, 0x31, 0x86, 0x31, 0xC7, 0x39, 0x86, 0x31,
    0xA6, 0x31, 0x86, 0x31, 0xC7, 0x41, 0xE7, 0x41, 0xE7, 0x41, 0xC7, 0x39, 0xC7, 0x39, 0xC7, 0x39,
    0xE7, 0x41, 0xE7, 0x41, 0xE7, 0x41, 0x49, 0x4A, 0x69, 0x52, 0x48, 0x4A, 0x08, 0x42, 0xE7, 0x41,
    0x07, 0x42, 0x28, 0x4A, 0xAA, 0x5A, 0x48, 0x4A, 0xE7, 0x41, 0x08, 0x42, 0x49, 0x52, 0x49, 0x52,
    0x8A, 0x5A, 0x69, 0x52, 0x69, 0x52, 0xAA, 0x5A, 0x8A, 0x5A, 0x49, 0x52, 0x49, 0x52, 0x48, 0x52,
    0x89, 0x5A, 0x0C, 0x6B, 0xAA, 0x62, 0x69, 0x5A, 0xAA, 0x5A, 0x0C, 0x6B, 0x2C, 0x73, 0x0B, 0x73,
    0x2C, 0x73, 0x2C, 0x73, 0x6D, 0x83, 0xCB, 0x6A, 0x2C, 0x73, 0xEE, 0x8B, 0xEE, 0x8B, 0x0F, 0x94,
    0x0F, 0x94, 0x50, 0xA4, 0x4F, 0xA4, 0x6F, 0xA4, 0x90, 0xA4, 0x90, 0xAC, 0xB0, 0xAC, 0xB1, 0xAC,
    0xB1, 0xB4, 0xD1, 0xB4, 0xD1, 0xB4, 0xD1, 0xB4, 0xF2, 0xB4, 0xF2, 0xB4, 0xF2, 0xB4, 0x12, 0xBD,
    0x12, 0xBD, 0x12, 0xBD, 0x32, 0xBD, 0x33, 0xBD, 0x33, 0xBD, 0x33, 0xBD, 0x33, 0xBD, 0x33, 0xBD,
    0x33, 0xBD, 0x33, 0xBD, 0x12, 0xBD, 0x12, 0xB5, 0xF2, 0xB4, 0xD1, 0xAC, 0x70, 0xA4, 0x2F, 0x9C,
    0xEE, 0x93, 0xAD, 0x8B, 0x6D, 0x83, 0x4C, 0x7B, 0x4C, 0x7B, 0x2C, 0x7B, 0x4C, 0x83, 0x8D, 0x8B,
    0xEE, 0x9B, 0x70, 0xAC, 0xF2, 0xB4, 0x53, 0xC5, 0x94, 0xCD, 0xD5, 0xD5, 0x16, 0xD6, 0x37, 0xDE,
    0x37, 0xDE, 0x37, 0xDE, 0x17, 0xD6, 0xF6, 0xD5, 0xD5, 0xCD, 0x94, 0xC5, 0x53, 0xBD, 0xD1, 0xB4,
    0xB1, 0xAC, 0x91, 0xAC, 0x70, 0xA4, 0x0E, 0x9C, 0xEE, 0x93, 0xEE, 0x93, 0xAD, 0x8B, 0x6C, 0x8B,
    0x2B, 0x83, 0xEA, 0x7A, 0xA9, 0x72, 0xA9, 0x72, 0x89, 0x6A, 0x68, 0x62, 0x48, 0x5A, 0x28, 0x5A,
    0x07, 0x52, 0xE7, 0x49, 0xE7, 0x49, 0xE7, 0x49, 0xE7, 0x49, 0xE7, 0x49, 0xC7, 0x41, 0x07, 0x4A,
    0x07, 0x4A, 0x07, 0x4A, 0x07, 0x4A, 0x28, 0x52, 0x48, 0x5A, 0x69, 0x62, 0x27, 0x5A, 0xCA, 0x72,
    0xA9, 0x6A, 0x0B, 0x7B, 0xEA, 0x72, 0x89, 0x6A, 0x88, 0x6A, 0xCA, 0x72, 0xCA, 0x72, 0xCA, 0x72,
    0xCA, 0x72, 0x2B, 0x7B, 0xEA, 0x72, 0xA9, 0x62, 0x69, 0x5A, 0x69, 0x5A, 0x89, 0x62, 0xAA, 0x62,
    0xCA, 0x6A, 0xCA, 0x6A, 0xCA, 0x6A, 0xEB, 0x6A, 0xEB, 0x6A, 0xEB, 0x6A, 0xEB, 0x6A, 0xCB, 0x62,
    0xEB, 0x6A, 0x0C, 0x6B, 0xCA, 0x5A, 0x8A, 0x5A, 0x0B, 0x6B, 0x6C, 0x7B, 0x8C, 0x7B, 0xEE, 0x83,
    0x8D, 0x7B, 0x0B, 0x6B, 0xAA, 0x62, 0xAA, 0x5A, 0x89, 0x5A, 0xAA, 0x5A, 0xAA, 0x62, 0x0B, 0x6B,
    0xCB, 0x62, 0x89, 0x5A, 0x2C, 0x6B, 0x89, 0x5A, 0xAA, 0x5A, 0x4C, 0x73, 0xAE, 0x7B, 0x2C, 0x73,
    0x8D, 0x7B, 0xCE, 0x83, 0x6D, 0x7B, 0xEB, 0x62, 0x6D, 0x73, 0x4D, 0x73, 0x2C, 0x6B, 0xEB, 0x62,
    0x4C, 0x73, 0x2C, 0x6B, 0x2B, 0x6B, 0x4C, 0x73, 0x8D, 0x7B, 0x4C, 0x73, 0x6C, 0x7B, 0x6C, 0x7B,
    0x6C, 0x7B, 0x6C, 0x7B, 0x0B, 0x6B, 0x4C, 0x73, 0x6D, 0x7B, 0x8D, 0x7B, 0x6C, 0x73, 0x4D, 0x6B,
    0x4D, 0x6B, 0x4C, 0x6B, 0x4C, 0x6B, 0x0C, 0x6B, 0x69, 0x52, 0xAA, 0x52, 0x8E, 0x73, 0x4D, 0x6B,
    0x4D, 0x6B, 0x4D, 0x6B, 0x4D, 0x6B, 0x4D, 0x6B, 0x6D, 0x6B, 0x6D, 0x6B, 0x6D, 0x6B, 0x6D, 0x6B,
    0x6D, 0x6B, 0x6D, 0x6B, 0x6D, 0x6B, 0x6D, 0x6B, 0x6D, 0x6B, 0x2C, 0x63, 0x4D, 0x6B, 0x6D, 0x6B,
    0x0C, 0x63, 0x6D, 0x6B, 0x6D, 0x6B, 0x6D, 0x6B, 0x6D, 0x6B, 0x6D, 0x6B, 0x2C, 0x63, 0x6D, 0x6B,
    0x6D, 0x6B, 0x6D, 0x6B, 0x6D, 0x6B, 0x6D, 0x6B, 0x6D, 0x63, 0x6D, 0x63, 0x6D, 0x6B, 0x6D, 0x6B,
    0x6D, 0x6B, 0x6D, 0x6B, 0x6D, 0x6B, 0x6D, 0x6B, 0x6D, 0x6B, 0x6D, 0x6B, 0x6D, 0x6B, 0x6D, 0x6B,
    0x6D, 0x6B, 0x6D, 0x6B, 0x6D, 0x6B, 0x4D, 0x6B, 0x0C, 0x63, 0xAA, 0x52, 0xCB, 0x5A, 0x0C, 0x63,
    0x0C, 0x5B, 0x69, 0x4A, 0xE7, 0x39, 0xE7, 0x39, 0xC7, 0x39, 0xE7, 0x39, 0xCB, 0x52, 0x0C, 0x63,
    0xCA, 0x52, 0xAA, 0x52, 0x2C, 0x63, 0x0C, 0x63, 0x2C, 0x63, 0x8A, 0x52, 0x69, 0x4A, 0xEB, 0x5A,
    0xAA, 0x52, 0xE7, 0x39, 0xE7, 0x39, 0xE7, 0x39, 0xC7, 0x39, 0xA6, 0x31, 0x86, 0x31, 0x86, 0x31,
    0x86, 0x31, 0x86, 0x31, 0x86, 0x31, 0x86, 0x31, 0x86, 0x31, 0x86, 0x31, 0x86, 0x31, 0xA6, 0x31,
    0xA6, 0x31, 0x65, 0x29, 0x86, 0x31, 0x86, 0x31, 0x86, 0x31, 0xC7, 0x39, 0x86, 0x31, 0xE7, 0x39,
    0xE7, 0x39, 0x86, 0x31, 0x65, 0x29, 0x65, 0x29, 0x65, 0x29, 0x86, 0x31, 0x86, 0x31, 0x86, 0x31,
    0x86, 0x31, 0x86, 0x31, 0x86, 0x31, 0x86, 0x31, 0x65, 0x29, 0x86, 0x31, 0xC7, 0x39, 0x86, 0x31,
    0xA6, 0x31, 0x86, 0x31, 0xC7, 0x39, 0xE7, 0x41, 0xC7, 0x41, 0xC7, 0x41, 0xC7, 0x41, 0xC7, 0x39,
    0xE7, 0x41, 0xE7, 0x41, 0xE7, 0x41, 0x49, 0x4A, 0x69, 0x52, 0x28, 0x4A, 0xE7, 0x41, 0xE7, 0x41,
    0xE7, 0x41, 0x28, 0x4A, 0xAA, 0x5A, 0x28, 0x4A, 0xE7, 0x41, 0x08, 0x4A, 0x69, 0x52, 0x49, 0x52,
    0x89, 0x5A, 0x69, 0x52, 0x49, 0x52, 0xAA, 0x5A, 0x8A, 0x5A, 0x49, 0x52, 0x49, 0x52, 0x49, 0x52,
    0x69, 0x52, 0x0B, 0x6B, 0xCA, 0x62, 0x89, 0x5A, 0xAA, 0x5A, 0x0C, 0x6B, 0x4C, 0x7B, 0x2C, 0x73,
    0x4D, 0x7B, 0x6C, 0x7B, 0x8D, 0x83, 0x0B, 0x73, 0x0B, 0x6B, 0xEE, 0x8B, 0x0F, 0x94, 0x2F, 0x9C,
    0x0F, 0x94, 0x50, 0xA4, 0x70, 0xA4, 0x90, 0xAC, 0xB0, 0xAC, 0xB1, 0xAC, 0xD1, 0xAC, 0xD1, 0xB4,
    0xD1, 0xB4, 0xF2, 0xB4, 0xF2, 0xB4, 0xF2, 0xB4, 0x12, 0xBD, 0x12, 0xBD, 0x12, 0xBD, 0x12, 0xBD,
    0x32, 0xBD, 0x33, 0xBD, 0x33, 0xBD, 0x53, 0xBD, 0x53, 0xBD, 0x53, 0xBD, 0x33, 0xBD, 0x33, 0xBD,
    0x33, 0xBD, 0x13, 0xBD, 0x12, 0xB5, 0xF2, 0xB4, 0xD1, 0xB4, 0xB1, 0xAC, 0x70, 0xA4, 0x2F, 0x9C,
    0xEE, 0x93, 0xAD, 0x8B, 0x6D, 0x83, 0x4C, 0x7B, 0x4C, 0x7B, 0x4C, 0x7B, 0x4C, 0x83, 0xAD, 0x8B,
    0x0F, 0x9C, 0xB1, 0xAC, 0x12, 0xBD, 0x73, 0xC5, 0x94, 0xCD, 0xD6, 0xD5, 0x16, 0xD6, 0x37, 0xDE,
    0x37, 0xDE, 0x37, 0xDE, 0x16, 0xD6, 0xF6, 0xD5, 0xD5, 0xCD, 0x94, 0xCD, 0x53, 0xBD, 0xF2, 0xB4,
    0xB1, 0xAC, 0x91, 0xAC, 0x70, 0xA4, 0x0F, 0x9C, 0x0F, 0x9C, 0xEE, 0x93, 0xAD, 0x8B, 0x6C, 0x8B,
    0x2B, 0x83, 0xEA, 0x7A, 0xCA, 0x72, 0x89, 0x62, 0x48, 0x5A, 0x07, 0x52, 0xE7, 0x49, 0xA6, 0x41,
    0xA6, 0x41, 0xA6, 0x41, 0xA6, 0x39, 0xA6, 0x39, 0xA6, 0x39, 0xA6, 0x39, 0xA6, 0x39, 0xC6, 0x39,
    0xC6, 0x39, 0xC6, 0x41, 0xC7, 0x41, 0xE7, 0x41, 0x08, 0x4A, 0xE7, 0x49, 0x07, 0x52, 0x68, 0x5A,
    0x28, 0x5A, 0x28, 0x5A, 0x48, 0x5A, 0x0B, 0x7B, 0x0A, 0x7B, 0x68, 0x62, 0xA9, 0x6A, 0xCA, 0x72,
    0xAA, 0x72, 0x0B, 0x7B, 0xEB, 0x72, 0xA9, 0x62, 0x69, 0x5A, 0x69, 0x5A, 0x89, 0x62, 0xAA, 0x62,
    0xCA, 0x6A, 0xCA, 0x6A, 0xCA, 0x6A, 0xCB, 0x6A, 0xEB, 0x6A, 0xEB, 0x6A, 0xEB, 0x6A, 0xCB, 0x6A,
    0xAA, 0x62, 0x0C, 0x6B, 0xEB, 0x62, 0x8A, 0x5A, 0xEB, 0x6A, 0x6C, 0x73, 0x6C, 0x7B, 0xEE, 0x83,
    0xAD, 0x7B, 0x0B, 0x6B, 0xCA, 0x62, 0xAA, 0x5A, 0x69, 0x52, 0xAA, 0x5A, 0xAA, 0x62, 0xEB, 0x62,
    0x0B, 0x6B, 0x69, 0x52, 0x0B, 0x6B, 0xEB, 0x62, 0x69, 0x52, 0xEB, 0x62, 0x8E, 0x7B, 0x6D, 0x73,
    0x4C, 0x73, 0xAE, 0x83, 0xAE, 0x7B, 0x0C, 0x6B, 0xEB, 0x6A, 0x8D, 0x7B, 0x4C, 0x73, 0xEB, 0x6A,
    0x2B, 0x6B, 0x2C, 0x6B, 0x0B, 0x6B, 0x0B, 0x6B, 0x6D, 0x7B, 0x6C, 0x73, 0x6C, 0x7B, 0x6C, 0x7B,
    0x6C, 0x7B, 0x6C, 0x7B, 0x4C, 0x73, 0x2B, 0x73, 0x8D, 0x7B, 0x8D, 0x7B, 0x6C, 0x73, 0x6D, 0x73,
    0x4D, 0x6B, 0x4D, 0x6B, 0x4C, 0x6B, 0x4D, 0x6B, 0xCB, 0x5A, 0x69, 0x52, 0x4D, 0x6B, 0x6E, 0x6B,
    0x4D, 0x63, 0x4D, 0x6B, 0x4D, 0x6B, 0x4D, 0x6B, 0x6D, 0x6B, 0x6D, 0x6B, 0x6D, 0x6B, 0x6D, 0x6B,
    0x6D, 0x6B, 0x6D, 0x6B, 0x6D, 0x6B, 0x4D, 0x6B, 0x6D, 0x6B, 0x6D, 0x6B, 0x2C, 0x63, 0x6E, 0x6B,
    0x2C, 0x63, 0x4C, 0x63, 0x6D, 0x6B, 0x6D, 0x6B, 0x6D, 0x6B, 0x6D, 0x6B, 0x2C, 0x63, 0x4D, 0x6B,
    0x6D, 0x6B, 0x6D, 0x6B, 0x6D, 0x6B, 0x6D, 0x6B, 0x6D, 0x6B, 0x6D, 0x6B, 0x6D, 0x6B, 0x6D, 0x6B,
    0x6D, 0x6B, 0x6D, 0x6B, 0x6D, 0x6B, 0x6D, 0x6B, 0x6D, 0x6B, 0x6D, 0x6B, 0x6D, 0x6B, 0x6D, 0x6B,
    0x6D, 0x6B, 0x6D, 0x6B, 0x4D, 0x6B, 0x2D, 0x63, 0xAB, 0x52, 0xAB, 0x52, 0x0C, 0x5B, 0x0C, 0x63,
    0xAA, 0x52, 0x08, 0x3A, 0xE7, 0x39, 0xE7, 0x39, 0xC7, 0x39, 0xAA, 0x52, 0x2C, 0x63, 0x0B, 0x5B,
    0x8A, 0x52, 0x0C, 0x5B, 0x0C, 0x63, 0x2C, 0x63, 0xEB, 0x5A, 0x69, 0x4A, 0x8A, 0x52, 0xEB, 0x5A,
    0x28, 0x42, 0xE7, 0x39, 0x08, 0x42, 0xE7, 0x39, 0xA6, 0x31, 0xA6, 0x31, 0x86, 0x31, 0x86, 0x31,
    0x86, 0x31, 0x86, 0x31, 0x86, 0x31, 0x86, 0x31, 0x86, 0x31, 0x86, 0x31, 0xA6, 0x31, 0xA6, 0x31,
    0x86, 0x31, 0x86, 0x31, 0x86, 0x31, 0x65, 0x29, 0xC7, 0x39, 0xA6, 0x31, 0xC7, 0x39, 0xE7, 0x39,
    0xA6, 0x31, 0x86, 0x31, 0x65, 0x29, 0x65, 0x29, 0x86, 0x31, 0x86, 0x31, 0x65, 0x29, 0x65, 0x29,
    0x65, 0x29, 0x85, 0x31, 0x85, 0x31, 0x85, 0x31, 0x65, 0x29, 0x86, 0x31, 0xA6, 0x39, 0x86, 0x31,
    0xA6, 0x31, 0x86, 0x31, 0xC7, 0x39, 0xC7, 0x41, 0xC7, 0x41, 0xC7, 0x41, 0xC7, 0x41, 0xC7, 0x39,
    0xE7, 0x41, 0xE7, 0x41, 0xE7, 0x41, 0x48, 0x4A, 0x69, 0x52, 0x28, 0x4A, 0xE7, 0x41, 0xE7, 0x41,
    0xE7, 0x41, 0x28, 0x4A, 0xAA, 0x5A, 0x28, 0x4A, 0xC7, 0x41, 0x08, 0x4A, 0x49, 0x52, 0x49, 0x4A,
    0x89, 0x5A, 0x69, 0x52, 0x48, 0x52, 0x8A, 0x5A, 0x8A, 0x5A, 0x49, 0x52, 0x49, 0x52, 0x49, 0x52,
    0x49, 0x52, 0xCB, 0x62, 0x0B, 0x6B, 0x89, 0x5A, 0xAA, 0x62, 0x0B, 0x6B, 0x4D, 0x7B, 0x2C, 0x7B,
    0x4C, 0x7B, 0x6C, 0x83, 0xAD, 0x83, 0x2C, 0x7B, 0xEB, 0x6A, 0xCE, 0x8B, 0x2F, 0x94, 0x4F, 0x9C,
    0x2E, 0x9C, 0x50, 0xA4, 0xB1, 0xAC, 0xB1, 0xAC, 0xD1, 0xAC, 0xD1, 0xB4, 0xD1, 0xB4, 0xF1, 0xB4,
    0xF2, 0xB4, 0xF2, 0xB4, 0x12, 0xB5, 0x12, 0xBD, 0x12, 0xBD, 0x12, 0xBD, 0x32, 0xBD, 0x33, 0xBD,
    0x33, 0xBD, 0x33, 0xBD, 0x33, 0xBD, 0x53, 0xBD, 0x53, 0xBD, 0x53, 0xBD, 0x33, 0xBD, 0x33, 0xBD,
    0x13, 0xBD, 0x12, 0xB5, 0xF2, 0xB4, 0xF1, 0xB4, 0xD1, 0xAC, 0x90, 0xAC, 0x4F, 0xA4, 0x0F, 0x9C,
    0xCE, 0x93, 0xAD, 0x8B, 0x6D, 0x83, 0x4C, 0x83, 0x2C, 0x7B, 0x4C, 0x7B, 0x6C, 0x83, 0xCD, 0x93,
    0x2F, 0xA4, 0xB1, 0xB4, 0x33, 0xBD, 0x74, 0xCD, 0xB5, 0xCD, 0xF6, 0xD5, 0x16, 0xDE, 0x17, 0xDE,
    0x37, 0xDE, 0x37, 0xDE, 0x16, 0xD6, 0xF6, 0xD5, 0xD5, 0xD5, 0x95, 0xCD, 0x74, 0xC5, 0xF2, 0xB4,
    0xD1, 0xAC, 0x91, 0xAC, 0x70, 0xA4, 0x2F, 0x9C, 0x0F, 0x9C, 0xEE, 0x93, 0xAD, 0x93, 0x6C, 0x8B,
    0x4B, 0x83, 0xCA, 0x72, 0x48, 0x5A, 0xE7, 0x49, 0xC6, 0x41, 0xC6, 0x41, 0xC6, 0x41, 0xC6, 0x41,
    0xA7, 0x39, 0xA7, 0x39, 0xA7, 0x39, 0xA6, 0x39, 0xA6, 0x31, 0xA6, 0x39, 0xA6, 0x39, 0xA6, 0x39,
    0xA6, 0x39, 0xA6, 0x39, 0xA6, 0x39, 0xA7, 0x39, 0xA7, 0x39, 0xA7, 0x41, 0xE7, 0x41, 0x07, 0x4A,
    0xE7, 0x49, 0x07, 0x4A, 0x69, 0x62, 0xEA, 0x72, 0xEA, 0x72, 0x89, 0x62, 0x68, 0x62, 0xAA, 0x6A,
    0xAA, 0x72, 0xEA, 0x72, 0x0B, 0x73, 0xA9, 0x62, 0x69, 0x5A, 0x69, 0x5A, 0x89, 0x62, 0xAA, 0x62,
    0xCA, 0x6A, 0xCA, 0x6A, 0xCA, 0x6A, 0xCA, 0x6A, 0xEB, 0x6A, 0xEB, 0x6A, 0xEB, 0x6A, 0xEB, 0x6A,
    0xAA, 0x62, 0xEB, 0x62, 0xEB, 0x62, 0x8A, 0x5A, 0xCB, 0x62, 0x4C, 0x73, 0x6C, 0x7B, 0xCD, 0x83,
    0xCE, 0x83, 0x2B, 0x6B, 0xEA, 0x62, 0xCA, 0x62, 0x69, 0x52, 0x8A, 0x5A, 0xAA, 0x62, 0xCB, 0x62,
    0x0C, 0x6B, 0x8A, 0x5A, 0xAA, 0x5A, 0x4C, 0x6B, 0x89, 0x5A, 0xCA, 0x62, 0x4D, 0x73, 0xAE, 0x7B,
    0x4C, 0x73, 0x8D, 0x7B, 0xAE, 0x83, 0x8D, 0x7B, 0xCA, 0x62, 0x4D, 0x73, 0x6D, 0x73, 0x0C, 0x6B,
    0xEB, 0x62, 0x2C, 0x73, 0x0B, 0x6B, 0x0B, 0x6B, 0x2B, 0x6B, 0x8D, 0x7B, 0x6C, 0x73, 0x6C, 0x7B,
    0x6C, 0x7B, 0x6C, 0x7B, 0x6D, 0x7B, 0x2B, 0x73, 0x4C, 0x73, 0x8D, 0x7B, 0x6C, 0x73, 0x4C, 0x73,
    0x6D, 0x73, 0x4D, 0x6B, 0x4D, 0x6B, 0x4D, 0x6B, 0x4D, 0x6B, 0x69, 0x52, 0xEB, 0x5A, 0xAE, 0x73,
    0x4D, 0x6B, 0x4D, 0x6B, 0x4D, 0x6B, 0x4D, 0x6B, 0x6D, 0x6B, 0x6D, 0x6B, 0x6D, 0x6B, 0x4D, 0x6B,
    0x4D, 0x6B, 0x4D, 0x6B, 0x4D, 0x6B, 0x4D, 0x6B, 0x4D, 0x6B, 0x6D, 0x6B, 0x2C, 0x63, 0x4D, 0x6B,
    0x8E, 0x6B, 0x2C, 0x63, 0x6D, 0x6B, 0x6D, 0x6B, 0x6D, 0x6B, 0x6D, 0x6B, 0x6D, 0x6B, 0x2C, 0x63,
    0x6D, 0x6B, 0x6D, 0x6B, 0x6D, 0x6B, 0x6D, 0x6B, 0x6D, 0x6B, 0x6D, 0x6B, 0x6D, 0x6B, 0x6D, 0x6B,
    0x6D, 0x6B, 0x6D, 0x6B, 0x6D, 0x6B, 0x6D, 0x6B, 0x6D, 0x6B, 0x6D, 0x6B, 0x6D, 0x6B, 0x6D, 0x6B,
    0x4D, 0x63, 0x6D, 0x6B, 0x4D, 0x63, 0xEB, 0x5A, 0xAA, 0x52, 0xEC, 0x5A, 0x0C, 0x63, 0xEC, 0x5A,
    0x28, 0x42, 0xE7, 0x39, 0xE7, 0x39, 0xC7, 0x39, 0x69, 0x4A, 0x2C, 0x63, 0x0C, 0x63, 0xCB, 0x52,
    0xCB, 0x5A, 0x2C, 0x63, 0x2C, 0x63, 0x0B, 0x5B, 0xCA, 0x52, 0x69, 0x4A, 0xAA, 0x52, 0xAA, 0x52,
    0xE7, 0x39, 0x08, 0x42, 0x08, 0x42, 0xC7, 0x39, 0xA6, 0x31, 0x86, 0x31, 0x86, 0x31, 0x86, 0x31,
    0x86, 0x31, 0x86, 0x31, 0x86, 0x31, 0x86, 0x31, 0x86, 0x31, 0x86, 0x31, 0x86, 0x31, 0xA6, 0x31,
    0x86, 0x31, 0x86, 0x31, 0x65, 0x29, 0x86, 0x31, 0xA6, 0x31, 0xA6, 0x31, 0xE7, 0x39, 0xC7, 0x39,
    0x86, 0x31, 0x65, 0x29, 0x65, 0x29, 0x65, 0x29, 0x65, 0x29, 0x65, 0x29, 0x65, 0x29, 0x65, 0x29,
    0x65, 0x29, 0x65, 0x29, 0x85, 0x31, 0x85, 0x31, 0x65, 0x29, 0xA6, 0x31, 0x86, 0x31, 0x86, 0x31,
    0xA6, 0x31, 0x86, 0x31, 0xA7, 0x39, 0xC7, 0x39, 0xC7, 0x39, 0xE7, 0x41, 0xC7, 0x41, 0xC7, 0x39,
    0xE7, 0x41, 0xE7, 0x41, 0xE7, 0x41, 0x28, 0x4A, 0x69, 0x52, 0x28, 0x4A, 0xC7, 0x39, 0xE7, 0x41,
    0xE7, 0x41, 0x28, 0x4A, 0x8A, 0x5A, 0x28, 0x4A, 0xE7, 0x41, 0x08, 0x4A, 0x49, 0x52, 0x49, 0x4A,
    0x69, 0x52, 0x89, 0x5A, 0x28, 0x4A, 0x8A, 0x5A, 0x8A, 0x5A, 0x69, 0x52, 0x49, 0x4A, 0x49, 0x52,
    0x69, 0x52, 0x8A, 0x5A, 0x0B, 0x6B, 0x89, 0x5A, 0x89, 0x5A, 0xEB, 0x72, 0x4C, 0x7B, 0x4C, 0x7B,
    0x4C, 0x7B, 0x8D, 0x83, 0xAD, 0x8B, 0x4D, 0x7B, 0xEB, 0x6A, 0x8D, 0x83, 0x2F, 0x94, 0x4F, 0x9C,
    0x4F, 0x9C, 0x4F, 0x9C, 0xB1, 0xAC, 0xD1, 0xAC, 0xD1, 0xB4, 0xF1, 0xB4, 0xF2, 0xB4, 0xF2, 0xB4,
    0xF2, 0xB4, 0x12, 0xB5, 0x12, 0xBD, 0x32, 0xBD, 0x32, 0xBD, 0x33, 0xBD, 0x33, 0xBD, 0x33, 0xBD,
    0x33, 0xBD, 0x33, 0xBD, 0x33, 0xBD, 0x33, 0xBD, 0x33, 0xBD, 0x33, 0xBD, 0x33, 0xBD, 0x13, 0xB5,
    0x12, 0xBD, 0x12, 0xB5, 0xF2, 0xB4, 0xD1, 0xB4, 0xB1, 0xAC, 0x90, 0xA4, 0x4F, 0xA4, 0x0F, 0x9C,
    0xCE, 0x93, 0x8D, 0x8B, 0x6D, 0x83, 0x4C, 0x83, 0x2B, 0x7B, 0x4B, 0x7B, 0x8C, 0x8B, 0xCE, 0x93,
    0x50, 0xA4, 0xD1, 0xB4, 0x33, 0xC5, 0x94, 0xCD, 0xB5, 0xD5, 0xF6, 0xD5, 0x17, 0xDE, 0x17, 0xDE,
    0x37, 0xDE, 0x37, 0xDE, 0x16, 0xDE, 0x16, 0xD6, 0xD5, 0xD5, 0xB5, 0xCD, 0x74, 0xC5, 0x13, 0xB5,
    0xF2, 0xB4, 0xB1, 0xAC, 0x70, 0xA4, 0x4F, 0x9C, 0x2F, 0x9C, 0xEE, 0x9B, 0xCD, 0x93, 0x8C, 0x8B,
    0xA9, 0x6A, 0xE7, 0x49, 0xC7, 0x41, 0xC7, 0x41, 0xE7, 0x41, 0xE7, 0x41, 0xE7, 0x49, 0xE7, 0x49,
    0xC7, 0x41, 0xA6, 0x39, 0xA6, 0x39, 0xA6, 0x39, 0xA6, 0x39, 0xA6, 0x39, 0xA6, 0x39, 0xA6, 0x39,
    0xA7, 0x39, 0xA6, 0x39, 0xA6, 0x39, 0xA6, 0x39, 0xA7, 0x39, 0xA7, 0x39, 0xA7, 0x39, 0xA6, 0x41,
    0xC7, 0x41, 0x08, 0x4A, 0x69, 0x5A, 0x69, 0x62, 0x69, 0x6A, 0xA9, 0x6A, 0x68, 0x62, 0x48, 0x62,
    0xAA, 0x72, 0xAA, 0x6A, 0xEA, 0x72, 0x89, 0x62, 0x69, 0x5A, 0x69, 0x5A, 0x89, 0x5A, 0xAA, 0x62,
    0xCA, 0x6A, 0xEA, 0x6A, 0xEB, 0x6A, 0xCA, 0x6A, 0xCB, 0x6A, 0xEB, 0x62, 0xEB, 0x62, 0xEB, 0x6A,
    0x8A, 0x5A, 0xCA, 0x62, 0xEB, 0x62, 0xAA, 0x5A, 0xAA, 0x5A, 0x2B, 0x6B, 0x4C, 0x73, 0xAD, 0x83,
    0xEE, 0x83, 0x4B, 0x73, 0xCA, 0x62, 0xEB, 0x62, 0x89, 0x5A, 0x69, 0x5A, 0xAA, 0x5A, 0xCB, 0x62,
    0x0C, 0x6B, 0xAA, 0x5A, 0x69, 0x52, 0x2C, 0x6B, 0xEB, 0x62, 0x89, 0x5A, 0x0B, 0x6B, 0xAE, 0x7B,
    0x6D, 0x73, 0x6D, 0x73, 0xAE, 0x7B, 0xAE, 0x7B, 0x0C, 0x6B, 0x0B, 0x63, 0x8D, 0x7B, 0x4C, 0x73,
    0xCA, 0x62, 0x2C, 0x6B, 0x0B, 0x6B, 0x0C, 0x6B, 0xEB, 0x6A, 0x4C, 0x73, 0x6C, 0x7B, 0x6C, 0x7B,
    0x8D, 0x7B, 0x6C, 0x7B, 0x6C, 0x7B, 0x6C, 0x7B, 0x0B, 0x6B, 0x8D, 0x7B, 0x8D, 0x7B, 0x4C, 0x73,
    0x8D, 0x73, 0x4D, 0x6B, 0x4D, 0x6B, 0x4D, 0x6B, 0x4D, 0x73, 0xEB, 0x62, 0x69, 0x52, 0x4C, 0x6B,
    0x8E, 0x73, 0x4D, 0x6B, 0x4D, 0x6B, 0x4D, 0x6B, 0x6D, 0x6B, 0x6D, 0x6B, 0x6D, 0x6B, 0x4D, 0x6B,
    0x4D, 0x6B, 0x4D, 0x6B, 0x4D, 0x6B, 0x4D, 0x6B, 0x4D, 0x6B, 0x4D, 0x6B, 0x6D, 0x6B, 0x0C, 0x63,
    0x8E, 0x6B, 0x4C, 0x63, 0x2C, 0x63, 0x6D, 0x6B, 0x6D, 0x6B, 0x6D, 0x6B, 0x6D, 0x6B, 0x2C, 0x63,
    0x4D, 0x63, 0x6D, 0x6B, 0x6D, 0x6B, 0x6D, 0x6B, 0x6D, 0x6B, 0x6D, 0x6B, 0x6D, 0x6B, 0x6D, 0x6B,
    0x6D, 0x6B, 0x6D, 0x6B, 0x6D, 0x6B, 0x6D, 0x6B, 0x6D, 0x6B, 0x6D, 0x6B, 0x6D, 0x6B, 0x6D, 0x6B,
    0x6D, 0x6B, 0x4D, 0x63, 0x2C, 0x63, 0xAA, 0x52, 0xCB, 0x5A, 0x2C, 0x63, 0x0C, 0x63, 0x6A, 0x4A,
    0xE7, 0x39, 0xE7, 0x39, 0xE7, 0x39, 0x28, 0x42, 0x0C, 0x5B, 0x2C, 0x63, 0x0B, 0x5B, 0xAA, 0x52,
    0x2C, 0x63, 0x2C, 0x63, 0x0C, 0x63, 0xCB, 0x5A, 0xCB, 0x52, 0x69, 0x4A, 0xCA, 0x52, 0x28, 0x42,
    0xE7, 0x39, 0x08, 0x42, 0xE7, 0x39, 0xC7, 0x39, 0xA6, 0x31, 0x86, 0x31, 0x86, 0x31, 0x86, 0x31,
    0x86, 0x31, 0x86, 0x31, 0x86, 0x31, 0x86, 0x31, 0xA6, 0x31, 0x86, 0x31, 0x86, 0x31, 0x86, 0x31,
    0x86, 0x31, 0x86, 0x31, 0x86, 0x31, 0xA6, 0x31, 0xA6, 0x31, 0xE7, 0x39, 0xC7, 0x39, 0x86, 0x31,
    0x65, 0x29, 0x65, 0x29, 0x65, 0x29, 0x65, 0x29, 0x65, 0x29, 0x65, 0x29, 0x65, 0x29, 0x65, 0x29,
    0x65, 0x29, 0x65, 0x29, 0x65, 0x29, 0x65, 0x29, 0x65, 0x29, 0xA6, 0x31, 0x86, 0x31, 0x86, 0x31,
    0xA6, 0x31, 0x86, 0x31, 0xA7, 0x39, 0xC7, 0x41, 0xC7, 0x41, 0xE7, 0x41, 0xC7, 0x41, 0xC7, 0x41,
    0xE7, 0x41, 0xE7, 0x41, 0xE7, 0x41, 0x28, 0x4A, 0x49, 0x4A, 0x08, 0x42, 0xC7, 0x39, 0xE7, 0x41,
    0xE7, 0x41, 0x28, 0x4A, 0xAA, 0x5A, 0x28, 0x4A, 0xE7, 0x41, 0x08, 0x4A, 0x48, 0x52, 0x49, 0x52,
    0x49, 0x52, 0x8A, 0x5A, 0x28, 0x4A, 0x8A, 0x5A, 0x8A, 0x5A, 0x8A, 0x5A, 0x49, 0x52, 0x49, 0x52,
    0x69, 0x52, 0x69, 0x52, 0x0B, 0x6B, 0xCA, 0x62, 0x89, 0x5A, 0xEB, 0x6A, 0x4C, 0x7B, 0x6C, 0x83,
    0x4C, 0x7B, 0x8D, 0x83, 0xAD, 0x8B, 0x8D, 0x83, 0xEA, 0x72, 0x6C, 0x7B, 0x0F, 0x94, 0x4F, 0x9C,
    0x70, 0xA4, 0x4F, 0x9C, 0xB1, 0xAC, 0xD1, 0xAC, 0xF1, 0xB4, 0xF2, 0xB4, 0xF2, 0xB4, 0x12, 0xB5,
    0x12, 0xB5, 0x12, 0xBD, 0x12, 0xBD, 0x32, 0xBD, 0x33, 0xBD, 0x33, 0xBD, 0x33, 0xBD, 0x33, 0xBD,
    0x33, 0xBD, 0x33, 0xBD, 0x33, 0xBD, 0x33, 0xBD, 0x33, 0xBD, 0x32, 0xBD, 0x33, 0xBD, 0x12, 0xB5,
    0x12, 0xB5, 0xF2, 0xB4, 0xD1, 0xB4, 0xB1, 0xAC, 0x90, 0xAC, 0x70, 0xA4, 0x2F, 0x9C, 0xEE, 0x9B,
    0xAD, 0x93, 0x8D, 0x8B, 0x4C, 0x83, 0x4C, 0x7B, 0x2B, 0x7B, 0x4C, 0x83, 0x8C, 0x8B, 0xEE, 0x9B,
    0x70, 0xAC, 0xF2, 0xBC, 0x53, 0xC5, 0x94, 0xCD, 0xD5, 0xD5, 0xF6, 0xD5, 0x16, 0xDE, 0x16, 0xDE,
    0x16, 0xDE, 0x37, 0xDE, 0x16, 0xDE, 0x16, 0xD6, 0xD5, 0xD5, 0xB5, 0xCD, 0x94, 0xC5, 0x33, 0xBD,
    0xF2, 0xB4, 0xD1, 0xAC, 0x70, 0xA4, 0x4F, 0xA4, 0x2F, 0x9C, 0x0E, 0x9C, 0xEE, 0x93, 0x6C, 0x83,
    0x48, 0x5A, 0xE7, 0x49, 0xE7, 0x49, 0xC7, 0x41, 0xC7, 0x41, 0xE7, 0x41, 0xE7, 0x49, 0x28, 0x4A,
    0xE7, 0x41, 0xA6, 0x39, 0xA6, 0x39, 0xA6, 0x39, 0xA6, 0x39, 0xA6, 0x39, 0xA7, 0x39, 0xA7, 0x39,
    0xA6, 0x39, 0xA6, 0x39, 0xA6, 0x39, 0xA6, 0x39, 0x86, 0x31, 0xA6, 0x39, 0x86, 0x39, 0x86, 0x39,
    0xC7, 0x41, 0xE7, 0x41, 0xC7, 0x41, 0x07, 0x4A, 0x28, 0x52, 0x08, 0x52, 0x48, 0x5A, 0x48, 0x62,
    0x68, 0x62, 0xA9, 0x6A, 0xAA, 0x6A, 0xA9, 0x62, 0x89, 0x5A, 0x89, 0x5A, 0x89, 0x5A, 0xAA, 0x62,
    0xEA, 0x6A, 0xEA, 0x6A, 0xEB, 0x6A, 0xCB, 0x62, 0xCB, 0x6A, 0xEB, 0x6A, 0xCB, 0x62, 0xEB, 0x6A,
    0xAA, 0x5A, 0x8A, 0x5A, 0xEB, 0x62, 0xCB, 0x62, 0x8A, 0x5A, 0x0B, 0x6B, 0x4C, 0x73, 0x8D, 0x7B,
    0xEE, 0x8B, 0x6C, 0x73, 0xCA, 0x62, 0xEB, 0x62, 0x8A, 0x5A, 0x69, 0x52, 0xAA, 0x5A, 0xCA, 0x62,
    0x0B, 0x6B, 0xEB, 0x62, 0x69, 0x52, 0xAA, 0x5A, 0x2C, 0x6B, 0x89, 0x5A, 0xAA, 0x62, 0x4C, 0x73,
    0xAE, 0x7B, 0x6D, 0x73, 0x6D, 0x7B, 0xAE, 0x7B, 0x6D, 0x73, 0xEB, 0x62, 0x4C, 0x73, 0x6D, 0x7B,
    0x0B, 0x6B, 0xEB, 0x62, 0x2C, 0x6B, 0xEB, 0x6A, 0x0B, 0x6B, 0x0B, 0x6B, 0x6C, 0x7B, 0x4C, 0x73,
    0x8C, 0x7B, 0x6C, 0x7B, 0x6C, 0x7B, 0x8D, 0x7B, 0x4C, 0x73, 0x2C, 0x73, 0xAE, 0x83, 0x6C, 0x73,
    0x6D, 0x73, 0x6D, 0x6B, 0x4D, 0x6B, 0x4D, 0x6B, 0x4D, 0x6B, 0x4D, 0x6B, 0x89, 0x52, 0xAA, 0x5A,
    0x8D, 0x73, 0x6D, 0x6B, 0x4D, 0x6B, 0x4D, 0x6B, 0x4D, 0x6B, 0x6D, 0x6B, 0x4D, 0x6B, 0x4D, 0x6B,
    0x6D, 0x6B, 0x6D, 0x6B, 0x4D, 0x6B, 0x4D, 0x6B, 0x6D, 0x6B, 0x6D, 0x6B, 0x6D, 0x6B, 0x2C, 0x63,
    0x4C, 0x6B, 0x8D, 0x6B, 0x2C, 0x63, 0x4D, 0x6B, 0x6D, 0x6B, 0x6D, 0x6B, 0x6D, 0x6B, 0x4D, 0x6B,
    0x2C, 0x63, 0x6D, 0x6B, 0x6D, 0x6B, 0x6D, 0x6B, 0x6D, 0x6B, 0x6D, 0x6B, 0x6D, 0x6B, 0x6D, 0x6B,
    0x6D, 0x6B, 0x6D, 0x6B, 0x6D, 0x6B, 0x6D, 0x6B, 0x6D, 0x6B, 0x6D, 0x6B, 0x6D, 0x6B, 0x6D, 0x6B,
    0x4D, 0x63, 0x4D, 0x63, 0xCB, 0x52, 0xCB, 0x52, 0x0C, 0x5B, 0x2C, 0x63, 0xCB, 0x52, 0x07, 0x3A,
    0xE7, 0x39, 0xE7, 0x39, 0xE7, 0x39, 0xAA, 0x52, 0x2C, 0x63, 0x2C, 0x63, 0xCA, 0x52, 0xEB, 0x5A,
    0x2C, 0x63, 0x2C, 0x63, 0xCB, 0x5A, 0xEB, 0x5A, 0xAA, 0x52, 0x69, 0x4A, 0x8A, 0x52, 0xE7, 0x39,
    0x08, 0x42, 0x08, 0x42, 0xC7, 0x39, 0xC7, 0x39, 0xA6, 0x31, 0x86, 0x31, 0x86, 0x31, 0x86, 0x31,
    0x86, 0x31, 0x86, 0x31, 0x86, 0x31, 0xA6, 0x31, 0xA6, 0x31, 0xA6, 0x31, 0x86, 0x31, 0x86, 0x31,
    0x86, 0x31, 0x86, 0x31, 0xA6, 0x31, 0xA6, 0x31, 0xE7, 0x39, 0xC7, 0x39, 0x86, 0x31, 0x65, 0x29,
    0x65, 0x29, 0x65, 0x29, 0x65, 0x29, 0x65, 0x29, 0x65, 0x29, 0x65, 0x29, 0x65, 0x29, 0x65, 0x29,
    0x65, 0x29, 0x65, 0x29, 0x65, 0x29, 0x65, 0x29, 0x65, 0x29, 0xA6, 0x39, 0x65, 0x29, 0x86, 0x31,
    0xA6, 0x31, 0x86, 0x31, 0xA6, 0x39, 0xC7, 0x41, 0xA7, 0x39, 0xC7, 0x41, 0xC7, 0x41, 0xC7, 0x41,
    0xE7, 0x41, 0xE7, 0x41, 0xE7, 0x41, 0x28, 0x4A, 0x69, 0x52, 0x08, 0x42, 0xC7, 0x39, 0xE7, 0x39,
    0xE7, 0x41, 0x28, 0x4A, 0x8A, 0x5A, 0x28, 0x4A, 0x07, 0x42, 0x08, 0x4A, 0x28, 0x4A, 0x49, 0x52,
    0x49, 0x52, 0x8A, 0x5A, 0x28, 0x4A, 0x69, 0x52, 0x89, 0x5A, 0x8A, 0x5A, 0x49, 0x52, 0x29, 0x52,
    0x69, 0x52, 0x69, 0x52, 0xCA, 0x62, 0x0B, 0x6B, 0x89, 0x5A, 0xEB, 0x6A, 0x4C, 0x7B, 0x6D, 0x83,
    0x4C, 0x83, 0x6D, 0x83, 0x8D, 0x8B, 0xAD, 0x8B, 0x0B, 0x73, 0x2B, 0x73, 0xEE, 0x8B, 0x6F, 0x9C,
    0x90, 0xAC, 0x4F, 0x9C, 0xB0, 0xAC, 0xF2, 0xB4, 0xF1, 0xB4, 0xF2, 0xB4, 0xF2, 0xB4, 0x12, 0xB5,
    0x12, 0xB5, 0x12, 0xBD, 0x12, 0xBD, 0x33, 0xBD, 0x33, 0xBD, 0x33, 0xBD, 0x33, 0xBD, 0x33, 0xBD,
    0x33, 0xBD, 0x33, 0xBD, 0x33, 0xBD, 0x33, 0xBD, 0x32, 0xBD, 0x12, 0xBD, 0x12, 0xBD, 0x12, 0xB5,
    0xF2, 0xB4, 0xD1, 0xB4, 0xD1, 0xB4, 0x91, 0xAC, 0x70, 0xA4, 0x4F, 0xA4, 0x2F, 0x9C, 0xEE, 0x93,
    0xAD, 0x8B, 0x6C, 0x83, 0x4C, 0x7B, 0x2C, 0x7B, 0x2B, 0x7B, 0x4C, 0x83, 0xAD, 0x8B, 0x0F, 0x9C,
    0x90, 0xB4, 0xF2, 0xBC, 0x53, 0xC5, 0x94, 0xCD, 0xD5, 0xD5, 0xF6, 0xD5, 0x16, 0xDE, 0x16, 0xDE,
    0x16, 0xDE, 0x16, 0xDE, 0x16, 0xDE, 0x16, 0xD6, 0xF5, 0xD5, 0xB5, 0xCD, 0x94, 0xCD, 0x53, 0xC5,
    0x12, 0xBD, 0xD1, 0xAC, 0x90, 0xAC, 0x70, 0xA4, 0x50, 0xA4, 0x0E, 0x9C, 0xCD, 0x93, 0x6C, 0x83,
    0x4C, 0x7B, 0xEA, 0x72, 0x89, 0x62, 0x08, 0x52, 0xE7, 0x49, 0xC6, 0x41, 0xC6, 0x41, 0xE7, 0x49,
    0xE7, 0x41, 0xA6, 0x39, 0xA6, 0x39, 0xA6, 0x39, 0xA6, 0x39, 0xA7, 0x39, 0xA7, 0x39, 0xA7, 0x39,
    0xA6, 0x39, 0xA6, 0x31, 0xA6, 0x39, 0xA6, 0x39, 0xA6, 0x39, 0xA6, 0x39, 0x86, 0x39, 0x86, 0x39,
    0x86, 0x39, 0xA6, 0x39, 0xC6, 0x39, 0xC7, 0x41, 0xE7, 0x49, 0xE7, 0x49, 0x08, 0x52, 0x48, 0x5A,
    0x68, 0x62, 0x68, 0x62, 0x89, 0x62, 0x8A, 0x62, 0x89, 0x5A, 0x89, 0x5A, 0x69, 0x5A, 0xAA, 0x62,
    0xEA, 0x6A, 0xEB, 0x6A, 0xEB, 0x6A, 0xCA, 0x62, 0xCB, 0x62, 0xCB, 0x6A, 0xCB, 0x6A, 0xEB, 0x62,
    0xAA, 0x62, 0x89, 0x5A, 0xEB, 0x62, 0xEB, 0x62, 0x8A, 0x5A, 0xEB, 0x62, 0x4C, 0x73, 0x6C, 0x7B,
    0xEE, 0x8B, 0x8D, 0x7B, 0xCA, 0x62, 0xEB, 0x62, 0xCA, 0x62, 0x49, 0x52, 0xAA, 0x5A, 0xAA, 0x5A,
    0x0B, 0x6B, 0x0B, 0x6B, 0x89, 0x52, 0x69, 0x52, 0x0B, 0x6B, 0xEB, 0x62, 0x89, 0x52, 0xEB, 0x62,
    0x8D, 0x7B, 0x6D, 0x7B, 0x6D, 0x73, 0x8D, 0x7B, 0x8E, 0x7B, 0x2C, 0x73, 0xEB, 0x6A, 0x6D, 0x7B,
    0x4C, 0x73, 0xCB, 0x62, 0x0C, 0x6B, 0xEB, 0x6A, 0xEB, 0x6A, 0xEB, 0x6A, 0x4C, 0x73, 0x6C, 0x7B,
    0x6C, 0x73, 0x8C, 0x7B, 0x6C, 0x7B, 0x8D, 0x7B, 0x8C, 0x7B, 0x2B, 0x73, 0x6C, 0x7B, 0xAD, 0x7B,
    0x8D, 0x73, 0x6D, 0x73, 0x4D, 0x6B, 0x4D, 0x6B, 0x4D, 0x6B, 0x4D, 0x6B, 0xEB, 0x62, 0x49, 0x4A,
    0x2C, 0x63, 0x8E, 0x73, 0x4D, 0x63, 0x4D, 0x6B, 0x4D, 0x6B, 0x4D, 0x6B, 0x4D, 0x6B, 0x4D, 0x6B,
    0x6D, 0x6B, 0x6D, 0x6B, 0x4D, 0x6B, 0x4D, 0x6B, 0x6D, 0x6B, 0x6D, 0x6B, 0x6D, 0x6B, 0x4D, 0x6B,
    0x2C, 0x63, 0x8D, 0x73, 0x4D, 0x6B, 0x2C, 0x63, 0x6D, 0x6B, 0x6D, 0x6B, 0x6D, 0x6B, 0x6D, 0x6B,
    0x2C, 0x63, 0x6D, 0x6B, 0x6D, 0x6B, 0x6D, 0x6B, 0x6D, 0x6B, 0x6D, 0x6B, 0x6D, 0x6B, 0x6D, 0x6B,
    0x6D, 0x6B, 0x6D, 0x6B, 0x6D, 0x6B, 0x6D, 0x6B, 0x6D, 0x6B, 0x6D, 0x6B, 0x6D, 0x6B, 0x6D, 0x6B,
    0x6D, 0x6B, 0x0C, 0x5B, 0xAA, 0x52, 0x0C, 0x5B, 0x2C, 0x63, 0x0C, 0x5B, 0x49, 0x42, 0xE7, 0x39,
    0x07, 0x3A, 0xE7, 0x39, 0x49, 0x4A, 0x2C, 0x63, 0x2C, 0x63, 0xEB, 0x5A, 0xAA, 0x52, 0x2C, 0x63,
    0x2C, 0x63, 0xEB, 0x5A, 0xCB, 0x5A, 0x0C, 0x63, 0x8A, 0x52, 0x8A, 0x52, 0x28, 0x42, 0xE7, 0x39,
    0x08, 0x42, 0xE7, 0x39, 0xA6, 0x31, 0xA6, 0x31, 0x86, 0x31, 0x86, 0x31, 0x86, 0x31, 0x86, 0x31,
    0x86, 0x31, 0xA6, 0x31, 0xA6, 0x31, 0xA6, 0x31, 0xA6, 0x31, 0xA6, 0x31, 0x86, 0x31, 0x86, 0x31,
    0x86, 0x31, 0xA6, 0x31, 0xA6, 0x31, 0xE7, 0x39, 0xE7, 0x39, 0x86, 0x31, 0x65, 0x29, 0x65, 0x29,
    0x65, 0x29, 0x65, 0x29, 0x65, 0x29, 0x65, 0x29, 0x65, 0x29, 0x65, 0x29, 0x65, 0x29, 0x65, 0x29,
    0x65, 0x29, 0x65, 0x29, 0x65, 0x29, 0x65, 0x29, 0x86, 0x31, 0xA6, 0x31, 0x65, 0x29, 0x86, 0x31,
    0xA6, 0x31, 0x86, 0x31, 0xA6, 0x39, 0xC7, 0x39, 0xA6, 0x39, 0xE7, 0x41, 0xC7, 0x39, 0xC7, 0x41,
    0xE7, 0x41, 0xE7, 0x41, 0xE7, 0x41, 0x28, 0x4A, 0x69, 0x52, 0x08, 0x42, 0xC7, 0x39, 0xE7, 0x39,
    0xE7, 0x39, 0x28, 0x4A, 0x89, 0x52, 0x28, 0x4A, 0x07, 0x42, 0x08, 0x4A, 0x28, 0x4A, 0x48, 0x52,
    0x48, 0x52, 0xAA, 0x5A, 0x08, 0x4A, 0x69, 0x52, 0x69, 0x52, 0x8A, 0x5A, 0x49, 0x52, 0x29, 0x52,
    0x49, 0x52, 0x69, 0x52, 0x69, 0x52, 0x2C, 0x6B, 0xAA, 0x62, 0xAA, 0x62, 0x2C, 0x73, 0x6C, 0x83,
    0x6C, 0x83, 0x6D, 0x8B, 0x8D, 0x8B, 0xAE, 0x8B, 0x4C, 0x7B, 0xEB, 0x6A, 0xAD, 0x8B, 0x4F, 0x9C,
    0x90, 0xAC, 0x70, 0xA4, 0x70, 0xA4, 0xF2, 0xB4, 0xF2, 0xB4, 0xF2, 0xB4, 0xF2, 0xB4, 0x12, 0xB5,
    0x12, 0xBD, 0x12, 0xBD, 0x32, 0xBD, 0x33, 0xBD, 0x33, 0xBD, 0x33, 0xBD, 0x33, 0xBD, 0x33, 0xBD,
    0x33, 0xBD, 0x33, 0xBD, 0x32, 0xBD, 0x32, 0xBD, 0x32, 0xB5, 0x12, 0xB5, 0x12, 0xB5, 0xF2, 0xB4,
    0xF2, 0xB4, 0xD1, 0xB4, 0xB1, 0xAC, 0x90, 0xAC, 0x4F, 0xA4, 0x2F, 0x9C, 0xEE, 0x9B, 0xCD, 0x93,
    0x8D, 0x8B, 0x4C, 0x83, 0x2C, 0x7B, 0x0B, 0x7B, 0x2B, 0x7B, 0x4C, 0x83, 0xAD, 0x93, 0x2F, 0xA4,
    0xB1, 0xB4, 0x13, 0xC5, 0x74, 0xCD, 0xB5, 0xD5, 0xD5, 0xD5, 0xF6, 0xDD, 0x16, 0xDE, 0x16, 0xDE,
    0x16, 0xDE, 0x16, 0xDE, 0x16, 0xDE, 0xF6, 0xDD, 0xF5, 0xD5, 0xB5, 0xCD, 0x94, 0xCD, 0x73, 0xC5,
    0x33, 0xBD, 0xF1, 0xB4, 0x90, 0xAC, 0x70, 0xA4, 0x50, 0xA4, 0xEE, 0x9B, 0x8D, 0x8B, 0x6C, 0x83,
    0x2B, 0x83, 0x0A, 0x7B, 0xEA, 0x72, 0xAA, 0x6A, 0x69, 0x62, 0x48, 0x5A, 0x07, 0x52, 0xE7, 0x49,
    0xC6, 0x41, 0xA6, 0x39, 0xC6, 0x39, 0xC7, 0x39, 0xA7, 0x39, 0xA6, 0x39, 0xA6, 0x39, 0xA6, 0x39,
    0xA6, 0x39, 0xA6, 0x39, 0xA6, 0x39, 0xA6, 0x39, 0xA6, 0x39, 0xA6, 0x39, 0xA6, 0x39, 0xA6, 0x39,
    0x86, 0x39, 0xA6, 0x39, 0xA6, 0x39, 0xA6, 0x39, 0xC7, 0x41, 0xC7, 0x41, 0xE7, 0x49, 0x07, 0x52,
    0x68, 0x5A, 0x69, 0x62, 0x69, 0x5A, 0x69, 0x5A, 0x89, 0x5A, 0x89, 0x5A, 0x69, 0x5A, 0x89, 0x62,
    0xEA, 0x6A, 0xEB, 0x6A, 0xEB, 0x6A, 0xCA, 0x62, 0xCA, 0x62, 0xCB, 0x6A, 0xCB, 0x6A, 0xEB, 0x62,
    0xCA, 0x62, 0x69, 0x52, 0xCA, 0x62, 0xCB, 0x62, 0xAA, 0x5A, 0xCA, 0x62, 0x2B, 0x6B, 0x6C, 0x73,
    0xEE, 0x83, 0xCE, 0x83, 0xCA, 0x62, 0xCA, 0x62, 0xEB, 0x62, 0x69, 0x52, 0x8A, 0x5A, 0xAA, 0x5A,
    0xEB, 0x62, 0x0C, 0x6B, 0xAA, 0x5A, 0x48, 0x52, 0xAA, 0x5A, 0x2C, 0x6B, 0x69, 0x52, 0xCA, 0x62,
    0x4C, 0x73, 0xAD, 0x7B, 0x6D, 0x73, 0x6D, 0x73, 0xAE, 0x7B, 0x6D, 0x73, 0x0B, 0x6B, 0x2C, 0x6B,
    0x6D, 0x7B, 0x0B, 0x6B, 0xCB, 0x62, 0x0C, 0x6B, 0xCA, 0x62, 0x0B, 0x6B, 0x0B, 0x6B, 0x6C, 0x73,
    0x6C, 0x73, 0x6C, 0x7B, 0x8C, 0x7B, 0x8D, 0x7B, 0x8D, 0x7B, 0x6C, 0x7B, 0x2B, 0x73, 0xAD, 0x7B,
    0x8D, 0x7B, 0x8D, 0x73, 0x4C, 0x6B, 0x4D, 0x6B, 0x4D, 0x6B, 0x4D, 0x6B, 0x4C, 0x6B, 0x69, 0x52,
    0xAA, 0x5A, 0x6D, 0x6B, 0x6D, 0x6B, 0x4D, 0x6B, 0x4D, 0x6B, 0x6D, 0x6B, 0x4D, 0x6B, 0x4D, 0x6B,
    0x4D, 0x6B, 0x4D, 0x6B, 0x4D, 0x6B, 0x4D, 0x6B, 0x6D, 0x6B, 0x6D, 0x6B, 0x4D, 0x6B, 0x6D, 0x6B,
    0x4C, 0x63, 0x6D, 0x6B, 0x8D, 0x6B, 0x2C, 0x63, 0x4D, 0x6B, 0x6D, 0x6B, 0x6D, 0x6B, 0x6D, 0x6B,
    0x4D, 0x63, 0x6D, 0x63, 0x6D, 0x6B, 0x6D, 0x6B, 0x6D, 0x6B, 0x6D, 0x6B, 0x6D, 0x6B, 0x6D, 0x6B,
    0x6D, 0x6B, 0x6D, 0x6B, 0x6D, 0x6B, 0x6D, 0x6B, 0x6D, 0x6B, 0x6D, 0x6B, 0x6D, 0x63, 0x4D, 0x63,
    0x4D, 0x63, 0xCB, 0x52, 0xCB, 0x52, 0x2C, 0x63, 0x2C, 0x63, 0xAA, 0x52, 0xE7, 0x39, 0xE7, 0x39,
    0xE7, 0x39, 0x08, 0x42, 0xCB, 0x5A, 0x4C, 0x63, 0x2C, 0x63, 0xAA, 0x52, 0xEB, 0x5A, 0x2C, 0x63,
    0xEB, 0x5A, 0xCB, 0x5A, 0x0C, 0x63, 0xEB, 0x5A, 0x69, 0x4A, 0x69, 0x4A, 0x08, 0x42, 0x08, 0x42,
    0x08, 0x42, 0xC7, 0x39, 0xA6, 0x31, 0xA6, 0x31, 0x86, 0x31, 0x86, 0x31, 0x86, 0x31, 0x86, 0x31,
    0x86, 0x31, 0xA6, 0x31, 0xA6, 0x31, 0xA6, 0x31, 0xA6, 0x31, 0xA6, 0x31, 0x86, 0x31, 0x86, 0x31,
    0x86, 0x31, 0xA6, 0x31, 0xC7, 0x39, 0x08, 0x42, 0xA6, 0x31, 0x65, 0x29, 0x65, 0x29, 0x65, 0x29,
    0x65, 0x29, 0x65, 0x29, 0x65, 0x29, 0x65, 0x29, 0x65, 0x29, 0x65, 0x29, 0x65, 0x29, 0x65, 0x29,
    0x65, 0x29, 0x65, 0x29, 0x65, 0x29, 0x65, 0x29, 0x86, 0x31, 0xA6, 0x31, 0x65, 0x29, 0xA6, 0x31,
    0xA6, 0x31, 0x86, 0x31, 0xA6, 0x39, 0xC7, 0x41, 0xA6, 0x39, 0xC7, 0x41, 0xC7, 0x39, 0xC7, 0x41,
    0xE7, 0x41, 0xE7, 0x41, 0xE7, 0x41, 0x28, 0x4A, 0x69, 0x52, 0x08, 0x42, 0xC7, 0x39, 0xE7, 0x39,
    0xE7, 0x39, 0x28, 0x4A, 0x89, 0x52, 0x28, 0x4A, 0x07, 0x42, 0x07, 0x4A, 0x28, 0x4A, 0x28, 0x4A,
    0x48, 0x4A, 0xAA, 0x5A, 0x28, 0x4A, 0x49, 0x52, 0x69, 0x52, 0x69, 0x5A, 0x49, 0x52, 0x28, 0x52,
    0x49, 0x52, 0x69, 0x5A, 0x49, 0x52, 0xEB, 0x6A, 0xEB, 0x62, 0xAA, 0x5A, 0x2B, 0x73, 0x6C, 0x83,
    0x6C, 0x83, 0x8D, 0x8B, 0x8D, 0x8B, 0xAD, 0x8B, 0x8D, 0x83, 0xEA, 0x6A, 0x8C, 0x83, 0x2F, 0x9C,
    0x70, 0xA4, 0xB0, 0xAC, 0x4F, 0x9C, 0xD1, 0xB4, 0xF2, 0xB4, 0xF2, 0xB4, 0xF2, 0xB4, 0x12, 0xBD,
    0x12, 0xBD, 0x12, 0xBD, 0x32, 0xBD, 0x33, 0xBD, 0x33, 0xBD, 0x33, 0xBD, 0x33, 0xBD, 0x33, 0xBD,
    0x33, 0xBD, 0x32, 0xBD, 0x32, 0xBD, 0x32, 0xB5, 0x32, 0xB5, 0x12, 0xB5, 0xF2, 0xB4, 0xF2, 0xB4,
    0xD1, 0xB4, 0xB1, 0xAC, 0x90, 0xAC, 0x70, 0xA4, 0x2F, 0x9C, 0x0E, 0x9C, 0xCE, 0x93, 0x8D, 0x8B,
    0x6C, 0x83, 0x2B, 0x7B, 0x0B, 0x7B, 0x0B, 0x73, 0x2B, 0x7B, 0x6C, 0x83, 0xCE, 0x93, 0x4F, 0xAC,
    0xD1, 0xBC, 0x33, 0xC5, 0x74, 0xCD, 0xB5, 0xD5, 0xD5, 0xD5, 0xF6, 0xDD, 0x16, 0xDE, 0x16, 0xDE,
    0x16, 0xDE, 0x16, 0xDE, 0x16, 0xDE, 0xF6, 0xDD, 0xF5, 0xD5, 0xD5, 0xCD, 0x94, 0xCD, 0x74, 0xC5,
    0x53, 0xBD, 0xF2, 0xB4, 0xB0, 0xAC, 0x70, 0xA4, 0x50, 0xA4, 0x0E, 0x9C, 0xAD, 0x8B, 0x6C, 0x83,
    0x2B, 0x83, 0x0A, 0x7B, 0xCA, 0x72, 0xA9, 0x6A, 0x69, 0x62, 0x89, 0x62, 0x89, 0x62, 0x69, 0x5A,
    0x48, 0x52, 0x07, 0x4A, 0xC7, 0x41, 0xC7, 0x41, 0xC7, 0x41, 0xC7, 0x39, 0xA6, 0x39, 0xA6, 0x39,
    0xA6, 0x39, 0xA6, 0x39, 0xA7, 0x39, 0xC7, 0x39, 0xC7, 0x39, 0xA6, 0x39, 0xA7, 0x39, 0xC7, 0x39,
    0xC7, 0x39, 0xA6, 0x39, 0xA6, 0x31, 0xA6, 0x31, 0xA6, 0x39, 0xA7, 0x39, 0xC7, 0x41, 0xE7, 0x49,
    0x28, 0x52, 0x89, 0x62, 0x69, 0x5A, 0x69, 0x5A, 0x89, 0x5A, 0x89, 0x5A, 0x89, 0x5A, 0x89, 0x62,
    0xCA, 0x62, 0xEB, 0x6A, 0xEB, 0x6A, 0xCA, 0x62, 0xCA, 0x62, 0xCB, 0x62, 0xCA, 0x62, 0xCB, 0x62,
    0xAA, 0x62, 0x49, 0x52, 0xAA, 0x5A, 0xAA, 0x5A, 0xAA, 0x5A, 0xAA, 0x5A, 0x0B, 0x6B, 0x2C, 0x73,
    0xCE, 0x83, 0xEE, 0x83, 0xEA, 0x62, 0x8A, 0x5A, 0xEB, 0x6A, 0x69, 0x52, 0x69, 0x52, 0xAA, 0x5A,
    0xCB, 0x62, 0x2C, 0x6B, 0xEB, 0x62, 0x48, 0x52, 0x69, 0x52, 0x0B, 0x6B, 0xEB, 0x62, 0x89, 0x5A,
    0x0B, 0x6B, 0x8D, 0x7B, 0x8D, 0x7B, 0x6D, 0x73, 0x8D, 0x7B, 0x8D, 0x7B, 0x4C, 0x73, 0xEB, 0x6A,
    0x4C, 0x73, 0x4D, 0x73, 0xCA, 0x62, 0x0C, 0x6B, 0xEB, 0x62, 0xCB, 0x62, 0xEB, 0x62, 0x2B, 0x6B,
    0x6C, 0x73, 0x6C, 0x7B, 0x8C, 0x7B, 0x6C, 0x7B, 0x8D, 0x7B, 0x6C, 0x7B, 0x4C, 0x73, 0x4C, 0x73,
    0xAD, 0x7B, 0x8D, 0x7B, 0x4C, 0x6B, 0x4D, 0x6B, 0x4D, 0x6B, 0x4C, 0x6B, 0x4D, 0x6B, 0xCA, 0x5A,
    0x48, 0x4A, 0x2C, 0x6B, 0x6D, 0x6B, 0x4D, 0x6B, 0x4D, 0x6B, 0x4D, 0x6B, 0x4D, 0x6B, 0x4D, 0x6B,
    0x4D, 0x6B, 0x4D, 0x6B, 0x4D, 0x6B, 0x4D, 0x6B, 0x6D, 0x6B, 0x6D, 0x6B, 0x6D, 0x6B, 0x6D, 0x6B,
    0x4D, 0x6B, 0x4C, 0x6B, 0xAE, 0x73, 0x6D, 0x6B, 0x2C, 0x63, 0x6D, 0x6B, 0x6D, 0x6B, 0x6D, 0x6B,
    0x6D, 0x6B, 0x6D, 0x63, 0x6D, 0x6B, 0x6D, 0x6B, 0x6D, 0x6B, 0x6D, 0x6B, 0x6D, 0x6B, 0x6D, 0x6B,
    0x6D, 0x6B, 0x6D, 0x6B, 0x6D, 0x6B, 0x4D, 0x6B, 0x4D, 0x6B, 0x4D, 0x6B, 0x4D, 0x63, 0x6D, 0x6B,
    0x0C, 0x5B, 0xAB, 0x52, 0x0C, 0x5B, 0x2D, 0x63, 0xEC, 0x5A, 0x28, 0x42, 0xE7, 0x39, 0xE7, 0x39,
    0x08, 0x3A, 0x69, 0x4A, 0x2C, 0x63, 0x2C, 0x63, 0xEB, 0x5A, 0xAA, 0x52, 0x2C, 0x63, 0xEB, 0x5A,
    0xCA, 0x52, 0xEB, 0x5A, 0x2C, 0x63, 0xAA, 0x52, 0x49, 0x4A, 0x28, 0x42, 0xE7, 0x39, 0x08, 0x42,
    0xE7, 0x39, 0xC7, 0x39, 0xA6, 0x31, 0xA6, 0x31, 0x86, 0x31, 0x86, 0x31, 0x86, 0x31, 0x86, 0x31,
    0xA6, 0x31, 0xA6, 0x31, 0xA6, 0x31, 0xA6, 0x31, 0xA6, 0x31, 0xA6, 0x31, 0xA6, 0x31, 0x86, 0x31,
    0xA6, 0x31, 0xA6, 0x31, 0x08, 0x42, 0xA7, 0x31, 0x86, 0x31, 0x65, 0x29, 0x65, 0x29, 0x65, 0x29,
    0x65, 0x29, 0x65, 0x29, 0x65, 0x29, 0x65, 0x29, 0x65, 0x29, 0x65, 0x29, 0x65, 0x29, 0x65, 0x29,
    0x65, 0x29, 0x65, 0x29, 0x65, 0x29, 0x65, 0x29, 0x86, 0x31, 0x86, 0x31, 0x65, 0x29, 0x86, 0x31,
    0xA6, 0x31, 0x86, 0x31, 0xA7, 0x39, 0xC7, 0x39, 0xA6, 0x39, 0xC7, 0x41, 0xC6, 0x39, 0xC7, 0x39,
    0xE7, 0x41, 0xC7, 0x39, 0xE7, 0x41, 0x08, 0x42, 0x69, 0x52, 0x08, 0x42, 0xC7, 0x39, 0xE7, 0x39,
    0xC7, 0x39, 0x28, 0x4A, 0x69, 0x52, 0x28, 0x4A, 0x28, 0x4A, 0x07, 0x4A, 0x08, 0x4A, 0x28, 0x4A,
    0x28, 0x4A, 0x8A, 0x5A, 0x48, 0x52, 0x48, 0x52, 0x69, 0x52, 0x69, 0x52, 0x69, 0x52, 0x29, 0x4A,
    0x49, 0x52, 0x69, 0x52, 0x69, 0x5A, 0xAA, 0x5A, 0x2C, 0x6B, 0xAA, 0x5A, 0x0B, 0x6B, 0x6C, 0x7B,
    0x8D, 0x83, 0x8D, 0x8B, 0x8D, 0x8B, 0x8D, 0x8B, 0xCE, 0x8B, 0x0B, 0x6B, 0x2B, 0x73, 0xEE, 0x93,
    0x4F, 0xA4, 0xB1, 0xAC, 0x90, 0xA4, 0x90, 0xAC, 0xF2, 0xB4, 0xF2, 0xB4, 0xF2, 0xB4, 0x12, 0xBD,
    0x12, 0xBD, 0x12, 0xBD, 0x32, 0xBD, 0x32, 0xBD, 0x33, 0xBD, 0x33, 0xBD, 0x33, 0xBD, 0x33, 0xBD,
    0x32, 0xBD, 0x32, 0xBD, 0x12, 0xBD, 0x12, 0xB5, 0x12, 0xB5, 0xF2, 0xB4, 0xF2, 0xB4, 0xD1, 0xB4,
    0xB1, 0xAC, 0x91, 0xAC, 0x70, 0xA4, 0x4F, 0xA4, 0x0E, 0x9C, 0xEE, 0x93, 0xAD, 0x8B, 0x6C, 0x83,
    0x4C, 0x7B, 0x0B, 0x73, 0x0B, 0x73, 0x0B, 0x73, 0x2B, 0x7B, 0x6C, 0x8B, 0xEE, 0x9B, 0x70, 0xAC,
    0xF2, 0xBC, 0x33, 0xC5, 0x74, 0xCD, 0xB5, 0xD5, 0xD5, 0xD5, 0xF6, 0xDD, 0xF6, 0xDD, 0x16, 0xDE,
    0x16, 0xDE, 0x16, 0xDE, 0x16, 0xDE, 0xF6, 0xDD, 0xF5, 0xD5, 0xB5, 0xD5, 0xB5, 0xCD, 0x74, 0xC5,
    0x53, 0xC5, 0x12, 0xB5, 0xB1, 0xAC, 0x70, 0xA4, 0x50, 0xA4, 0x0E, 0x9C, 0xAD, 0x93, 0x6C, 0x8B,
    0x2B, 0x83, 0x0A, 0x7B, 0xCA, 0x72, 0xA9, 0x6A, 0xA9, 0x6A, 0xA9, 0x6A, 0x89, 0x62, 0x68, 0x62,
    0x48, 0x5A, 0x28, 0x5A, 0x08, 0x52, 0x08, 0x52, 0xE7, 0x49, 0xE7, 0x41, 0xC7, 0x41, 0xC7, 0x41,
    0xC7, 0x39, 0xC7, 0x39, 0xC7, 0x39, 0xC7, 0x39, 0xC7, 0x39, 0xA6, 0x39, 0xC7, 0x39, 0x08, 0x42,
    0xE7, 0x41, 0xC7, 0x39, 0xA6, 0x39, 0xA6, 0x39, 0xA6, 0x39, 0xA7, 0x39, 0xA7, 0x39, 0xC7, 0x41,
    0xE7, 0x49, 0x28, 0x52, 0x69, 0x5A, 0x49, 0x5A, 0x69, 0x5A, 0x89, 0x62, 0x89, 0x62, 0x89, 0x5A,
    0xA9, 0x62, 0xEA, 0x6A, 0xEB, 0x6A, 0xCA, 0x62, 0xAA, 0x62, 0xCA, 0x62, 0xAA, 0x62, 0xCB, 0x62,
    0xAA, 0x62, 0x69, 0x52, 0x89, 0x5A, 0xAA, 0x5A, 0xCA, 0x5A, 0xAA, 0x5A, 0xCA, 0x62, 0x0B, 0x6B,
    0xAD, 0x7B, 0xEF, 0x8B, 0x2C, 0x6B, 0x89, 0x5A, 0xEB, 0x6A, 0xAA, 0x5A, 0x69, 0x52, 0xAA, 0x5A,
    0xAA, 0x5A, 0x0C, 0x6B, 0x0C, 0x6B, 0x69, 0x52, 0x28, 0x4A, 0xAA, 0x5A, 0x2C, 0x6B, 0x89, 0x52,
    0xCA, 0x62, 0x4C, 0x73, 0xAD, 0x7B, 0x6D, 0x73, 0x6D, 0x73, 0x8E, 0x7B, 0x6D, 0x73, 0x2C, 0x6B,
    0xEB, 0x6A, 0x6D, 0x73, 0x0C, 0x6B, 0xCB, 0x62, 0x0C, 0x6B, 0xAA, 0x5A, 0xEB, 0x62, 0xCA, 0x62,
    0x2B, 0x73, 0x4C, 0x73, 0x6C, 0x7B, 0x6C, 0x7B, 0x8D, 0x7B, 0x8D, 0x7B, 0x8C, 0x7B, 0x2B, 0x73,
    0x6C, 0x7B, 0xCE, 0x83, 0x6D, 0x73, 0x4C, 0x6B, 0x4D, 0x6B, 0x4C, 0x6B, 0x4D, 0x6B, 0x2C, 0x6B,
    0x48, 0x4A, 0xCA, 0x5A, 0x6D, 0x6B, 0x6D, 0x6B, 0x4D, 0x6B, 0x4D, 0x6B, 0x4D, 0x6B, 0x4D, 0x6B,
    0x4D, 0x6B, 0x4D, 0x6B, 0x4D, 0x6B, 0x6D, 0x6B, 0x6D, 0x6B, 0x6D, 0x6B, 0x6D, 0x6B, 0x6D, 0x6B,
    0x6D, 0x6B, 0x4C, 0x63, 0x8D, 0x6B, 0x8D, 0x73, 0x2C, 0x63, 0x4D, 0x6B, 0x6D, 0x6B, 0x6D, 0x6B,
    0x6D, 0x6B, 0x6D, 0x6B, 0x6D, 0x6B, 0x6D, 0x6B, 0x6D, 0x6B, 0x6D, 0x6B, 0x6D, 0x6B, 0x6D, 0x6B,
    0x6D, 0x6B, 0x6D, 0x6B, 0x6D, 0x6B, 0x4D, 0x6B, 0x4D, 0x6B, 0x4D, 0x6B, 0x4D, 0x63, 0x4D, 0x63,
    0xCB, 0x52, 0xEC, 0x5A, 0x2C, 0x63, 0x2C, 0x63, 0x8A, 0x52, 0xC7, 0x39, 0xE7, 0x39, 0x08, 0x42,
    0x28, 0x42, 0xCB, 0x5A, 0x4D, 0x63, 0x2C, 0x63, 0xAA, 0x52, 0xEB, 0x5A, 0x0B, 0x63, 0xCA, 0x52,
    0xEB, 0x5A, 0x2C, 0x63, 0x0C, 0x63, 0x8A, 0x52, 0x49, 0x4A, 0x08, 0x42, 0x08, 0x42, 0xE7, 0x39,
    0xC7, 0x39, 0xC7, 0x39, 0xA6, 0x31, 0xA6, 0x31, 0x86, 0x31, 0x86, 0x31, 0x86, 0x31, 0x86, 0x31,
    0xA6, 0x31, 0xA6, 0x31, 0xA6, 0x31, 0xA6, 0x31, 0xA6, 0x31, 0xA6, 0x31, 0xA6, 0x31, 0xA6, 0x31,
    0xA6, 0x31, 0x07, 0x42, 0xC7, 0x39, 0x86, 0x31, 0x65, 0x29, 0x65, 0x29, 0x65, 0x29, 0x65, 0x29,
    0x65, 0x29, 0x65, 0x29, 0x65, 0x29, 0x65, 0x29, 0x65, 0x29, 0x65, 0x29, 0x65, 0x29, 0x65, 0x29,
    0x65, 0x29, 0x65, 0x29, 0x65, 0x29, 0x65, 0x29, 0x86, 0x31, 0x86, 0x31, 0x86, 0x31, 0x86, 0x31,
    0xA6, 0x31, 0x86, 0x31, 0xA7, 0x39, 0xC7, 0x39, 0xA6, 0x39, 0xC7, 0x39, 0xA6, 0x39, 0xC7, 0x39,
    0x07, 0x42, 0xC7, 0x39, 0xC7, 0x41, 0x08, 0x42, 0x69, 0x52, 0x08, 0x42, 0xC7, 0x39, 0xE7, 0x39,
    0xC7, 0x39, 0x28, 0x42, 0x69, 0x52, 0x28, 0x4A, 0x48, 0x4A, 0x07, 0x42, 0x08, 0x4A, 0x28, 0x4A,
    0x28, 0x4A, 0x89, 0x52, 0x69, 0x52, 0x28, 0x4A, 0x69, 0x52, 0x49, 0x52, 0x8A, 0x5A, 0x28, 0x52,
    0x48, 0x52, 0x49, 0x52, 0x89, 0x5A, 0x69, 0x5A, 0x0C, 0x6B, 0xEA, 0x62, 0xCA, 0x62, 0x4C, 0x7B,
    0x8D, 0x83, 0x8D, 0x8B, 0x8D, 0x8B, 0x8D, 0x8B, 0xCE, 0x93, 0x4B, 0x7B, 0xEA, 0x6A, 0x8C, 0x83,
    0x2F, 0x9C, 0x90, 0xAC, 0xB1, 0xAC, 0x70, 0xA4, 0xF2, 0xB4, 0xF2, 0xB4, 0xF2, 0xB4, 0x12, 0xBD,
    0x12, 0xBD, 0x12, 0xBD, 0x32, 0xBD, 0x32, 0xBD, 0x32, 0xBD, 0x33, 0xBD, 0x33, 0xBD, 0x32, 0xBD,
    0x32, 0xBD, 0x12, 0xBD, 0x12, 0xBD, 0x12, 0xB5, 0x12, 0xB5, 0xF2, 0xB4, 0xD2, 0xB4, 0xD1, 0xAC,
    0xB1, 0xAC, 0x90, 0xAC, 0x4F, 0xA4, 0x2F, 0x9C, 0xEE, 0x93, 0xCD, 0x93, 0x6D, 0x8B, 0x4C, 0x7B,
    0x0B, 0x73, 0x0B, 0x73, 0x0B, 0x73, 0x0B, 0x73, 0x2B, 0x7B, 0x8D, 0x8B, 0x0F, 0xA4, 0x90, 0xB4,
    0xF2, 0xBC, 0x53, 0xCD, 0x74, 0xCD, 0xB5, 0xD5, 0xD5, 0xDD, 0xF6, 0xDD, 0xF6, 0xDD, 0xF6, 0xDD,
    0xF6, 0xDD, 0xF6, 0xDD, 0xF6, 0xDD, 0xF6, 0xDD, 0xF5, 0xD5, 0xD5, 0xD5, 0xB5, 0xCD, 0x74, 0xCD,
    0x53, 0xC5, 0x33, 0xBD, 0xD1, 0xB4, 0x90, 0xA4, 0x70, 0xA4, 0x2F, 0x9C, 0xCE, 0x93, 0x8C, 0x8B,
    0x4C, 0x83, 0x2B, 0x83, 0x2B, 0x7B, 0x0B, 0x7B, 0xEA, 0x72, 0xA9, 0x6A, 0x89, 0x6A, 0x89, 0x62,
    0x68, 0x62, 0x48, 0x62, 0x48, 0x5A, 0x48, 0x5A, 0x48, 0x5A, 0x48, 0x5A, 0x28, 0x52, 0xE7, 0x49,
    0xE7, 0x41, 0xE7, 0x41, 0xE7, 0x41, 0x08, 0x42, 0xE7, 0x41, 0xC7, 0x39, 0x08, 0x4A, 0x28, 0x4A,
    0x08, 0x4A, 0xE7, 0x41, 0xA6, 0x39, 0x86, 0x31, 0x86, 0x31, 0xA6, 0x39, 0xA7, 0x39, 0xA7, 0x39,
    0xC7, 0x41, 0x07, 0x4A, 0x69, 0x5A, 0x69, 0x5A, 0x49, 0x5A, 0x89, 0x5A, 0xAA, 0x62, 0xAA, 0x62,
    0xA9, 0x62, 0xCA, 0x62, 0xCB, 0x6A, 0xCA, 0x62, 0xAA, 0x62, 0xCB, 0x62, 0xAA, 0x62, 0xCB, 0x62,
    0xCA, 0x62, 0x89, 0x5A, 0x69, 0x52, 0xCA, 0x5A, 0x8A, 0x5A, 0xCB, 0x62, 0xAA, 0x5A, 0xEB, 0x6A,
    0x6D, 0x7B, 0xEE, 0x83, 0x6D, 0x73, 0x89, 0x5A, 0xCB, 0x62, 0xCB, 0x62, 0x69, 0x52, 0x89, 0x5A,
    0xAA, 0x5A, 0x0B, 0x63, 0x2C, 0x6B, 0xAA, 0x62, 0x28, 0x4A, 0x48, 0x52, 0x0B, 0x6B, 0xEA, 0x62,
    0x69, 0x5A, 0xEB, 0x62, 0x6D, 0x7B, 0x8D, 0x7B, 0x4D, 0x73, 0x6D, 0x7B, 0x8D, 0x7B, 0x4C, 0x73,
    0x0B, 0x6B, 0x0C, 0x6B, 0x6D, 0x73, 0xEB, 0x62, 0xEB, 0x62, 0xEB, 0x62, 0xCA, 0x62, 0xEB, 0x62,
    0xCA, 0x62, 0x4B, 0x73, 0x4C, 0x73, 0x6C, 0x7B, 0x8D, 0x7B, 0x8D, 0x7B, 0x8C, 0x7B, 0x6C, 0x7B,
    0x2B, 0x73, 0xAD, 0x7B, 0xAE, 0x7B, 0x4D, 0x6B, 0x4D, 0x6B, 0x4D, 0x6B, 0x6D, 0x6B, 0x4C, 0x6B,
    0x89, 0x5A, 0x49, 0x4A, 0x2C, 0x63, 0x6D, 0x6B, 0x4D, 0x6B, 0x4D, 0x6B, 0x4D, 0x6B, 0x4D, 0x6B,
    0x6D, 0x6B, 0x6D, 0x6B, 0x6D, 0x6B, 0x6D, 0x6B, 0x6D, 0x6B, 0x6D, 0x6B, 0x6D, 0x6B, 0x6D, 0x6B,
    0x6D, 0x6B, 0x4D, 0x6B, 0x6D, 0x6B, 0xAE, 0x73, 0x6D, 0x6B, 0x0C, 0x63, 0x6D, 0x6B, 0x6D, 0x6B,
    0x6D, 0x6B, 0x6D, 0x6B, 0x6D, 0x6B, 0x6D, 0x6B, 0x6D, 0x6B, 0x6D, 0x6B, 0x6D, 0x6B, 0x6D, 0x6B,
    0x6D, 0x6B, 0x6D, 0x6B, 0x6D, 0x6B, 0x6D, 0x6B, 0x6D, 0x6B, 0x4D, 0x63, 0x4D, 0x63, 0x0B, 0x5B,
    0xAA, 0x52, 0x2C, 0x63, 0x4C, 0x63, 0x0B, 0x5B, 0x28, 0x42, 0xE7, 0x39, 0x08, 0x42, 0x28, 0x42,
    0x69, 0x4A, 0x2C, 0x5B, 0x4D, 0x63, 0xEB, 0x5A, 0xAA, 0x52, 0x2C, 0x63, 0xCB, 0x5A, 0xEB, 0x5A,
    0x0C, 0x5B, 0x2C, 0x63, 0xEB, 0x5A, 0x69, 0x4A, 0x28, 0x42, 0xE7, 0x39, 0x08, 0x42, 0xE7, 0x39,
    0xC7, 0x39, 0xC7, 0x39, 0xA6, 0x31, 0x86, 0x31, 0x86, 0x31, 0x86, 0x31, 0x86, 0x31, 0x86, 0x31,
    0xA6, 0x31, 0xA6, 0x31, 0xA6, 0x31, 0xA6, 0x31, 0xA6, 0x31, 0xA6, 0x31, 0xA6, 0x31, 0xA6, 0x31,
    0xE7, 0x39, 0xE7, 0x39, 0x85, 0x31, 0x65, 0x29, 0x65, 0x29, 0x65, 0x29, 0x65, 0x29, 0x65, 0x29,
    0x65, 0x29, 0x65, 0x29, 0x65, 0x29, 0x65, 0x29, 0x65, 0x29, 0x65, 0x29, 0x65, 0x29, 0x65, 0x29,
    0x65, 0x29, 0x65, 0x29, 0x65, 0x29, 0x65, 0x29, 0x65, 0x29, 0x86, 0x31, 0x86, 0x31, 0x86, 0x31,
    0x86, 0x31, 0x86, 0x31, 0xA6, 0x39, 0xC7, 0x39, 0xA6, 0x39, 0xC7, 0x39, 0xA6, 0x39, 0xC7, 0x39,
    0xE7, 0x41, 0xE7, 0x41, 0xC7, 0x41, 0x08, 0x42, 0x49, 0x52, 0xE8, 0x41, 0xC7, 0x39, 0xE7, 0x39,
    0xC7, 0x39, 0x28, 0x42, 0x69, 0x52, 0x28, 0x4A, 0x48, 0x4A, 0x08, 0x4A, 0x07, 0x42, 0x08, 0x4A,
    0x07, 0x42, 0x69, 0x52, 0x89, 0x52, 0x08, 0x4A, 0x6A, 0x52, 0x28, 0x52, 0x89, 0x5A, 0x48, 0x52,
    0x48, 0x52, 0x49, 0x52, 0x8A, 0x5A, 0x89, 0x5A, 0xCA, 0x62, 0x0B, 0x6B, 0xA9, 0x62, 0x2B, 0x73,
    0x6D, 0x83, 0x8D, 0x8B, 0xAD, 0x8B, 0x8D, 0x8B, 0xCD, 0x93, 0x8D, 0x83, 0xCA, 0x6A, 0x2B, 0x7B,
    0xEE, 0x93, 0x4F, 0xA4, 0xB1, 0xB4, 0x90, 0xA4, 0xB1, 0xAC, 0xF2, 0xBC, 0xF2, 0xBC, 0x12, 0xB5,
    0x12, 0xBD, 0x12, 0xBD, 0x12, 0xBD, 0x12, 0xBD, 0x12, 0xBD, 0x32, 0xBD, 0x32, 0xBD, 0x32, 0xBD,
    0x32, 0xBD, 0x32, 0xB5, 0x12, 0xB5, 0x12, 0xB5, 0xF2, 0xB4, 0xF1, 0xB4, 0xD1, 0xAC, 0xB1, 0xAC,
    0x90, 0xAC, 0x70, 0xA4, 0x2F, 0x9C, 0x0E, 0x9C, 0xCE, 0x93, 0x8D, 0x8B, 0x4C, 0x83, 0x0B, 0x73,
    0xEB, 0x72, 0x0B, 0x73, 0x0B, 0x73, 0x0B, 0x73, 0x2B, 0x7B, 0xAD, 0x93, 0x2F, 0xA4, 0xB1, 0xB4,
    0x12, 0xC5, 0x53, 0xCD, 0x94, 0xCD, 0xB5, 0xD5, 0xD6, 0xDD, 0xF6, 0xDD, 0xF6, 0xDD, 0xF6, 0xDD,
    0xF6, 0xDD, 0xF6, 0xDD, 0xF6, 0xDD, 0xF6, 0xDD, 0xD5, 0xDD, 0xD5, 0xD5, 0xB5, 0xD5, 0x94, 0xCD,
    0x74, 0xC5, 0x33, 0xBD, 0xF2, 0xB4, 0xB1, 0xAC, 0x70, 0xA4, 0x50, 0xA4, 0x0E, 0x9C, 0xAD, 0x8B,
    0xAD, 0x8B, 0xAD, 0x8B, 0x6C, 0x83, 0x2B, 0x7B, 0xEA, 0x72, 0xAA, 0x72, 0xA9, 0x6A, 0x89, 0x6A,
    0x89, 0x62, 0x89, 0x62, 0x69, 0x62, 0x68, 0x62, 0x48, 0x62, 0x49, 0x62, 0x49, 0x5A, 0x48, 0x5A,
    0x49, 0x5A, 0x48, 0x52, 0x08, 0x4A, 0xE8, 0x41, 0xE7, 0x41, 0x07, 0x4A, 0x48, 0x52, 0x49, 0x52,
    0x08, 0x4A, 0xE7, 0x41, 0xC6, 0x39, 0xA6, 0x39, 0xA6, 0x39, 0x86, 0x39, 0x86, 0x39, 0xA6, 0x39,
    0xC7, 0x41, 0xE7, 0x49, 0x08, 0x4A, 0x69, 0x5A, 0x69, 0x5A, 0x69, 0x5A, 0xAA, 0x62, 0xAA, 0x62,
    0x8A, 0x62, 0xAA, 0x62, 0xCB, 0x6A, 0xCA, 0x62, 0xAA, 0x62, 0xCA, 0x62, 0xAA, 0x62, 0xAA, 0x62,
    0xAA, 0x62, 0x8A, 0x5A, 0x69, 0x52, 0xAA, 0x62, 0x89, 0x5A, 0xCB, 0x62, 0xAA, 0x5A, 0xEB, 0x62,
    0x2C, 0x73, 0xCE, 0x83, 0xAD, 0x7B, 0xAA, 0x5A, 0xCA, 0x62, 0xEB, 0x62, 0x89, 0x5A, 0x69, 0x52,
    0x89, 0x5A, 0xCA, 0x5A, 0x2C, 0x6B, 0xEB, 0x62, 0x49, 0x52, 0x28, 0x4A, 0x8A, 0x5A, 0x4C, 0x73,
    0x8A, 0x5A, 0xAA, 0x5A, 0x2C, 0x6B, 0x8E, 0x7B, 0x6D, 0x73, 0x4D, 0x73, 0x8D, 0x7B, 0x6D, 0x73,
    0x4C, 0x73, 0xEB, 0x62, 0x4C, 0x73, 0x2C, 0x6B, 0xCB, 0x62, 0xEB, 0x62, 0xAA, 0x5A, 0xEB, 0x62,
    0xAA, 0x5A, 0x0B, 0x63, 0x2B, 0x6B, 0x6C, 0x73, 0x8D, 0x7B, 0x8D, 0x7B, 0x8D, 0x83, 0x6C, 0x7B,
    0x6C, 0x73, 0x4C, 0x6B, 0xCE, 0x83, 0x8D, 0x73, 0x4C, 0x6B, 0x4D, 0x6B, 0x4D, 0x6B, 0x4D, 0x6B,
    0xEB, 0x5A, 0x48, 0x4A, 0xAA, 0x52, 0x4D, 0x6B, 0x4D, 0x6B, 0x4D, 0x6B, 0x6D, 0x6B, 0x6D, 0x6B,
    0x4D, 0x6B, 0x6D, 0x6B, 0x6D, 0x6B, 0x6D, 0x6B, 0x6D, 0x6B, 0x6D, 0x6B, 0x6D, 0x6B, 0x6D, 0x6B,
    0x6D, 0x6B, 0x6D, 0x6B, 0x4D, 0x6B, 0x8D, 0x73, 0x8D, 0x73, 0x2C, 0x63, 0x4D, 0x6B, 0x6D, 0x6B,
    0x6D, 0x6B, 0x6D, 0x6B, 0x6D, 0x6B, 0x6E, 0x6B, 0x6D, 0x6B, 0x6D, 0x6B, 0x6D, 0x6B, 0x6D, 0x6B,
    0x6D, 0x6B, 0x6D, 0x6B, 0x6D, 0x6B, 0x6D, 0x6B, 0x6D, 0x6B, 0x4D, 0x63, 0x4D, 0x63, 0xAA, 0x52,
    0x0B, 0x5B, 0x4C, 0x63, 0x4C, 0x63, 0xAA, 0x52, 0xE7, 0x39, 0x08, 0x42, 0x28, 0x42, 0x49, 0x4A,
    0xAA, 0x52, 0x4D, 0x63, 0x2C, 0x63, 0xAA, 0x52, 0x0B, 0x5B, 0xEB, 0x5A, 0xEB, 0x5A, 0xEB, 0x5A,
    0x2C, 0x63, 0x0C, 0x63, 0xCB, 0x5A, 0x49, 0x4A, 0x28, 0x42, 0xE7, 0x39, 0xE7, 0x39, 0xC7, 0x39,
    0xC7, 0x39, 0xA6, 0x31, 0x86, 0x31, 0x86, 0x31, 0x86, 0x31, 0x86, 0x31, 0xA6, 0x31, 0xA6, 0x31,
    0xA6, 0x31, 0xA6, 0x31, 0xA6, 0x31, 0xA6, 0x31, 0xA6, 0x31, 0xA6, 0x31, 0x86, 0x31, 0xC7, 0x39,
    0x07, 0x42, 0x86, 0x31, 0x65, 0x29, 0x65, 0x29, 0x65, 0x29, 0x65, 0x29, 0x65, 0x29, 0x65, 0x29,
    0x65, 0x29, 0x65, 0x29, 0x65, 0x29, 0x65, 0x29, 0x65, 0x29, 0x65, 0x29, 0x65, 0x29, 0x65, 0x29,
    0x65, 0x29, 0x65, 0x29, 0x65, 0x29, 0x86, 0x31, 0x86, 0x31, 0x86, 0x31, 0x86, 0x31, 0x86, 0x31,
    0x86, 0x31, 0x86, 0x31, 0xA6, 0x31, 0xC7, 0x39, 0xA6, 0x39, 0xC7, 0x39, 0xA6, 0x39, 0xC7, 0x39,
    0xE7, 0x41, 0xE7, 0x41, 0xC7, 0x41, 0x08, 0x42, 0x69, 0x52, 0x08, 0x42, 0xC7, 0x39, 0xE7, 0x39,
    0xC7, 0x39, 0x08, 0x42, 0x69, 0x52, 0x28, 0x4A, 0x69, 0x52, 0x28, 0x4A, 0xE7, 0x41, 0x07, 0x42,
    0x07, 0x42, 0x48, 0x4A, 0xAA, 0x5A, 0x08, 0x4A, 0x69, 0x52, 0x28, 0x4A, 0x69, 0x5A, 0x69, 0x52,
    0x28, 0x52, 0x49, 0x52, 0x89, 0x5A, 0xAA, 0x62, 0x69, 0x5A, 0x0B, 0x6B, 0xCA, 0x62, 0xCA, 0x62,
    0x6C, 0x7B, 0x8D, 0x83, 0xAD, 0x8B, 0xAD, 0x93, 0xAD, 0x93, 0xCE, 0x8B, 0xEB, 0x72, 0xEA, 0x6A,
    0xAD, 0x83, 0x2F, 0x9C, 0x90, 0xAC, 0xD1, 0xB4, 0x90, 0xAC, 0xF2, 0xBC, 0xF2, 0xBC, 0x12, 0xB5,
    0x12, 0xBD, 0x12, 0xBD, 0x12, 0xBD, 0x12, 0xBD, 0x12, 0xBD, 0x12, 0xBD, 0x12, 0xBD, 0x12, 0xBD,
    0x12, 0xBD, 0x12, 0xB5, 0x12, 0xB5, 0x12, 0xB5, 0xF1, 0xB4, 0xD1, 0xB4, 0xD1, 0xAC, 0xB0, 0xAC,
    0x90, 0xA4, 0x4F, 0xA4, 0x2F, 0x9C, 0xEE, 0x93, 0xAD, 0x8B, 0x4C, 0x83, 0x0B, 0x73, 0xEB, 0x72,
    0xEB, 0x72, 0xEB, 0x72, 0x0B, 0x73, 0x0B, 0x73, 0x4C, 0x83, 0xCE, 0x9B, 0x70, 0xAC, 0xD1, 0xBC,
    0x12, 0xC5, 0x53, 0xCD, 0x94, 0xD5, 0xB5, 0xD5, 0xD6, 0xDD, 0xF6, 0xDD, 0xF6, 0xDD, 0xF6, 0xDD,
    0xF6, 0xDD, 0xF6, 0xDD, 0xF6, 0xDD, 0xF6, 0xDD, 0xD6, 0xDD, 0xD5, 0xD5, 0xB5, 0xD5, 0x95, 0xCD,
    0x74, 0xC5, 0x53, 0xC5, 0x12, 0xBD, 0xD1, 0xAC, 0x70, 0xA4, 0x70, 0xA4, 0x50, 0xA4, 0x0E, 0x94,
    0xCD, 0x8B, 0xAD, 0x8B, 0x6C, 0x83, 0x4C, 0x83, 0x0B, 0x7B, 0xEA, 0x72, 0xCA, 0x72, 0xAA, 0x6A,
    0xA9, 0x6A, 0x89, 0x6A, 0x89, 0x6A, 0x89, 0x62, 0x89, 0x62, 0x69, 0x62, 0x69, 0x62, 0x49, 0x62,
    0x49, 0x62, 0x89, 0x62, 0x69, 0x62, 0x69, 0x5A, 0x69, 0x5A, 0x49, 0x52, 0x28, 0x52, 0x28, 0x52,
    0x08, 0x4A, 0xE7, 0x41, 0xC7, 0x41, 0xA6, 0x39, 0xA6, 0x39, 0x86, 0x39, 0x86, 0x39, 0xA6, 0x39,
    0xC7, 0x39, 0xE7, 0x41, 0x07, 0x4A, 0x28, 0x52, 0x69, 0x5A, 0x49, 0x5A, 0x89, 0x5A, 0xAA, 0x62,
    0xAA, 0x62, 0xAA, 0x62, 0xAA, 0x62, 0xCA, 0x62, 0xAA, 0x62, 0xCB, 0x62, 0xAA, 0x62, 0x8A, 0x5A,
    0xAA, 0x5A, 0x8A, 0x5A, 0x69, 0x5A, 0x8A, 0x5A, 0x69, 0x5A, 0xAA, 0x62, 0xAA, 0x62, 0xCA, 0x62,
    0x0C, 0x6B, 0xAE, 0x7B, 0xCE, 0x83, 0xEB, 0x62, 0xAA, 0x5A, 0xEB, 0x62, 0xCA, 0x5A, 0x48, 0x52,
    0x69, 0x52, 0xAA, 0x5A, 0x0B, 0x6B, 0x2C, 0x6B, 0x89, 0x52, 0x49, 0x52, 0x48, 0x4A, 0x0B, 0x63,
    0x0B, 0x6B, 0x89, 0x5A, 0xCB, 0x62, 0x4C, 0x73, 0x8E, 0x7B, 0x4D, 0x73, 0x4D, 0x73, 0x8D, 0x7B,
    0x4D, 0x73, 0x0C, 0x6B, 0xEB, 0x62, 0x6D, 0x73, 0x0C, 0x6B, 0xCA, 0x62, 0xCA, 0x62, 0xCA, 0x5A,
    0xCA, 0x62, 0xAA, 0x5A, 0x2B, 0x6B, 0x2C, 0x6B, 0x8D, 0x7B, 0x8D, 0x7B, 0x8D, 0x7B, 0x8D, 0x7B,
    0x6D, 0x7B, 0x4C, 0x73, 0x4C, 0x73, 0xCE, 0x7B, 0x6D, 0x73, 0x4C, 0x6B, 0x4D, 0x6B, 0x4D, 0x6B,
    0x2C, 0x63, 0x69, 0x4A, 0x49, 0x4A, 0x0C, 0x63, 0x4D, 0x6B, 0x4D, 0x6B, 0x6D, 0x6B, 0x6D, 0x6B,
    0x6D, 0x6B, 0x6D, 0x6B, 0x6D, 0x6B, 0x6D, 0x6B, 0x6D, 0x6B, 0x6D, 0x6B, 0x6D, 0x6B, 0x6D, 0x6B,
    0x6D, 0x6B, 0x6D, 0x6B, 0x4D, 0x6B, 0x6D, 0x6B, 0x8D, 0x73, 0x6D, 0x6B, 0x2C, 0x63, 0x6D, 0x6B,
    0x6D, 0x6B, 0x6D, 0x6B, 0x6D, 0x6B, 0x6D, 0x6B, 0x6D, 0x6B, 0x6D, 0x6B, 0x6D, 0x6B, 0x6D, 0x6B,
    0x6D, 0x6B, 0x6D, 0x6B, 0x6D, 0x6B, 0x4D, 0x6B, 0x4D, 0x6B, 0x4D, 0x6B, 0x0B, 0x5B, 0xCA, 0x52,
    0x2C, 0x63, 0x4D, 0x63, 0x0C, 0x5B, 0x49, 0x42, 0xC7, 0x39, 0x08, 0x42, 0x49, 0x4A, 0x69, 0x4A,
    0xEB, 0x5A, 0x4D, 0x63, 0xEC, 0x5A, 0xAA, 0x52, 0x0B, 0x5B, 0xEB, 0x5A, 0x0C, 0x63, 0x2C, 0x63,
    0x4D, 0x63, 0x0C, 0x63, 0xAA, 0x5A, 0x49, 0x4A, 0x08, 0x42, 0x08, 0x42, 0xC7, 0x39, 0xC7, 0x39,
    0xC7, 0x39, 0xA6, 0x31, 0x86, 0x31, 0x86, 0x31, 0x86, 0x31, 0xA6, 0x31, 0xA6, 0x31, 0xA6, 0x31,
    0xA6, 0x31, 0xA6, 0x31, 0xA6, 0x31, 0xA6, 0x31, 0xA6, 0x31, 0xA6, 0x31, 0xA6, 0x31, 0x08, 0x42,
    0xA6, 0x31, 0x85, 0x31, 0x65, 0x29, 0x65, 0x29, 0x65, 0x29, 0x65, 0x29, 0x65, 0x29, 0x65, 0x29,
    0x65, 0x29, 0x65, 0x29, 0x65, 0x29, 0x65, 0x29, 0x65, 0x29, 0x65, 0x29, 0x65, 0x29, 0x65, 0x29,
    0x65, 0x29, 0x86, 0x31, 0x86, 0x31, 0x86, 0x31, 0x86, 0x31, 0x86, 0x31, 0x86, 0x31, 0x86, 0x31,
    0x86, 0x31, 0x86, 0x31, 0xA6, 0x31, 0xC7, 0x39, 0xA6, 0x39, 0xC7, 0x39, 0xC7, 0x39, 0xA7, 0x39,
    0xE7, 0x41, 0xE7, 0x41, 0xC7, 0x41, 0x08, 0x42, 0x69, 0x52, 0x08, 0x42, 0xC6, 0x39, 0xE7, 0x39,
    0xC6, 0x39, 0x28, 0x42, 0x49, 0x52, 0x07, 0x42, 0x49, 0x52, 0x28, 0x4A, 0xE7, 0x41, 0x07, 0x42,
    0x07, 0x42, 0x08, 0x4A, 0xAA, 0x5A, 0x08, 0x4A, 0x49, 0x52, 0x28, 0x4A, 0x49, 0x52, 0x89, 0x5A,
    0x28, 0x52, 0x69, 0x52, 0x89, 0x5A, 0xCA, 0x62, 0x69, 0x5A, 0xAA, 0x62, 0x0B, 0x6B, 0xA9, 0x62,
    0x2B, 0x73, 0x8D, 0x83, 0xAD, 0x8B, 0xAD, 0x93, 0xAD, 0x93, 0xCE, 0x93, 0x4C, 0x7B, 0xAA, 0x6A,
    0x0B, 0x73, 0x0E, 0x94, 0x6F, 0xA4, 0xD1, 0xB4, 0xB0, 0xAC, 0x91, 0xAC, 0xF2, 0xBC, 0xF2, 0xB4,
    0x12, 0xBD, 0x12, 0xBD, 0x12, 0xBD, 0x12, 0xBD, 0x12, 0xBD, 0x12, 0xBD, 0x12, 0xBD, 0x12, 0xBD,
    0x12, 0xBD, 0x12, 0xB5, 0x12, 0xB5, 0xF2, 0xB4, 0xD1, 0xB4, 0xD1, 0xB4, 0xB1, 0xAC, 0x90, 0xAC,
    0x6F, 0xA4, 0x2F, 0x9C, 0x0E, 0x94, 0xCD, 0x8B, 0x6C, 0x83, 0x0B, 0x73, 0xEA, 0x72, 0xEA, 0x72,
    0xEA, 0x72, 0xEB, 0x72, 0xEB, 0x72, 0x0B, 0x7B, 0x6C, 0x8B, 0xEE, 0x9B, 0x70, 0xAC, 0xD1, 0xBC,
    0x12, 0xC5, 0x53, 0xCD, 0x94, 0xD5, 0xB5, 0xD5, 0xD6, 0xDD, 0xF6, 0xDD, 0xF6, 0xDD, 0xF6, 0xDD,
    0xF6, 0xDD, 0xF6, 0xDD, 0xF6, 0xDD, 0xF6, 0xDD, 0xF6, 0xDD, 0xD5, 0xD5, 0xB5, 0xD5, 0xB5, 0xD5,
    0x94, 0xCD, 0x74, 0xC5, 0x33, 0xBD, 0x12, 0xB5, 0xB1, 0xAC, 0x90, 0xA4, 0x91, 0xA4, 0x50, 0x9C,
    0xEE, 0x93, 0x8D, 0x8B, 0x8D, 0x8B, 0x6D, 0x8B, 0x4C, 0x83, 0x0B, 0x7B, 0xEA, 0x72, 0xCA, 0x72,
    0xCA, 0x72, 0xA9, 0x6A, 0xA9, 0x6A, 0x89, 0x6A, 0x89, 0x6A, 0x89, 0x6A, 0x89, 0x6A, 0x69, 0x62,
    0x69, 0x62, 0x69, 0x6A, 0x69, 0x62, 0x69, 0x62, 0x89, 0x62, 0x89, 0x62, 0xCB, 0x6A, 0x49, 0x5A,
    0x28, 0x52, 0xE7, 0x49, 0xC7, 0x41, 0xC7, 0x41, 0xC7, 0x41, 0xA6, 0x39, 0xA6, 0x39, 0xA6, 0x39,
    0xA6, 0x39, 0xC6, 0x39, 0xE7, 0x41, 0xE7, 0x49, 0x48, 0x52, 0x69, 0x5A, 0x69, 0x5A, 0xAA, 0x62,
    0xAA, 0x62, 0xAA, 0x62, 0xAA, 0x62, 0xAA, 0x62, 0xAA, 0x62, 0xCB, 0x62, 0x8A, 0x5A, 0x89, 0x5A,
    0x69, 0x5A, 0x8A, 0x5A, 0x89, 0x5A, 0x8A, 0x5A, 0x89, 0x5A, 0x69, 0x5A, 0xCB, 0x62, 0xAA, 0x5A,
    0x0B, 0x6B, 0x6D, 0x7B, 0xEE, 0x83, 0x2C, 0x73, 0x8A, 0x5A, 0xCA, 0x62, 0xCB, 0x62, 0x89, 0x5A,
    0x69, 0x52, 0x69, 0x52, 0xEB, 0x62, 0x2C, 0x6B, 0xCA, 0x5A, 0x69, 0x52, 0x49, 0x4A, 0x89, 0x52,
    0x4C, 0x73, 0xAA, 0x5A, 0xAA, 0x5A, 0xEB, 0x62, 0x6D, 0x7B, 0x8D, 0x7B, 0x2C, 0x73, 0x6D, 0x7B,
    0x6D, 0x73, 0x4C, 0x73, 0xEB, 0x62, 0x2C, 0x6B, 0x4D, 0x73, 0xEB, 0x62, 0xCA, 0x5A, 0xAA, 0x5A,
    0xCA, 0x5A, 0xAA, 0x5A, 0xEB, 0x62, 0x2C, 0x6B, 0x4C, 0x73, 0x8D, 0x7B, 0x8D, 0x7B, 0x8D, 0x7B,
    0x6D, 0x7B, 0x6C, 0x7B, 0x2C, 0x73, 0x8D, 0x7B, 0xAE, 0x7B, 0x6D, 0x6B, 0x4C, 0x6B, 0x4D, 0x6B,
    0x4C, 0x6B, 0xAA, 0x52, 0x28, 0x4A, 0xAA, 0x5A, 0x4D, 0x6B, 0x6D, 0x6B, 0x6D, 0x6B, 0x6D, 0x6B,
    0x6D, 0x6B, 0x6D, 0x6B, 0x6D, 0x6B, 0x6D, 0x6B, 0x6D, 0x6B, 0x6D, 0x6B, 0x6D, 0x6B, 0x6D, 0x6B,
    0x6D, 0x6B, 0x6D, 0x6B, 0x6D, 0x6B, 0x6D, 0x6B, 0x8D, 0x73, 0x6D, 0x6B, 0x2C, 0x63, 0x4D, 0x6B,
    0x6D, 0x6B, 0x6D, 0x6B, 0x6D, 0x6B, 0x6D, 0x6B, 0x6D, 0x6B, 0x6D, 0x6B, 0x6D, 0x6B, 0x6D, 0x6B,
    0x6D, 0x6B, 0x6D, 0x6B, 0x6D, 0x6B, 0x4D, 0x6B, 0x4D, 0x6B, 0x4D, 0x6B, 0xCB, 0x5A, 0xEB, 0x5A,
    0x4D, 0x63, 0x4C, 0x63, 0xCB, 0x5A, 0xE7, 0x39, 0xE7, 0x39, 0x28, 0x42, 0x69, 0x4A, 0x8A, 0x4A,
    0x2C, 0x63, 0x2D, 0x63, 0xAA, 0x52, 0xCB, 0x5A, 0xEB, 0x5A, 0x2C, 0x63, 0x0C, 0x63, 0x4C, 0x63,
    0x2C, 0x63, 0xEB, 0x5A, 0x8A, 0x52, 0x28, 0x42, 0xE7, 0x39, 0x08, 0x42, 0xC7, 0x39, 0xC7, 0x39,
    0xA6, 0x31, 0xA6, 0x31, 0x86, 0x31, 0x86, 0x31, 0x86, 0x31, 0xA6, 0x31, 0xA6, 0x31, 0xA6, 0x31,
    0xA6, 0x31, 0xA6, 0x31, 0xA6, 0x31, 0xA6, 0x31, 0xA6, 0x31, 0x86, 0x31, 0x08, 0x42, 0xC7, 0x39,
    0x85, 0x31, 0x65, 0x29, 0x65, 0x29, 0x65, 0x29, 0x65, 0x29, 0x65, 0x29, 0x65, 0x29, 0x65, 0x29,
    0x65, 0x29, 0x65, 0x29, 0x65, 0x29, 0x85, 0x31, 0x85, 0x31, 0x85, 0x31, 0x65, 0x29, 0x65, 0x29,
    0x65, 0x29, 0x86, 0x31, 0x86, 0x31, 0x86, 0x31, 0x86, 0x31, 0x86, 0x31, 0x86, 0x31, 0x86, 0x31,
    0x86, 0x31, 0x86, 0x31, 0xA6, 0x31, 0xC7, 0x39, 0xA7, 0x39, 0xA7, 0x39, 0xA7, 0x39, 0xA7, 0x39,
    0xC7, 0x41, 0xE7, 0x41, 0xE7, 0x41, 0xE7, 0x41, 0x49, 0x52, 0x08, 0x42, 0xC6, 0x39, 0xE7, 0x39,
    0xC6, 0x39, 0x08, 0x42, 0x48, 0x4A, 0x07, 0x42, 0x69, 0x52, 0x48, 0x4A, 0x07, 0x42, 0x07, 0x42,
    0x08, 0x4A, 0xE7, 0x41, 0x89, 0x52, 0x49, 0x52, 0x28, 0x4A, 0x28, 0x52, 0x28, 0x4A, 0xAA, 0x5A,
    0x48, 0x52, 0x49, 0x52, 0x89, 0x5A, 0xCA, 0x62, 0xAA, 0x5A, 0x69, 0x5A, 0xEB, 0x6A, 0xCB, 0x62,
    0xCA, 0x62, 0x6C, 0x7B, 0x8D, 0x8B, 0xAD, 0x93, 0xAD, 0x93, 0xCD, 0x93, 0x8D, 0x8B, 0xCA, 0x6A,
    0xAA, 0x62, 0x8D, 0x83, 0x4F, 0xA4, 0x90, 0xAC, 0xD1, 0xB4, 0x70, 0xAC, 0xB1, 0xB4, 0x12, 0xBD,
    0xF2, 0xBC, 0xF2, 0xBC, 0x12, 0xBD, 0x12, 0xBD, 0x12, 0xBD, 0x12, 0xBD, 0x12, 0xBD, 0x12, 0xBD,
    0x12, 0xBD, 0x12, 0xB5, 0xF2, 0xB4, 0xF2, 0xB4, 0xD1, 0xB4, 0xB1, 0xAC, 0x90, 0xAC, 0x70, 0xA4,
    0x4F, 0xA4, 0x0E, 0x9C, 0xCE, 0x93, 0x6C, 0x83, 0x0B, 0x73, 0xEA, 0x72, 0xEA, 0x72, 0xEA, 0x72,
    0xEA, 0x72, 0xEA, 0x72, 0xEB, 0x72, 0x2B, 0x7B, 0x6C, 0x8B, 0x0E, 0xA4, 0x70, 0xB4, 0xD1, 0xBC,
    0x12, 0xC5, 0x53, 0xCD, 0x94, 0xD5, 0xB5, 0xD5, 0xD6, 0xDD, 0xF6, 0xDD, 0xF6, 0xDD, 0xF6, 0xDD,
    0xF6, 0xDD, 0xF6, 0xDD, 0xF6, 0xDD, 0xF6, 0xDD, 0xF6, 0xDD, 0xD5, 0xD5, 0xD5, 0xD5, 0xB5, 0xD5,
    0xB5, 0xCD, 0x74, 0xC5, 0x53, 0xC5, 0x13, 0xBD, 0xD1, 0xAC, 0x91, 0xA4, 0xB1, 0xA4, 0x91, 0xA4,
    0x2F, 0x9C, 0xCE, 0x93, 0xAD, 0x8B, 0xCE, 0x93, 0xAD, 0x8B, 0x8C, 0x8B, 0x4B, 0x83, 0x0B, 0x7B,
    0xEA, 0x72, 0xCA, 0x72, 0xA9, 0x6A, 0xA9, 0x6A, 0xA9, 0x6A, 0xA9, 0x6A, 0x89, 0x6A, 0x89, 0x6A,
    0x89, 0x6A, 0x89, 0x6A, 0x89, 0x6A, 0x69, 0x6A, 0x69, 0x62, 0x89, 0x62, 0xCA, 0x72, 0x69, 0x62,
    0x49, 0x5A, 0x28, 0x5A, 0x08, 0x52, 0xE7, 0x49, 0xE7, 0x49, 0xC7, 0x41, 0xC6, 0x41, 0xA6, 0x39,
    0xC6, 0x39, 0xA6, 0x39, 0xC7, 0x39, 0xC7, 0x41, 0x08, 0x4A, 0x49, 0x52, 0x48, 0x5A, 0x89, 0x62,
    0xCA, 0x62, 0xAA, 0x62, 0x8A, 0x62, 0xAA, 0x62, 0xAA, 0x62, 0xCA, 0x62, 0x8A, 0x5A, 0x69, 0x5A,
    0x49, 0x52, 0x89, 0x5A, 0xAA, 0x5A, 0x8A, 0x5A, 0xAA, 0x5A, 0x49, 0x52, 0xCA, 0x62, 0xAA, 0x5A,
    0xEB, 0x62, 0x4C, 0x73, 0xCE, 0x83, 0x8D, 0x7B, 0xAA, 0x62, 0xAA, 0x62, 0xCA, 0x62, 0xAA, 0x5A,
    0x69, 0x52, 0x69, 0x52, 0xAA, 0x5A, 0x2C, 0x6B, 0x0B, 0x63, 0x6A, 0x52, 0x49, 0x4A, 0x49, 0x4A,
    0xEB, 0x62, 0x2C, 0x6B, 0xAA, 0x5A, 0xAA, 0x62, 0x0C, 0x6B, 0x8E, 0x7B, 0x6D, 0x73, 0x2C, 0x73,
    0x6D, 0x73, 0x4D, 0x73, 0x0C, 0x6B, 0xCB, 0x62, 0x4D, 0x73, 0x2C, 0x6B, 0xCA, 0x5A, 0xCA, 0x5A,
    0xAA, 0x5A, 0x8A, 0x5A, 0xCA, 0x62, 0x2C, 0x6B, 0x2C, 0x6B, 0x4D, 0x73, 0x8D, 0x7B, 0x8D, 0x7B,
    0x8D, 0x7B, 0x6C, 0x7B, 0x4C, 0x73, 0x2C, 0x73, 0xAE, 0x7B, 0xAE, 0x7B, 0x4C, 0x6B, 0x4D, 0x6B,
    0x4D, 0x6B, 0xEB, 0x62, 0x48, 0x4A, 0x69, 0x4A, 0x0C, 0x63, 0x6D, 0x6B, 0x6D, 0x6B, 0x6D, 0x6B,
    0x6D, 0x6B, 0x6D, 0x6B, 0x6D, 0x6B, 0x6D, 0x6B, 0x6D, 0x6B, 0x6D, 0x6B, 0x6D, 0x6B, 0x6D, 0x6B,
    0x6D, 0x6B, 0x6D, 0x6B, 0x6D, 0x6B, 0x6D, 0x6B, 0x6D, 0x6B, 0x8D, 0x73, 0x4C, 0x6B, 0x2C, 0x63,
    0x6D, 0x6B, 0x6D, 0x6B, 0x6D, 0x6B, 0x4D, 0x6B, 0x6D, 0x6B, 0x6D, 0x6B, 0x6D, 0x6B, 0x6D, 0x6B,
    0x6D, 0x6B, 0x4D, 0x6B, 0x6D, 0x6B, 0x4D, 0x6B, 0x4D, 0x6B, 0x2C, 0x63, 0xCA, 0x52, 0x2C, 0x63,
    0x4D, 0x63, 0x2C, 0x63, 0x89, 0x4A, 0xC7, 0x39, 0x08, 0x42, 0x49, 0x4A, 0x8A, 0x52, 0xAA, 0x52,
    0x4D, 0x63, 0x0C, 0x63, 0x8A, 0x52, 0xEB, 0x5A, 0x0B, 0x63, 0x2C, 0x63, 0x0C, 0x63, 0x4D, 0x63,
    0x0C, 0x5B, 0xCB, 0x5A, 0x49, 0x4A, 0x08, 0x42, 0x08, 0x42, 0xE7, 0x39, 0xC7, 0x39, 0xC7, 0x39,
    0xA6, 0x31, 0x86, 0x31, 0x86, 0x31, 0x86, 0x31, 0x86, 0x31, 0xA6, 0x31, 0xA6, 0x31, 0xA6, 0x31,
    0xA6, 0x31, 0xA6, 0x31, 0xA6, 0x31, 0xA6, 0x31, 0x86, 0x31, 0x08, 0x42, 0xC7, 0x39, 0x65, 0x29,
    0x65, 0x29, 0x65, 0x29, 0x65, 0x29, 0x65, 0x29, 0x65, 0x29, 0x65, 0x29, 0x65, 0x29, 0x65, 0x29,
    0x65, 0x29, 0x65, 0x29, 0x85, 0x31, 0x85, 0x31, 0x85, 0x31, 0x85, 0x31, 0x85, 0x31, 0x85, 0x31,
    0x86, 0x31, 0x86, 0x31, 0x86, 0x31, 0x86, 0x31, 0x86, 0x31, 0x86, 0x31, 0x86, 0x31, 0x86, 0x31,
    0x86, 0x31, 0x86, 0x31, 0xA6, 0x31, 0xC7, 0x39, 0xA7, 0x39, 0xA6, 0x39, 0xA6, 0x39, 0xA6, 0x39,
    0xE7, 0x41, 0xE7, 0x41, 0xE7, 0x41, 0xE7, 0x41, 0x49, 0x52, 0x08, 0x4A, 0xC6, 0x39, 0xC7, 0x39,
    0xC6, 0x39, 0x07, 0x42, 0x48, 0x4A, 0xE7, 0x41, 0x69, 0x52, 0x49, 0x52, 0x07, 0x42, 0xE7, 0x41,
    0x28, 0x4A, 0xE7, 0x41, 0x49, 0x4A, 0x69, 0x52, 0x28, 0x4A, 0x48, 0x52, 0xE7, 0x49, 0x69, 0x5A,
    0x69, 0x52, 0x28, 0x52, 0x69, 0x5A, 0xCA, 0x62, 0xCA, 0x62, 0x89, 0x5A, 0x8A, 0x5A, 0x0B, 0x6B,
    0xAA, 0x62, 0x2B, 0x73, 0x6C, 0x83, 0xAD, 0x93, 0xAD, 0x93, 0xAD, 0x93, 0xCD, 0x93, 0x2C, 0x7B,
    0xAA, 0x62, 0xEB, 0x72, 0x0E, 0x9C, 0x6F, 0xA4, 0xD1, 0xB4, 0xD1, 0xB4, 0x70, 0xAC, 0xD2, 0xB4,
    0x12, 0xBD, 0xF2, 0xBC, 0x12, 0xBD, 0x12, 0xBD, 0x12, 0xBD, 0x12, 0xBD, 0x12, 0xBD, 0x12, 0xBD,
    0x12, 0xBD, 0xF2, 0xB4, 0xF2, 0xB4, 0xD1, 0xB4, 0xD1, 0xB4, 0xB1, 0xAC, 0x70, 0xA4, 0x4F, 0xA4,
    0x2F, 0x9C, 0xEE, 0x93, 0x8C, 0x83, 0x0B, 0x73, 0xCA, 0x6A, 0xCA, 0x6A, 0xEA, 0x6A, 0xCA, 0x72,
    0xEA, 0x72, 0xCA, 0x72, 0xEA, 0x72, 0x2B, 0x83, 0x8C, 0x93, 0x0F, 0xA4, 0x90, 0xB4, 0xF1, 0xBC,
    0x33, 0xC5, 0x53, 0xCD, 0x94, 0xD5, 0xB5, 0xD5, 0xD6, 0xDD, 0xF6, 0xDD, 0xF6, 0xDD, 0xF6, 0xDD,
    0xF6, 0xDD, 0xF6, 0xDD, 0xF6, 0xDD, 0xF6, 0xDD, 0xF6, 0xDD, 0xD5, 0xD5, 0xD5, 0xD5, 0xD5, 0xD5,
    0xB5, 0xCD, 0x94, 0xCD, 0x74, 0xC5, 0x33, 0xBD, 0x12, 0xB5, 0xB1, 0xAC, 0x91, 0xA4, 0xB1, 0xAC,
    0x70, 0xA4, 0x0F, 0x9C, 0xCE, 0x93, 0xEE, 0x93, 0xEE, 0x93, 0xCD, 0x93, 0xAD, 0x8B, 0x6C, 0x8B,
    0x2B, 0x83, 0x0A, 0x7B, 0xCA, 0x72, 0xA9, 0x6A, 0xA9, 0x6A, 0x89, 0x6A, 0x89, 0x6A, 0x89, 0x6A,
    0x89, 0x6A, 0x89, 0x6A, 0x89, 0x6A, 0x89, 0x6A, 0x89, 0x6A, 0x89, 0x6A, 0x89, 0x6A, 0x89, 0x6A,
    0x69, 0x62, 0x49, 0x5A, 0x28, 0x5A, 0x28, 0x52, 0x07, 0x52, 0x08, 0x52, 0x28, 0x52, 0xE7, 0x41,
    0xC6, 0x41, 0xC6, 0x39, 0xC7, 0x41, 0xE7, 0x41, 0x08, 0x4A, 0x28, 0x52, 0x48, 0x5A, 0x89, 0x62,
    0xCA, 0x62, 0xAA, 0x62, 0xAA, 0x62, 0x8A, 0x62, 0x8A, 0x62, 0xCA, 0x62, 0x8A, 0x5A, 0x69, 0x52,
    0x69, 0x52, 0x49, 0x52, 0x8A, 0x5A, 0xAA, 0x5A, 0xAA, 0x5A, 0x49, 0x52, 0xAA, 0x5A, 0xCA, 0x62,
    0xCA, 0x62, 0x0B, 0x6B, 0xAE, 0x7B, 0xAE, 0x7B, 0xCB, 0x62, 0xAA, 0x5A, 0xAA, 0x5A, 0xAA, 0x5A,
    0x89, 0x52, 0x69, 0x52, 0x89, 0x52, 0x0B, 0x63, 0x2C, 0x6B, 0xAA, 0x5A, 0x69, 0x52, 0x49, 0x4A,
    0x89, 0x52, 0x2C, 0x6B, 0x0B, 0x6B, 0xAA, 0x5A, 0xCB, 0x62, 0x4C, 0x73, 0x8E, 0x7B, 0x2C, 0x73,
    0x4C, 0x73, 0x4D, 0x73, 0x4C, 0x73, 0xEB, 0x62, 0x0C, 0x6B, 0x6D, 0x73, 0xEB, 0x62, 0xAA, 0x5A,
    0xCA, 0x5A, 0x89, 0x52, 0x69, 0x52, 0x0B, 0x6B, 0x2C, 0x73, 0x2C, 0x73, 0x4C, 0x73, 0x8D, 0x7B,
    0x8D, 0x7B, 0x8D, 0x7B, 0x6C, 0x73, 0x4C, 0x73, 0x4C, 0x73, 0xCE, 0x7B, 0x8D, 0x73, 0x4C, 0x6B,
    0x4D, 0x6B, 0x0C, 0x63, 0x89, 0x52, 0x49, 0x4A, 0xCB, 0x5A, 0x6D, 0x6B, 0x6D, 0x6B, 0x6D, 0x6B,
    0x6D, 0x6B, 0x6D, 0x6B, 0x6D, 0x6B, 0x6D, 0x6B, 0x6D, 0x6B, 0x6D, 0x6B, 0x6D, 0x6B, 0x6D, 0x6B,
    0x4D, 0x6B, 0x6D, 0x6B, 0x6D, 0x6B, 0x4D, 0x6B, 0x6D, 0x6B, 0x6D, 0x73, 0x6D, 0x73, 0x0C, 0x63,
    0x4D, 0x6B, 0x6D, 0x6B, 0x4D, 0x6B, 0x6D, 0x6B, 0x6D, 0x6B, 0x6D, 0x6B, 0x6D, 0x6B, 0x6D, 0x6B,
    0x6D, 0x6B, 0x6D, 0x6B, 0x4D, 0x6B, 0x4D, 0x6B, 0x6D, 0x6B, 0xEB, 0x5A, 0xCB, 0x5A, 0x4D, 0x63,
    0x4D, 0x63, 0x0B, 0x5B, 0x28, 0x42, 0xE7, 0x39, 0x28, 0x42, 0x8A, 0x52, 0x8A, 0x4A, 0xCB, 0x5A,
    0x4D, 0x6B, 0xCB, 0x5A, 0x8A, 0x52, 0xEB, 0x5A, 0x2C, 0x63, 0x0C, 0x63, 0x2C, 0x63, 0x4C, 0x63,
    0xEB, 0x5A, 0xAA, 0x52, 0x28, 0x42, 0x08, 0x42, 0x08, 0x42, 0xC7, 0x39, 0xC7, 0x39, 0xC7, 0x39,
    0xA6, 0x31, 0x86, 0x31, 0x86, 0x31, 0x86, 0x31, 0x86, 0x31, 0xA6, 0x31, 0xA6, 0x31, 0xA6, 0x31,
    0xA6, 0x31, 0xA6, 0x31, 0xA6, 0x31, 0xA6, 0x31, 0xE7, 0x39, 0xE7, 0x39, 0x65, 0x29, 0x65, 0x29,
    0x65, 0x29, 0x65, 0x29, 0x65, 0x29, 0x65, 0x29, 0x65, 0x29, 0x65, 0x29, 0x65, 0x29, 0x65, 0x29,
    0x65, 0x29, 0x86, 0x31, 0x85, 0x31, 0x85, 0x31, 0x85, 0x31, 0x85, 0x31, 0x85, 0x31, 0x85, 0x31,
    0x85, 0x31, 0x85, 0x31, 0x85, 0x31, 0x85, 0x31, 0x86, 0x31, 0x86, 0x31, 0x86, 0x31, 0x86, 0x31,
    0x86, 0x31, 0x86, 0x31, 0xA6, 0x39, 0xC7, 0x39, 0xC7, 0x39, 0xA6, 0x39, 0xA6, 0x39, 0xA6, 0x39,
    0xE7, 0x39, 0xE7, 0x39, 0xE7, 0x41, 0xE7, 0x41, 0x49, 0x4A, 0x28, 0x4A, 0xC6, 0x39, 0xC7, 0x39,
    0xC6, 0x39, 0x08, 0x42, 0x28, 0x4A, 0xE7, 0x41, 0x69, 0x52, 0x69, 0x52, 0x28, 0x4A, 0xE7, 0x41,
    0x28, 0x4A, 0xE7, 0x41, 0x08, 0x4A, 0x8A, 0x5A, 0x28, 0x4A, 0x49, 0x52, 0xE7, 0x41, 0x48, 0x52,
    0x89, 0x5A, 0x28, 0x4A, 0x69, 0x52, 0xCA, 0x62, 0xAA, 0x62, 0xAA, 0x62, 0x89, 0x5A, 0xCA, 0x62,
    0x0B, 0x6B, 0xCA, 0x62, 0x4C, 0x7B, 0x8D, 0x8B, 0xCD, 0x93, 0xAD, 0x93, 0xCD, 0x93, 0xAD, 0x8B,
    0xEA, 0x6A, 0xA9, 0x62, 0x6C, 0x7B, 0x4F, 0x9C, 0x90, 0xAC, 0xD1, 0xB4, 0xB1, 0xB4, 0x70, 0xAC,
    0xF2, 0xBC, 0x12, 0xBD, 0xF2, 0xBC, 0x12, 0xBD, 0x12, 0xBD, 0xF2, 0xBC, 0xF2, 0xBC, 0xF2, 0xBC,
    0xF2, 0xB4, 0xF2, 0xB4, 0xF2, 0xB4, 0xD1, 0xB4, 0xB1, 0xAC, 0x90, 0xAC, 0x70, 0xA4, 0x2F, 0x9C,
    0x0F, 0x94, 0x8D, 0x8B, 0x0B, 0x73, 0xCA, 0x6A, 0xCA, 0x6A, 0xCA, 0x6A, 0xCA, 0x72, 0xEA, 0x72,
    0xEA, 0x72, 0xCA, 0x72, 0xEA, 0x72, 0x2B, 0x83, 0x8C, 0x93, 0x0E, 0xA4, 0x90, 0xB4, 0xD1, 0xBC,
    0x32, 0xC5, 0x73, 0xCD, 0x94, 0xD5, 0xB5, 0xD5, 0xD6, 0xDD, 0xF6, 0xDD, 0xF6, 0xDD, 0xF6, 0xDD,
    0xF6, 0xDD, 0xF6, 0xDD, 0xF6, 0xDD, 0xF6, 0xDD, 0xF5, 0xDD, 0xD5, 0xDD, 0xD5, 0xD5, 0xD5, 0xD5,
    0xB5, 0xD5, 0x95, 0xCD, 0x74, 0xC5, 0x53, 0xBD, 0x33, 0xBD, 0xF2, 0xB4, 0xB1, 0xAC, 0xB1, 0xAC,
    0xB1, 0xAC, 0x70, 0xA4, 0x0E, 0x94, 0xEE, 0x93, 0x0F, 0x94, 0xEE, 0x93, 0xCE, 0x93, 0xCE, 0x93,
    0x8D, 0x8B, 0x4C, 0x83, 0x0B, 0x7B, 0xEA, 0x72, 0xAA, 0x72, 0xA9, 0x6A, 0xA9, 0x6A, 0x89, 0x6A,
    0x89, 0x6A, 0x89, 0x6A, 0x89, 0x6A, 0x89, 0x6A, 0x89, 0x6A, 0x89, 0x6A, 0x89, 0x6A, 0xAA, 0x6A,
    0xAA, 0x6A, 0x69, 0x62, 0x69, 0x62, 0x48, 0x62, 0x48, 0x5A, 0x48, 0x62, 0x8A, 0x6A, 0x69, 0x62,
    0x28, 0x52, 0x07, 0x4A, 0xE8, 0x49, 0x28, 0x4A, 0x48, 0x52, 0x89, 0x62, 0xCA, 0x62, 0xCA, 0x6A,
    0xCA, 0x6A, 0xAA, 0x62, 0xA9, 0x62, 0x89, 0x62, 0x89, 0x5A, 0xAA, 0x62, 0x8A, 0x5A, 0x49, 0x52,
    0x69, 0x52, 0x49, 0x52, 0x69, 0x52, 0xAA, 0x62, 0xAA, 0x5A, 0x89, 0x5A, 0x69, 0x5A, 0xEB, 0x62,
    0xAA, 0x62, 0xEB, 0x6A, 0x6D, 0x7B, 0xAE, 0x83, 0x2C, 0x6B, 0x8A, 0x5A, 0xAA, 0x5A, 0x8A, 0x5A,
    0xAA, 0x5A, 0x69, 0x52, 0x69, 0x52, 0xCA, 0x5A, 0x2C, 0x6B, 0x0B, 0x63, 0x89, 0x52, 0x69, 0x52,
    0x69, 0x4A, 0xCB, 0x5A, 0x4C, 0x6B, 0xEB, 0x62, 0xAA, 0x5A, 0x0B, 0x6B, 0x8D, 0x73, 0x8D, 0x7B,
    0x2C, 0x6B, 0x4C, 0x73, 0x4C, 0x73, 0x2C, 0x6B, 0xEB, 0x62, 0x4D, 0x73, 0x4C, 0x6B, 0xCA, 0x62,
    0xAA, 0x5A, 0xAA, 0x5A, 0x69, 0x52, 0x8A, 0x5A, 0x2C, 0x6B, 0x2C, 0x73, 0x2C, 0x73, 0x6D, 0x73,
    0x8D, 0x7B, 0x8D, 0x7B, 0x6D, 0x73, 0x4C, 0x73, 0x4C, 0x73, 0x6C, 0x73, 0xCE, 0x7B, 0x6D, 0x73,
    0x4C, 0x6B, 0x2C, 0x6B, 0xAA, 0x5A, 0x49, 0x4A, 0x8A, 0x52, 0x4D, 0x63, 0x6D, 0x6B, 0x6D, 0x6B,
    0x6D, 0x6B, 0x6D, 0x6B, 0x6D, 0x6B, 0x6D, 0x6B, 0x6D, 0x6B, 0x6D, 0x6B, 0x6D, 0x6B, 0x6D, 0x6B,
    0x6D, 0x6B, 0x6D, 0x6B, 0x6D, 0x6B, 0x6D, 0x6B, 0x6D, 0x6B, 0x6D, 0x6B, 0x8D, 0x73, 0x4C, 0x6B,
    0x2C, 0x63, 0x6D, 0x6B, 0x6D, 0x6B, 0x6D, 0x6B, 0x6D, 0x6B, 0x6D, 0x6B, 0x6D, 0x6B, 0x6D, 0x6B,
    0x6D, 0x6B, 0x6D, 0x6B, 0x6D, 0x6B, 0x4D, 0x6B, 0x4D, 0x63, 0xAA, 0x52, 0x0C, 0x63, 0x4D, 0x63,
    0x4D, 0x63, 0xCA, 0x52, 0xE7, 0x39, 0x07, 0x3A, 0x49, 0x42, 0xCB, 0x52, 0x6A, 0x4A, 0x0C, 0x63,
    0x2C, 0x63, 0x8A, 0x52, 0xAA, 0x52, 0x0C, 0x63, 0x2C, 0x63, 0x0C, 0x63, 0x4D, 0x63, 0x2C, 0x63,
    0xEB, 0x5A, 0x8A, 0x52, 0x28, 0x42, 0x08, 0x42, 0xE7, 0x39, 0xC7, 0x39, 0xE7, 0x39, 0xC7, 0x39,
    0x86, 0x31, 0x86, 0x31, 0x86, 0x31, 0x86, 0x31, 0x86, 0x31, 0xA6, 0x31, 0xA6, 0x31, 0xA6, 0x31,
    0xA6, 0x31, 0xA6, 0x31, 0x86, 0x31, 0xE7, 0x39, 0xE7, 0x39, 0x65, 0x29, 0x65, 0x29, 0x65, 0x29,
    0x65, 0x29, 0x65, 0x29, 0x65, 0x29, 0x65, 0x29, 0x65, 0x29, 0x65, 0x29, 0x65, 0x29, 0x65, 0x29,
    0x65, 0x29, 0x66, 0x29, 0x65, 0x29, 0x65, 0x29, 0x85, 0x31, 0x85, 0x31, 0x85, 0x31, 0x85, 0x31,
    0x85, 0x31, 0x85, 0x31, 0x85, 0x31, 0x85, 0x31, 0x86, 0x31, 0x86, 0x31, 0x86, 0x31, 0x86, 0x31,
    0x66, 0x31, 0x86, 0x31, 0xA6, 0x39, 0xC7, 0x39, 0xC7, 0x39, 0xA6, 0x39, 0xA6, 0x39, 0xA6, 0x39,
    0xE7, 0x39, 0xE7, 0x41, 0xE7, 0x39, 0xE7, 0x41, 0x28, 0x4A, 0x28, 0x4A, 0xC6, 0x39, 0xC7, 0x39,
    0xC7, 0x39, 0x08, 0x42, 0x28, 0x4A, 0xC6, 0x39, 0x48, 0x4A, 0x69, 0x52, 0x28, 0x4A, 0xE7, 0x41,
    0x08, 0x42, 0x08, 0x4A, 0xE7, 0x41, 0x69, 0x52, 0x49, 0x52, 0x48, 0x4A, 0x08, 0x4A, 0x07, 0x4A,
    0x8A, 0x5A, 0x49, 0x52, 0x49, 0x52, 0xAA, 0x62, 0xCA, 0x62, 0xA9, 0x62, 0xCA, 0x62, 0x89, 0x5A,
    0xEB, 0x6A, 0xCA, 0x62, 0xCA, 0x6A, 0x6C, 0x83, 0xAD, 0x93, 0xAD, 0x93, 0xAD, 0x93, 0xCE, 0x93,
    0x4C, 0x7B, 0xEA, 0x6A, 0xCA, 0x6A, 0xCE, 0x8B, 0x4F, 0xA4, 0xB1, 0xB4, 0xD1, 0xB4, 0xB1, 0xB4,
    0x70, 0xAC, 0xF2, 0xBC, 0x12, 0xBD, 0xF2, 0xBC, 0xF2, 0xBC, 0xF2, 0xBC, 0xF2, 0xBC, 0xF2, 0xBC,
    0xF2, 0xB4, 0xF2, 0xB4, 0xD1, 0xB4, 0xD1, 0xAC, 0xB1, 0xAC, 0x90, 0xAC, 0x4F, 0xA4, 0x0F, 0x9C,
    0xCE, 0x8B, 0x2B, 0x7B, 0xCA, 0x6A, 0xA9, 0x6A, 0xCA, 0x6A, 0xCA, 0x6A, 0xEA, 0x72, 0xEA, 0x72,
    0xEA, 0x72, 0xCA, 0x72, 0xEA, 0x72, 0x0B, 0x7B, 0x8C, 0x8B, 0x0E, 0xA4, 0x70, 0xB4, 0xD1, 0xBC,
    0x33, 0xC5, 0x53, 0xCD, 0x94, 0xD5, 0xB5, 0xD5, 0xD5, 0xDD, 0xD6, 0xDD, 0xF6, 0xDD, 0xF6, 0xDD,
    0xF6, 0xDD, 0xF6, 0xDD, 0xF6, 0xDD, 0xF6, 0xDD, 0xF6, 0xDD, 0xF6, 0xDD, 0xD5, 0xD5, 0xD5, 0xD5,
    0xD5, 0xD5, 0xB5, 0xD5, 0x94, 0xCD, 0x74, 0xC5, 0x53, 0xBD, 0x13, 0xBD, 0xD1, 0xAC, 0xB1, 0xAC,
    0xD1, 0xAC, 0xB1, 0xAC, 0x4F, 0xA4, 0x0F, 0x94, 0xEE, 0x93, 0x0F, 0x9C, 0x0F, 0x94, 0x0F, 0x94,
    0xEE, 0x93, 0xAD, 0x8B, 0x6C, 0x83, 0x2B, 0x83, 0x0B, 0x7B, 0xCA, 0x72, 0xCA, 0x72, 0xA9, 0x72,
    0xA9, 0x72, 0xA9, 0x6A, 0xA9, 0x6A, 0x89, 0x6A, 0x89, 0x6A, 0x89, 0x6A, 0x89, 0x6A, 0xAA, 0x72,
    0xCA, 0x72, 0xAA, 0x6A, 0x89, 0x6A, 0x89, 0x6A, 0x89, 0x6A, 0xAA, 0x72, 0xEA, 0x7A, 0xCA, 0x72,
    0xA9, 0x6A, 0xAA, 0x6A, 0x49, 0x5A, 0x28, 0x52, 0x48, 0x5A, 0x89, 0x62, 0xCA, 0x6A, 0xCA, 0x6A,
    0xCA, 0x6A, 0xAA, 0x62, 0xA9, 0x62, 0x89, 0x62, 0x89, 0x5A, 0x8A, 0x62, 0x8A, 0x5A, 0x49, 0x52,
    0x69, 0x52, 0x69, 0x52, 0x49, 0x52, 0xAA, 0x5A, 0xAA, 0x62, 0x8A, 0x5A, 0x69, 0x52, 0xCB, 0x62,
    0xCA, 0x62, 0xCB, 0x62, 0x2C, 0x73, 0xAE, 0x83, 0x4D, 0x73, 0xAA, 0x62, 0xAA, 0x5A, 0x8A, 0x5A,
    0xAA, 0x5A, 0x89, 0x52, 0x89, 0x52, 0x69, 0x52, 0xEB, 0x62, 0x0C, 0x6B, 0xAA, 0x5A, 0x69, 0x52,
    0x69, 0x52, 0x8A, 0x52, 0x0B, 0x63, 0x4C, 0x73, 0xEB, 0x62, 0xCB, 0x62, 0x2C, 0x6B, 0x8E, 0x7B,
    0x4D, 0x73, 0x2C, 0x6B, 0x2C, 0x6B, 0x2C, 0x6B, 0x0C, 0x6B, 0x0C, 0x6B, 0x4D, 0x73, 0x0C, 0x6B,
    0xAA, 0x5A, 0xCA, 0x5A, 0x8A, 0x52, 0x49, 0x52, 0xCB, 0x62, 0x0C, 0x6B, 0x2C, 0x73, 0x2C, 0x73,
    0x6D, 0x7B, 0x8D, 0x7B, 0x6D, 0x7B, 0x6D, 0x73, 0x6C, 0x73, 0x4C, 0x73, 0x8D, 0x73, 0xAE, 0x7B,
    0x4D, 0x73, 0x2C, 0x6B, 0xEB, 0x5A, 0x69, 0x4A, 0x69, 0x4A, 0x0C, 0x63, 0x6D, 0x6B, 0x4D, 0x6B,
    0x4D, 0x6B, 0x4D, 0x6B, 0x6D, 0x6B, 0x6D, 0x6B, 0x6D, 0x6B, 0x6D, 0x6B, 0x6D, 0x6B, 0x6D, 0x6B,
    0x6D, 0x6B, 0x6D, 0x6B, 0x6D, 0x6B, 0x6D, 0x6B, 0x6D, 0x6B, 0x6D, 0x6B, 0x6D, 0x6B, 0x6D, 0x6B,
    0x2C, 0x63, 0x4D, 0x6B, 0x6D, 0x6B, 0x6D, 0x6B, 0x6D, 0x6B, 0x6D, 0x6B, 0x6D, 0x6B, 0x6D, 0x6B,
    0x6D, 0x6B, 0x6D, 0x6B, 0x6D, 0x6B, 0x6D, 0x6B, 0x0C, 0x63, 0xCB, 0x52, 0x2D, 0x63, 0x4D, 0x63,
    0x2C, 0x63, 0x69, 0x4A, 0xC7, 0x39, 0x08, 0x42, 0x8A, 0x4A, 0xAA, 0x52, 0x8A, 0x52, 0x2D, 0x63,
    0x0C, 0x5B, 0x69, 0x4A, 0xEB, 0x5A, 0x2C, 0x63, 0x0C, 0x63, 0x2C, 0x63, 0x4D, 0x63, 0x0C, 0x63,
    0xCB, 0x5A, 0x49, 0x4A, 0xE7, 0x39, 0x08, 0x42, 0xC7, 0x39, 0xC7, 0x39, 0xE7, 0x39, 0xA6, 0x31,
    0x86, 0x31, 0x86, 0x31, 0x86, 0x31, 0x86, 0x31, 0x86, 0x31, 0xA6, 0x31, 0xA6, 0x31, 0xA6, 0x31,
    0xA6, 0x31, 0x86, 0x31, 0xC7, 0x39, 0xE7, 0x39, 0x86, 0x31, 0x65, 0x29, 0x65, 0x29, 0x65, 0x29,
    0x65, 0x29, 0x65, 0x29, 0x65, 0x29, 0x65, 0x29, 0x65, 0x29, 0x65, 0x29, 0x65, 0x29, 0x65, 0x29,
    0x65, 0x29, 0x86, 0x31, 0x65, 0x29, 0x65, 0x29, 0x85, 0x31, 0x85, 0x31, 0x85, 0x31, 0x85, 0x31,
    0x85, 0x31, 0x85, 0x31, 0x85, 0x31, 0x85, 0x31, 0x85, 0x31, 0x86, 0x31, 0x86, 0x31, 0x86, 0x31,
    0x66, 0x31, 0xA6, 0x31, 0x86, 0x31, 0xA6, 0x39, 0xC7, 0x39, 0xA6, 0x31, 0xA6, 0x39, 0xA6, 0x31,
    0xE7, 0x39, 0x07, 0x42, 0xE7, 0x41, 0xC7, 0x39, 0x08, 0x4A, 0x28, 0x4A, 0xC7, 0x39, 0xE7, 0x39,
    0xC7, 0x39, 0x07, 0x42, 0x28, 0x4A, 0xC6, 0x39, 0x28, 0x4A, 0x69, 0x52, 0x28, 0x4A, 0xE7, 0x41,
    0xE7, 0x41, 0x28, 0x4A, 0xC7, 0x41, 0x28, 0x4A, 0x69, 0x52, 0x28, 0x4A, 0x28, 0x4A, 0xE7, 0x41,
    0x49, 0x52, 0x69, 0x5A, 0x48, 0x52, 0x8A, 0x5A, 0xCA, 0x62, 0xAA, 0x5A, 0xCA, 0x62, 0xAA, 0x62,
    0x89, 0x5A, 0x0B, 0x6B, 0xCA, 0x6A, 0x0B, 0x73, 0x8C, 0x8B, 0xAD, 0x93, 0xAD, 0x93, 0xCD, 0x93,
    0xAD, 0x8B, 0x2B, 0x73, 0xAA, 0x6A, 0x0B, 0x73, 0x0E, 0x9C, 0x70, 0xAC, 0xB1, 0xB4, 0xD2, 0xB4,
    0xD1, 0xB4, 0x70, 0xAC, 0xD1, 0xB4, 0x12, 0xBD, 0xF2, 0xBC, 0xF2, 0xBC, 0xF2, 0xB4, 0xF2, 0xB4,
    0xF2, 0xB4, 0xD1, 0xB4, 0xD1, 0xB4, 0xD1, 0xAC, 0x90, 0xAC, 0x70, 0xAC, 0x4F, 0xA4, 0xCE, 0x93,
    0x2B, 0x7B, 0xCA, 0x6A, 0xA9, 0x6A, 0xA9, 0x6A, 0xCA, 0x6A, 0xCA, 0x72, 0xEA, 0x72, 0xCA, 0x6A,
    0xCA, 0x6A, 0xCA, 0x72, 0xCA, 0x72, 0x0B, 0x7B, 0x6C, 0x8B, 0xEE, 0x9B, 0x4F, 0xAC, 0xB1, 0xB4,
    0x12, 0xC5, 0x53, 0xCD, 0x94, 0xD5, 0xB5, 0xDD, 0xF5, 0xDD, 0xF5, 0xDD, 0xF6, 0xDD, 0xF6, 0xDD,
    0xF6, 0xDD, 0xF6, 0xDD, 0xF6, 0xDD, 0xD5, 0xDD, 0xF6, 0xDD, 0xF6, 0xDD, 0xD6, 0xDD, 0xD5, 0xD5,
    0xD5, 0xD5, 0xD5, 0xD5, 0xB5, 0xCD, 0x94, 0xC5, 0x53, 0xC5, 0x53, 0xBD, 0x12, 0xB5, 0xD1, 0xAC,
    0xB1, 0xAC, 0xD1, 0xAC, 0xB1, 0xAC, 0x30, 0xA4, 0xEF, 0x93, 0xEE, 0x93, 0x2F, 0x9C, 0x2F, 0x9C,
    0x0F, 0x9C, 0xEE, 0x93, 0xCD, 0x93, 0x8D, 0x8B, 0x4C, 0x83, 0x2B, 0x83, 0x0B, 0x7B, 0x0B, 0x7B,
    0xEA, 0x7A, 0xCA, 0x72, 0xA9, 0x72, 0xA9, 0x72, 0x89, 0x72, 0xA9, 0x72, 0xA9, 0x72, 0xCA, 0x72,
    0xCA, 0x72, 0xCA, 0x72, 0xCA, 0x72, 0xCA, 0x72, 0xCA, 0x7A, 0xEB, 0x7A, 0x2B, 0x83, 0x0B, 0x83,
    0xEA, 0x7A, 0xEB, 0x72, 0x89, 0x62, 0x69, 0x62, 0x69, 0x62, 0xCA, 0x72, 0xEB, 0x72, 0xEA, 0x72,
    0xEA, 0x6A, 0xA9, 0x62, 0xA9, 0x62, 0x89, 0x62, 0x89, 0x5A, 0x8A, 0x62, 0x8A, 0x5A, 0x49, 0x52,
    0x49, 0x52, 0x69, 0x52, 0x49, 0x52, 0x69, 0x52, 0xAA, 0x62, 0xAA, 0x5A, 0x69, 0x5A, 0xAA, 0x5A,
    0xCA, 0x62, 0xAA, 0x62, 0x0B, 0x6B, 0x8D, 0x7B, 0x8D, 0x7B, 0xEB, 0x6A, 0xAA, 0x5A, 0x8A, 0x5A,
    0x8A, 0x5A, 0xAA, 0x5A, 0x89, 0x52, 0x69, 0x52, 0xAA, 0x5A, 0x0B, 0x63, 0xEB, 0x62, 0x89, 0x52,
    0x89, 0x52, 0x69, 0x52, 0xAA, 0x5A, 0x0C, 0x6B, 0x2C, 0x6B, 0xEB, 0x62, 0xEB, 0x62, 0x4C, 0x73,
    0x8D, 0x7B, 0x2C, 0x6B, 0x2C, 0x6B, 0x2C, 0x6B, 0x2C, 0x6B, 0x0C, 0x6B, 0x0C, 0x6B, 0x4C, 0x73,
    0xEA, 0x62, 0xAA, 0x5A, 0xAA, 0x5A, 0x69, 0x52, 0x69, 0x52, 0x0B, 0x6B, 0x0C, 0x6B, 0x0C, 0x6B,
    0x4C, 0x73, 0x6D, 0x73, 0x6D, 0x73, 0x4C, 0x73, 0x4C, 0x73, 0x6C, 0x73, 0x4C, 0x73, 0xAE, 0x7B,
    0xAE, 0x7B, 0x4C, 0x6B, 0x0B, 0x63, 0x89, 0x52, 0x69, 0x4A, 0xCA, 0x52, 0x6D, 0x6B, 0x4D, 0x6B,
    0x4D, 0x6B, 0x4D, 0x6B, 0x6D, 0x6B, 0x6D, 0x6B, 0x6D, 0x6B, 0x6D, 0x6B, 0x6D, 0x6B, 0x6D, 0x6B,
    0x6D, 0x6B, 0x6D, 0x6B, 0x6D, 0x6B, 0x6D, 0x6B, 0x6D, 0x6B, 0x6D, 0x6B, 0x6D, 0x6B, 0x8D, 0x6B,
    0x2C, 0x63, 0x4D, 0x63, 0x6D, 0x6B, 0x6D, 0x6B, 0x6D, 0x6B, 0x6D, 0x6B, 0x6D, 0x6B, 0x6D, 0x6B,
    0x6D, 0x6B, 0x6D, 0x6B, 0x4D, 0x6B, 0x6D, 0x6B, 0xEB, 0x5A, 0xEB, 0x5A, 0x4D, 0x6B, 0x4D, 0x63,
    0x0C, 0x5B, 0x28, 0x42, 0xC7, 0x39, 0x28, 0x42, 0xAA, 0x52, 0x8A, 0x52, 0xAB, 0x52, 0x4D, 0x63,
    0xAA, 0x52, 0x8A, 0x52, 0x2C, 0x63, 0x2C, 0x63, 0x2C, 0x63, 0x4D, 0x63, 0x4D, 0x63, 0x0B, 0x5B,
    0xCA, 0x52, 0x28, 0x42, 0xE7, 0x39, 0x08, 0x42, 0xA6, 0x31, 0xE7, 0x39, 0xE7, 0x39, 0xA6, 0x31,
    0x86, 0x31, 0x86, 0x31, 0x86, 0x31, 0x86, 0x31, 0x86, 0x31, 0xA6, 0x31, 0xA6, 0x31, 0xA6, 0x31,
    0x86, 0x31, 0xA6, 0x31, 0x08, 0x42, 0xA6, 0x31, 0x65, 0x29, 0x65, 0x29, 0x65, 0x29, 0x65, 0x29,
    0x65, 0x29, 0x65, 0x29, 0x65, 0x29, 0x65, 0x29, 0x65, 0x29, 0x65, 0x29, 0x65, 0x29, 0x65, 0x29,
    0x65, 0x29, 0x86, 0x31, 0x65, 0x29, 0x65, 0x29, 0x85, 0x31, 0x85, 0x31, 0x85, 0x31, 0x85, 0x31,
    0x85, 0x31, 0x85, 0x31, 0x85, 0x31, 0x85, 0x31, 0x85, 0x31, 0x86, 0x31, 0x86, 0x31, 0x86, 0x31,
    0x66, 0x31, 0xA6, 0x31, 0x86, 0x31, 0xA6, 0x31, 0xC7, 0x39, 0xA6, 0x39, 0xA6, 0x31, 0xA6, 0x31,
    0xC7, 0x39, 0x07, 0x42, 0xE7, 0x41, 0xC7, 0x39, 0xE7, 0x41, 0x28, 0x4A, 0xE7, 0x39, 0xC7, 0x39,
    0xC7, 0x39, 0xE7, 0x41, 0x48, 0x4A, 0xC6, 0x39, 0x28, 0x4A, 0x69, 0x52, 0x48, 0x4A, 0xE7, 0x41,
    0xE7, 0x41, 0x28, 0x4A, 0xE7, 0x41, 0xE7, 0x41, 0x69, 0x52, 0x48, 0x4A, 0x48, 0x52, 0xE7, 0x41,
    0x28, 0x4A, 0x8A, 0x5A, 0x49, 0x52, 0x8A, 0x5A, 0xAA, 0x62, 0xAA, 0x62, 0xAA, 0x62, 0xCA, 0x6A,
    0x89, 0x62, 0xAA, 0x62, 0xEB, 0x6A, 0xAA, 0x6A, 0x2B, 0x7B, 0x8D, 0x8B, 0xAD, 0x93, 0xAD, 0x93,
    0xCE, 0x93, 0x6C, 0x83, 0x0B, 0x73, 0xA9, 0x62, 0x2C, 0x7B, 0x4F, 0x9C, 0x90, 0xAC, 0xD1, 0xB4,
    0xD1, 0xB4, 0xD1, 0xB4, 0x90, 0xAC, 0xB1, 0xAC, 0xF2, 0xB4, 0xF2, 0xBC, 0xF2, 0xBC, 0xF2, 0xB4,
    0xF2, 0xB4, 0xD1, 0xB4, 0xD1, 0xB4, 0xB1, 0xAC, 0x90, 0xAC, 0x4F, 0xA4, 0x0E, 0x9C, 0x2B, 0x7B,
    0xCA, 0x6A, 0xAA, 0x6A, 0xA9, 0x62, 0xAA, 0x6A, 0xCA, 0x6A, 0xCA, 0x72, 0xCA, 0x6A, 0xCA, 0x6A,
    0xCA, 0x6A, 0xAA, 0x6A, 0xCA, 0x72, 0xEB, 0x7A, 0x4C, 0x83, 0xCD, 0x9B, 0x2F, 0xA4, 0x90, 0xB4,
    0xF2, 0xBC, 0x33, 0xC5, 0x74, 0xCD, 0xD5, 0xDD, 0xF5, 0xDD, 0xF6, 0xDD, 0xF6, 0xDD, 0xF6, 0xDD,
    0xF6, 0xDD, 0xF6, 0xDD, 0xF6, 0xDD, 0xF6, 0xDD, 0xF5, 0xDD, 0xF6, 0xDD, 0xD6, 0xDD, 0xD6, 0xDD,
    0xF6, 0xDD, 0xD5, 0xD5, 0xD5, 0xD5, 0x94, 0xCD, 0x73, 0xC5, 0x53, 0xBD, 0x33, 0xBD, 0xF2, 0xB4,
    0xB1, 0xAC, 0xB1, 0xAC, 0xB1, 0xAC, 0x91, 0xAC, 0x50, 0x9C, 0x0F, 0x94, 0x0F, 0x9C, 0x50, 0xA4,
    0x50, 0x9C, 0x2F, 0x9C, 0x0E, 0x94, 0xEE, 0x93, 0xAD, 0x8B, 0x6C, 0x8B, 0x6C, 0x83, 0x6C, 0x83,
    0x4B, 0x83, 0x0B, 0x7B, 0xEA, 0x7A, 0xCA, 0x7A, 0xCA, 0x7A, 0xCA, 0x72, 0xEA, 0x7A, 0xEA, 0x7A,
    0xEA, 0x7A, 0x0B, 0x7B, 0x0B, 0x7B, 0x0B, 0x7B, 0x4C, 0x83, 0x2B, 0x83, 0x8C, 0x8B, 0x4C, 0x8B,
    0x2B, 0x83, 0x2C, 0x83, 0x89, 0x6A, 0x89, 0x62, 0x89, 0x6A, 0xEB, 0x72, 0xEB, 0x72, 0xEA, 0x72,
    0xEA, 0x6A, 0xAA, 0x62, 0x89, 0x62, 0xAA, 0x62, 0x69, 0x5A, 0x8A, 0x5A, 0x69, 0x5A, 0x49, 0x52,
    0x49, 0x52, 0x69, 0x52, 0x69, 0x52, 0x49, 0x52, 0x89, 0x5A, 0xAA, 0x5A, 0x8A, 0x5A, 0x69, 0x5A,
    0xCA, 0x62, 0xAA, 0x5A, 0xEB, 0x62, 0x4C, 0x73, 0x8E, 0x7B, 0x2C, 0x6B, 0xAA, 0x62, 0x8A, 0x5A,
    0x89, 0x5A, 0xAA, 0x62, 0x8A, 0x5A, 0x89, 0x52, 0x69, 0x52, 0xEB, 0x62, 0x0B, 0x63, 0xCA, 0x5A,
    0x89, 0x5A, 0x89, 0x5A, 0x89, 0x5A, 0xCB, 0x62, 0x2C, 0x6B, 0x2C, 0x6B, 0xEB, 0x62, 0x0C, 0x6B,
    0x6D, 0x73, 0x6D, 0x73, 0x2C, 0x6B, 0x2C, 0x6B, 0x2C, 0x6B, 0x0C, 0x6B, 0x0B, 0x6B, 0x2C, 0x6B,
    0x2B, 0x6B, 0xCA, 0x5A, 0xAA, 0x5A, 0x8A, 0x52, 0x49, 0x4A, 0xAA, 0x5A, 0x0C, 0x6B, 0x0C, 0x6B,
    0x0C, 0x6B, 0x4C, 0x73, 0x6D, 0x73, 0x4D, 0x73, 0x4C, 0x73, 0x4C, 0x73, 0x4C, 0x73, 0x4C, 0x73,
    0xAE, 0x7B, 0x8D, 0x73, 0x2C, 0x6B, 0xAA, 0x5A, 0x89, 0x52, 0x8A, 0x52, 0x2C, 0x63, 0x6D, 0x6B,
    0x4D, 0x6B, 0x6D, 0x6B, 0x6D, 0x6B, 0x6D, 0x6B, 0x6D, 0x6B, 0x6D, 0x6B, 0x6D, 0x6B, 0x6D, 0x6B,
    0x6D, 0x6B, 0x6D, 0x6B, 0x6D, 0x6B, 0x6D, 0x6B, 0x6D, 0x6B, 0x6D, 0x6B, 0x6D, 0x6B, 0x6D, 0x6B,
    0x6D, 0x6B, 0x2C, 0x63, 0x6D, 0x6B, 0x6D, 0x6B, 0x6D, 0x6B, 0x6D, 0x6B, 0x6D, 0x6B, 0x6D, 0x6B,
    0x6D, 0x6B, 0x6D, 0x6B, 0x6D, 0x6B, 0x4D, 0x63, 0xCB, 0x52, 0x2C, 0x63, 0x4D, 0x6B, 0x4D, 0x63,
    0xEB, 0x5A, 0x07, 0x42, 0xE7, 0x39, 0x49, 0x4A, 0xCB, 0x5A, 0x8A, 0x52, 0xEB, 0x5A, 0x2D, 0x63,
    0x69, 0x4A, 0xEB, 0x5A, 0x2C, 0x63, 0x2C, 0x63, 0x2C, 0x63, 0x4D, 0x63, 0x2C, 0x63, 0xEB, 0x5A,
    0x8A, 0x52, 0x08, 0x42, 0x08, 0x42, 0xE7, 0x39, 0xA6, 0x31, 0xE7, 0x39, 0xC7, 0x39, 0x86, 0x31,
    0x86, 0x31, 0x86, 0x31, 0x86, 0x31, 0x86, 0x31, 0x86, 0x31, 0xA6, 0x31, 0xA6, 0x31, 0x86, 0x31,
    0xA6, 0x31, 0x08, 0x42, 0xA6, 0x31, 0x65, 0x29, 0x65, 0x29, 0x65, 0x29, 0x65, 0x29, 0x65, 0x29,
    0x65, 0x29, 0x65, 0x29, 0x65, 0x29, 0x65, 0x29, 0x65, 0x29, 0x65, 0x29, 0x65, 0x29, 0x65, 0x29,
    0x65, 0x29, 0x65, 0x29, 0x65, 0x29, 0x65, 0x29, 0x65, 0x29, 0x85, 0x31, 0x85, 0x31, 0x85, 0x31,
    0x86, 0x31, 0x86, 0x31, 0x85, 0x31, 0x85, 0x31, 0x85, 0x31, 0x86, 0x31, 0x86, 0x31, 0x86, 0x31,
    0x66, 0x31, 0xA6, 0x31, 0x86, 0x31, 0xA6, 0x31, 0xC7, 0x39, 0xA6, 0x31, 0xA6, 0x31, 0xA6, 0x31,
    0xC6, 0x39, 0x07, 0x42, 0xE7, 0x41, 0xC7, 0x39, 0xE7, 0x41, 0x07, 0x42, 0x08, 0x42, 0xE7, 0x39,
    0xC7, 0x39, 0xE7, 0x41, 0x28, 0x4A, 0xC6, 0x39, 0x07, 0x42, 0x69, 0x52, 0x48, 0x4A, 0xE7, 0x41,
    0xE7, 0x39, 0x28, 0x4A, 0x08, 0x42, 0x08, 0x42, 0x28, 0x4A, 0x69, 0x52, 0x49, 0x52, 0x08, 0x4A,
    0xE7, 0x49, 0x69, 0x5A, 0x89, 0x5A, 0x69, 0x5A, 0x8A, 0x5A, 0x8A, 0x62, 0xAA, 0x62, 0xCA, 0x6A,
    0xCA, 0x6A, 0x89, 0x5A, 0xCA, 0x62, 0x0B, 0x6B, 0xAA, 0x6A, 0x2C, 0x7B, 0xAD, 0x93, 0xAD, 0x93,
    0xAD, 0x9B, 0xCD, 0x93, 0x6C, 0x7B, 0x0B, 0x6B, 0xA9, 0x62, 0x6C, 0x83, 0x70, 0xA4, 0xB1, 0xAC,
    0xD1, 0xB4, 0xD1, 0xB4, 0xF2, 0xB4, 0xD1, 0xB4, 0xB1, 0xAC, 0xB1, 0xB4, 0xD1, 0xB4, 0xD1, 0xB4,
    0xD1, 0xB4, 0xD1, 0xB4, 0xD1, 0xAC, 0xB1, 0xAC, 0x90, 0xA4, 0x2F, 0x9C, 0x4C, 0x83, 0xCA, 0x6A,
    0xCA, 0x6A, 0xA9, 0x62, 0xA9, 0x62, 0xAA, 0x6A, 0xAA, 0x6A, 0xCA, 0x6A, 0xCA, 0x6A, 0xCA, 0x6A,
    0xAA, 0x6A, 0xAA, 0x6A, 0xCA, 0x72, 0xEB, 0x7A, 0x2B, 0x83, 0x8C, 0x93, 0x0E, 0xA4, 0x70, 0xAC,
    0xD1, 0xBC, 0x33, 0xC5, 0x74, 0xCD, 0xD5, 0xD5, 0xB9, 0xF6, 0x16, 0xDE, 0xD5, 0xDD, 0xF6, 0xDD,
    0xF5, 0xDD, 0xF5, 0xDD, 0xF5, 0xDD, 0xD5, 0xDD, 0xD5, 0xDD, 0xF6, 0xDD, 0xF6, 0xDD, 0xF6, 0xDD,
    0xF6, 0xDD, 0xF5, 0xDD, 0xD5, 0xD5, 0xB5, 0xCD, 0x74, 0xC5, 0x53, 0xC5, 0x53, 0xBD, 0x33, 0xBD,
    0xD1, 0xB4, 0xB1, 0xAC, 0xB1, 0xAC, 0xD2, 0xAC, 0xB1, 0xAC, 0x2F, 0x9C, 0xEF, 0x93, 0x2F, 0x9C,
    0x70, 0xA4, 0x50, 0x9C, 0x2F, 0x9C, 0x0F, 0x9C, 0xEE, 0x93, 0xAD, 0x8B, 0x8C, 0x8B, 0x8D, 0x8B,
    0x8C, 0x8B, 0x6C, 0x83, 0x4B, 0x83, 0x2B, 0x83, 0x4B, 0x83, 0x4B, 0x83, 0x4C, 0x83, 0x4C, 0x83,
    0x4B, 0x83, 0x8C, 0x8B, 0x8C, 0x8B, 0x6C, 0x8B, 0xAD, 0x93, 0x8D, 0x8B, 0xCE, 0x93, 0xAD, 0x93,
    0x4B, 0x83, 0x4C, 0x83, 0xAA, 0x6A, 0xA9, 0x6A, 0xAA, 0x6A, 0x0B, 0x7B, 0x0B, 0x73, 0xEA, 0x72,
    0xEA, 0x6A, 0xCA, 0x62, 0x89, 0x5A, 0xAA, 0x62, 0x8A, 0x62, 0x69, 0x5A, 0x69, 0x5A, 0x49, 0x52,
    0x49, 0x52, 0x49, 0x52, 0x69, 0x52, 0x69, 0x52, 0x49, 0x52, 0x8A, 0x5A, 0x8A, 0x5A, 0x69, 0x5A,
    0xAA, 0x62, 0xAA, 0x5A, 0xCA, 0x62, 0x0C, 0x6B, 0x8E, 0x7B, 0x4D, 0x73, 0xCB, 0x62, 0xAA, 0x5A,
    0x69, 0x5A, 0x8A, 0x5A, 0xAA, 0x5A, 0x89, 0x52, 0x69, 0x52, 0x89, 0x5A, 0x0C, 0x6B, 0x0B, 0x6B,
    0xAA, 0x5A, 0x8A, 0x5A, 0x89, 0x5A, 0x8A, 0x5A, 0xEB, 0x62, 0x4C, 0x73, 0x2C, 0x6B, 0xEB, 0x62,
    0x2C, 0x6B, 0x6D, 0x73, 0x6D, 0x73, 0x0C, 0x6B, 0x2C, 0x6B, 0x0C, 0x6B, 0x0B, 0x6B, 0x0B, 0x6B,
    0x2B, 0x6B, 0x0B, 0x63, 0xCA, 0x5A, 0xAA, 0x52, 0x69, 0x52, 0x48, 0x4A, 0xEB, 0x62, 0x0B, 0x6B,
    0xEB, 0x6A, 0x0C, 0x6B, 0x4D, 0x73, 0x4D, 0x73, 0x4C, 0x73, 0x4C, 0x73, 0x6C, 0x73, 0x4C, 0x73,
    0x4D, 0x73, 0xAE, 0x7B, 0x4C, 0x73, 0xCB, 0x5A, 0x89, 0x52, 0xAA, 0x52, 0xEB, 0x5A, 0x6D, 0x6B,
    0x4D, 0x6B, 0x6D, 0x6B, 0x6D, 0x6B, 0x6D, 0x6B, 0x6D, 0x6B, 0x6D, 0x6B, 0x6D, 0x6B, 0x6D, 0x6B,
    0x6D, 0x6B, 0x6D, 0x6B, 0x6D, 0x6B, 0x4D, 0x6B, 0x6D, 0x6B, 0x4D, 0x6B, 0x6D, 0x6B, 0x6D, 0x6B,
    0x8D, 0x73, 0x2C, 0x63, 0x4D, 0x6B, 0x6D, 0x6B, 0x6D, 0x6B, 0x6D, 0x6B, 0x6D, 0x6B, 0x6D, 0x6B,
    0x6D, 0x6B, 0x6D, 0x6B, 0x6D, 0x6B, 0x0C, 0x63, 0xCB, 0x52, 0x4C, 0x63, 0x4D, 0x63, 0x2C, 0x63,
    0xAA, 0x52, 0xE7, 0x39, 0x08, 0x42, 0x89, 0x4A, 0xCB, 0x52, 0x69, 0x4A, 0x2C, 0x63, 0xCB, 0x5A,
    0x8A, 0x4A, 0x2C, 0x63, 0x2C, 0x63, 0x0C, 0x63, 0x2C, 0x63, 0x4D, 0x63, 0x2C, 0x63, 0xEB, 0x5A,
    0x69, 0x4A, 0xE7, 0x41, 0x08, 0x42, 0xC7, 0x39, 0xC7, 0x39, 0xE7, 0x39, 0xC7, 0x39, 0x86, 0x31,
    0x86, 0x31, 0x86, 0x31, 0x86, 0x31, 0xA6, 0x31, 0xA6, 0x31, 0xA6, 0x31, 0xA6, 0x31, 0xA6, 0x31,
    0xE7, 0x39, 0xA6, 0x31, 0x65, 0x29, 0x85, 0x31, 0x65, 0x29, 0x65, 0x29, 0x65, 0x29, 0x65, 0x29,
    0x65, 0x29, 0x65, 0x29, 0x65, 0x29, 0x65, 0x29, 0x65, 0x29, 0x65, 0x29, 0x65, 0x29, 0x65, 0x29,
    0x65, 0x29, 0x65, 0x29, 0x65, 0x29, 0x65, 0x29, 0x65, 0x29, 0x65, 0x29, 0x85, 0x31, 0x85, 0x31,
    0x86, 0x31, 0x86, 0x31, 0x85, 0x31, 0x86, 0x31, 0x86, 0x31, 0x86, 0x31, 0x86, 0x31, 0x86, 0x31,
    0x66, 0x31, 0xA6, 0x31, 0x86, 0x31, 0xA6, 0x31, 0xC7, 0x39, 0xA6, 0x31, 0xA6, 0x31, 0xA6, 0x31,
    0xA6, 0x39, 0xE7, 0x41, 0xE7, 0x41, 0xC7, 0x39, 0x08, 0x42, 0xC7, 0x41, 0xE7, 0x41, 0xE7, 0x41,
    0xC7, 0x39, 0xE7, 0x41, 0x28, 0x4A, 0xC6, 0x39, 0xE7, 0x41, 0x69, 0x52, 0x49, 0x52, 0xE7, 0x41,
    0xC7, 0x39, 0x08, 0x4A, 0x08, 0x42, 0x08, 0x42, 0x08, 0x4A, 0x48, 0x4A, 0x69, 0x52, 0x28, 0x4A,
    0xE7, 0x41, 0x49, 0x52, 0x8A, 0x5A, 0x69, 0x5A, 0x69, 0x5A, 0x8A, 0x5A, 0x8A, 0x62, 0xAA, 0x62,
    0xCA, 0x6A, 0xCA, 0x6A, 0x69, 0x5A, 0xCA, 0x6A, 0x0B, 0x73, 0xCA, 0x6A, 0x2B, 0x7B, 0xAD, 0x93,
    0xCD, 0x93, 0xCD, 0x93, 0xCD, 0x93, 0x4C, 0x7B, 0xEB, 0x72, 0xA9, 0x62, 0x8C, 0x83, 0x70, 0xA4,
    0xD1, 0xB4, 0xD1, 0xB4, 0xD1, 0xB4, 0xD1, 0xB4, 0xF1, 0xB4, 0xD1, 0xB4, 0xD1, 0xB4, 0xD1, 0xB4,
    0xB1, 0xB4, 0xB1, 0xB4, 0xB1, 0xAC, 0xB0, 0xAC, 0x50, 0xA4, 0x6C, 0x83, 0xCA, 0x6A, 0xCA, 0x6A,
    0xA9, 0x62, 0x89, 0x62, 0xA9, 0x62, 0xAA, 0x6A, 0xAA, 0x6A, 0xAA, 0x6A, 0xAA, 0x6A, 0xAA, 0x6A,
    0xAA, 0x6A, 0xAA, 0x6A, 0xCA, 0x6A, 0xEA, 0x72, 0x0B, 0x7B, 0x4C, 0x8B, 0xCD, 0x9B, 0x2F, 0xAC,
    0xB1, 0xB4, 0xF2, 0xC4, 0x33, 0xCD, 0x94, 0xCD, 0x37, 0xE6, 0x16, 0xDE, 0xD5, 0xDD, 0xD5, 0xDD,
    0xF5, 0xDD, 0xF5, 0xDD, 0xF5, 0xDD, 0xF5, 0xDD, 0xF5, 0xDD, 0xF5, 0xDD, 0xF6, 0xDD, 0xF6, 0xDD,
    0xF6, 0xDD, 0xF6, 0xDD, 0xF6, 0xDD, 0xD5, 0xD5, 0xB5, 0xCD, 0x74, 0xC5, 0x53, 0xC5, 0x53, 0xBD,
    0x12, 0xB5, 0xD1, 0xAC, 0xB1, 0xAC, 0xD1, 0xAC, 0xD2, 0xB4, 0xB1, 0xAC, 0x4F, 0x9C, 0x0F, 0x9C,
    0x4F, 0x9C, 0x70, 0xA4, 0x50, 0xA4, 0x4F, 0x9C, 0x0E, 0x9C, 0xCE, 0x93, 0xAD, 0x8B, 0xAD, 0x8B,
    0xAD, 0x8B, 0x8D, 0x8B, 0x6C, 0x83, 0x6C, 0x83, 0x8C, 0x8B, 0xAD, 0x8B, 0xAD, 0x8B, 0xCD, 0x93,
    0xAD, 0x93, 0xEE, 0x9B, 0x0F, 0x9C, 0xCE, 0x93, 0x0E, 0x9C, 0xEE, 0x93, 0xEE, 0x9B, 0xEE, 0x9B,
    0x6C, 0x8B, 0x6C, 0x83, 0xCA, 0x6A, 0xAA, 0x6A, 0xCA, 0x6A, 0x2C, 0x7B, 0x0B, 0x7B, 0xEA, 0x72,
    0xEA, 0x72, 0xCA, 0x6A, 0x89, 0x62, 0xAA, 0x62, 0xAA, 0x62, 0x69, 0x5A, 0x69, 0x5A, 0x69, 0x5A,
    0x49, 0x52, 0x49, 0x52, 0x69, 0x52, 0x69, 0x52, 0x49, 0x52, 0x69, 0x5A, 0x8A, 0x5A, 0x8A, 0x5A,
    0xAA, 0x5A, 0xAA, 0x62, 0x89, 0x5A, 0xEB, 0x6A, 0x4D, 0x73, 0x8D, 0x7B, 0xEB, 0x62, 0xEB, 0x62,
    0x89, 0x5A, 0x69, 0x52, 0xAA, 0x62, 0x8A, 0x5A, 0x69, 0x52, 0x69, 0x52, 0xCA, 0x62, 0x0C, 0x6B,
    0xEB, 0x62, 0xAA, 0x5A, 0x89, 0x5A, 0x8A, 0x5A, 0xAA, 0x5A, 0x0C, 0x6B, 0x4D, 0x73, 0x0C, 0x6B,
    0xEB, 0x62, 0x0C, 0x6B, 0x6D, 0x73, 0x4D, 0x73, 0x0C, 0x6B, 0x0C, 0x6B, 0x0B, 0x6B, 0x0C, 0x6B,
    0x0B, 0x6B, 0x2C, 0x6B, 0xCB, 0x5A, 0xAA, 0x5A, 0x8A, 0x52, 0x49, 0x4A, 0x69, 0x52, 0x0B, 0x63,
    0x0B, 0x6B, 0xEB, 0x6A, 0x2C, 0x73, 0x4C, 0x73, 0x6D, 0x73, 0x4C, 0x73, 0x4C, 0x73, 0x4C, 0x73,
    0x2C, 0x73, 0x6D, 0x73, 0xAE, 0x7B, 0x0C, 0x63, 0x8A, 0x52, 0xAA, 0x52, 0xCB, 0x5A, 0x4D, 0x6B,
    0x4D, 0x6B, 0x4D, 0x6B, 0x6D, 0x6B, 0x4D, 0x6B, 0x4D, 0x6B, 0x4D, 0x6B, 0x6D, 0x6B, 0x6D, 0x6B,
    0x6D, 0x6B, 0x6D, 0x6B, 0x6D, 0x6B, 0x6D, 0x6B, 0x6D, 0x6B, 0x6D, 0x6B, 0x6D, 0x6B, 0x6D, 0x73,
    0x8D, 0x73, 0x4D, 0x6B, 0x2C, 0x63, 0x6D, 0x6B, 0x6D, 0x6B, 0x6D, 0x6B, 0x6D, 0x6B, 0x6D, 0x6B,
    0x6D, 0x6B, 0x6D, 0x6B, 0x6D, 0x6B, 0xEB, 0x5A, 0xEB, 0x5A, 0x4D, 0x63, 0x4C, 0x63, 0x2C, 0x63,
    0x8A, 0x52, 0xE7, 0x39, 0x48, 0x42, 0xAA, 0x52, 0xCB, 0x52, 0x8A, 0x4A, 0x2C, 0x63, 0x89, 0x4A,
    0xCB, 0x5A, 0x2C, 0x63, 0x2C, 0x63, 0x2C, 0x63, 0x4D, 0x6B, 0x4D, 0x63, 0x0C, 0x63, 0xCB, 0x5A,
    0x08, 0x42, 0xE7, 0x41, 0x08, 0x42, 0xA6, 0x31, 0xC7, 0x39, 0xE7, 0x39, 0xA6, 0x31, 0x86, 0x31,
    0x86, 0x31, 0x86, 0x31, 0x86, 0x31, 0xA6, 0x31, 0xA6, 0x31, 0xA6, 0x31, 0x86, 0x31, 0xE7, 0x39,
    0xC7, 0x39, 0x65, 0x29, 0x65, 0x29, 0x65, 0x29, 0x65, 0x29, 0x65, 0x29, 0x65, 0x29, 0x65, 0x29,
    0x65, 0x29, 0x65, 0x29, 0x65, 0x29, 0x65, 0x29, 0x65, 0x29, 0x65, 0x29, 0x65, 0x29, 0x65, 0x29,
    0x65, 0x29, 0x65, 0x29, 0x65, 0x29, 0x65, 0x29, 0x65, 0x29, 0x65, 0x29, 0x65, 0x29, 0x85, 0x31,
    0x86, 0x31, 0x86, 0x31, 0x86, 0x31, 0x86, 0x31, 0x86, 0x31, 0x86, 0x31, 0x86, 0x31, 0x86, 0x31,
    0x66, 0x31, 0xA6, 0x39, 0x86, 0x31, 0x86, 0x31, 0xC7, 0x39, 0xA6, 0x31, 0xA6, 0x31, 0xA6, 0x31,
    0xA6, 0x31, 0xE7, 0x39, 0xE7, 0x41, 0xC7, 0x39, 0x08, 0x42, 0x28, 0x4A, 0xC6, 0x39, 0xE7, 0x41,
    0xE7, 0x41, 0xE7, 0x41, 0x28, 0x4A, 0xC7, 0x39, 0xC7, 0x39, 0x49, 0x4A, 0x69, 0x52, 0xE7, 0x41,
    0xC7, 0x39, 0x08, 0x4A, 0x08, 0x42, 0x08, 0x42, 0x28, 0x4A, 0x28, 0x4A, 0x49, 0x52, 0x49, 0x4A,
    0x07, 0x42, 0x28, 0x4A, 0xAA, 0x62, 0x8A, 0x5A, 0x8A, 0x5A, 0x89, 0x5A, 0x8A, 0x62, 0x8A, 0x62,
    0xCA, 0x6A, 0xEB, 0x6A, 0xEA, 0x6A, 0x89, 0x62, 0xCA, 0x62, 0x2B, 0x73, 0xCA, 0x6A, 0x0B, 0x73,
    0xAD, 0x8B, 0xEE, 0x93, 0xEE, 0x93, 0xCD, 0x93, 0x4C, 0x7B, 0xEA, 0x72, 0xA9, 0x6A, 0x2B, 0x7B,
    0x2F, 0x9C, 0xD1, 0xB4, 0xF2, 0xB4, 0xD1, 0xB4, 0xD1, 0xB4, 0xD1, 0xAC, 0xD1, 0xB4, 0xD1, 0xB4,
    0xD1, 0xB4, 0xB1, 0xB4, 0xB0, 0xAC, 0x4F, 0xA4, 0x6C, 0x83, 0xCA, 0x6A, 0xCA, 0x6A, 0xAA, 0x62,
    0x89, 0x62, 0x89, 0x62, 0xA9, 0x62, 0xAA, 0x6A, 0xAA, 0x6A, 0xAA, 0x6A, 0xAA, 0x6A, 0xA9, 0x6A,
    0xA9, 0x6A, 0xA9, 0x6A, 0xAA, 0x6A, 0xCA, 0x72, 0xEB, 0x7A, 0x2B, 0x83, 0x8C, 0x93, 0xEE, 0xA3,
    0x70, 0xB4, 0xD1, 0xBC, 0x12, 0xC5, 0x53, 0xCD, 0x73, 0xCD, 0x94, 0xD5, 0xB5, 0xD5, 0xD5, 0xDD,
    0xD5, 0xDD, 0xD5, 0xDD, 0xD5, 0xDD, 0xF5, 0xDD, 0xF5, 0xDD, 0xF5, 0xDD, 0xF5, 0xDD, 0xF5, 0xDD,
    0xF6, 0xDD, 0xF6, 0xDD, 0xF6, 0xD5, 0xF6, 0xD5, 0xD5, 0xD5, 0x94, 0xCD, 0x53, 0xC5, 0x53, 0xC5,
    0x33, 0xBD, 0xF2, 0xB4, 0xB1, 0xAC, 0xB1, 0xAC, 0xD2, 0xB4, 0xD1, 0xB4, 0xB1, 0xAC, 0x4F, 0x9C,
    0x0E, 0x9C, 0x4F, 0x9C, 0x70, 0xA4, 0x4F, 0xA4, 0x4F, 0x9C, 0x0E, 0x9C, 0xCE, 0x93, 0xAD, 0x8B,
    0xAD, 0x8B, 0xAD, 0x8B, 0x8D, 0x8B, 0x8C, 0x83, 0xAD, 0x8B, 0xCE, 0x93, 0xCE, 0x93, 0xEE, 0x93,
    0x0E, 0x9C, 0x2F, 0x9C, 0x70, 0xA4, 0x2F, 0x9C, 0x50, 0xA4, 0x2F, 0x9C, 0x0E, 0x9C, 0x2E, 0x9C,
    0xAD, 0x8B, 0x8D, 0x83, 0xEA, 0x72, 0xAA, 0x6A, 0xCA, 0x72, 0x4C, 0x7B, 0x2B, 0x7B, 0xEA, 0x72,
    0xEA, 0x72, 0xCA, 0x6A, 0x89, 0x62, 0xAA, 0x62, 0xAA, 0x62, 0x69, 0x5A, 0x49, 0x52, 0x69, 0x52,
    0x69, 0x52, 0x49, 0x52, 0x69, 0x52, 0x69, 0x52, 0x69, 0x52, 0x69, 0x52, 0x8A, 0x5A, 0x89, 0x5A,
    0x8A, 0x5A, 0xCA, 0x62, 0x89, 0x5A, 0xAA, 0x62, 0x2C, 0x73, 0x8D, 0x7B, 0x0C, 0x6B, 0xCA, 0x62,
    0xCB, 0x62, 0x69, 0x52, 0x89, 0x5A, 0xAA, 0x5A, 0x69, 0x52, 0x69, 0x52, 0x89, 0x5A, 0x0B, 0x6B,
    0x0C, 0x6B, 0xEB, 0x62, 0x8A, 0x5A, 0x89, 0x5A, 0xAA, 0x5A, 0xAA, 0x5A, 0x4D, 0x73, 0x4D, 0x73,
    0xEB, 0x62, 0xCB, 0x62, 0x2C, 0x6B, 0x6D, 0x7B, 0x2C, 0x73, 0x0C, 0x6B, 0x0C, 0x6B, 0x0C, 0x6B,
    0x0C, 0x6B, 0x0B, 0x6B, 0x0C, 0x6B, 0xCA, 0x5A, 0xAA, 0x5A, 0x69, 0x52, 0x48, 0x4A, 0xAA, 0x5A,
    0x0B, 0x6B, 0x0B, 0x6B, 0xEB, 0x6A, 0x2C, 0x73, 0x2C, 0x73, 0x4D, 0x73, 0x2C, 0x73, 0x4C, 0x73,
    0x4C, 0x73, 0x2C, 0x73, 0x6D, 0x73, 0x6D, 0x73, 0xAA, 0x5A, 0xAA, 0x5A, 0xCA, 0x5A, 0x2D, 0x63,
    0x6E, 0x6B, 0x4D, 0x6B, 0x4D, 0x6B, 0x4D, 0x6B, 0x4D, 0x6B, 0x4D, 0x6B, 0x6D, 0x6B, 0x6D, 0x6B,
    0x6D, 0x6B, 0x6D, 0x6B, 0x6D, 0x6B, 0x6D, 0x6B, 0x6D, 0x6B, 0x6D, 0x6B, 0x6D, 0x6B, 0x8D, 0x73,
    0x8D, 0x73, 0x6D, 0x6B, 0x2C, 0x63, 0x6D, 0x6B, 0x6D, 0x6B, 0x6D, 0x6B, 0x6D, 0x6B, 0x6D, 0x6B,
    0x6D, 0x6B, 0x6D, 0x6B, 0x4D, 0x6B, 0xCB, 0x5A, 0x0C, 0x63, 0x4D, 0x63, 0x4C, 0x63, 0x2C, 0x63,
    0x49, 0x4A, 0xE7, 0x39, 0x69, 0x4A, 0xCB, 0x52, 0xAA, 0x52, 0xAA, 0x52, 0xEB, 0x5A, 0x89, 0x4A,
    0xEB, 0x5A, 0x4C, 0x63, 0x2C, 0x63, 0x4C, 0x63, 0x4D, 0x63, 0x2D, 0x63, 0x0C, 0x5B, 0x89, 0x4A,
    0x07, 0x42, 0xE7, 0x41, 0xE7, 0x41, 0xA6, 0x31, 0xC7, 0x39, 0xE7, 0x39, 0xA6, 0x31, 0x86, 0x31,
    0x86, 0x31, 0x86, 0x31, 0x86, 0x31, 0xA6, 0x31, 0xA6, 0x31, 0x86, 0x31, 0xC7, 0x39, 0xE7, 0x39,
    0x86, 0x31, 0x65, 0x29, 0x65, 0x29, 0x65, 0x29, 0x65, 0x29, 0x65, 0x29, 0x65, 0x29, 0x65, 0x29,
    0x65, 0x29, 0x65, 0x29, 0x65, 0x29, 0x65, 0x29, 0x65, 0x29, 0x65, 0x29, 0x65, 0x29, 0x65, 0x29,
    0x65, 0x29, 0x65, 0x29, 0x65, 0x29, 0x65, 0x29, 0x65, 0x29, 0x65, 0x29, 0x65, 0x29, 0x85, 0x31,
    0x86, 0x31, 0x86, 0x31, 0x86, 0x31, 0x86, 0x31, 0x86, 0x31, 0x86, 0x31, 0x86, 0x31, 0x86, 0x31,
    0x66, 0x31, 0xA6, 0x39, 0x86, 0x31, 0x86, 0x31, 0xC7, 0x39, 0xA6, 0x31, 0xA6, 0x31, 0xA6, 0x31,
    0xA6, 0x31, 0xE7, 0x39, 0xE7, 0x41, 0xC7, 0x39, 0xE7, 0x41, 0x49, 0x4A, 0xC7, 0x39, 0xC7, 0x39,
    0xE7, 0x41, 0xE7, 0x41, 0x28, 0x4A, 0xC7, 0x41, 0xC7, 0x39, 0x28, 0x4A, 0x69, 0x52, 0x08, 0x4A,
    0xC7, 0x39, 0x08, 0x42, 0x08, 0x42, 0xE7, 0x41, 0x08, 0x4A, 0x28, 0x4A, 0x28, 0x4A, 0x69, 0x52,
    0x28, 0x4A, 0x08, 0x4A, 0x8A, 0x5A, 0xAA, 0x62, 0x8A, 0x5A, 0x69, 0x5A, 0x8A, 0x62, 0x8A, 0x62,
    0xAA, 0x62, 0xCA, 0x6A, 0xEB, 0x6A, 0x0B, 0x6B, 0x89, 0x62, 0xA9, 0x62, 0x2B, 0x73, 0xEA, 0x72,
    0xCA, 0x6A, 0x6C, 0x83, 0xEE, 0x93, 0x0E, 0x9C, 0xCE, 0x8B, 0x4C, 0x7B, 0x0B, 0x73, 0xCA, 0x6A,
    0xCA, 0x72, 0x6C, 0x83, 0x50, 0xA4, 0xD1, 0xAC, 0xD2, 0xB4, 0xD1, 0xB4, 0xF1, 0xB4, 0xD1, 0xB4,
    0xB1, 0xAC, 0x90, 0xAC, 0x0F, 0x9C, 0x2B, 0x7B, 0xCA, 0x6A, 0xCA, 0x6A, 0xAA, 0x6A, 0x8A, 0x62,
    0x89, 0x62, 0xA9, 0x62, 0xA9, 0x62, 0xA9, 0x6A, 0xA9, 0x6A, 0xA9, 0x62, 0xA9, 0x62, 0x89, 0x62,
    0x89, 0x6A, 0x89, 0x6A, 0xAA, 0x6A, 0xCA, 0x72, 0xEA, 0x72, 0x0B, 0x7B, 0x4C, 0x8B, 0xCD, 0x9B,
    0x2F, 0xAC, 0x90, 0xB4, 0xD1, 0xBC, 0x12, 0xC5, 0x33, 0xCD, 0x53, 0xCD, 0x74, 0xD5, 0xB5, 0xD5,
    0xB5, 0xD5, 0xD5, 0xDD, 0xD5, 0xDD, 0xD5, 0xDD, 0xD5, 0xDD, 0xD5, 0xDD, 0xF5, 0xDD, 0xF5, 0xDD,
    0xF6, 0xDD, 0xF6, 0xDD, 0xF6, 0xDD, 0xF6, 0xD5, 0xF6, 0xD5, 0xD5, 0xCD, 0x74, 0xC5, 0x53, 0xC5,
    0x53, 0xBD, 0x33, 0xBD, 0xD2, 0xB4, 0xB1, 0xAC, 0xD1, 0xB4, 0xD1, 0xB4, 0xD1, 0xAC, 0x91, 0xAC,
    0x4F, 0x9C, 0x2F, 0x9C, 0x4F, 0xA4, 0x70, 0xA4, 0x50, 0xA4, 0x2F, 0x9C, 0x0E, 0x9C, 0xCD, 0x93,
    0xCD, 0x93, 0xAD, 0x8B, 0x8D, 0x8B, 0x8C, 0x8B, 0xAD, 0x8B, 0xEE, 0x93, 0xEE, 0x93, 0x0F, 0x9C,
    0x2F, 0x9C, 0x70, 0xA4, 0xB1, 0xAC, 0x50, 0xA4, 0x70, 0xAC, 0x50, 0xA4, 0x2F, 0xA4, 0x2F, 0xA4,
    0xEE, 0x93, 0x8D, 0x8B, 0xEB, 0x72, 0xCA, 0x6A, 0xEB, 0x72, 0x6C, 0x83, 0x2B, 0x7B, 0xEA, 0x72,
    0xEA, 0x72, 0xAA, 0x6A, 0x89, 0x62, 0xAA, 0x62, 0x8A, 0x5A, 0x89, 0x5A, 0x69, 0x52, 0x49, 0x52,
    0x49, 0x52, 0x69, 0x52, 0x49, 0x52, 0x69, 0x52, 0x69, 0x52, 0x69, 0x52, 0x89, 0x5A, 0x8A, 0x5A,
    0x89, 0x5A, 0xCA, 0x62, 0xAA, 0x5A, 0x89, 0x5A, 0x0B, 0x6B, 0x6D, 0x73, 0x4D, 0x73, 0xCA, 0x62,
    0xEB, 0x62, 0xAA, 0x5A, 0x89, 0x5A, 0x8A, 0x5A, 0xAA, 0x5A, 0x69, 0x52, 0x69, 0x52, 0xAA, 0x5A,
    0x0C, 0x6B, 0x2C, 0x6B, 0xEB, 0x62, 0x89, 0x5A, 0x8A, 0x5A, 0xAA, 0x5A, 0xEB, 0x62, 0x6D, 0x73,
    0x4C, 0x73, 0xEB, 0x62, 0xCB, 0x62, 0x2C, 0x6B, 0x6D, 0x7B, 0x2C, 0x6B, 0x0B, 0x6B, 0x0C, 0x6B,
    0x2C, 0x73, 0x0B, 0x6B, 0x0C, 0x6B, 0xEB, 0x62, 0xAA, 0x5A, 0x8A, 0x52, 0x69, 0x52, 0x49, 0x52,
    0xCB, 0x62, 0xEB, 0x6A, 0xEB, 0x62, 0x0B, 0x6B, 0x0C, 0x6B, 0x0C, 0x6B, 0x4C, 0x73, 0x2C, 0x73,
    0x2C, 0x73, 0x4C, 0x73, 0x0C, 0x6B, 0x6D, 0x73, 0x4D, 0x6B, 0xCA, 0x5A, 0xCA, 0x5A, 0x0C, 0x63,
    0x6D, 0x6B, 0x6D, 0x6B, 0x4D, 0x6B, 0x4D, 0x6B, 0x4D, 0x6B, 0x4D, 0x6B, 0x6D, 0x6B, 0x6D, 0x6B,
    0x6D, 0x6B, 0x6D, 0x6B, 0x6D, 0x6B, 0x6D, 0x6B, 0x6D, 0x6B, 0x6D, 0x6B, 0x6D, 0x6B, 0x6D, 0x6B,
    0x8D, 0x73, 0x8D, 0x73, 0x2C, 0x63, 0x4D, 0x6B, 0x6D, 0x6B, 0x6D, 0x6B, 0x6D, 0x6B, 0x6D, 0x6B,
    0x6D, 0x6B, 0x6D, 0x6B, 0x4D, 0x63, 0xCB, 0x5A, 0x2C, 0x63, 0x4D, 0x63, 0x4C, 0x63, 0x0C, 0x63,
    0x28, 0x42, 0xE7, 0x39, 0x69, 0x4A, 0xEB, 0x5A, 0x8A, 0x52, 0xAA, 0x52, 0xCB, 0x5A, 0xAA, 0x52,
    0x0B, 0x5B, 0x2C, 0x63, 0x2C, 0x63, 0x4D, 0x6B, 0x4D, 0x63, 0x2C, 0x63, 0xCB, 0x5A, 0x28, 0x42,
    0xE7, 0x41, 0x08, 0x42, 0xE7, 0x39, 0xA6, 0x31, 0xE7, 0x39, 0xE7, 0x39, 0x86, 0x31, 0x86, 0x31,
    0x86, 0x31, 0x86, 0x31, 0xA6, 0x31, 0xA6, 0x31, 0x86, 0x31, 0xC7, 0x39, 0xE7, 0x39, 0x86, 0x31,
    0x65, 0x29, 0x65, 0x29, 0x65, 0x29, 0x65, 0x29, 0x65, 0x29, 0x65, 0x29, 0x65, 0x29, 0x65, 0x29,
    0x65, 0x29, 0x65, 0x29, 0x65, 0x29, 0x65, 0x29, 0x65, 0x29, 0x65, 0x29, 0x65, 0x29, 0x65, 0x29,
    0x65, 0x29, 0x65, 0x29, 0x65, 0x29, 0x65, 0x29, 0x65, 0x29, 0x65, 0x29, 0x65, 0x29, 0x65, 0x29,
    0x86, 0x31, 0x86, 0x31, 0x86, 0x31, 0x86, 0x31, 0x86, 0x31, 0x86, 0x31, 0x86, 0x31, 0x86, 0x31,
    0x66, 0x31, 0xA7, 0x39, 0x86, 0x31, 0x86, 0x31, 0xC7, 0x39, 0xA6, 0x31, 0xA6, 0x31, 0xA6, 0x31,
    0xA6, 0x31, 0xC7, 0x39, 0xE7, 0x41, 0xC7, 0x39, 0xE7, 0x41, 0x69, 0x52, 0xE7, 0x41, 0xC7, 0x39,
    0xC7, 0x39, 0xE7, 0x41, 0x28, 0x4A, 0xC7, 0x41, 0xC7, 0x39, 0xE7, 0x41, 0x69, 0x52, 0x28, 0x4A,
    0xC7, 0x41, 0xE7, 0x41, 0x08, 0x42, 0xE7, 0x41, 0x08, 0x4A, 0x28, 0x4A, 0x08, 0x4A, 0x49, 0x4A,
    0x49, 0x52, 0x07, 0x4A, 0x69, 0x5A, 0xAA, 0x62, 0x8A, 0x5A, 0x69, 0x5A, 0x89, 0x5A, 0x8A, 0x62,
    0xAA, 0x62, 0xCA, 0x6A, 0xEB, 0x6A, 0x0B, 0x73, 0x2B, 0x73, 0xCA, 0x62, 0xA9, 0x62, 0x0B, 0x73,
    0x2B, 0x73, 0xEA, 0x6A, 0x0A, 0x73, 0x8C, 0x83, 0xEE, 0x93, 0xEE, 0x93, 0x6C, 0x83, 0x2B, 0x7B,
    0x0B, 0x73, 0xEA, 0x72, 0xEA, 0x72, 0x2C, 0x7B, 0x8D, 0x8B, 0xCD, 0x93, 0xED, 0x93, 0xEE, 0x93,
    0xCE, 0x93, 0x8D, 0x8B, 0x0B, 0x7B, 0xEB, 0x6A, 0xEB, 0x6A, 0xCB, 0x6A, 0xAA, 0x62, 0x89, 0x62,
    0x89, 0x62, 0xA9, 0x62, 0xA9, 0x62, 0xA9, 0x62, 0xA9, 0x62, 0x89, 0x62, 0x89, 0x62, 0x89, 0x62,
    0x89, 0x62, 0x89, 0x6A, 0xAA, 0x6A, 0xCA, 0x6A, 0xEA, 0x72, 0x0B, 0x7B, 0x2B, 0x83, 0x8C, 0x93,
    0x0E, 0xA4, 0x4F, 0xAC, 0xB1, 0xBC, 0xF2, 0xBC, 0x12, 0xC5, 0x33, 0xC5, 0x53, 0xCD, 0x74, 0xD5,
    0x94, 0xD5, 0xB4, 0xD5, 0xD5, 0xDD, 0xD5, 0xDD, 0xD5, 0xDD, 0xD5, 0xDD, 0xF5, 0xDD, 0xF5, 0xDD,
    0xF6, 0xDD, 0xF6, 0xDD, 0xF6, 0xDD, 0xF6, 0xD5, 0xF6, 0xD5, 0xF5, 0xD5, 0xB5, 0xCD, 0x54, 0xC5,
    0x53, 0xBD, 0x33, 0xBD, 0x13, 0xB5, 0xD1, 0xB4, 0xD1, 0xAC, 0xD1, 0xB4, 0xD2, 0xB4, 0xD1, 0xAC,
    0x90, 0xAC, 0x50, 0xA4, 0x2F, 0x9C, 0x4F, 0xA4, 0x70, 0xA4, 0x50, 0xA4, 0x4F, 0xA4, 0xEE, 0x93,
    0xCE, 0x93, 0xCD, 0x93, 0xAD, 0x8B, 0x8D, 0x8B, 0x8D, 0x8B, 0xEE, 0x93, 0x0E, 0x9C, 0x2F, 0x9C,
    0x50, 0xA4, 0x70, 0xA4, 0xD1, 0xB4, 0x90, 0xA4, 0x91, 0xAC, 0x90, 0xAC, 0x4F, 0xA4, 0x4F, 0xA4,
    0x0E, 0x9C, 0x8D, 0x8B, 0xEB, 0x72, 0xCA, 0x6A, 0x0B, 0x73, 0x8D, 0x83, 0x2B, 0x7B, 0xEA, 0x72,
    0xEA, 0x72, 0xCA, 0x6A, 0x89, 0x62, 0xAA, 0x62, 0x69, 0x5A, 0x69, 0x52, 0x69, 0x52, 0x49, 0x52,
    0x49, 0x52, 0x49, 0x52, 0x69, 0x52, 0x69, 0x52, 0x69, 0x52, 0x69, 0x5A, 0x69, 0x5A, 0x89, 0x5A,
    0x89, 0x5A, 0xAA, 0x62, 0xCA, 0x62, 0x89, 0x5A, 0xEB, 0x62, 0x2C, 0x73, 0x6D, 0x7B, 0xEB, 0x6A,
    0xCB, 0x62, 0xCB, 0x62, 0x8A, 0x5A, 0x89, 0x5A, 0xAA, 0x5A, 0x8A, 0x5A, 0x69, 0x52, 0x69, 0x52,
    0xCB, 0x62, 0x0C, 0x6B, 0x0C, 0x6B, 0xCA, 0x62, 0x89, 0x5A, 0xAA, 0x5A, 0xAA, 0x5A, 0x4C, 0x73,
    0x6D, 0x73, 0x2C, 0x6B, 0xCB, 0x62, 0xCB, 0x62, 0x2C, 0x6B, 0x6D, 0x73, 0x2C, 0x6B, 0xEB, 0x62,
    0x2C, 0x73, 0x4C, 0x73, 0xEB, 0x62, 0x2C, 0x6B, 0xCB, 0x62, 0xAA, 0x5A, 0x69, 0x52, 0x49, 0x52,
    0x8A, 0x5A, 0xCA, 0x62, 0xEB, 0x62, 0xEB, 0x62, 0x0C, 0x6B, 0xEB, 0x6A, 0x2C, 0x6B, 0x2C, 0x73,
    0x2C, 0x73, 0x2C, 0x73, 0x2C, 0x73, 0x0B, 0x6B, 0x4D, 0x73, 0x4C, 0x6B, 0xCA, 0x5A, 0xEB, 0x5A,
    0x4D, 0x6B, 0x6D, 0x6B, 0x6D, 0x6B, 0x6D, 0x6B, 0x6D, 0x6B, 0x4D, 0x6B, 0x6D, 0x6B, 0x6D, 0x6B,
    0x6D, 0x6B, 0x6D, 0x6B, 0x6D, 0x6B, 0x6D, 0x6B, 0x6D, 0x6B, 0x6D, 0x6B, 0x6D, 0x6B, 0x4D, 0x6B,
    0x8D, 0x73, 0x8D, 0x73, 0x4C, 0x6B, 0x2C, 0x63, 0x6D, 0x6B, 0x6D, 0x6B, 0x6D, 0x6B, 0x6D, 0x6B,
    0x4D, 0x6B, 0x6D, 0x6B, 0x2C, 0x63, 0xCB, 0x52, 0x4C, 0x63, 0x4D, 0x63, 0x2C, 0x63, 0x0C, 0x63,
    0xE7, 0x41, 0x08, 0x42, 0x8A, 0x52, 0xEB, 0x5A, 0x8A, 0x52, 0x8A, 0x52, 0x0B, 0x5B, 0xAA, 0x52,
    0x2C, 0x63, 0x2C, 0x63, 0x2C, 0x63, 0x4D, 0x6B, 0x4D, 0x6B, 0x0C, 0x63, 0x8A, 0x52, 0x28, 0x42,
    0xE7, 0x41, 0x08, 0x42, 0xC7, 0x39, 0xA6, 0x31, 0xE7, 0x39, 0xC7, 0x39, 0x86, 0x31, 0x86, 0x31,
    0x86, 0x31, 0x86, 0x31, 0xA6, 0x31, 0x86, 0x31, 0xA6, 0x31, 0x08, 0x42, 0xA6, 0x31, 0x86, 0x31,
    0x65, 0x29, 0x65, 0x29, 0x65, 0x29, 0x65, 0x29, 0x65, 0x29, 0x65, 0x29, 0x65, 0x29, 0x65, 0x29,
    0x65, 0x29, 0x65, 0x29, 0x65, 0x29, 0x65, 0x29, 0x65, 0x29, 0x65, 0x29, 0x65, 0x29, 0x65, 0x29,
    0x65, 0x29, 0x65, 0x29, 0x65, 0x29, 0x65, 0x29, 0x65, 0x29, 0x65, 0x29, 0x65, 0x29, 0x65, 0x29,
    0x86, 0x31, 0x86, 0x31, 0x86, 0x31, 0x86, 0x31, 0x86, 0x31, 0x86, 0x31, 0x86, 0x31, 0x86, 0x31,
    0x66, 0x31, 0xA6, 0x39, 0x86, 0x31, 0x86, 0x31, 0xC7, 0x39, 0xA6, 0x39, 0xA6, 0x31, 0xA6, 0x31,
    0xA6, 0x31, 0xC7, 0x39, 0xE7, 0x41, 0xE7, 0x41, 0xC7, 0x39, 0x49, 0x52, 0xE7, 0x41, 0xE7, 0x41,
    0xC6, 0x39, 0xC6, 0x39, 0x08, 0x4A, 0xE7, 0x41, 0xC7, 0x39, 0xE7, 0x41, 0x49, 0x52, 0x49, 0x52,
    0xE7, 0x41, 0xE7, 0x41, 0x28, 0x4A, 0xC7, 0x41, 0xE7, 0x41, 0x28, 0x4A, 0x28, 0x4A, 0x28, 0x4A,
    0x69, 0x52, 0x28, 0x52, 0x28, 0x52, 0x8A, 0x5A, 0x8A, 0x5A, 0x49, 0x5A, 0x89, 0x5A, 0x89, 0x5A,
    0xA9, 0x62, 0xAA, 0x62, 0xEB, 0x6A, 0xEB, 0x72, 0x0B, 0x73, 0x4C, 0x7B, 0x0B, 0x73, 0xA9, 0x62,
    0xEA, 0x6A, 0x4C, 0x73, 0x2C, 0x7B, 0x0A, 0x73, 0x0A, 0x73, 0x4B, 0x7B, 0x8D, 0x83, 0x6D, 0x83,
    0x4C, 0x7B, 0x4C, 0x7B, 0x6D, 0x83, 0x6C, 0x83, 0x6C, 0x83, 0x6C, 0x8B, 0x8D, 0x8B, 0x8D, 0x8B,
    0x6D, 0x83, 0x2C, 0x7B, 0xEB, 0x72, 0xEB, 0x6A, 0xCB, 0x6A, 0xAA, 0x62, 0x8A, 0x62, 0x89, 0x62,
    0x89, 0x62, 0x89, 0x62, 0xA9, 0x62, 0x89, 0x62, 0x89, 0x62, 0x89, 0x62, 0x89, 0x62, 0x89, 0x62,
    0x89, 0x62, 0x89, 0x62, 0xAA, 0x6A, 0xCA, 0x6A, 0xEA, 0x72, 0x0B, 0x7B, 0x2B, 0x83, 0x6C, 0x8B,
    0xCD, 0x9B, 0x2F, 0xAC, 0x70, 0xB4, 0xB1, 0xBC, 0xF1, 0xBC, 0x12, 0xC5, 0x33, 0xC5, 0x53, 0xCD,
    0x73, 0xCD, 0x94, 0xD5, 0xD5, 0xDD, 0xD5, 0xDD, 0xD5, 0xDD, 0xD5, 0xDD, 0xD5, 0xDD, 0xF5, 0xDD,
    0xF6, 0xDD, 0xF6, 0xDD, 0xF6, 0xDD, 0xF6, 0xD5, 0xF6, 0xD5, 0xF5, 0xD5, 0xF5, 0xD5, 0x94, 0xCD,
    0x53, 0xBD, 0x33, 0xBD, 0x33, 0xBD, 0xF2, 0xB4, 0xD1, 0xAC, 0xD1, 0xAC, 0xB2, 0xAC, 0xD2, 0xAC,
    0xB1, 0xAC, 0xB1, 0xAC, 0x70, 0xA4, 0x2F, 0x9C, 0x4F, 0xA4, 0x50, 0xA4, 0x4F, 0xA4, 0x2F, 0x9C,
    0x0E, 0x9C, 0xCE, 0x93, 0xCD, 0x93, 0xAD, 0x8B, 0x8D, 0x8B, 0xCE, 0x93, 0x0F, 0x9C, 0x2F, 0x9C,
    0x70, 0xA4, 0x90, 0xAC, 0xF2, 0xB4, 0xB1, 0xAC, 0x91, 0xAC, 0xB1, 0xAC, 0x70, 0xA4, 0x70, 0xA4,
    0x0F, 0x9C, 0xAD, 0x8B, 0x0B, 0x73, 0xCA, 0x6A, 0x2B, 0x7B, 0x8D, 0x83, 0x2B, 0x7B, 0xEA, 0x72,
    0xCA, 0x72, 0xAA, 0x6A, 0x89, 0x62, 0xAA, 0x62, 0x48, 0x52, 0xE7, 0x41, 0x69, 0x52, 0x69, 0x52,
    0x49, 0x52, 0x49, 0x52, 0x49, 0x52, 0x69, 0x52, 0x69, 0x52, 0x69, 0x52, 0x69, 0x5A, 0x89, 0x5A,
    0x89, 0x5A, 0xAA, 0x5A, 0xCA, 0x62, 0xAA, 0x5A, 0xAA, 0x5A, 0x0C, 0x6B, 0x6D, 0x73, 0x2C, 0x6B,
    0xCB, 0x62, 0xCA, 0x62, 0x8A, 0x5A, 0xAA, 0x5A, 0x89, 0x5A, 0xAA, 0x5A, 0x89, 0x5A, 0x89, 0x5A,
    0x8A, 0x5A, 0xEB, 0x62, 0x2C, 0x6B, 0x0B, 0x6B, 0xAA, 0x5A, 0x8A, 0x5A, 0xCA, 0x62, 0xEB, 0x62,
    0x6D, 0x73, 0x4D, 0x73, 0x2C, 0x6B, 0xCA, 0x62, 0xCA, 0x62, 0x0C, 0x6B, 0x6D, 0x73, 0x0B, 0x6B,
    0xEB, 0x6A, 0x4C, 0x73, 0x2C, 0x6B, 0xEB, 0x62, 0x0B, 0x6B, 0xAA, 0x5A, 0x8A, 0x5A, 0x69, 0x52,
    0x69, 0x52, 0xCA, 0x62, 0xAA, 0x62, 0xEB, 0x6A, 0xEB, 0x62, 0x0C, 0x6B, 0xEB, 0x62, 0x2C, 0x73,
    0x2C, 0x73, 0x2C, 0x73, 0x2C, 0x73, 0x2C, 0x6B, 0xCB, 0x62, 0x6D, 0x73, 0x2C, 0x6B, 0xEB, 0x5A,
    0x2D, 0x63, 0x6D, 0x6B, 0x6D, 0x6B, 0x6D, 0x6B, 0x6D, 0x6B, 0x4D, 0x6B, 0x6D, 0x6B, 0x6D, 0x6B,
    0x6D, 0x6B, 0x6D, 0x6B, 0x6D, 0x6B, 0x6D, 0x6B, 0x6D, 0x6B, 0x4D, 0x6B, 0x4D, 0x6B, 0x4D, 0x6B,
    0x6D, 0x6B, 0x8D, 0x73, 0x6D, 0x6B, 0x2C, 0x63, 0x6D, 0x6B, 0x6D, 0x6B, 0x6D, 0x6B, 0x6D, 0x6B,
    0x6D, 0x6B, 0x6D, 0x6B, 0x0B, 0x5B, 0xEB, 0x5A, 0x4C, 0x63, 0x2C, 0x63, 0x4D, 0x63, 0xEB, 0x5A,
    0xE7, 0x39, 0x28, 0x42, 0xAA, 0x52, 0x0B, 0x5B, 0x69, 0x4A, 0xCB, 0x52, 0x0C, 0x63, 0xAA, 0x52,
    0x2C, 0x63, 0x2C, 0x63, 0x4D, 0x63, 0x4D, 0x6B, 0x4D, 0x6B, 0xCB, 0x5A, 0x69, 0x4A, 0x08, 0x42,
    0x08, 0x42, 0x08, 0x42, 0xC7, 0x39, 0xC7, 0x39, 0xE7, 0x39, 0xC7, 0x39, 0x86, 0x31, 0x86, 0x31,
    0x86, 0x31, 0x86, 0x31, 0xA6, 0x31, 0xA6, 0x31, 0x08, 0x42, 0xC7, 0x39, 0x86, 0x31, 0x65, 0x29,
    0x65, 0x29, 0x65, 0x29, 0x65, 0x29, 0x65, 0x29, 0x65, 0x29, 0x65, 0x29, 0x65, 0x29, 0x65, 0x29,
    0x65, 0x29, 0x65, 0x29, 0x65, 0x29, 0x65, 0x29, 0x65, 0x29, 0x65, 0x29, 0x65, 0x29, 0x65, 0x29,
    0x65, 0x29, 0x65, 0x29, 0x65, 0x29, 0x65, 0x29, 0x65, 0x29, 0x65, 0x29, 0x65, 0x29, 0x65, 0x29,
    0x65, 0x29, 0x86, 0x31, 0x86, 0x31, 0x86, 0x31, 0x86, 0x31, 0x86, 0x31, 0x86, 0x31, 0x86, 0x31,
    0x86, 0x31, 0xA7, 0x39, 0x86, 0x31, 0x86, 0x31, 0xA6, 0x39, 0xA6, 0x39, 0xA6, 0x31, 0xA6, 0x31,
    0xA6, 0x31, 0xC7, 0x39, 0xE7, 0x41, 0xE7, 0x41, 0xC7, 0x39, 0x49, 0x52, 0x08, 0x42, 0xC7, 0x39,
    0xC7, 0x39, 0xA6, 0x39, 0xE7, 0x41, 0x08, 0x42, 0xE7, 0x41, 0xC7, 0x39, 0x28, 0x4A, 0x49, 0x52,
    0xE7, 0x41, 0xC7, 0x39, 0x28, 0x4A, 0xC7, 0x41, 0xE7, 0x41, 0x08, 0x4A, 0x28, 0x4A, 0x28, 0x4A,
    0x28, 0x4A, 0x49, 0x52, 0x49, 0x52, 0x69, 0x5A, 0x69, 0x5A, 0x69, 0x5A, 0x69, 0x5A, 0x8A, 0x62,
    0x89, 0x62, 0xAA, 0x62, 0xCA, 0x6A, 0xEB, 0x72, 0x0B, 0x73, 0x2B, 0x7B, 0x4C, 0x7B, 0x6C, 0x7B,
    0x0B, 0x73, 0xCA, 0x6A, 0xEB, 0x6A, 0x4B, 0x73, 0x6C, 0x7B, 0x4B, 0x7B, 0x2B, 0x7B, 0x2B, 0x7B,
    0x2B, 0x7B, 0x0B, 0x73, 0x0B, 0x73, 0x4C, 0x7B, 0x8D, 0x8B, 0xAD, 0x8B, 0x8D, 0x8B, 0x4C, 0x83,
    0x0C, 0x7B, 0xEB, 0x72, 0xEB, 0x6A, 0xCA, 0x6A, 0xAA, 0x62, 0xAA, 0x62, 0x89, 0x62, 0x89, 0x5A,
    0x89, 0x62, 0x89, 0x62, 0x89, 0x62, 0x89, 0x62, 0x89, 0x62, 0x89, 0x62, 0x89, 0x62, 0xA9, 0x62,
    0x89, 0x62, 0xAA, 0x6A, 0xAA, 0x6A, 0xCA, 0x6A, 0xCA, 0x72, 0xEB, 0x7A, 0x0B, 0x83, 0x4B, 0x8B,
    0x8C, 0x93, 0xEE, 0xA3, 0x4F, 0xAC, 0x90, 0xB4, 0xB1, 0xBC, 0xD1, 0xBC, 0xF2, 0xC4, 0x33, 0xC5,
    0x53, 0xCD, 0x94, 0xD5, 0xB4, 0xDD, 0xD5, 0xDD, 0xD5, 0xDD, 0xD5, 0xDD, 0xD5, 0xDD, 0xF5, 0xDD,
    0xF6, 0xDD, 0xF6, 0xDD, 0xF6, 0xDD, 0xF6, 0xD5, 0xF6, 0xD5, 0xF6, 0xD5, 0xF6, 0xD5, 0xD5, 0xD5,
    0x74, 0xC5, 0x33, 0xBD, 0x33, 0xBD, 0x13, 0xBD, 0xF2, 0xB4, 0xD2, 0xB4, 0xD2, 0xAC, 0xD2, 0xB4,
    0xD1, 0xAC, 0xB1, 0xAC, 0xB1, 0xAC, 0x70, 0xA4, 0x50, 0xA4, 0x50, 0xA4, 0x50, 0xA4, 0x50, 0xA4,
    0x2F, 0x9C, 0xEE, 0x93, 0xCD, 0x93, 0xAD, 0x93, 0xAD, 0x8B, 0xCD, 0x93, 0x0F, 0x9C, 0x2F, 0x9C,
    0x70, 0xA4, 0x91, 0xAC, 0xF2, 0xB4, 0xD2, 0xB4, 0x91, 0xAC, 0xD1, 0xB4, 0x90, 0xA4, 0x70, 0xAC,
    0x4F, 0xA4, 0xAD, 0x8B, 0x0B, 0x73, 0xCA, 0x6A, 0x2B, 0x7B, 0x8D, 0x83, 0x2B, 0x7B, 0xEA, 0x72,
    0xCA, 0x72, 0xA9, 0x6A, 0x89, 0x62, 0x89, 0x5A, 0x28, 0x4A, 0x86, 0x39, 0x28, 0x4A, 0x69, 0x52,
    0x49, 0x52, 0x49, 0x52, 0x48, 0x52, 0x49, 0x52, 0x69, 0x52, 0x69, 0x5A, 0x69, 0x5A, 0x89, 0x5A,
    0x8A, 0x5A, 0x8A, 0x5A, 0xAA, 0x62, 0xAA, 0x62, 0x89, 0x5A, 0xCB, 0x62, 0x2C, 0x73, 0x4D, 0x73,
    0xEB, 0x62, 0xCB, 0x62, 0xAA, 0x5A, 0x8A, 0x5A, 0x8A, 0x5A, 0x89, 0x5A, 0x8A, 0x5A, 0x89, 0x5A,
    0x89, 0x5A, 0xAA, 0x5A, 0xEB, 0x62, 0x0C, 0x6B, 0xEB, 0x62, 0x8A, 0x5A, 0xAA, 0x5A, 0xCB, 0x62,
    0x2C, 0x6B, 0x6D, 0x73, 0x4C, 0x73, 0x0C, 0x6B, 0xAA, 0x62, 0xAA, 0x62, 0x0C, 0x6B, 0x4D, 0x73,
    0xEB, 0x6A, 0x2B, 0x6B, 0x4C, 0x73, 0xEB, 0x62, 0xCB, 0x62, 0x0B, 0x6B, 0xAA, 0x5A, 0x69, 0x52,
    0x69, 0x52, 0x89, 0x5A, 0xCA, 0x62, 0xCB, 0x62, 0xEB, 0x62, 0xEB, 0x6A, 0x0B, 0x6B, 0xEB, 0x6A,
    0x2C, 0x73, 0x2C, 0x73, 0x2C, 0x73, 0x2C, 0x73, 0x0B, 0x6B, 0xEB, 0x62, 0x8D, 0x73, 0x2C, 0x6B,
    0x2C, 0x63, 0x6D, 0x6B, 0x4D, 0x6B, 0x6D, 0x6B, 0x6D, 0x6B, 0x6D, 0x6B, 0x6D, 0x6B, 0x4D, 0x6B,
    0x6D, 0x6B, 0x6D, 0x6B, 0x6D, 0x6B, 0x6D, 0x6B, 0x6D, 0x6B, 0x4D, 0x6B, 0x4D, 0x6B, 0x6D, 0x6B,
    0x2C, 0x6B, 0x6D, 0x73, 0x6D, 0x73, 0x2C, 0x63, 0x4D, 0x6B, 0x6D, 0x6B, 0x6D, 0x6B, 0x6D, 0x6B,
    0x6D, 0x63, 0x6D, 0x6B, 0xEB, 0x5A, 0x0B, 0x5B, 0x2C, 0x63, 0x2C, 0x63, 0x4C, 0x63, 0xCB, 0x5A,
    0xE7, 0x39, 0x48, 0x42, 0xCB, 0x5A, 0xEB, 0x5A, 0x69, 0x4A, 0x0C, 0x5B, 0x0C, 0x5B, 0xCB, 0x52,
    0x2C, 0x63, 0x2C, 0x63, 0x4D, 0x6B, 0x4D, 0x6B, 0x2C, 0x63, 0x8A, 0x52, 0x69, 0x4A, 0x07, 0x42,
    0x08, 0x42, 0xE8, 0x41, 0xC7, 0x39, 0xC7, 0x39, 0xE7, 0x39, 0xC7, 0x39, 0x86, 0x31, 0x86, 0x31,
    0x86, 0x31, 0xA6, 0x31, 0x86, 0x31, 0xE7, 0x39, 0xC7, 0x39, 0x86, 0x31, 0x65, 0x29, 0x65, 0x29,
    0x65, 0x29, 0x65, 0x29, 0x65, 0x29, 0x65, 0x29, 0x65, 0x29, 0x65, 0x29, 0x65, 0x29, 0x65, 0x29,
    0x65, 0x29, 0x65, 0x29, 0x65, 0x29, 0x65, 0x29, 0x65, 0x29, 0x65, 0x29, 0x65, 0x29, 0x65, 0x29,
    0x65, 0x29, 0x65, 0x29, 0x65, 0x29, 0x65, 0x31, 0x65, 0x31, 0x65, 0x31, 0x65, 0x29, 0x85, 0x29,
    0x65, 0x29, 0x86, 0x31, 0x86, 0x31, 0x86, 0x31, 0x86, 0x31, 0x86, 0x31, 0x86, 0x31, 0x86, 0x31,
    0x86, 0x31, 0xA7, 0x39, 0x86, 0x31, 0x86, 0x31, 0xA6, 0x39, 0xA6, 0x39, 0xA6, 0x39, 0xA6, 0x39,
    0xA6, 0x39, 0xC7, 0x39, 0xE7, 0x41, 0xE7, 0x41, 0xC7, 0x39, 0x49, 0x4A, 0x08, 0x42, 0xC7, 0x39,
    0xE7, 0x41, 0xA6, 0x39, 0xE7, 0x41, 0xE7, 0x41, 0xE7, 0x41, 0x07, 0x42, 0x08, 0x42, 0x69, 0x52,
    0x08, 0x4A, 0xC6, 0x39, 0x28, 0x4A, 0xE7, 0x41, 0xE7, 0x41, 0xE7, 0x41, 0x48, 0x4A, 0x28, 0x4A,
    0x08, 0x4A, 0x28, 0x4A, 0x49, 0x52, 0x69, 0x52, 0x49, 0x52, 0x69, 0x5A, 0x69, 0x52, 0xAA, 0x62,
    0x8A, 0x62, 0xAA, 0x62, 0xCA, 0x6A, 0xEA, 0x6A, 0x0B, 0x73, 0x2B, 0x7B, 0x4B, 0x7B, 0x6C, 0x83,
    0x8D, 0x83, 0x8D, 0x83, 0x4C, 0x7B, 0xEB, 0x72, 0xEB, 0x72, 0x2B, 0x73, 0x6C, 0x7B, 0x6C, 0x83,
    0x6C, 0x83, 0x4C, 0x7B, 0x2B, 0x7B, 0x0B, 0x73, 0xEB, 0x72, 0x2B, 0x7B, 0x2C, 0x7B, 0x0B, 0x73,
    0xEB, 0x72, 0xCB, 0x6A, 0xCB, 0x6A, 0xCA, 0x6A, 0xAA, 0x62, 0x8A, 0x62, 0x89, 0x62, 0x89, 0x5A,
    0x69, 0x62, 0x89, 0x62, 0x89, 0x62, 0x89, 0x62, 0x89, 0x62, 0x89, 0x62, 0x68, 0x5A, 0xE7, 0x49,
    0xC6, 0x49, 0x07, 0x52, 0xA9, 0x6A, 0xAA, 0x6A, 0xCA, 0x72, 0xEB, 0x7A, 0x0B, 0x7B, 0x2B, 0x83,
    0x6C, 0x93, 0xCD, 0x9B, 0x0E, 0xAC, 0x2F, 0xAC, 0x70, 0xB4, 0xB0, 0xB4, 0xD1, 0xBC, 0xF2, 0xC4,
    0x33, 0xCD, 0x73, 0xCD, 0xB4, 0xD5, 0xD5, 0xDD, 0xD5, 0xDD, 0xD5, 0xDD, 0xD5, 0xD5, 0xF5, 0xDD,
    0xD5, 0xD5, 0xF6, 0xDD, 0xF6, 0xDD, 0xF6, 0xD5, 0xD6, 0xD5, 0xF6, 0xD5, 0xF5, 0xD5, 0xD5, 0xD5,
    0xD5, 0xCD, 0x74, 0xBD, 0x33, 0xBD, 0x33, 0xBD, 0x12, 0xB5, 0xF2, 0xB4, 0xD1, 0xB4, 0xD1, 0xB4,
    0xD2, 0xAC, 0xB1, 0xAC, 0xB1, 0xAC, 0xB1, 0xAC, 0x91, 0xAC, 0x50, 0xA4, 0x50, 0xA4, 0x50, 0xA4,
    0x4F, 0xA4, 0x2F, 0x9C, 0xEE, 0x93, 0xAD, 0x93, 0xAD, 0x93, 0xAD, 0x8B, 0x0E, 0x9C, 0x2F, 0x9C,
    0x70, 0xA4, 0x91, 0xAC, 0xD2, 0xB4, 0xF2, 0xB4, 0xB1, 0xAC, 0xD2, 0xB4, 0x90, 0xAC, 0x90, 0xAC,
    0x70, 0xA4, 0xAD, 0x93, 0x0B, 0x73, 0xCA, 0x72, 0x2B, 0x7B, 0x8D, 0x8B, 0x2B, 0x7B, 0xEA, 0x72,
    0xCA, 0x6A, 0x89, 0x62, 0xA9, 0x62, 0x69, 0x5A, 0x07, 0x4A, 0x86, 0x39, 0xC6, 0x39, 0x69, 0x52,
    0x28, 0x4A, 0x69, 0x52, 0x49, 0x52, 0x48, 0x52, 0x48, 0x52, 0x49, 0x52, 0x69, 0x5A, 0x69, 0x5A,
    0x8A, 0x5A, 0x8A, 0x5A, 0x8A, 0x5A, 0xAA, 0x62, 0xAA, 0x5A, 0xAA, 0x5A, 0xEB, 0x6A, 0x2C, 0x73,
    0x0B, 0x6B, 0xCB, 0x62, 0xAB, 0x62, 0x69, 0x52, 0x8A, 0x5A, 0xAA, 0x5A, 0x89, 0x5A, 0x89, 0x5A,
    0x8A, 0x5A, 0x89, 0x5A, 0xCB, 0x62, 0x0B, 0x6B, 0x2C, 0x6B, 0xCB, 0x62, 0xAA, 0x5A, 0xCB, 0x62,
    0xEB, 0x62, 0x4D, 0x73, 0x6D, 0x73, 0x2C, 0x6B, 0xEB, 0x62, 0xAA, 0x5A, 0xAA, 0x5A, 0x0C, 0x6B,
    0x4D, 0x73, 0x0B, 0x6B, 0x4C, 0x73, 0x2B, 0x6B, 0xAA, 0x5A, 0xEB, 0x62, 0xEB, 0x62, 0x8A, 0x5A,
    0x69, 0x52, 0x69, 0x52, 0xAA, 0x5A, 0xAA, 0x5A, 0xEB, 0x6A, 0xEB, 0x62, 0xEB, 0x6A, 0xEB, 0x6A,
    0x0B, 0x6B, 0x2C, 0x6B, 0x2C, 0x73, 0x0C, 0x6B, 0x2C, 0x6B, 0xEB, 0x6A, 0x0C, 0x6B, 0x6D, 0x73,
    0x4D, 0x6B, 0x4D, 0x6B, 0x4D, 0x6B, 0x6D, 0x6B, 0x6D, 0x6B, 0x6D, 0x6B, 0x6D, 0x6B, 0x6D, 0x6B,
    0x6D, 0x6B, 0x6D, 0x6B, 0x6D, 0x6B, 0x6D, 0x6B, 0x6D, 0x6B, 0x6D, 0x6B, 0x6D, 0x6B, 0x6D, 0x6B,
    0x2C, 0x6B, 0x4C, 0x6B, 0x8E, 0x73, 0x4C, 0x6B, 0x4C, 0x6B, 0x6D, 0x6B, 0x6D, 0x6B, 0x6D, 0x6B,
    0x6D, 0x6B, 0x6D, 0x6B, 0xCA, 0x52, 0x0C, 0x63, 0x2C, 0x63, 0x2C, 0x63, 0x4D, 0x63, 0xAA, 0x52,
    0xE7, 0x39, 0x69, 0x4A, 0xEB, 0x5A, 0xEB, 0x5A, 0x8A, 0x4A, 0x4D, 0x63, 0xEB, 0x5A, 0xCB, 0x5A,
    0x4C, 0x63, 0x2C, 0x63, 0x4D, 0x6B, 0x4D, 0x6B, 0xCA, 0x52, 0xAA, 0x52, 0x49, 0x4A, 0x07, 0x42,
    0x28, 0x4A, 0xE7, 0x41, 0xC7, 0x39, 0xC7, 0x39, 0xE7, 0x39, 0xA6, 0x31, 0x86, 0x31, 0x86, 0x31,
    0x86, 0x31, 0x86, 0x31, 0xC7, 0x39, 0xE7, 0x39, 0x86, 0x31, 0x65, 0x29, 0x65, 0x29, 0x65, 0x29,
    0x65, 0x29, 0x65, 0x29, 0x65, 0x29, 0x65, 0x29, 0x65, 0x29, 0x65, 0x29, 0x65, 0x29, 0x65, 0x29,
    0x65, 0x29, 0x65, 0x29, 0x65, 0x31, 0x65, 0x31, 0x65, 0x29, 0x65, 0x29, 0x65, 0x29, 0x65, 0x29,
    0x65, 0x29, 0x65, 0x29, 0x65, 0x29, 0x65, 0x31, 0x65, 0x31, 0x65, 0x31, 0x65, 0x29, 0x85, 0x29,
    0x65, 0x29, 0x86, 0x31, 0x86, 0x31, 0x86, 0x31, 0x86, 0x31, 0x86, 0x31, 0x86, 0x31, 0x86, 0x31,
    0x86, 0x31, 0xA6, 0x31, 0x86, 0x31, 0x86, 0x31, 0x86, 0x31, 0xA6, 0x39, 0xA6, 0x39, 0xA6, 0x39,
    0xA6, 0x39, 0xC7, 0x39, 0xC7, 0x39, 0xE7, 0x41, 0xC6, 0x39, 0x28, 0x4A, 0x28, 0x4A, 0xA6, 0x39,
    0xC7, 0x39, 0xA6, 0x39, 0xE7, 0x41, 0xE7, 0x41, 0xC7, 0x39, 0xE7, 0x41, 0x08, 0x42, 0x48, 0x4A,
    0x28, 0x4A, 0xE7, 0x41, 0xE7, 0x41, 0x07, 0x42, 0xC6, 0x39, 0xE7, 0x41, 0x07, 0x42, 0x48, 0x4A,
    0x08, 0x4A, 0x08, 0x4A, 0x29, 0x52, 0x89, 0x5A, 0x49, 0x52, 0x49, 0x52, 0x69, 0x5A, 0x89, 0x5A,
    0xAA, 0x62, 0xAA, 0x62, 0xAA, 0x62, 0xEA, 0x6A, 0xEB, 0x72, 0x2B, 0x7B, 0x4B, 0x7B, 0x6C, 0x7B,
    0x6C, 0x83, 0x8D, 0x8B, 0xCD, 0x8B, 0xCE, 0x93, 0xCD, 0x8B, 0x8D, 0x83, 0x6C, 0x83, 0x6C, 0x83,
    0x8C, 0x83, 0xAD, 0x8B, 0xAD, 0x8B, 0xCD, 0x8B, 0xEE, 0x93, 0x0F, 0x94, 0x8D, 0x83, 0x0B, 0x73,
    0xEB, 0x6A, 0xCB, 0x6A, 0xCA, 0x6A, 0xCA, 0x62, 0xAA, 0x62, 0x89, 0x62, 0x89, 0x5A, 0x89, 0x5A,
    0x69, 0x62, 0x89, 0x62, 0x89, 0x62, 0x89, 0x62, 0x89, 0x62, 0x89, 0x62, 0xE7, 0x49, 0x86, 0x41,
    0xA6, 0x41, 0x86, 0x41, 0x48, 0x5A, 0xCA, 0x6A, 0xCA, 0x72, 0xEB, 0x7A, 0x0A, 0x7B, 0x2B, 0x83,
    0x6C, 0x8B, 0x8C, 0x9B, 0xCD, 0xA3, 0x0E, 0xA4, 0x2E, 0xAC, 0x4F, 0xAC, 0x90, 0xB4, 0xD1, 0xBC,
    0x12, 0xC5, 0x53, 0xCD, 0x94, 0xD5, 0xD5, 0xDD, 0xD5, 0xDD, 0xB4, 0xD5, 0xD5, 0xD5, 0xD5, 0xD5,
    0xD5, 0xD5, 0xD5, 0xD5, 0xF5, 0xD5, 0xD6, 0xD5, 0xD5, 0xD5, 0xD5, 0xD5, 0xD5, 0xD5, 0xD5, 0xD5,
    0xD5, 0xD5, 0xB5, 0xCD, 0x53, 0xBD, 0x33, 0xBD, 0x12, 0xBD, 0xF2, 0xB4, 0xF2, 0xB4, 0xD1, 0xB4,
    0xD2, 0xB4, 0xD2, 0xB4, 0xB1, 0xAC, 0x91, 0xAC, 0xB1, 0xAC, 0xB1, 0xAC, 0x70, 0xA4, 0x50, 0xA4,
    0x50, 0xA4, 0x4F, 0xA4, 0x0E, 0x9C, 0xCD, 0x93, 0xAD, 0x93, 0xAD, 0x93, 0xEE, 0x93, 0x2F, 0x9C,
    0x70, 0xA4, 0x91, 0xAC, 0xD1, 0xB4, 0xF2, 0xB4, 0xB1, 0xAC, 0xD2, 0xB4, 0xB1, 0xAC, 0x90, 0xAC,
    0x70, 0xAC, 0xAD, 0x93, 0x0B, 0x7B, 0xEA, 0x72, 0x4C, 0x7B, 0x8D, 0x8B, 0x0B, 0x7B, 0xEA, 0x72,
    0xAA, 0x6A, 0x89, 0x62, 0xA9, 0x62, 0x48, 0x52, 0xC7, 0x41, 0x86, 0x39, 0x86, 0x39, 0x08, 0x4A,
    0x49, 0x52, 0x08, 0x4A, 0x49, 0x52, 0x49, 0x52, 0x28, 0x52, 0x48, 0x52, 0x49, 0x52, 0x69, 0x5A,
    0x69, 0x5A, 0x8A, 0x5A, 0xAA, 0x5A, 0xAA, 0x62, 0xAA, 0x62, 0x8A, 0x5A, 0xCB, 0x62, 0x0B, 0x6B,
    0x2C, 0x73, 0xCB, 0x62, 0xCB, 0x62, 0x89, 0x5A, 0x49, 0x52, 0xAA, 0x5A, 0x8A, 0x5A, 0x89, 0x5A,
    0x8A, 0x5A, 0x8A, 0x5A, 0xAA, 0x5A, 0xCB, 0x62, 0x0C, 0x6B, 0x0C, 0x6B, 0xAA, 0x5A, 0xAA, 0x5A,
    0xEB, 0x62, 0x0B, 0x6B, 0x4D, 0x73, 0x4D, 0x73, 0xEB, 0x6A, 0xAA, 0x62, 0xAA, 0x5A, 0x8A, 0x5A,
    0xEB, 0x6A, 0x4D, 0x73, 0x4C, 0x73, 0x2C, 0x6B, 0xEB, 0x62, 0x8A, 0x5A, 0x0B, 0x6B, 0xCB, 0x62,
    0x89, 0x5A, 0x69, 0x52, 0x89, 0x5A, 0xAA, 0x5A, 0xCA, 0x62, 0xEB, 0x6A, 0xEB, 0x62, 0xEB, 0x62,
    0xEB, 0x6A, 0x0B, 0x6B, 0x2C, 0x6B, 0x2C, 0x6B, 0x0C, 0x6B, 0x0C, 0x6B, 0xEB, 0x62, 0x2C, 0x6B,
    0x8D, 0x73, 0x4D, 0x6B, 0x4D, 0x6B, 0x6D, 0x6B, 0x6D, 0x6B, 0x6D, 0x6B, 0x6D, 0x6B, 0x6D, 0x6B,
    0x6D, 0x6B, 0x6D, 0x6B, 0x6D, 0x6B, 0x6D, 0x6B, 0x6D, 0x6B, 0x6D, 0x6B, 0x6D, 0x6B, 0x6D, 0x6B,
    0x4D, 0x6B, 0x2C, 0x63, 0x8D, 0x73, 0x6D, 0x6B, 0x2C, 0x63, 0x6D, 0x6B, 0x6D, 0x6B, 0x6D, 0x6B,
    0x6D, 0x6B, 0x4D, 0x63, 0xCB, 0x52, 0x2C, 0x63, 0x2C, 0x63, 0x2C, 0x63, 0x4D, 0x63, 0x8A, 0x52,
    0xE7, 0x39, 0x69, 0x4A, 0xEB, 0x5A, 0xCA, 0x52, 0xAA, 0x52, 0x4D, 0x63, 0xCB, 0x52, 0xEB, 0x5A,
    0x4C, 0x63, 0x4C, 0x63, 0x6D, 0x6B, 0x0C, 0x63, 0xAA, 0x52, 0xAA, 0x52, 0x28, 0x42, 0x28, 0x42,
    0x08, 0x42, 0xC7, 0x39, 0xC7, 0x39, 0xC7, 0x39, 0xE7, 0x39, 0xA6, 0x31, 0x86, 0x31, 0x86, 0x31,
    0x86, 0x31, 0xA6, 0x31, 0x08, 0x42, 0xA6, 0x31, 0x65, 0x29, 0x65, 0x29, 0x65, 0x29, 0x65, 0x29,
    0x65, 0x29, 0x65, 0x29, 0x65, 0x29, 0x65, 0x29, 0x65, 0x29, 0x65, 0x29, 0x65, 0x29, 0x65, 0x29,
    0x65, 0x29, 0x65, 0x29, 0x65, 0x29, 0x65, 0x29, 0x65, 0x29, 0x65, 0x29, 0x65, 0x29, 0x65, 0x29,
    0x65, 0x29, 0x65, 0x29, 0x65, 0x29, 0x65, 0x31, 0x65, 0x31, 0x65, 0x31, 0x65, 0x29, 0x85, 0x29,
    0x65, 0x29, 0x65, 0x29, 0x86, 0x31, 0x86, 0x31, 0x86, 0x31, 0x86, 0x31, 0x86, 0x31, 0x86, 0x31,
    0x86, 0x31, 0x86, 0x31, 0x86, 0x31, 0x86, 0x31, 0x86, 0x31, 0xA6, 0x39, 0xA6, 0x39, 0xA6, 0x39,
    0xA6, 0x39, 0xC7, 0x39, 0xC7, 0x39, 0xE7, 0x41, 0xC6, 0x39, 0x28, 0x4A, 0x69, 0x52, 0xA6, 0x39,
    0xC7, 0x39, 0xA6, 0x39, 0xE7, 0x41, 0x08, 0x42, 0xC7, 0x39, 0xE7, 0x41, 0xE7, 0x41, 0x28, 0x4A,
    0x28, 0x4A, 0x28, 0x4A, 0x07, 0x42, 0x07, 0x42, 0xC6, 0x39, 0xE7, 0x41, 0xE7, 0x41, 0x28, 0x4A,
    0x28, 0x4A, 0x08, 0x4A, 0x28, 0x4A, 0x49, 0x52, 0x69, 0x52, 0x28, 0x52, 0x69, 0x5A, 0x69, 0x5A,
    0x8A, 0x62, 0xAA, 0x62, 0xAA, 0x62, 0xCA, 0x6A, 0xEB, 0x72, 0x0B, 0x73, 0x2B, 0x7B, 0x4C, 0x7B,
    0x6C, 0x83, 0x8C, 0x8B, 0xAD, 0x8B, 0xCD, 0x8B, 0xEE, 0x93, 0x0E, 0x94, 0x2F, 0x9C, 0x2F, 0x9C,
    0x4F, 0x9C, 0x4F, 0x9C, 0x4F, 0x9C, 0x4F, 0x9C, 0x0F, 0x94, 0x6D, 0x83, 0x0B, 0x73, 0xEB, 0x72,
    0xCB, 0x6A, 0xCA, 0x6A, 0xCA, 0x6A, 0xAA, 0x62, 0xAA, 0x62, 0x8A, 0x62, 0x89, 0x5A, 0x89, 0x5A,
    0x69, 0x5A, 0x89, 0x62, 0x69, 0x62, 0x69, 0x62, 0x89, 0x62, 0x68, 0x5A, 0xC6, 0x49, 0xA6, 0x41,
    0xA6, 0x41, 0xA6, 0x41, 0x07, 0x52, 0xAA, 0x6A, 0xCA, 0x72, 0xEB, 0x7A, 0x0A, 0x7B, 0x2B, 0x83,
    0x4B, 0x8B, 0x8C, 0x93, 0xCD, 0x9B, 0xED, 0xA3, 0xEE, 0xA3, 0x0E, 0xA4, 0x2E, 0xAC, 0x6F, 0xB4,
    0xF1, 0xBC, 0x32, 0xCD, 0x94, 0xD5, 0xB5, 0xD5, 0xD5, 0xDD, 0xB4, 0xD5, 0xD5, 0xD5, 0xD5, 0xD5,
    0xD5, 0xD5, 0xD5, 0xD5, 0xD5, 0xD5, 0xD5, 0xD5, 0xD5, 0xD5, 0xD5, 0xD5, 0xD5, 0xD5, 0xD5, 0xD5,
    0xD5, 0xD5, 0xD6, 0xD5, 0xB5, 0xCD, 0x53, 0xBD, 0x13, 0xBD, 0x12, 0xBD, 0xF2, 0xB4, 0xF2, 0xB4,
    0xD2, 0xB4, 0xD2, 0xB4, 0xD2, 0xB4, 0xB1, 0xAC, 0xB1, 0xAC, 0xD2, 0xB4, 0xD2, 0xB4, 0x70, 0xAC,
    0x50, 0xA4, 0x4F, 0xA4, 0x2F, 0xA4, 0xEE, 0x9B, 0xAD, 0x93, 0xCD, 0x93, 0xAD, 0x93, 0x0F, 0x9C,
    0x50, 0xA4, 0x91, 0xAC, 0xB1, 0xAC, 0xF2, 0xB4, 0xB1, 0xAC, 0xD1, 0xAC, 0xB1, 0xAC, 0x70, 0xAC,
    0x70, 0xAC, 0xCE, 0x93, 0x0B, 0x7B, 0xEA, 0x72, 0x4C, 0x83, 0x8D, 0x8B, 0x0B, 0x7B, 0xCA, 0x72,
    0x89, 0x6A, 0xAA, 0x6A, 0xA9, 0x62, 0x28, 0x52, 0xA6, 0x39, 0x86, 0x39, 0xA6, 0x39, 0xA6, 0x39,
    0x49, 0x52, 0x28, 0x4A, 0x08, 0x4A, 0x48, 0x52, 0x48, 0x52, 0x28, 0x4A, 0x49, 0x52, 0x49, 0x52,
    0x69, 0x52, 0x69, 0x5A, 0x8A, 0x5A, 0x8A, 0x5A, 0xAA, 0x5A, 0xAA, 0x5A, 0xAA, 0x62, 0xEB, 0x62,
    0x0C, 0x6B, 0x0B, 0x6B, 0xCB, 0x62, 0xAA, 0x62, 0x49, 0x52, 0x49, 0x52, 0xAA, 0x62, 0x8A, 0x5A,
    0x8A, 0x5A, 0x8A, 0x5A, 0x8A, 0x5A, 0xAA, 0x5A, 0xEB, 0x62, 0x2C, 0x6B, 0xEB, 0x62, 0xAA, 0x5A,
    0xCB, 0x62, 0xEB, 0x62, 0x0C, 0x6B, 0x4D, 0x73, 0x2C, 0x73, 0xCB, 0x62, 0xAA, 0x5A, 0xAA, 0x5A,
    0xAA, 0x5A, 0x0B, 0x6B, 0x6D, 0x73, 0x6C, 0x73, 0x0B, 0x6B, 0xAA, 0x5A, 0xAA, 0x5A, 0x0C, 0x6B,
    0xCA, 0x62, 0x69, 0x52, 0x49, 0x52, 0xAA, 0x5A, 0xAA, 0x5A, 0xCB, 0x62, 0xEB, 0x6A, 0xEB, 0x62,
    0xCB, 0x62, 0xEB, 0x6A, 0x0B, 0x6B, 0x2C, 0x73, 0x2C, 0x6B, 0x0B, 0x6B, 0x0C, 0x6B, 0xCA, 0x62,
    0x4C, 0x73, 0x8D, 0x73, 0x4D, 0x6B, 0x6D, 0x6B, 0x6D, 0x6B, 0x6D, 0x6B, 0x6D, 0x6B, 0x6D, 0x6B,
    0x6D, 0x6B, 0x6D, 0x6B, 0x4D, 0x6B, 0x4D, 0x6B, 0x6D, 0x6B, 0x6D, 0x6B, 0x6D, 0x6B, 0x6D, 0x6B,
    0x4D, 0x6B, 0x0B, 0x63, 0x4D, 0x6B, 0x8D, 0x73, 0x2C, 0x63, 0x6D, 0x6B, 0x6D, 0x6B, 0x6D, 0x6B,
    0x6D, 0x6B, 0x4D, 0x63, 0xCB, 0x52, 0x2C, 0x63, 0x2C, 0x63, 0x2C, 0x63, 0x4C, 0x63, 0x89, 0x4A,
    0xE7, 0x39, 0x69, 0x4A, 0xEB, 0x5A, 0xAA, 0x52, 0xCB, 0x52, 0x4D, 0x63, 0xCB, 0x52, 0xEB, 0x5A,
    0x4C, 0x6B, 0x4C, 0x63, 0x4C, 0x6B, 0xAA, 0x52, 0xCB, 0x5A, 0x69, 0x4A, 0x07, 0x42, 0x08, 0x42,
    0x08, 0x42, 0xC7, 0x39, 0xA7, 0x39, 0xC7, 0x39, 0xE7, 0x39, 0xA6, 0x31, 0x86, 0x31, 0x86, 0x31,
    0x86, 0x31, 0xE7, 0x39, 0xC7, 0x39, 0x86, 0x31, 0x65, 0x29, 0x65, 0x29, 0x65, 0x29, 0x65, 0x29,
    0x65, 0x29, 0x65, 0x29, 0x65, 0x29, 0x65, 0x29, 0x65, 0x29, 0x65, 0x29, 0x65, 0x29, 0x65, 0x29,
    0x65, 0x29, 0x65, 0x29, 0x65, 0x29, 0x65, 0x29, 0x65, 0x29, 0x65, 0x29, 0x65, 0x29, 0x65, 0x29,
    0x65, 0x29, 0x65, 0x29, 0x65, 0x29, 0x65, 0x31, 0x65, 0x31, 0x65, 0x31, 0x65, 0x29, 0x85, 0x29,
    0x65, 0x29, 0x65, 0x29, 0x86, 0x31, 0x86, 0x31, 0x86, 0x31, 0x86, 0x31, 0x86, 0x31, 0x86, 0x31,
    0x86, 0x31, 0x86, 0x31, 0x86, 0x31, 0x86, 0x31, 0x86, 0x31, 0xA6, 0x39, 0xA6, 0x39, 0xA6, 0x39,
    0x86, 0x31, 0xC7, 0x39, 0xE7, 0x41, 0xC7, 0x39, 0xE7, 0x41, 0xE7, 0x41, 0x69, 0x52, 0xA6, 0x39,
    0xC7, 0x39, 0xA6, 0x39, 0xE7, 0x41, 0x28, 0x4A, 0xC7, 0x39, 0xC7, 0x39, 0xE7, 0x41, 0xE7, 0x41,
    0x28, 0x4A, 0x08, 0x4A, 0x08, 0x4A, 0x08, 0x4A, 0xE7, 0x41, 0xE7, 0x41, 0xE7, 0x41, 0xE7, 0x41,
    0x08, 0x4A, 0x08, 0x4A, 0x28, 0x4A, 0x28, 0x4A, 0x69, 0x52, 0x49, 0x52, 0x49, 0x52, 0x69, 0x52,
    0x69, 0x5A, 0x8A, 0x62, 0xAA, 0x62, 0xCA, 0x6A, 0xEA, 0x6A, 0x0B, 0x73, 0x2B, 0x7B, 0x4C, 0x7B,
    0x6C, 0x83, 0x8D, 0x83, 0xAD, 0x8B, 0xCD, 0x8B, 0xEE, 0x93, 0x0E, 0x94, 0x0E, 0x94, 0x0F, 0x9C,
    0x2F, 0x9C, 0x2F, 0x9C, 0x2F, 0x9C, 0x0E, 0x94, 0x6C, 0x7B, 0x0B, 0x73, 0xEB, 0x72, 0xEB, 0x6A,
    0xCA, 0x6A, 0xCA, 0x6A, 0xCA, 0x62, 0xAA, 0x62, 0xAA, 0x62, 0x8A, 0x62, 0x89, 0x62, 0x89, 0x5A,
    0x69, 0x5A, 0x89, 0x5A, 0x69, 0x5A, 0x69, 0x62, 0x69, 0x62, 0x48, 0x5A, 0xC6, 0x49, 0xA6, 0x41,
    0xA6, 0x41, 0xC6, 0x49, 0x48, 0x5A, 0xAA, 0x6A, 0xCA, 0x72, 0xEB, 0x7A, 0x0B, 0x7B, 0x2B, 0x83,
    0x4B, 0x8B, 0x8C, 0x93, 0xAD, 0x93, 0xEA, 0x7A, 0x89, 0x6A, 0x2B, 0x83, 0xED, 0xA3, 0x2E, 0xAC,
    0xB0, 0xBC, 0x12, 0xC5, 0x73, 0xD5, 0xB4, 0xD5, 0xB4, 0xD5, 0x94, 0xD5, 0xD5, 0xD5, 0xD5, 0xD5,
    0xD5, 0xD5, 0xD5, 0xD5, 0xD5, 0xD5, 0xD5, 0xD5, 0xD5, 0xD5, 0xD5, 0xD5, 0xD5, 0xD5, 0xD5, 0xD5,
    0xD5, 0xD5, 0xD5, 0xCD, 0xD5, 0xD5, 0x94, 0xCD, 0x33, 0xBD, 0x12, 0xBD, 0x12, 0xB5, 0xF2, 0xB4,
    0xF2, 0xB4, 0xD1, 0xB4, 0xF2, 0xB4, 0xD1, 0xB4, 0xB1, 0xAC, 0xB1, 0xAC, 0xF2, 0xB4, 0xF2, 0xB4,
    0x70, 0xAC, 0x4F, 0xA4, 0x4F, 0xA4, 0x0F, 0xA4, 0xCE, 0x9B, 0xCD, 0x93, 0xAD, 0x93, 0xCE, 0x93,
    0x50, 0xA4, 0x91, 0xAC, 0xB1, 0xAC, 0xD2, 0xB4, 0xD1, 0xB4, 0xB1, 0xAC, 0xD1, 0xAC, 0x70, 0xAC,
    0x70, 0xAC, 0xAD, 0x93, 0x0B, 0x7B, 0xEA, 0x72, 0x6C, 0x83, 0x8D, 0x8B, 0x0B, 0x73, 0xCA, 0x6A,
    0x89, 0x62, 0xCA, 0x6A, 0x69, 0x5A, 0xE7, 0x49, 0xA6, 0x39, 0x86, 0x39, 0x86, 0x39, 0x86, 0x39,
    0xE7, 0x41, 0x49, 0x52, 0xE7, 0x41, 0x08, 0x4A, 0x28, 0x4A, 0x49, 0x52, 0x28, 0x4A, 0x49, 0x52,
    0x49, 0x52, 0x69, 0x52, 0x89, 0x5A, 0x8A, 0x5A, 0x8A, 0x5A, 0xAA, 0x5A, 0xAA, 0x5A, 0xCA, 0x62,
    0xEB, 0x6A, 0x2C, 0x6B, 0xEB, 0x62, 0xCB, 0x62, 0x89, 0x5A, 0x49, 0x52, 0x69, 0x52, 0xAA, 0x62,
    0x8A, 0x5A, 0x89, 0x5A, 0x8A, 0x5A, 0xAA, 0x5A, 0xCA, 0x62, 0x0B, 0x6B, 0x2C, 0x73, 0xEB, 0x62,
    0xCA, 0x62, 0xEB, 0x62, 0xCB, 0x62, 0x2C, 0x6B, 0x6D, 0x73, 0x0C, 0x6B, 0xAA, 0x5A, 0x8A, 0x5A,
    0xAA, 0x62, 0xAA, 0x62, 0x0B, 0x6B, 0x8D, 0x7B, 0x4C, 0x73, 0xCA, 0x62, 0xAA, 0x5A, 0xAA, 0x5A,
    0x0C, 0x6B, 0xAA, 0x5A, 0x49, 0x52, 0x69, 0x52, 0xAA, 0x5A, 0xCA, 0x62, 0xEB, 0x62, 0xEB, 0x62,
    0xCA, 0x62, 0xCB, 0x62, 0x0B, 0x6B, 0x0C, 0x6B, 0x2C, 0x6B, 0x0B, 0x6B, 0x0B, 0x6B, 0x0B, 0x6B,
    0xCA, 0x62, 0x6D, 0x73, 0x6D, 0x73, 0x6D, 0x6B, 0x6D, 0x6B, 0x6D, 0x6B, 0x6D, 0x6B, 0x6D, 0x6B,
    0x6D, 0x6B, 0x6D, 0x6B, 0x6D, 0x6B, 0x6D, 0x6B, 0x6D, 0x6B, 0x6D, 0x6B, 0x6D, 0x6B, 0x6D, 0x6B,
    0x4D, 0x6B, 0x0B, 0x63, 0x0C, 0x63, 0x8E, 0x73, 0x2C, 0x63, 0x4D, 0x6B, 0x6D, 0x6B, 0x6D, 0x6B,
    0x6D, 0x6B, 0x2C, 0x63, 0xEB, 0x5A, 0x2C, 0x63, 0x2C, 0x63, 0x2C, 0x63, 0x4C, 0x63, 0x69, 0x4A,
    0x07, 0x3A, 0x69, 0x4A, 0xEB, 0x5A, 0x8A, 0x52, 0xCB, 0x5A, 0x4D, 0x63, 0xCB, 0x52, 0x0C, 0x5B,
    0x4C, 0x63, 0x4D, 0x6B, 0xEB, 0x5A, 0xCA, 0x5A, 0xCB, 0x5A, 0x28, 0x42, 0x08, 0x42, 0x08, 0x42,
    0x08, 0x42, 0xC7, 0x39, 0xA7, 0x39, 0xC7, 0x39, 0xE7, 0x39, 0x86, 0x31, 0x86, 0x31, 0x86, 0x31,
    0xA6, 0x31, 0xE7, 0x39, 0xA6, 0x31, 0x86, 0x31, 0x65, 0x29, 0x65, 0x29, 0x65, 0x29, 0x65, 0x29,
    0x65, 0x29, 0x65, 0x29, 0x65, 0x29, 0x65, 0x29, 0x65, 0x29, 0x65, 0x29, 0x65, 0x29, 0x85, 0x29,
    0x65, 0x29, 0x65, 0x29, 0x65, 0x29, 0x65, 0x29, 0x65, 0x29, 0x65, 0x29, 0x65, 0x29, 0x65, 0x29,
    0x65, 0x29, 0x65, 0x29, 0x65, 0x29, 0x65, 0x31, 0x65, 0x31, 0x65, 0x31, 0x65, 0x29, 0x85, 0x29,
    0x65, 0x29, 0x65, 0x29, 0x86, 0x31, 0x86, 0x31, 0x86, 0x31, 0x86, 0x31, 0x86, 0x31, 0x86, 0x31,
    0x86, 0x31, 0x86, 0x31, 0x86, 0x31, 0x86, 0x31, 0x86, 0x31, 0xA6, 0x39, 0xA6, 0x39, 0xA6, 0x39,
    0xA6, 0x39, 0xA7, 0x39, 0xE7, 0x41, 0xC7, 0x39, 0xE7, 0x41, 0xC7, 0x39, 0x89, 0x52, 0xC7, 0x39,
    0xC7, 0x39, 0xA7, 0x39, 0xC7, 0x39, 0x28, 0x4A, 0xC7, 0x39, 0xC7, 0x39, 0xC7, 0x41, 0xE7, 0x41,
    0x28, 0x4A, 0x08, 0x4A, 0xE7, 0x41, 0x28, 0x4A, 0x07, 0x42, 0xC7, 0x41, 0xC7, 0x41, 0x07, 0x42,
    0xE7, 0x41, 0x08, 0x4A, 0x28, 0x4A, 0x28, 0x4A, 0x28, 0x4A, 0x49, 0x52, 0x49, 0x52, 0x69, 0x5A,
    0x69, 0x5A, 0x69, 0x5A, 0xAA, 0x62, 0xCA, 0x62, 0xEA, 0x6A, 0x0B, 0x73, 0x2B, 0x7B, 0x4C, 0x7B,
    0x6C, 0x7B, 0x8D, 0x83, 0x8D, 0x8B, 0xAD, 0x8B, 0xEE, 0x8B, 0xEE, 0x93, 0x0F, 0x94, 0x0F, 0x9C,
    0x0F, 0x9C, 0x2F, 0x9C, 0xEE, 0x93, 0x4C, 0x7B, 0x0B, 0x73, 0xEB, 0x72, 0xEA, 0x6A, 0xCA, 0x6A,
    0xCA, 0x6A, 0xCA, 0x62, 0xCA, 0x62, 0xAA, 0x62, 0xAA, 0x62, 0x8A, 0x62, 0x89, 0x62, 0x89, 0x5A,
    0x89, 0x5A, 0x69, 0x5A, 0x69, 0x5A, 0x69, 0x5A, 0x69, 0x5A, 0x68, 0x5A, 0x07, 0x52, 0xE7, 0x49,
    0x07, 0x52, 0x48, 0x5A, 0x68, 0x62, 0xAA, 0x6A, 0xCA, 0x72, 0xEB, 0x7A, 0x0B, 0x7B, 0x2B, 0x83,
    0x4B, 0x8B, 0x8C, 0x93, 0xA9, 0x72, 0xE6, 0x51, 0xE7, 0x51, 0xE6, 0x59, 0x0A, 0x83, 0xED, 0xA3,
    0x4F, 0xAC, 0xF1, 0xC4, 0x73, 0xD5, 0x94, 0xD5, 0xB4, 0xD5, 0x94, 0xD5, 0xB5, 0xD5, 0xD5, 0xD5,
    0xD5, 0xD5, 0xD5, 0xD5, 0xD5, 0xD5, 0xD5, 0xD5, 0xD5, 0xD5, 0xD5, 0xD5, 0xD5, 0xD5, 0xD5, 0xD5,
    0xD5, 0xD5, 0xD5, 0xD5, 0xD5, 0xD5, 0xD5, 0xCD, 0x74, 0xC5, 0x33, 0xBD, 0x12, 0xBD, 0x12, 0xB5,
    0xF2, 0xB4, 0xD2, 0xB4, 0xD2, 0xB4, 0xF2, 0xBC, 0xB1, 0xB4, 0xB1, 0xAC, 0xD2, 0xB4, 0xF2, 0xBC,
    0xD2, 0xB4, 0x70, 0xAC, 0x50, 0xAC, 0x2F, 0xA4, 0x0F, 0x9C, 0xCE, 0x9B, 0xAD, 0x93, 0xAD, 0x93,
    0x2F, 0xA4, 0x90, 0xAC, 0xB1, 0xAC, 0xD1, 0xAC, 0xD1, 0xB4, 0x91, 0xAC, 0xD1, 0xB4, 0x70, 0xAC,
    0x70, 0xAC, 0xAD, 0x93, 0x0B, 0x7B, 0xEB, 0x72, 0x6C, 0x83, 0x8D, 0x83, 0xEA, 0x72, 0xCA, 0x6A,
    0x89, 0x62, 0xCA, 0x6A, 0x48, 0x52, 0xC6, 0x41, 0xA6, 0x39, 0xA7, 0x39, 0xA6, 0x39, 0xA6, 0x39,
    0x86, 0x39, 0x29, 0x52, 0x28, 0x4A, 0xE8, 0x49, 0x08, 0x4A, 0x28, 0x4A, 0x29, 0x52, 0x28, 0x4A,
    0x48, 0x52, 0x49, 0x52, 0x69, 0x52, 0x69, 0x5A, 0x89, 0x5A, 0x89, 0x5A, 0xAA, 0x5A, 0xAA, 0x62,
    0xCB, 0x62, 0xEB, 0x62, 0x0B, 0x6B, 0xEB, 0x62, 0xAA, 0x62, 0x69, 0x52, 0x69, 0x52, 0x8A, 0x5A,
    0xAA, 0x5A, 0x8A, 0x5A, 0x69, 0x5A, 0xAA, 0x5A, 0xCA, 0x62, 0xCB, 0x62, 0x2C, 0x73, 0x2C, 0x6B,
    0xCB, 0x62, 0xEB, 0x62, 0xCB, 0x62, 0xEB, 0x62, 0x4C, 0x73, 0x6D, 0x73, 0x0C, 0x6B, 0x8A, 0x5A,
    0x69, 0x52, 0xCA, 0x62, 0xCA, 0x62, 0x2C, 0x6B, 0x8D, 0x7B, 0x2C, 0x6B, 0xCA, 0x62, 0xAA, 0x5A,
    0xCA, 0x62, 0x0C, 0x6B, 0xAA, 0x5A, 0x49, 0x52, 0x8A, 0x5A, 0xAA, 0x5A, 0xCB, 0x62, 0xCB, 0x62,
    0xCB, 0x62, 0xAA, 0x5A, 0xCB, 0x62, 0x0B, 0x6B, 0x0C, 0x6B, 0x0B, 0x6B, 0xEB, 0x62, 0x0B, 0x6B,
    0xEB, 0x6A, 0xEB, 0x62, 0x8E, 0x73, 0x8E, 0x6B, 0x6D, 0x6B, 0x6D, 0x6B, 0x6D, 0x6B, 0x6D, 0x6B,
    0x6D, 0x6B, 0x6D, 0x6B, 0x6D, 0x6B, 0x6D, 0x6B, 0x6D, 0x6B, 0x6D, 0x6B, 0x6D, 0x6B, 0x6D, 0x6B,
    0x4D, 0x6B, 0x0C, 0x63, 0xEB, 0x5A, 0x8D, 0x73, 0x4D, 0x6B, 0x4C, 0x63, 0x8D, 0x6B, 0x6D, 0x6B,
    0x6D, 0x6B, 0x2C, 0x63, 0xEB, 0x5A, 0x2C, 0x63, 0x2C, 0x63, 0x2C, 0x63, 0x2C, 0x63, 0x69, 0x4A,
    0x08, 0x3A, 0x89, 0x4A, 0xEB, 0x5A, 0x8A, 0x4A, 0xEB, 0x5A, 0x4D, 0x63, 0xEB, 0x52, 0x2C, 0x63,
    0x4C, 0x63, 0x2C, 0x63, 0xCA, 0x52, 0x0B, 0x5B, 0x69, 0x4A, 0x08, 0x42, 0x08, 0x42, 0x08, 0x42,
    0x07, 0x42, 0xC7, 0x39, 0xC7, 0x39, 0xE7, 0x39, 0xE7, 0x39, 0x86, 0x31, 0x86, 0x31, 0x86, 0x31,
    0xE7, 0x39, 0xA6, 0x31, 0x86, 0x31, 0x86, 0x31, 0x66, 0x29, 0x65, 0x29, 0x65, 0x29, 0x65, 0x29,
    0x65, 0x29, 0x65, 0x29, 0x65, 0x29, 0x65, 0x29, 0x65, 0x29, 0x65, 0x29, 0x65, 0x29, 0x85, 0x29,
    0x65, 0x31, 0x65, 0x31, 0x65, 0x29, 0x65, 0x29, 0x65, 0x29, 0x65, 0x29, 0x65, 0x29, 0x65, 0x29,
    0x65, 0x29, 0x65, 0x29, 0x65, 0x29, 0x65, 0x31, 0x65, 0x31, 0x65, 0x31, 0x65, 0x29, 0x85, 0x29,
    0x65, 0x29, 0x65, 0x29, 0x86, 0x31, 0x86, 0x31, 0x86, 0x31, 0x86, 0x31, 0x86, 0x31, 0x86, 0x31,
    0x86, 0x31, 0x86, 0x31, 0x86, 0x31, 0x86, 0x31, 0xA6, 0x31, 0xA6, 0x31, 0xA6, 0x39, 0xA6, 0x39,
    0xA6, 0x39, 0xA6, 0x39, 0xE7, 0x41, 0xC7, 0x39, 0xE8, 0x41, 0xC7, 0x39, 0x89, 0x52, 0x07, 0x42,
    0xC7, 0x39, 0xC7, 0x39, 0xA6, 0x39, 0x28, 0x4A, 0xE7, 0x41, 0xC7, 0x39, 0xC7, 0x39, 0xE7, 0x41,
    0x28, 0x4A, 0x28, 0x4A, 0xC7, 0x41, 0x28, 0x4A, 0x28, 0x4A, 0xE7, 0x41, 0xE7, 0x41, 0xE7, 0x41,
    0xE7, 0x41, 0x07, 0x4A, 0x28, 0x4A, 0x28, 0x4A, 0x08, 0x4A, 0x48, 0x52, 0x69, 0x5A, 0x49, 0x52,
    0x69, 0x5A, 0x69, 0x5A, 0x8A, 0x5A, 0xCA, 0x62, 0xEA, 0x6A, 0x0B, 0x73, 0x2B, 0x73, 0x4C, 0x7B,
    0x6C, 0x7B, 0x6C, 0x83, 0x8D, 0x8B, 0xAE, 0x8B, 0xCE, 0x8B, 0xEE, 0x93, 0xEE, 0x93, 0x0E, 0x9C,
    0x0F, 0x94, 0xCE, 0x8B, 0x4C, 0x7B, 0x0B, 0x73, 0xEB, 0x6A, 0xEB, 0x6A, 0xCB, 0x6A, 0xCA, 0x6A,
    0xCB, 0x6A, 0xCB, 0x62, 0xCA, 0x62, 0xAA, 0x62, 0xAA, 0x62, 0xAA, 0x62, 0x89, 0x62, 0x89, 0x5A,
    0x89, 0x5A, 0x69, 0x5A, 0x69, 0x5A, 0x69, 0x5A, 0x69, 0x5A, 0x69, 0x5A, 0x69, 0x5A, 0x69, 0x5A,
    0x69, 0x5A, 0x69, 0x62, 0x89, 0x6A, 0xCA, 0x72, 0xEA, 0x72, 0x0A, 0x7B, 0x0A, 0x83, 0x2B, 0x83,
    0x6B, 0x8B, 0x4B, 0x8B, 0x27, 0x62, 0x07, 0x62, 0x27, 0x5A, 0x07, 0x5A, 0x88, 0x72, 0x8C, 0x9B,
    0x0E, 0xAC, 0xD0, 0xC4, 0x53, 0xCD, 0x94, 0xCD, 0x94, 0xD5, 0x94, 0xD5, 0xB5, 0xD5, 0xB5, 0xD5,
    0xB5, 0xD5, 0xD5, 0xD5, 0xD5, 0xD5, 0xD5, 0xD5, 0xD5, 0xD5, 0xD5, 0xD5, 0xD5, 0xD5, 0xD5, 0xD5,
    0xD5, 0xD5, 0xD5, 0xD5, 0xD5, 0xD5, 0xD5, 0xD5, 0xB5, 0xCD, 0x53, 0xC5, 0x13, 0xBD, 0x12, 0xBD,
    0xF2, 0xBC, 0xD1, 0xB4, 0xD1, 0xB4, 0xF2, 0xB4, 0xD2, 0xB4, 0x91, 0xB4, 0xB1, 0xB4, 0xF2, 0xB4,
    0x12, 0xBD, 0xD1, 0xB4, 0x70, 0xAC, 0x50, 0xAC, 0x2F, 0xA4, 0xEE, 0x9B, 0xCE, 0x9B, 0xAD, 0x93,
    0xEE, 0x9B, 0x70, 0xAC, 0xB1, 0xAC, 0xB1, 0xAC, 0xD1, 0xB4, 0x90, 0xAC, 0xD1, 0xAC, 0x70, 0xA4,
    0x70, 0xA4, 0xAD, 0x93, 0x0B, 0x7B, 0xEB, 0x72, 0x8D, 0x8B, 0x6C, 0x83, 0xEA, 0x72, 0xA9, 0x6A,
    0xA9, 0x6A, 0xAA, 0x62, 0x08, 0x4A, 0xA6, 0x41, 0xA6, 0x39, 0xA6, 0x39, 0xA6, 0x39, 0xA6, 0x39,
    0x86, 0x39, 0xA6, 0x39, 0x69, 0x52, 0xE7, 0x41, 0x08, 0x42, 0x08, 0x4A, 0x28, 0x4A, 0x49, 0x4A,
    0x29, 0x52, 0x28, 0x4A, 0x49, 0x52, 0x69, 0x52, 0x8A, 0x5A, 0x8A, 0x5A, 0x8A, 0x5A, 0xAA, 0x5A,
    0xAA, 0x62, 0xCB, 0x62, 0xEB, 0x62, 0xEB, 0x6A, 0xEB, 0x62, 0x8A, 0x5A, 0x69, 0x52, 0x69, 0x52,
    0x89, 0x5A, 0x8A, 0x5A, 0x8A, 0x5A, 0x69, 0x5A, 0xAA, 0x62, 0xAA, 0x62, 0xCB, 0x62, 0x4D, 0x73,
    0x0B, 0x6B, 0xCB, 0x62, 0xCB, 0x62, 0xCA, 0x62, 0x0B, 0x6B, 0x4D, 0x73, 0x4D, 0x73, 0xEB, 0x62,
    0x89, 0x5A, 0x49, 0x52, 0xAA, 0x62, 0xEB, 0x62, 0x4C, 0x73, 0x6D, 0x73, 0x0B, 0x6B, 0xCA, 0x62,
    0x89, 0x5A, 0xCB, 0x62, 0x0B, 0x6B, 0x69, 0x52, 0x69, 0x52, 0xAA, 0x5A, 0x8A, 0x5A, 0xCB, 0x62,
    0xCA, 0x62, 0xCA, 0x62, 0x8A, 0x5A, 0xCB, 0x62, 0x0B, 0x6B, 0x0B, 0x6B, 0x0B, 0x63, 0xEB, 0x62,
    0x0B, 0x6B, 0xEB, 0x6A, 0x0C, 0x6B, 0x8D, 0x73, 0x6D, 0x6B, 0x6D, 0x6B, 0x6D, 0x6B, 0x6D, 0x6B,
    0x6D, 0x6B, 0x6D, 0x6B, 0x6D, 0x6B, 0x6D, 0x6B, 0x6D, 0x6B, 0x6D, 0x6B, 0x6D, 0x6B, 0x6D, 0x6B,
    0x4D, 0x6B, 0x2C, 0x63, 0xEB, 0x5A, 0x6D, 0x6B, 0x6D, 0x6B, 0x2C, 0x63, 0x6D, 0x6B, 0x6D, 0x6B,
    0x6D, 0x6B, 0x2C, 0x63, 0xEB, 0x5A, 0x2C, 0x63, 0x2C, 0x63, 0x2C, 0x63, 0x2C, 0x63, 0x69, 0x4A,
    0x08, 0x42, 0x8A, 0x4A, 0xEB, 0x5A, 0x8A, 0x4A, 0x0C, 0x5B, 0x2C, 0x63, 0xCB, 0x52, 0x0C, 0x5B,
    0x2C, 0x63, 0xCB, 0x5A, 0xEB, 0x5A, 0xCA, 0x5A, 0x28, 0x42, 0x08, 0x42, 0xE7, 0x41, 0x07, 0x42,
    0x07, 0x42, 0xC7, 0x39, 0xC7, 0x39, 0xE7, 0x39, 0xE7, 0x39, 0x86, 0x31, 0x86, 0x31, 0xC7, 0x39,
    0xE7, 0x39, 0x86, 0x31, 0x86, 0x31, 0x86, 0x31, 0x65, 0x29, 0x65, 0x29, 0x65, 0x29, 0x65, 0x29,
    0x65, 0x29, 0x65, 0x29, 0x65, 0x29, 0x65, 0x29, 0x65, 0x29, 0x65, 0x29, 0x65, 0x29, 0x65, 0x29,
    0x65, 0x31, 0x65, 0x29, 0x65, 0x29, 0x65, 0x29, 0x65, 0x29, 0x65, 0x29, 0x65, 0x29, 0x65, 0x29,
    0x65, 0x29, 0x65, 0x29, 0x65, 0x29, 0x65, 0x31, 0x65, 0x31, 0x65, 0x31, 0x65, 0x29, 0x85, 0x29,
    0x65, 0x29, 0x65, 0x29, 0x86, 0x31, 0x86, 0x31, 0x86, 0x31, 0x86, 0x31, 0x86, 0x31, 0x86, 0x31,
    0x86, 0x31, 0x86, 0x31, 0x86, 0x31, 0x86, 0x31, 0xA6, 0x31, 0xA6, 0x31, 0xA6, 0x39, 0xA6, 0x39,
    0xA6, 0x39, 0xA6, 0x39, 0xC7, 0x39, 0xC7, 0x39, 0x08, 0x42, 0xC7, 0x39, 0x49, 0x4A, 0x48, 0x4A,
    0xC6, 0x39, 0xC7, 0x39, 0xA6, 0x39, 0x08, 0x42, 0xE7, 0x41, 0xC6, 0x39, 0xC7, 0x41, 0xE7, 0x41,
    0x28, 0x4A, 0x69, 0x52, 0x08, 0x4A, 0x08, 0x4A, 0x28, 0x4A, 0x08, 0x4A, 0xE7, 0x41, 0xE7, 0x41,
    0xE7, 0x41, 0xE7, 0x41, 0x08, 0x4A, 0x29, 0x4A, 0x08, 0x4A, 0x08, 0x4A, 0x49, 0x52, 0x69, 0x5A,
    0x49, 0x52, 0x89, 0x5A, 0x89, 0x5A, 0xAA, 0x62, 0xCA, 0x6A, 0xEB, 0x6A, 0x0B, 0x73, 0x4C, 0x7B,
    0x4C, 0x7B, 0x6D, 0x83, 0x8D, 0x83, 0xAD, 0x8B, 0xCD, 0x8B, 0xCD, 0x8B, 0xEE, 0x93, 0xEE, 0x93,
    0x8D, 0x83, 0x2B, 0x73, 0xEB, 0x6A, 0xEB, 0x6A, 0xCB, 0x6A, 0xCA, 0x6A, 0xCB, 0x6A, 0xCA, 0x6A,
    0xCB, 0x62, 0xCB, 0x62, 0xCA, 0x62, 0xAA, 0x62, 0xAA, 0x62, 0xAA, 0x62, 0x8A, 0x62, 0x8A, 0x62,
    0x89, 0x5A, 0x89, 0x5A, 0x89, 0x5A, 0x69, 0x5A, 0x69, 0x5A, 0x69, 0x5A, 0x69, 0x5A, 0x69, 0x5A,
    0x69, 0x62, 0x89, 0x62, 0xAA, 0x6A, 0xCA, 0x72, 0xEA, 0x7A, 0x0A, 0x7B, 0x0B, 0x83, 0x2B, 0x8B,
    0x4B, 0x93, 0x6C, 0x93, 0x88, 0x72, 0x48, 0x62, 0x48, 0x62, 0x48, 0x62, 0xA9, 0x7A, 0x6B, 0x93,
    0xED, 0xAB, 0xB0, 0xBC, 0x32, 0xCD, 0x94, 0xCD, 0x74, 0xCD, 0x94, 0xCD, 0xB5, 0xD5, 0xB5, 0xD5,
    0xB5, 0xD5, 0xB5, 0xD5, 0xB5, 0xD5, 0xB5, 0xD5, 0xB5, 0xD5, 0xD5, 0xD5, 0xD5, 0xD5, 0xD5, 0xD5,
    0xD5, 0xD5, 0xD5, 0xD5, 0xD5, 0xD5, 0xD5, 0xD5, 0xD5, 0xD5, 0x94, 0xCD, 0x53, 0xC5, 0x12, 0xBD,
    0xF2, 0xBC, 0xF2, 0xB4, 0xD1, 0xB4, 0xD2, 0xB4, 0xF2, 0xBC, 0xB1, 0xB4, 0x91, 0xB4, 0xD2, 0xB4,
    0xF2, 0xBC, 0xF2, 0xBC, 0x91, 0xAC, 0x50, 0xAC, 0x50, 0xA4, 0x0F, 0xA4, 0xCE, 0x9B, 0xAD, 0x93,
    0xCE, 0x93, 0x50, 0xA4, 0xB1, 0xB4, 0xB1, 0xAC, 0xB1, 0xB4, 0x70, 0xA4, 0xB1, 0xAC, 0x90, 0xAC,
    0x70, 0xA4, 0xAD, 0x8B, 0x0B, 0x7B, 0x0B, 0x7B, 0x8D, 0x8B, 0x6C, 0x83, 0xCA, 0x6A, 0x89, 0x62,
    0xCA, 0x6A, 0x89, 0x5A, 0xC7, 0x41, 0xA6, 0x39, 0xA6, 0x39, 0xA6, 0x39, 0xA6, 0x39, 0xA6, 0x39,
    0x86, 0x39, 0x85, 0x39, 0xE7, 0x41, 0x49, 0x52, 0xE7, 0x41, 0x08, 0x42, 0x08, 0x4A, 0x28, 0x4A,
    0x49, 0x52, 0x28, 0x4A, 0x28, 0x4A, 0x49, 0x52, 0x6A, 0x5A, 0x8A, 0x5A, 0xAA, 0x5A, 0xAA, 0x5A,
    0xAA, 0x5A, 0xCA, 0x62, 0xCB, 0x62, 0xCB, 0x62, 0xEB, 0x62, 0xCB, 0x62, 0x69, 0x5A, 0x69, 0x5A,
    0x69, 0x5A, 0x8A, 0x5A, 0x8A, 0x5A, 0x89, 0x5A, 0x89, 0x5A, 0xCB, 0x62, 0xCB, 0x62, 0x0C, 0x6B,
    0x4C, 0x73, 0xEB, 0x62, 0xCB, 0x62, 0xCA, 0x62, 0xCB, 0x62, 0x2C, 0x6B, 0x6D, 0x73, 0x4D, 0x73,
    0xCB, 0x62, 0x69, 0x52, 0x48, 0x52, 0xAA, 0x5A, 0x0B, 0x63, 0x6C, 0x73, 0x4C, 0x73, 0xEB, 0x62,
    0xCA, 0x62, 0x89, 0x5A, 0xEB, 0x62, 0xEB, 0x62, 0x69, 0x52, 0x89, 0x5A, 0x8A, 0x5A, 0x8A, 0x5A,
    0xCA, 0x62, 0xAA, 0x62, 0xAA, 0x62, 0x8A, 0x5A, 0xEB, 0x62, 0x0B, 0x6B, 0xEB, 0x62, 0xEB, 0x62,
    0xEB, 0x62, 0x0B, 0x6B, 0xEB, 0x6A, 0x4C, 0x6B, 0x8E, 0x73, 0x4D, 0x6B, 0x6D, 0x6B, 0x6D, 0x6B,
    0x6D, 0x6B, 0x6D, 0x6B, 0x6D, 0x6B, 0x6D, 0x6B, 0x6D, 0x6B, 0x6D, 0x6B, 0x6D, 0x6B, 0x6D, 0x6B,
    0x6D, 0x6B, 0x2C, 0x6B, 0xEB, 0x5A, 0x2C, 0x63, 0x8D, 0x73, 0x2C, 0x63, 0x6D, 0x6B, 0x6D, 0x6B,
    0x6D, 0x6B, 0x2C, 0x63, 0xEB, 0x5A, 0x2C, 0x63, 0x2C, 0x63, 0x2C, 0x63, 0x2C, 0x63, 0x69, 0x4A,
    0x08, 0x42, 0x8A, 0x4A, 0xCB, 0x5A, 0x8A, 0x4A, 0x0C, 0x63, 0x2C, 0x63, 0xEB, 0x5A, 0x0C, 0x63,
    0x0B, 0x63, 0xAA, 0x52, 0xEB, 0x5A, 0x69, 0x4A, 0x28, 0x42, 0x08, 0x42, 0xE7, 0x41, 0x07, 0x42,
    0xE7, 0x41, 0xC7, 0x39, 0xC7, 0x39, 0xE7, 0x39, 0xC7, 0x39, 0x86, 0x31, 0xA6, 0x31, 0xE7, 0x39,
    0xC7, 0x39, 0x86, 0x31, 0x65, 0x29, 0x65, 0x29, 0x65, 0x29, 0x65, 0x29, 0x65, 0x29, 0x65, 0x29,
    0x65, 0x29, 0x65, 0x29, 0x65, 0x29, 0x65, 0x29, 0x65, 0x29, 0x65, 0x29, 0x65, 0x29, 0x65, 0x29,
    0x65, 0x31, 0x65, 0x29, 0x65, 0x29, 0x65, 0x29, 0x65, 0x29, 0x65, 0x29, 0x65, 0x29, 0x65, 0x29,
    0x65, 0x29, 0x65, 0x29, 0x65, 0x29, 0x65, 0x31, 0x65, 0x31, 0x65, 0x31, 0x65, 0x29, 0x85, 0x29,
    0x65, 0x29, 0x65, 0x29, 0x86, 0x31, 0x86, 0x31, 0x86, 0x31, 0x86, 0x31, 0x86, 0x31, 0x86, 0x31,
    0x86, 0x31, 0x86, 0x31, 0x86, 0x31, 0x86, 0x31, 0xA6, 0x31, 0xA6, 0x31, 0xA6, 0x39, 0xA6, 0x39,
    0xA6, 0x39, 0x86, 0x31, 0xA7, 0x39, 0xC7, 0x39, 0x08, 0x42, 0xE7, 0x41, 0x28, 0x4A, 0x69, 0x52,
    0xC6, 0x39, 0xC7, 0x39, 0xA6, 0x39, 0xE7, 0x41, 0x08, 0x42, 0xC6, 0x39, 0xE7, 0x41, 0xE7, 0x41,
    0x08, 0x42, 0x49, 0x4A, 0x49, 0x4A, 0x08, 0x42, 0x49, 0x4A, 0xE7, 0x41, 0x08, 0x4A, 0xE7, 0x41,
    0xE7, 0x41, 0xE7, 0x41, 0xE7, 0x41, 0x28, 0x4A, 0x28, 0x4A, 0x08, 0x4A, 0x08, 0x4A, 0x69, 0x52,
    0x69, 0x52, 0x69, 0x5A, 0x89, 0x5A, 0xAA, 0x62, 0xCA, 0x6A, 0xEA, 0x6A, 0x0B, 0x73, 0x2C, 0x7B,
    0x4C, 0x7B, 0x6D, 0x83, 0x8D, 0x83, 0xAD, 0x8B, 0xCD, 0x8B, 0xCD, 0x8B, 0xCD, 0x8B, 0x6C, 0x7B,
    0x0B, 0x73, 0xEB, 0x6A, 0xEB, 0x6A, 0xCB, 0x6A, 0xCB, 0x6A, 0xCB, 0x6A, 0xCB, 0x6A, 0xCB, 0x62,
    0xCB, 0x62, 0xCB, 0x62, 0xAA, 0x62, 0xAA, 0x62, 0xAA, 0x62, 0xAA, 0x62, 0xAA, 0x62, 0x8A, 0x62,
    0x8A, 0x62, 0x89, 0x5A, 0x89, 0x5A, 0x89, 0x5A, 0x69, 0x5A, 0x69, 0x5A, 0x69, 0x62, 0x89, 0x62,
    0x89, 0x62, 0xAA, 0x6A, 0xCA, 0x72, 0xCA, 0x7A, 0xEA, 0x7A, 0x0B, 0x83, 0x2B, 0x83, 0x2B, 0x8B,
    0x4B, 0x93, 0x8C, 0x93, 0x2B, 0x8B, 0x88, 0x72, 0x89, 0x6A, 0x89, 0x7A, 0x0A, 0x8B, 0x6B, 0x9B,
    0xED, 0xAB, 0x90, 0xBC, 0x32, 0xCD, 0x73, 0xCD, 0x73, 0xCD, 0x94, 0xD5, 0xB5, 0xD5, 0xB5, 0xD5,
    0xB5, 0xD5, 0xB5, 0xD5, 0xB5, 0xD5, 0xB5, 0xD5, 0xB5, 0xD5, 0xB5, 0xD5, 0xB5, 0xD5, 0xB5, 0xD5,
    0xD5, 0xD5, 0xD5, 0xD5, 0xD5, 0xCD, 0xD5, 0xCD, 0xD5, 0xD5, 0xB5, 0xCD, 0x94, 0xCD, 0x33, 0xC5,
    0x12, 0xBD, 0xF2, 0xBC, 0xD1, 0xB4, 0xB1, 0xB4, 0xF2, 0xBC, 0xD1, 0xB4, 0x91, 0xAC, 0xB1, 0xB4,
    0xD2, 0xB4, 0xF2, 0xBC, 0xD1, 0xB4, 0x70, 0xAC, 0x50, 0xAC, 0x2F, 0xA4, 0xEE, 0x9B, 0xAD, 0x9B,
    0xAD, 0x9B, 0x2F, 0xA4, 0xB1, 0xAC, 0xB1, 0xAC, 0xB1, 0xB4, 0x70, 0xAC, 0xB1, 0xAC, 0x90, 0xAC,
    0x50, 0xA4, 0x8D, 0x8B, 0xEB, 0x7A, 0x0B, 0x7B, 0xAD, 0x8B, 0x4C, 0x7B, 0xCA, 0x6A, 0x89, 0x62,
    0xEA, 0x6A, 0x28, 0x52, 0xA6, 0x41, 0xA6, 0x39, 0xC6, 0x39, 0xA6, 0x39, 0xA6, 0x39, 0xA6, 0x39,
    0x86, 0x39, 0x86, 0x39, 0x65, 0x31, 0x28, 0x4A, 0x49, 0x4A, 0xC7, 0x39, 0xE7, 0x41, 0x08, 0x4A,
    0x28, 0x4A, 0x49, 0x52, 0x08, 0x4A, 0x08, 0x4A, 0x49, 0x52, 0x89, 0x5A, 0x8A, 0x5A, 0xAA, 0x5A,
    0x8A, 0x5A, 0xAA, 0x5A, 0xCB, 0x62, 0xCB, 0x62, 0xCB, 0x62, 0xCB, 0x62, 0xAA, 0x5A, 0x69, 0x5A,
    0x89, 0x5A, 0x89, 0x5A, 0x8A, 0x5A, 0x8A, 0x5A, 0x69, 0x5A, 0x8A, 0x5A, 0xCB, 0x62, 0xEB, 0x62,
    0x2C, 0x6B, 0x2C, 0x6B, 0xCB, 0x62, 0xCB, 0x62, 0xCA, 0x62, 0xEB, 0x62, 0x4C, 0x73, 0x6D, 0x73,
    0x4C, 0x73, 0xCA, 0x62, 0x69, 0x52, 0x48, 0x4A, 0xAA, 0x5A, 0x2C, 0x6B, 0x4C, 0x73, 0x2C, 0x6B,
    0xEB, 0x62, 0xAA, 0x5A, 0x69, 0x52, 0xEB, 0x62, 0xCB, 0x62, 0x69, 0x52, 0xAA, 0x5A, 0x69, 0x52,
    0xAA, 0x5A, 0xCA, 0x62, 0xCA, 0x62, 0xAA, 0x5A, 0xAA, 0x5A, 0xEB, 0x62, 0xEB, 0x62, 0xEB, 0x62,
    0xEB, 0x62, 0xEB, 0x62, 0x0B, 0x6B, 0x0B, 0x63, 0x4D, 0x6B, 0x6D, 0x6B, 0x4D, 0x6B, 0x6D, 0x6B,
    0x6D, 0x6B, 0x6D, 0x6B, 0x6D, 0x6B, 0x6D, 0x6B, 0x6D, 0x6B, 0x6D, 0x6B, 0x6D, 0x6B, 0x6D, 0x6B,
    0x4D, 0x6B, 0x4D, 0x6B, 0xEC, 0x62, 0x0C, 0x63, 0x8D, 0x73, 0x2C, 0x63, 0x4D, 0x6B, 0x6D, 0x6B,
    0x6D, 0x6B, 0x2C, 0x63, 0xEC, 0x5A, 0x2C, 0x63, 0x2C, 0x63, 0x2C, 0x63, 0x2C, 0x63, 0x69, 0x4A,
    0x08, 0x42, 0x8A, 0x4A, 0xCB, 0x5A, 0x8A, 0x4A, 0x2C, 0x63, 0x2C, 0x63, 0xEB, 0x5A, 0x2C, 0x63,
    0xCA, 0x5A, 0xCB, 0x5A, 0xAA, 0x52, 0x49, 0x4A, 0x08, 0x42, 0xE7, 0x41, 0xE7, 0x41, 0xE7, 0x41,
    0x07, 0x42, 0xC7, 0x39, 0xC7, 0x39, 0xE7, 0x39, 0xC7, 0x39, 0x86, 0x31, 0xA6, 0x31, 0xE7, 0x39,
    0xA6, 0x31, 0x65, 0x29, 0x65, 0x29, 0x65, 0x29, 0x65, 0x29, 0x65, 0x29, 0x65, 0x29, 0x65, 0x29,
    0x65, 0x29, 0x65, 0x29, 0x65, 0x29, 0x65, 0x29, 0x65, 0x29, 0x65, 0x29, 0x65, 0x31, 0x65, 0x31,
    0x65, 0x29, 0x65, 0x29, 0x65, 0x29, 0x65, 0x29, 0x65, 0x29, 0x65, 0x29, 0x65, 0x29, 0x65, 0x29,
    0x65, 0x29, 0x65, 0x29, 0x65, 0x29, 0x65, 0x31, 0x65, 0x31, 0x65, 0x31, 0x65, 0x29, 0x85, 0x29,
    0x65, 0x29, 0x65, 0x29, 0x86, 0x31, 0x86, 0x31, 0x86, 0x31, 0x86, 0x31, 0x86, 0x31, 0x86, 0x31,
    0x86, 0x31, 0x86, 0x31, 0x86, 0x31, 0x86, 0x31, 0xA6, 0x31, 0xA6, 0x31, 0xA6, 0x39, 0xA6, 0x39,
    0xA6, 0x39, 0x86, 0x31, 0xA6, 0x39, 0xC7, 0x39, 0xE7, 0x41, 0xE7, 0x41, 0x07, 0x42, 0x69, 0x52,
    0xC7, 0x39, 0xC7, 0x39, 0xA6, 0x39, 0xC7, 0x39, 0x08, 0x42, 0xC7, 0x39, 0xC7, 0x41, 0xE7, 0x41,
    0xE7, 0x41, 0x49, 0x4A, 0x28, 0x4A, 0x08, 0x42, 0x49, 0x4A, 0x07, 0x42, 0xC6, 0x39, 0x28, 0x4A,
    0xE7, 0x41, 0xE7, 0x41, 0xE7, 0x41, 0x08, 0x4A, 0x28, 0x4A, 0x28, 0x4A, 0x28, 0x4A, 0x29, 0x52,
    0x69, 0x52, 0x69, 0x5A, 0x8A, 0x5A, 0xAA, 0x62, 0xCA, 0x62, 0xEB, 0x6A, 0x0B, 0x73, 0x2B, 0x73,
    0x4C, 0x7B, 0x6C, 0x83, 0x8D, 0x83, 0x8D, 0x83, 0xAD, 0x8B, 0xAD, 0x83, 0x4C, 0x7B, 0x0B, 0x6B,
    0xEB, 0x6A, 0xEB, 0x6A, 0xEB, 0x6A, 0xEB, 0x6A, 0xEB, 0x6A, 0xEB, 0x6A, 0xEB, 0x62, 0xCB, 0x62,
    0xCB, 0x62, 0xCB, 0x62, 0xCB, 0x62, 0xCA, 0x62, 0xAA, 0x62, 0xAA, 0x62, 0xAA, 0x62, 0xAA, 0x5A,
    0x8A, 0x62, 0x89, 0x62, 0x89, 0x5A, 0x89, 0x5A, 0x89, 0x5A, 0x89, 0x62, 0x89, 0x62, 0xA9, 0x62,
    0xAA, 0x6A, 0xCA, 0x72, 0xCA, 0x7A, 0xEA, 0x7A, 0xEA, 0x7A, 0x0B, 0x83, 0x2B, 0x83, 0x4C, 0x8B,
    0x8C, 0x93, 0xED, 0x9B, 0x2F, 0xA4, 0x6C, 0x8B, 0xCA, 0x7A, 0x0A, 0x8B, 0x4B, 0x93, 0x8C, 0x9B,
    0x0D, 0xAC, 0xB0, 0xBC, 0x12, 0xCD, 0x33, 0xCD, 0x73, 0xCD, 0xB4, 0xD5, 0xB5, 0xD5, 0xB5, 0xD5,
    0xB5, 0xD5, 0xB5, 0xD5, 0xB5, 0xD5, 0xB5, 0xD5, 0xB5, 0xD5, 0xB5, 0xD5, 0xB5, 0xD5, 0xB5, 0xD5,
    0xD5, 0xD5, 0xD5, 0xD5, 0xD5, 0xD5, 0xD5, 0xD5, 0xD5, 0xD5, 0xB5, 0xCD, 0x95, 0xCD, 0x74, 0xCD,
    0x33, 0xBD, 0x12, 0xBD, 0xD1, 0xB4, 0xB1, 0xB4, 0xF2, 0xB4, 0xF2, 0xBC, 0x91, 0xAC, 0x91, 0xB4,
    0xB1, 0xB4, 0xD2, 0xBC, 0xF2, 0xBC, 0x91, 0xB4, 0x4F, 0xAC, 0x4F, 0xAC, 0x0F, 0xA4, 0xCD, 0x9B,
    0xAD, 0x9B, 0xEE, 0x9B, 0x90, 0xAC, 0xB1, 0xAC, 0xB1, 0xB4, 0x70, 0xAC, 0x90, 0xAC, 0x90, 0xAC,
    0x4F, 0xA4, 0x8D, 0x8B, 0xEB, 0x7A, 0x2B, 0x7B, 0xAD, 0x8B, 0x2B, 0x7B, 0xA9, 0x6A, 0xA9, 0x62,
    0xCA, 0x62, 0xE7, 0x49, 0xA6, 0x39, 0xA6, 0x39, 0xA6, 0x39, 0xA6, 0x39, 0xA6, 0x39, 0xA6, 0x39,
    0x86, 0x39, 0xA6, 0x39, 0x86, 0x39, 0x86, 0x39, 0x69, 0x52, 0x28, 0x4A, 0xA6, 0x39, 0xE7, 0x41,
    0x08, 0x4A, 0x28, 0x4A, 0x28, 0x4A, 0x08, 0x42, 0x08, 0x4A, 0x49, 0x52, 0x89, 0x5A, 0x89, 0x5A,
    0x8A, 0x5A, 0x8A, 0x5A, 0xAA, 0x5A, 0xCB, 0x62, 0xEB, 0x62, 0xCB, 0x62, 0xCA, 0x62, 0x89, 0x5A,
    0x69, 0x5A, 0x89, 0x5A, 0x89, 0x5A, 0x89, 0x5A, 0x8A, 0x5A, 0x69, 0x5A, 0x8A, 0x5A, 0xEB, 0x62,
    0x0B, 0x6B, 0x2C, 0x73, 0xEB, 0x6A, 0xCB, 0x62, 0xCB, 0x62, 0xCB, 0x62, 0x0B, 0x6B, 0x4D, 0x73,
    0x6D, 0x73, 0x2C, 0x6B, 0xAA, 0x5A, 0x69, 0x52, 0x49, 0x52, 0xAA, 0x5A, 0x2C, 0x6B, 0x0C, 0x6B,
    0x0B, 0x6B, 0xCB, 0x62, 0xAA, 0x5A, 0x89, 0x5A, 0xEB, 0x62, 0xCA, 0x62, 0xAA, 0x5A, 0x89, 0x5A,
    0x69, 0x52, 0xAA, 0x5A, 0xCA, 0x62, 0xAA, 0x5A, 0xAA, 0x5A, 0x89, 0x5A, 0xEB, 0x62, 0xEB, 0x62,
    0xCB, 0x62, 0xEB, 0x62, 0x0B, 0x6B, 0x0B, 0x63, 0x0B, 0x63, 0x6D, 0x6B, 0x6D, 0x6B, 0x6D, 0x6B,
    0x6D, 0x6B, 0x6D, 0x6B, 0x6D, 0x6B, 0x6D, 0x6B, 0x6D, 0x6B, 0x6D, 0x6B, 0x6D, 0x6B, 0x4D, 0x6B,
    0x6D, 0x6B, 0x6D, 0x6B, 0x0C, 0x63, 0xEB, 0x5A, 0x6D, 0x73, 0x2C, 0x63, 0x4D, 0x6B, 0x6D, 0x6B,
    0x6D, 0x6B, 0x2C, 0x63, 0xEB, 0x5A, 0x2D, 0x63, 0x2D, 0x63, 0x2C, 0x63, 0x2C, 0x63, 0x69, 0x4A,
    0x28, 0x42, 0x8A, 0x52, 0xCB, 0x52, 0x8A, 0x52, 0x2C, 0x63, 0x2C, 0x63, 0xEB, 0x5A, 0xEB, 0x5A,
    0xAA, 0x52, 0xAA, 0x52, 0x69, 0x4A, 0x69, 0x4A, 0x07, 0x42, 0x08, 0x42, 0xC7, 0x39, 0xE7, 0x41,
    0x08, 0x42, 0xC7, 0x39, 0xC7, 0x39, 0xE7, 0x39, 0xC7, 0x39, 0xA6, 0x31, 0xC7, 0x39, 0xC7, 0x39,
    0xA6, 0x31, 0x65, 0x29, 0x65, 0x29, 0x65, 0x29, 0x65, 0x29, 0x65, 0x29, 0x65, 0x29, 0x65, 0x29,
    0x65, 0x29, 0x65, 0x29, 0x65, 0x29, 0x65, 0x29, 0x65, 0x29, 0x65, 0x31, 0x65, 0x31, 0x65, 0x31,
    0x65, 0x29, 0x65, 0x29, 0x65, 0x29, 0x65, 0x29, 0x65, 0x29, 0x65, 0x29, 0x65, 0x29, 0x65, 0x29,
    0x65, 0x29, 0x65, 0x29, 0x65, 0x29, 0x65, 0x31, 0x65, 0x31, 0x65, 0x31, 0x65, 0x29, 0x85, 0x29,
    0x65, 0x29, 0x65, 0x29, 0x86, 0x31, 0x86, 0x31, 0x86, 0x31, 0x86, 0x31, 0x86, 0x31, 0x86, 0x31,
    0x86, 0x31, 0x86, 0x31, 0x86, 0x31, 0x86, 0x31, 0x86, 0x31, 0xA6, 0x31, 0xA6, 0x39, 0xA6, 0x39,
    0xA6, 0x39, 0xA6, 0x39, 0x86, 0x31, 0xC7, 0x39, 0xE7, 0x41, 0x08, 0x42, 0xE7, 0x41, 0x69, 0x52,
    0x08, 0x42, 0xC7, 0x39, 0xC6, 0x39, 0xC6, 0x39, 0x08, 0x42, 0xC7, 0x39, 0xC7, 0x39, 0x08, 0x42,
    0x08, 0x42, 0x28, 0x4A, 0x49, 0x4A, 0x08, 0x42, 0x08, 0x4A, 0x28, 0x4A, 0xC6, 0x39, 0xE7, 0x41,
    0x08, 0x4A, 0xE7, 0x41, 0xE7, 0x41, 0x07, 0x42, 0x28, 0x4A, 0x08, 0x4A, 0x49, 0x52, 0x28, 0x4A,
    0x49, 0x52, 0x69, 0x52, 0x89, 0x5A, 0xAA, 0x5A, 0xCA, 0x62, 0xCA, 0x6A, 0xEB, 0x6A, 0x2B, 0x73,
    0x4C, 0x7B, 0x4C, 0x7B, 0x6C, 0x83, 0x8D, 0x83, 0x6C, 0x83, 0x2C, 0x7B, 0xEB, 0x6A, 0xCB, 0x6A,
    0xEB, 0x6A, 0xEB, 0x6A, 0xCB, 0x6A, 0xCB, 0x6A, 0xCB, 0x6A, 0xCB, 0x62, 0xCB, 0x62, 0xCB, 0x62,
    0xCB, 0x62, 0xCB, 0x62, 0xCB, 0x62, 0xCB, 0x62, 0xCB, 0x62, 0xAA, 0x62, 0xAA, 0x62, 0xAA, 0x62,
    0xAA, 0x62, 0x8A, 0x62, 0x8A, 0x62, 0x89, 0x62, 0x89, 0x62, 0x89, 0x62, 0xA9, 0x62, 0xCA, 0x6A,
    0xCA, 0x72, 0xCA, 0x72, 0xEA, 0x7A, 0xEA, 0x7A, 0x0A, 0x7B, 0x2B, 0x83, 0x8C, 0x8B, 0x0E, 0xA4,
    0x90, 0xB4, 0xF1, 0xBC, 0xD1, 0xBC, 0xB0, 0xB4, 0xAD, 0x9B, 0x4B, 0x93, 0x8C, 0x9B, 0xCD, 0xA3,
    0x2E, 0xB4, 0xB0, 0xBC, 0x12, 0xC5, 0x33, 0xCD, 0x94, 0xCD, 0xB5, 0xD5, 0xB5, 0xD5, 0xB5, 0xD5,
    0xB5, 0xD5, 0xB5, 0xD5, 0xB5, 0xD5, 0xB5, 0xD5, 0xB5, 0xD5, 0xB5, 0xD5, 0xB5, 0xD5, 0xB5, 0xD5,
    0xD5, 0xD5, 0xD5, 0xD5, 0xD5, 0xD5, 0xD5, 0xD5, 0xD5, 0xD5, 0xB5, 0xCD, 0xB5, 0xD5, 0x94, 0xCD,
    0x73, 0xC5, 0x33, 0xC5, 0xF2, 0xBC, 0xD1, 0xB4, 0xD1, 0xB4, 0xF2, 0xBC, 0xB1, 0xB4, 0x91, 0xB4,
    0x91, 0xB4, 0xB1, 0xB4, 0xF2, 0xBC, 0xD1, 0xBC, 0x70, 0xAC, 0x2F, 0xAC, 0x2F, 0xA4, 0xCE, 0x9B,
    0xAD, 0x9B, 0xCE, 0x9B, 0x70, 0xAC, 0xB1, 0xB4, 0x91, 0xAC, 0x70, 0xAC, 0x70, 0xAC, 0x90, 0xAC,
    0x2F, 0xA4, 0x6C, 0x8B, 0xEB, 0x7A, 0x4C, 0x83, 0x8D, 0x8B, 0x0B, 0x73, 0x89, 0x62, 0xEA, 0x6A,
    0x69, 0x5A, 0xC6, 0x41, 0xC6, 0x39, 0xC6, 0x39, 0xA6, 0x39, 0xA6, 0x39, 0xA6, 0x39, 0xA6, 0x39,
    0x86, 0x39, 0xA6, 0x39, 0x86, 0x39, 0x86, 0x31, 0xC7, 0x41, 0x8A, 0x52, 0xE7, 0x41, 0xA6, 0x39,
    0xE7, 0x41, 0x08, 0x42, 0x49, 0x4A, 0x08, 0x4A, 0x08, 0x42, 0x28, 0x4A, 0x49, 0x52, 0x69, 0x52,
    0x89, 0x5A, 0x8A, 0x5A, 0xAA, 0x5A, 0xAA, 0x62, 0xCB, 0x62, 0xCB, 0x62, 0xCB, 0x62, 0xAA, 0x5A,
    0x89, 0x5A, 0x89, 0x5A, 0x89, 0x5A, 0x89, 0x5A, 0x8A, 0x5A, 0x8A, 0x5A, 0x69, 0x5A, 0xAA, 0x5A,
    0xEB, 0x62, 0x0C, 0x6B, 0x2C, 0x6B, 0xEB, 0x62, 0xCB, 0x62, 0xCA, 0x62, 0xCB, 0x62, 0x0C, 0x6B,
    0x4D, 0x73, 0x6D, 0x73, 0x0C, 0x6B, 0xAA, 0x5A, 0x69, 0x52, 0x69, 0x52, 0xCA, 0x62, 0xEB, 0x62,
    0xCB, 0x62, 0xEB, 0x62, 0xAA, 0x62, 0xAA, 0x5A, 0x89, 0x5A, 0xEB, 0x62, 0xCA, 0x62, 0xAA, 0x5A,
    0x69, 0x52, 0x69, 0x52, 0xAA, 0x5A, 0xCA, 0x5A, 0xAA, 0x5A, 0x8A, 0x5A, 0x8A, 0x5A, 0xEB, 0x62,
    0xCA, 0x62, 0xEB, 0x62, 0xEB, 0x62, 0x0B, 0x6B, 0xEB, 0x62, 0x2C, 0x6B, 0x6D, 0x6B, 0x6D, 0x6B,
    0x6D, 0x6B, 0x6D, 0x6B, 0x6D, 0x6B, 0x6D, 0x6B, 0x6D, 0x6B, 0x6D, 0x6B, 0x6D, 0x6B, 0x4D, 0x6B,
    0x6D, 0x6B, 0x6D, 0x6B, 0x0C, 0x63, 0xEB, 0x5A, 0x6D, 0x6B, 0x4C, 0x6B, 0x2C, 0x63, 0x6E, 0x6B,
    0x6E, 0x6B, 0x2C, 0x63, 0xEB, 0x5A, 0x2D, 0x63, 0x4D, 0x63, 0x4D, 0x63, 0x4D, 0x63, 0x6A, 0x4A,
    0x08, 0x42, 0x8A, 0x52, 0xCB, 0x5A, 0x8A, 0x52, 0x2C, 0x63, 0x2C, 0x63, 0xEB, 0x5A, 0xAA, 0x52,
    0xAA, 0x52, 0x69, 0x4A, 0x69, 0x4A, 0x49, 0x4A, 0x08, 0x42, 0xE7, 0x41, 0xC7, 0x39, 0xE7, 0x41,
    0xE7, 0x41, 0xC7, 0x39, 0xC7, 0x39, 0xE7, 0x39, 0xC7, 0x39, 0xA6, 0x31, 0xC7, 0x39, 0xC7, 0x39,
    0x86, 0x31, 0x85, 0x31, 0x65, 0x29, 0x65, 0x29, 0x65, 0x29, 0x65, 0x29, 0x65, 0x29, 0x65, 0x29,
    0x65, 0x29, 0x65, 0x29, 0x65, 0x29, 0x65, 0x29, 0x65, 0x29, 0x65, 0x31, 0x65, 0x31, 0x65, 0x29,
    0x65, 0x29, 0x65, 0x29, 0x65, 0x29, 0x65, 0x29, 0x65, 0x29, 0x65, 0x29, 0x65, 0x29, 0x65, 0x29,
    0x65, 0x29, 0x65, 0x29, 0x65, 0x29, 0x85, 0x31, 0x65, 0x29, 0x65, 0x29, 0x65, 0x29, 0x65, 0x29,
    0x65, 0x29, 0x65, 0x29, 0x86, 0x31, 0x86, 0x31, 0x86, 0x31, 0x86, 0x31, 0x86, 0x31, 0x86, 0x31,
    0x86, 0x31, 0x86, 0x31, 0x86, 0x31, 0x86, 0x31, 0x86, 0x31, 0xA6, 0x31, 0xA6, 0x39, 0xA6, 0x39,
    0xA6, 0x39, 0x86, 0x31, 0x86, 0x31, 0xC7, 0x39, 0xE7, 0x41, 0x08, 0x42, 0xE7, 0x41, 0x49, 0x4A,
    0x28, 0x4A, 0xC7, 0x41, 0xC7, 0x41, 0xA6, 0x39, 0xE7, 0x41, 0xE7, 0x41, 0xA6, 0x39, 0xE7, 0x41,
    0x08, 0x42, 0x28, 0x4A, 0x69, 0x52, 0x08, 0x4A, 0x08, 0x42, 0x28, 0x4A, 0x28, 0x4A, 0xC6, 0x39,
    0xE7, 0x41, 0x08, 0x4A, 0xE7, 0x41, 0xE7, 0x49, 0x08, 0x4A, 0x08, 0x4A, 0x28, 0x4A, 0x49, 0x52,
    0x49, 0x52, 0x69, 0x52, 0x69, 0x5A, 0x8A, 0x5A, 0xAA, 0x62, 0xCA, 0x6A, 0xEB, 0x6A, 0x0B, 0x73,
    0x2C, 0x73, 0x4C, 0x7B, 0x4C, 0x7B, 0x4C, 0x7B, 0x0B, 0x73, 0xEB, 0x6A, 0xEB, 0x6A, 0xCB, 0x6A,
    0xEB, 0x62, 0xEB, 0x62, 0xEB, 0x62, 0xCB, 0x62, 0xCB, 0x62, 0xCB, 0x62, 0xCB, 0x62, 0xCB, 0x62,
    0xCB, 0x62, 0xCB, 0x62, 0xCB, 0x62, 0xCB, 0x62, 0xCB, 0x62, 0xCA, 0x62, 0xAA, 0x62, 0xAA, 0x62,
    0xAA, 0x62, 0xAA, 0x62, 0xAA, 0x62, 0xAA, 0x62, 0xAA, 0x62, 0xAA, 0x6A, 0xCA, 0x6A, 0xCA, 0x6A,
    0xCA, 0x72, 0xEA, 0x72, 0x0B, 0x7B, 0x4C, 0x8B, 0x8C, 0x8B, 0xAD, 0x93, 0x2F, 0xA4, 0xD1, 0xB4,
    0x53, 0xC5, 0x74, 0xCD, 0x53, 0xC5, 0x12, 0xC5, 0xD1, 0xBC, 0x2E, 0xAC, 0xED, 0xA3, 0x2E, 0xAC,
    0x6F, 0xB4, 0xD0, 0xBC, 0x12, 0xC5, 0x74, 0xCD, 0xB5, 0xD5, 0xB5, 0xD5, 0xB5, 0xD5, 0xB5, 0xD5,
    0xB5, 0xD5, 0xB5, 0xD5, 0xD5, 0xD5, 0xD5, 0xD5, 0xD5, 0xD5, 0xB5, 0xD5, 0xB5, 0xD5, 0xD5, 0xD5,
    0xD5, 0xD5, 0xD5, 0xD5, 0xD5, 0xD5, 0xB5, 0xD5, 0xB5, 0xD5, 0xB5, 0xD5, 0xB5, 0xD5, 0xB5, 0xCD,
    0x94, 0xCD, 0x53, 0xC5, 0x12, 0xBD, 0xD2, 0xB4, 0xB1, 0xB4, 0xF2, 0xBC, 0xD1, 0xB4, 0x91, 0xB4,
    0x91, 0xB4, 0x91, 0xB4, 0xD1, 0xBC, 0xD2, 0xBC, 0x90, 0xB4, 0x2F, 0xAC, 0x2F, 0xA4, 0xEE, 0x9B,
    0xCD, 0x9B, 0xCD, 0x9B, 0x4F, 0xA4, 0x91, 0xAC, 0x90, 0xAC, 0x70, 0xAC, 0x70, 0xAC, 0x90, 0xAC,
    0x2F, 0xA4, 0x4C, 0x83, 0xEA, 0x7A, 0x4C, 0x83, 0x6C, 0x83, 0xEA, 0x72, 0xA9, 0x62, 0xEB, 0x6A,
    0x28, 0x4A, 0xA6, 0x39, 0xA6, 0x39, 0xC6, 0x39, 0xC6, 0x39, 0xA6, 0x39, 0xA6, 0x39, 0xA6, 0x39,
    0xA6, 0x39, 0xA6, 0x39, 0xA6, 0x39, 0xA6, 0x39, 0xA6, 0x39, 0x08, 0x4A, 0x69, 0x52, 0xC7, 0x41,
    0xC7, 0x39, 0xC7, 0x39, 0x08, 0x4A, 0x28, 0x4A, 0x08, 0x42, 0x08, 0x4A, 0x28, 0x4A, 0x69, 0x52,
    0x69, 0x52, 0x69, 0x5A, 0x8A, 0x5A, 0xAA, 0x62, 0xCA, 0x62, 0xCB, 0x62, 0xCB, 0x62, 0xCA, 0x62,
    0xAA, 0x5A, 0x8A, 0x5A, 0x89, 0x5A, 0x8A, 0x5A, 0x8A, 0x5A, 0x8A, 0x5A, 0x8A, 0x5A, 0x8A, 0x5A,
    0xAA, 0x62, 0xEB, 0x6A, 0x2C, 0x6B, 0xEB, 0x62, 0xEB, 0x62, 0xCB, 0x62, 0xEB, 0x62, 0xEB, 0x62,
    0x0C, 0x6B, 0x4D, 0x73, 0x4D, 0x73, 0xEB, 0x6A, 0xAA, 0x5A, 0x89, 0x5A, 0x8A, 0x5A, 0xEB, 0x62,
    0xCA, 0x62, 0xCA, 0x62, 0xEB, 0x62, 0xAA, 0x5A, 0xAA, 0x5A, 0x69, 0x52, 0xCB, 0x62, 0xCB, 0x62,
    0x8A, 0x5A, 0x49, 0x52, 0x69, 0x52, 0xAA, 0x5A, 0xAA, 0x5A, 0xAA, 0x5A, 0x8A, 0x5A, 0xAA, 0x5A,
    0xCB, 0x62, 0xCA, 0x62, 0xEB, 0x62, 0xEB, 0x62, 0xEB, 0x6A, 0xEB, 0x62, 0x2C, 0x6B, 0x6D, 0x6B,
    0x6D, 0x6B, 0x4D, 0x6B, 0x6D, 0x6B, 0x4D, 0x6B, 0x4D, 0x6B, 0x4D, 0x6B, 0x4D, 0x6B, 0x4D, 0x6B,
    0x4D, 0x6B, 0x6D, 0x6B, 0x2C, 0x63, 0xCB, 0x5A, 0x4D, 0x6B, 0x4D, 0x6B, 0x2C, 0x63, 0x6D, 0x6B,
    0x6D, 0x6B, 0x2C, 0x63, 0xCB, 0x5A, 0x2D, 0x63, 0x4D, 0x63, 0x4D, 0x63, 0x4D, 0x63, 0x8A, 0x52,
    0x08, 0x42, 0x69, 0x52, 0xAA, 0x52, 0xAA, 0x52, 0x2C, 0x63, 0x2C, 0x63, 0xEB, 0x5A, 0x89, 0x52,
    0x89, 0x52, 0x69, 0x4A, 0x8A, 0x52, 0x48, 0x4A, 0x08, 0x42, 0xE7, 0x41, 0xC7, 0x39, 0xE7, 0x41,
    0xE7, 0x41, 0xC7, 0x41, 0xC7, 0x39, 0xC7, 0x39, 0xC7, 0x39, 0xA6, 0x31, 0xC7, 0x39, 0xC7, 0x39,
    0x85, 0x31, 0x65, 0x29, 0x65, 0x29, 0x65, 0x29, 0x65, 0x29, 0x65, 0x29, 0x65, 0x29, 0x65, 0x29,
    0x65, 0x29, 0x65, 0x29, 0x65, 0x29, 0x65, 0x29, 0x65, 0x29, 0x65, 0x31, 0x65, 0x31, 0x65, 0x29,
    0x65, 0x29, 0x65, 0x29, 0x65, 0x29, 0x65, 0x29, 0x65, 0x29, 0x65, 0x29, 0x65, 0x29, 0x65, 0x29,
    0x65, 0x29, 0x65, 0x29, 0x65, 0x29, 0x85, 0x31, 0x65, 0x29, 0x65, 0x29, 0x65, 0x29, 0x65, 0x29,
    0x65, 0x29, 0x65, 0x29, 0x86, 0x31, 0x86, 0x31, 0x86, 0x31, 0x86, 0x31, 0x86, 0x31, 0x86, 0x31,
    0x86, 0x31, 0x86, 0x31, 0x86, 0x31, 0x86, 0x31, 0x86, 0x31, 0x86, 0x31, 0x86, 0x31, 0x86, 0x31,
    0x86, 0x31, 0x86, 0x31, 0x86, 0x31, 0xA7, 0x39, 0xE7, 0x41, 0x08, 0x42, 0xE7, 0x41, 0x28, 0x4A,
    0x49, 0x4A, 0xC7, 0x41, 0xC7, 0x41, 0xA6, 0x39, 0xE7, 0x41, 0xE7, 0x41, 0xC7, 0x39, 0xE7, 0x41,
    0x08, 0x42, 0x28, 0x4A, 0x49, 0x52, 0x28, 0x4A, 0x08, 0x4A, 0xE7, 0x41, 0x08, 0x4A, 0x08, 0x4A,
    0xE7, 0x41, 0x07, 0x42, 0x08, 0x4A, 0xE7, 0x49, 0x07, 0x4A, 0x08, 0x4A, 0x08, 0x4A, 0x28, 0x52,
    0x49, 0x52, 0x69, 0x52, 0x69, 0x5A, 0x8A, 0x5A, 0xAA, 0x62, 0xCA, 0x62, 0xEB, 0x6A, 0x0B, 0x73,
    0x2B, 0x73, 0x2C, 0x73, 0x2B, 0x73, 0xEB, 0x6A, 0xEB, 0x6A, 0xCB, 0x6A, 0xCB, 0x62, 0xCB, 0x62,
    0xEB, 0x62, 0xCB, 0x62, 0xCB, 0x62, 0xEB, 0x62, 0xEB, 0x62, 0xCB, 0x62, 0xCB, 0x62, 0xCB, 0x62,
    0xCB, 0x62, 0xCB, 0x62, 0xCB, 0x62, 0xCB, 0x62, 0xCB, 0x62, 0xCA, 0x62, 0xCA, 0x62, 0xCA, 0x62,
    0xAA, 0x62, 0xAA, 0x62, 0xAA, 0x62, 0xAA, 0x62, 0xAA, 0x6A, 0xCA, 0x6A, 0xCA, 0x6A, 0x0A, 0x73,
    0x6C, 0x83, 0xEE, 0x93, 0x70, 0xA4, 0x70, 0xAC, 0x4F, 0xA4, 0x2E, 0xA4, 0x70, 0xAC, 0x12, 0xBD,
    0x94, 0xCD, 0xB5, 0xD5, 0x94, 0xCD, 0x53, 0xCD, 0x12, 0xC5, 0xD1, 0xBC, 0xB0, 0xB4, 0xB0, 0xBC,
    0xD1, 0xBC, 0x12, 0xC5, 0x73, 0xCD, 0xB5, 0xD5, 0xB5, 0xD5, 0xB5, 0xD5, 0xB5, 0xD5, 0xD5, 0xD5,
    0xD5, 0xD5, 0xD5, 0xD5, 0xD5, 0xD5, 0xD5, 0xD5, 0xD5, 0xD5, 0xB5, 0xD5, 0xB5, 0xD5, 0xD5, 0xD5,
    0xD5, 0xD5, 0xD5, 0xD5, 0xD5, 0xD5, 0xB5, 0xD5, 0xB5, 0xD5, 0xB5, 0xD5, 0xB5, 0xD5, 0xB5, 0xD5,
    0x94, 0xCD, 0x74, 0xCD, 0x33, 0xC5, 0xF2, 0xBC, 0xB1, 0xB4, 0xF2, 0xBC, 0xF2, 0xBC, 0xB1, 0xB4,
    0xB1, 0xB4, 0x90, 0xB4, 0xB1, 0xB4, 0xD1, 0xBC, 0xB1, 0xB4, 0x4F, 0xAC, 0x2F, 0xAC, 0xEE, 0xA3,
    0xCD, 0x9B, 0xAD, 0x9B, 0x0E, 0xA4, 0x90, 0xAC, 0x90, 0xAC, 0x70, 0xAC, 0x70, 0xAC, 0x90, 0xAC,
    0x0F, 0x9C, 0x2B, 0x83, 0xEA, 0x7A, 0x4C, 0x83, 0x4C, 0x83, 0xC9, 0x6A, 0xCA, 0x6A, 0xCA, 0x62,
    0xC7, 0x41, 0xA6, 0x39, 0xA6, 0x39, 0xA6, 0x39, 0xC6, 0x39, 0xA6, 0x39, 0xA6, 0x39, 0xA6, 0x39,
    0xA6, 0x39, 0xA6, 0x39, 0xA6, 0x39, 0x85, 0x39, 0xA6, 0x39, 0xC6, 0x39, 0x48, 0x4A, 0x49, 0x4A,
    0xC7, 0x41, 0xC7, 0x39, 0xC7, 0x39, 0x08, 0x4A, 0xE7, 0x41, 0xE7, 0x41, 0x28, 0x4A, 0x49, 0x52,
    0x69, 0x52, 0x69, 0x52, 0x69, 0x5A, 0x8A, 0x5A, 0xAA, 0x62, 0xCA, 0x62, 0xCA, 0x62, 0xCA, 0x62,
    0xAA, 0x62, 0x8A, 0x5A, 0x8A, 0x5A, 0x8A, 0x5A, 0x8A, 0x5A, 0x8A, 0x5A, 0x8A, 0x5A, 0x8A, 0x5A,
    0xAA, 0x5A, 0xCB, 0x62, 0x0C, 0x6B, 0x0B, 0x6B, 0xEB, 0x62, 0xEB, 0x62, 0xCB, 0x62, 0xEB, 0x62,
    0xEB, 0x6A, 0x2C, 0x73, 0x4D, 0x73, 0x4C, 0x73, 0xCB, 0x62, 0x8A, 0x5A, 0x8A, 0x5A, 0xCA, 0x62,
    0xEB, 0x62, 0x8A, 0x5A, 0xCA, 0x5A, 0xEB, 0x62, 0xCA, 0x5A, 0xAA, 0x5A, 0x89, 0x52, 0xCB, 0x62,
    0xCA, 0x5A, 0x69, 0x52, 0x69, 0x52, 0x69, 0x52, 0xAA, 0x5A, 0xAA, 0x5A, 0x8A, 0x5A, 0x69, 0x5A,
    0xAA, 0x62, 0xCB, 0x62, 0xCA, 0x62, 0xEA, 0x62, 0xCB, 0x62, 0xEB, 0x6A, 0xEB, 0x62, 0x2C, 0x6B,
    0x6D, 0x6B, 0x6D, 0x6B, 0x6D, 0x6B, 0x8E, 0x73, 0x6D, 0x6B, 0x4D, 0x6B, 0x4D, 0x6B, 0x4D, 0x6B,
    0x4D, 0x6B, 0x6D, 0x6B, 0x2C, 0x63, 0xCB, 0x5A, 0x4C, 0x6B, 0x6D, 0x6B, 0x2C, 0x63, 0x6D, 0x6B,
    0x6D, 0x6B, 0x4D, 0x63, 0xCB, 0x5A, 0x2C, 0x63, 0x4D, 0x63, 0x4D, 0x63, 0x4D, 0x63, 0x8A, 0x52,
    0x28, 0x42, 0x69, 0x4A, 0xAA, 0x52, 0x8A, 0x52, 0x0C, 0x63, 0x2C, 0x63, 0x8A, 0x52, 0x69, 0x4A,
    0x89, 0x4A, 0x8A, 0x52, 0x8A, 0x52, 0x28, 0x42, 0x08, 0x42, 0xE7, 0x39, 0xC7, 0x39, 0xE7, 0x41,
    0x08, 0x42, 0xC7, 0x39, 0xC7, 0x39, 0xC7, 0x39, 0xC7, 0x39, 0xC7, 0x39, 0xC7, 0x39, 0xA6, 0x31,
    0x65, 0x29, 0x85, 0x31, 0x65, 0x29, 0x65, 0x29, 0x65, 0x29, 0x65, 0x29, 0x65, 0x29, 0x65, 0x29,
    0x65, 0x29, 0x65, 0x29, 0x65, 0x29, 0x65, 0x29, 0x65, 0x29, 0x65, 0x31, 0x65, 0x31, 0x65, 0x29,
    0x65, 0x29, 0x65, 0x29, 0x65, 0x29, 0x65, 0x29, 0x65, 0x29, 0x65, 0x29, 0x65, 0x29, 0x65, 0x29,
    0x65, 0x29, 0x65, 0x29, 0x65, 0x29, 0x85, 0x31, 0x65, 0x29, 0x65, 0x29, 0x65, 0x29, 0x65, 0x29,
    0x65, 0x29, 0x65, 0x29, 0x86, 0x31, 0x86, 0x31, 0x86, 0x31, 0x86, 0x31, 0x86, 0x31, 0x86, 0x31,
    0x86, 0x31, 0x86, 0x31, 0x86, 0x31, 0x86, 0x31, 0x86, 0x31, 0x86, 0x31, 0x86, 0x31, 0x86, 0x31,
    0x86, 0x31, 0x86, 0x31, 0x86, 0x31, 0xA6, 0x39, 0xC7, 0x39, 0x07, 0x42, 0xE7, 0x41, 0xE7, 0x41,
    0x69, 0x52, 0xC7, 0x41, 0xC7, 0x41, 0xA6, 0x39, 0xC7, 0x41, 0x08, 0x4A, 0xC7, 0x41, 0xC7, 0x41,
    0x08, 0x42, 0x08, 0x4A, 0x49, 0x4A, 0x49, 0x4A, 0x08, 0x4A, 0x07, 0x42, 0xE7, 0x41, 0xE7, 0x41,
    0x28, 0x4A, 0x08, 0x4A, 0x08, 0x4A, 0x07, 0x4A, 0x08, 0x4A, 0x08, 0x4A, 0x28, 0x4A, 0x28, 0x52,
    0x49, 0x52, 0x49, 0x52, 0x69, 0x52, 0x89, 0x5A, 0xAA, 0x5A, 0xAA, 0x62, 0xEA, 0x62, 0xEB, 0x6A,
    0x0B, 0x6B, 0xEB, 0x6A, 0xEB, 0x6A, 0xCA, 0x62, 0xCA, 0x62, 0xCB, 0x62, 0xCB, 0x62, 0xCB, 0x62,
    0xCB, 0x62, 0xCB, 0x62, 0xEB, 0x62, 0xEB, 0x62, 0xEB, 0x62, 0xCB, 0x62, 0xCB, 0x62, 0xCB, 0x62,
    0xCB, 0x62, 0xCB, 0x62, 0xCB, 0x62, 0xCB, 0x62, 0xCB, 0x62, 0xCB, 0x62, 0xCB, 0x62, 0xCB, 0x62,
    0xCB, 0x62, 0xCB, 0x62, 0xAA, 0x62, 0xAA, 0x62, 0xCA, 0x6A, 0x2B, 0x7B, 0xCD, 0x93, 0x70, 0xA4,
    0x12, 0xBD, 0x73, 0xC5, 0x53, 0xC5, 0xF2, 0xBC, 0x90, 0xAC, 0x6F, 0xAC, 0xB1, 0xB4, 0x53, 0xC5,
    0xB5, 0xCD, 0xD5, 0xD5, 0xD5, 0xD5, 0xB5, 0xD5, 0x74, 0xCD, 0x53, 0xC5, 0x53, 0xC5, 0x53, 0xCD,
    0x53, 0xCD, 0x94, 0xD5, 0xD5, 0xD5, 0xD5, 0xD5, 0xD5, 0xD5, 0xD5, 0xD5, 0xD5, 0xD5, 0xD5, 0xD5,
    0xD5, 0xD5, 0xD5, 0xD5, 0xD5, 0xD5, 0xD5, 0xD5, 0xD5, 0xD5, 0xD5, 0xD5, 0xD5, 0xD5, 0xD5, 0xD5,
    0xD5, 0xD5, 0xD5, 0xD5, 0xD5, 0xD5, 0xB5, 0xD5, 0xB5, 0xD5, 0xB5, 0xD5, 0xB5, 0xD5, 0xB5, 0xD5,
    0x94, 0xCD, 0x74, 0xCD, 0x53, 0xC5, 0xF2, 0xBC, 0xB1, 0xB4, 0xD2, 0xBC, 0xF2, 0xBC, 0xB1, 0xB4,
    0xB1, 0xB4, 0x90, 0xB4, 0x91, 0xB4, 0xB1, 0xB4, 0xD1, 0xBC, 0x70, 0xB4, 0x2F, 0xAC, 0x0E, 0xA4,
    0xCD, 0x9B, 0xAD, 0x9B, 0xEE, 0xA3, 0x70, 0xAC, 0x70, 0xAC, 0x70, 0xAC, 0x70, 0xAC, 0x70, 0xAC,
    0xEE, 0x9B, 0x0B, 0x7B, 0xEA, 0x72, 0x6C, 0x83, 0x0B, 0x7B, 0xA9, 0x6A, 0xEA, 0x6A, 0x68, 0x52,
    0xC6, 0x39, 0xC7, 0x39, 0xC7, 0x39, 0xA6, 0x39, 0xC6, 0x39, 0xA6, 0x39, 0xA6, 0x39, 0xA6, 0x39,
    0xA6, 0x39, 0xA6, 0x39, 0xA6, 0x39, 0x85, 0x39, 0xA6, 0x39, 0xC6, 0x39, 0xC7, 0x41, 0x69, 0x52,
    0x49, 0x4A, 0xC7, 0x41, 0xC7, 0x39, 0x07, 0x42, 0xC7, 0x41, 0xC7, 0x39, 0xC7, 0x39, 0x08, 0x4A,
    0x49, 0x52, 0x69, 0x52, 0x69, 0x5A, 0x69, 0x5A, 0x8A, 0x5A, 0xAA, 0x62, 0xAA, 0x62, 0xCA, 0x62,
    0xCA, 0x62, 0xAA, 0x5A, 0xAA, 0x5A, 0x8A, 0x5A, 0x8A, 0x5A, 0x8A, 0x5A, 0x8A, 0x5A, 0x8A, 0x5A,
    0xAA, 0x5A, 0xAA, 0x62, 0xEB, 0x62, 0x0C, 0x6B, 0xEB, 0x6A, 0xCB, 0x62, 0xEB, 0x62, 0xCB, 0x62,
    0xEB, 0x6A, 0x0C, 0x6B, 0x4C, 0x73, 0x4D, 0x73, 0x2C, 0x73, 0xCB, 0x62, 0x89, 0x5A, 0x8A, 0x5A,
    0xEB, 0x62, 0xCB, 0x62, 0x69, 0x52, 0xAA, 0x5A, 0xCA, 0x5A, 0xAA, 0x5A, 0xAA, 0x5A, 0x8A, 0x5A,
    0xCB, 0x62, 0xAA, 0x5A, 0x69, 0x52, 0x69, 0x52, 0x69, 0x52, 0x8A, 0x5A, 0x8A, 0x5A, 0x8A, 0x5A,
    0x89, 0x5A, 0xAA, 0x62, 0xCA, 0x62, 0xCA, 0x62, 0xCB, 0x62, 0xCB, 0x62, 0xEB, 0x6A, 0xEB, 0x62,
    0x2C, 0x6B, 0x6D, 0x6B, 0x4D, 0x6B, 0x8D, 0x73, 0x8E, 0x73, 0x4D, 0x6B, 0x4D, 0x6B, 0x4D, 0x6B,
    0x4D, 0x6B, 0x6D, 0x6B, 0x2D, 0x6B, 0xEB, 0x5A, 0x2C, 0x63, 0x6D, 0x6B, 0x2C, 0x63, 0x6D, 0x6B,
    0x6D, 0x6B, 0x6D, 0x63, 0xAB, 0x52, 0x2C, 0x63, 0x4D, 0x63, 0x4D, 0x63, 0x4D, 0x63, 0xAA, 0x52,
    0x28, 0x42, 0x69, 0x4A, 0xAA, 0x52, 0x8A, 0x52, 0x0C, 0x63, 0x0C, 0x63, 0x69, 0x4A, 0x89, 0x52,
    0x89, 0x4A, 0xAA, 0x52, 0x69, 0x4A, 0x28, 0x42, 0x08, 0x42, 0xE7, 0x39, 0xC7, 0x39, 0xC7, 0x41,
    0xE8, 0x41, 0xC7, 0x39, 0xC7, 0x39, 0xC7, 0x39, 0xC7, 0x39, 0xC7, 0x39, 0xC7, 0x39, 0xA6, 0x31,
    0x65, 0x29, 0x85, 0x31, 0x85, 0x31, 0x65, 0x29, 0x65, 0x29, 0x65, 0x29, 0x65, 0x29, 0x65, 0x29,
    0x65, 0x29, 0x65, 0x29, 0x65, 0x29, 0x65, 0x29, 0x65, 0x29, 0x65, 0x31, 0x65, 0x31, 0x65, 0x29,
    0x65, 0x29, 0x65, 0x29, 0x65, 0x29, 0x65, 0x29, 0x65, 0x29, 0x65, 0x29, 0x65, 0x29, 0x65, 0x29,
    0x65, 0x29, 0x65, 0x29, 0x65, 0x29, 0x65, 0x29, 0x65, 0x29, 0x65, 0x29, 0x65, 0x29, 0x65, 0x29,
    0x65, 0x29, 0x65, 0x29, 0x65, 0x29, 0x86, 0x31, 0x86, 0x31, 0x86, 0x31, 0x86, 0x31, 0x86, 0x31,
    0x86, 0x31, 0x86, 0x31, 0x86, 0x31, 0x86, 0x31, 0x86, 0x31, 0x86, 0x31, 0x86, 0x31, 0x86, 0x31,
    0x86, 0x31, 0x86, 0x31, 0x86, 0x31, 0xA6, 0x31, 0xC7, 0x39, 0xE7, 0x41, 0xE7, 0x41, 0xE7, 0x41,
    0x49, 0x4A, 0xE8, 0x49, 0xA6, 0x39, 0xC6, 0x39, 0xC7, 0x41, 0x08, 0x42, 0xC7, 0x39, 0xA6, 0x39,
    0xE7, 0x41, 0x08, 0x4A, 0x49, 0x4A, 0x49, 0x52, 0x08, 0x42, 0x07, 0x42, 0xE7, 0x41, 0xE7, 0x41,
    0xC7, 0x41, 0x28, 0x4A, 0x28, 0x52, 0x28, 0x4A, 0x08, 0x4A, 0x28, 0x4A, 0x28, 0x4A, 0x28, 0x52,
    0x48, 0x52, 0x49, 0x52, 0x69, 0x52, 0x69, 0x5A, 0x8A, 0x5A, 0xAA, 0x62, 0xCA, 0x62, 0xCB, 0x62,
    0xCB, 0x62, 0xCB, 0x62, 0xCB, 0x62, 0xCA, 0x62, 0xCB, 0x62, 0xCB, 0x62, 0xCB, 0x62, 0xCB, 0x62,
    0xCB, 0x62, 0xCB, 0x62, 0xCB, 0x62, 0xEB, 0x62, 0xEB, 0x62, 0xEB, 0x62, 0xEB, 0x62, 0xEB, 0x62,
    0xEB, 0x62, 0xCB, 0x62, 0xCB, 0x62, 0xCA, 0x62, 0xCB, 0x62, 0xCB, 0x6A, 0xCB, 0x6A, 0xCB, 0x62,
    0xCA, 0x62, 0xCA, 0x62, 0x0B, 0x73, 0x6C, 0x7B, 0xEE, 0x93, 0x6F, 0xA4, 0xD1, 0xB4, 0x53, 0xC5,
    0x94, 0xCD, 0xB4, 0xCD, 0xB4, 0xCD, 0x53, 0xC5, 0xF2, 0xBC, 0xB1, 0xB4, 0xF2, 0xBC, 0x94, 0xCD,
    0xD5, 0xD5, 0xF5, 0xD5, 0xF5, 0xD5, 0xD5, 0xD5, 0xD5, 0xD5, 0xD5, 0xD5, 0xD5, 0xD5, 0xD5, 0xD5,
    0xD5, 0xD5, 0xF5, 0xD5, 0xF5, 0xD5, 0xF5, 0xD5, 0xF5, 0xD5, 0xF5, 0xD5, 0xD5, 0xD5, 0xD5, 0xD5,
    0xD5, 0xD5, 0xD5, 0xD5, 0xD5, 0xD5, 0xD5, 0xD5, 0xD5, 0xD5, 0xD5, 0xD5, 0xD5, 0xD5, 0xD5, 0xD5,
    0xD5, 0xD5, 0xB5, 0xD5, 0xD5, 0xD5, 0xB5, 0xD5, 0xB5, 0xD5, 0xB5, 0xD5, 0xB5, 0xD5, 0xB5, 0xD5,
    0xB4, 0xCD, 0x94, 0xCD, 0x53, 0xCD, 0x12, 0xC5, 0xB1, 0xB4, 0xD1, 0xBC, 0x12, 0xC5, 0xB1, 0xB4,
    0x91, 0xB4, 0x90, 0xB4, 0x90, 0xB4, 0xB1, 0xB4, 0xB1, 0xB4, 0x91, 0xB4, 0x2F, 0xAC, 0x2F, 0xA4,
    0xEE, 0xA3, 0xCD, 0x9B, 0xEE, 0xA3, 0x4F, 0xAC, 0x70, 0xAC, 0x4F, 0xA4, 0x4F, 0xA4, 0x70, 0xAC,
    0xCE, 0x93, 0xEA, 0x7A, 0x0B, 0x7B, 0x4C, 0x83, 0xEA, 0x72, 0xA9, 0x62, 0xCA, 0x62, 0x07, 0x4A,
    0xC6, 0x39, 0xC7, 0x39, 0xC7, 0x39, 0xC6, 0x41, 0xA6, 0x39, 0xA6, 0x39, 0xA6, 0x39, 0xA6, 0x39,
    0xA6, 0x39, 0xA6, 0x39, 0x86, 0x39, 0x86, 0x39, 0xA6, 0x39, 0xC6, 0x39, 0xA6, 0x39, 0xE7, 0x41,
    0x69, 0x52, 0x48, 0x4A, 0xE7, 0x41, 0xE7, 0x41, 0xE7, 0x41, 0xA6, 0x39, 0xA6, 0x39, 0xA6, 0x39,
    0x07, 0x42, 0x48, 0x52, 0x69, 0x52, 0x8A, 0x5A, 0x8A, 0x5A, 0xAA, 0x5A, 0xAA, 0x5A, 0xCA, 0x62,
    0xCA, 0x62, 0xAA, 0x62, 0xAA, 0x5A, 0x8A, 0x5A, 0x8A, 0x5A, 0xAA, 0x62, 0x8A, 0x5A, 0x69, 0x5A,
    0x8A, 0x5A, 0xAA, 0x62, 0xCA, 0x62, 0x0C, 0x6B, 0x0C, 0x6B, 0xCB, 0x62, 0xEB, 0x62, 0xEB, 0x6A,
    0x0C, 0x6B, 0x0B, 0x6B, 0x2C, 0x6B, 0x4C, 0x73, 0x2C, 0x73, 0x2C, 0x6B, 0xCB, 0x62, 0x8A, 0x5A,
    0xAA, 0x5A, 0xEB, 0x62, 0xAA, 0x5A, 0x48, 0x4A, 0x89, 0x52, 0xCA, 0x5A, 0xAA, 0x5A, 0x8A, 0x5A,
    0xAA, 0x5A, 0xEB, 0x62, 0xAA, 0x5A, 0x69, 0x52, 0x69, 0x52, 0x69, 0x5A, 0x8A, 0x5A, 0x8A, 0x5A,
    0x89, 0x5A, 0x8A, 0x5A, 0xCB, 0x62, 0xCA, 0x62, 0xCA, 0x62, 0xCB, 0x62, 0xCB, 0x6A, 0xCB, 0x62,
    0xEB, 0x62, 0x2C, 0x6B, 0x4D, 0x6B, 0x4D, 0x6B, 0xAE, 0x73, 0x8D, 0x73, 0x4D, 0x6B, 0x4D, 0x6B,
    0x4D, 0x6B, 0x4D, 0x6B, 0x4D, 0x6B, 0xEB, 0x5A, 0x0C, 0x63, 0x6D, 0x6B, 0x2C, 0x63, 0x6D, 0x6B,
    0x6D, 0x63, 0x6D, 0x6B, 0xCB, 0x5A, 0x0C, 0x63, 0x4D, 0x63, 0x6D, 0x63, 0x4D, 0x63, 0xCB, 0x5A,
    0x28, 0x42, 0x69, 0x4A, 0xAA, 0x52, 0x8A, 0x52, 0x0C, 0x63, 0xCB, 0x5A, 0x69, 0x4A, 0x69, 0x4A,
    0xAA, 0x52, 0xCA, 0x5A, 0x49, 0x4A, 0x28, 0x4A, 0x08, 0x42, 0xE7, 0x39, 0xC7, 0x39, 0xC7, 0x39,
    0xE7, 0x41, 0xC7, 0x39, 0xC7, 0x39, 0xC7, 0x39, 0xC7, 0x39, 0xC7, 0x39, 0xC7, 0x39, 0xA6, 0x31,
    0x65, 0x29, 0x85, 0x31, 0x85, 0x31, 0x65, 0x29, 0x65, 0x29, 0x65, 0x29, 0x65, 0x29, 0x65, 0x29,
    0x65, 0x29, 0x65, 0x29, 0x65, 0x29, 0x65, 0x29, 0x65, 0x29, 0x65, 0x31, 0x65, 0x31, 0x65, 0x29,
    0x65, 0x29, 0x65, 0x29, 0x65, 0x29, 0x65, 0x29, 0x65, 0x29, 0x65, 0x29, 0x65, 0x29, 0x65, 0x29,
    0x65, 0x29, 0x65, 0x29, 0x65, 0x29, 0x65, 0x29, 0x65, 0x29, 0x65, 0x29, 0x65, 0x29, 0x65, 0x29,
    0x65, 0x29, 0x65, 0x29, 0x65, 0x29, 0x86, 0x31, 0x86, 0x31, 0x86, 0x31, 0x86, 0x31, 0x86, 0x31,
    0x86, 0x31, 0x86, 0x31, 0x86, 0x31, 0x86, 0x31, 0x86, 0x31, 0x86, 0x31, 0x86, 0x31, 0x86, 0x31,
    0x86, 0x31, 0x86, 0x31, 0x86, 0x31, 0x86, 0x31, 0xC7, 0x39, 0xC7, 0x39, 0x07, 0x42, 0xE7, 0x41,
    0x28, 0x4A, 0xE8, 0x41, 0xA6, 0x39, 0xC7, 0x39, 0xC7, 0x39, 0x08, 0x42, 0xE7, 0x41, 0xA6, 0x39,
    0xE7, 0x41, 0x08, 0x4A, 0x49, 0x52, 0x49, 0x52, 0x08, 0x42, 0x28, 0x4A, 0xE7, 0x41, 0x28, 0x4A,
    0xC7, 0x41, 0xE7, 0x41, 0x07, 0x4A, 0x28, 0x4A, 0x28, 0x52, 0x28, 0x4A, 0x28, 0x4A, 0x28, 0x52,
    0x48, 0x52, 0x49, 0x52, 0x69, 0x52, 0x69, 0x5A, 0x89, 0x5A, 0xAA, 0x62, 0xAA, 0x62, 0xAA, 0x62,
    0xCA, 0x62, 0xCA, 0x62, 0xCA, 0x62, 0xCA, 0x62, 0xCB, 0x62, 0xCB, 0x62, 0xCB, 0x62, 0xCB, 0x62,
    0xCB, 0x62, 0xCB, 0x62, 0xEB, 0x62, 0xEB, 0x62, 0xEB, 0x62, 0xEB, 0x62, 0xEB, 0x62, 0xEB, 0x62,
    0xEB, 0x62, 0xEB, 0x6A, 0xEB, 0x62, 0xEB, 0x62, 0xCA, 0x62, 0xCA, 0x62, 0xCA, 0x6A, 0x0B, 0x73,
    0x4C, 0x7B, 0xAD, 0x83, 0xEE, 0x93, 0x2F, 0x9C, 0x2F, 0x9C, 0x70, 0xA4, 0xB1, 0xB4, 0x53, 0xC5,
    0xB4, 0xCD, 0xD5, 0xD5, 0xD5, 0xCD, 0x94, 0xCD, 0x32, 0xBD, 0x12, 0xBD, 0x33, 0xC5, 0xB5, 0xD5,
    0xF6, 0xD5, 0x16, 0xD6, 0x16, 0xD6, 0xF6, 0xD5, 0xF6, 0xDD, 0x16, 0xD6, 0x16, 0xDE, 0xF6, 0xDD,
    0xF6, 0xDD, 0x16, 0xDE, 0x16, 0xD6, 0x16, 0xD6, 0xF6, 0xD5, 0xF6, 0xD5, 0xF5, 0xD5, 0xD5, 0xD5,
    0xF5, 0xD5, 0xF5, 0xD5, 0xF5, 0xD5, 0xD5, 0xD5, 0xD5, 0xD5, 0xD5, 0xD5, 0xD5, 0xD5, 0xD5, 0xD5,
    0xD5, 0xD5, 0xB5, 0xD5, 0xB5, 0xD5, 0xB5, 0xD5, 0xB5, 0xD5, 0xB5, 0xD5, 0xB5, 0xD5, 0xB5, 0xD5,
    0x94, 0xCD, 0x94, 0xCD, 0x73, 0xCD, 0x32, 0xC5, 0xB1, 0xBC, 0xD1, 0xBC, 0x12, 0xC5, 0xB1, 0xBC,
    0xB0, 0xB4, 0x90, 0xB4, 0x70, 0xB4, 0xB1, 0xB4, 0xB1, 0xB4, 0x91, 0xB4, 0x4F, 0xAC, 0x2F, 0xA4,
    0xEE, 0xA3, 0xCD, 0x9B, 0xCE, 0x9B, 0x2F, 0xAC, 0x70, 0xAC, 0x4F, 0xA4, 0x4F, 0xA4, 0x70, 0xAC,
    0xAD, 0x8B, 0xEA, 0x72, 0x2B, 0x7B, 0x4C, 0x7B, 0xCA, 0x6A, 0xAA, 0x6A, 0x89, 0x5A, 0xC7, 0x41,
    0xC7, 0x39, 0xC7, 0x41, 0xC7, 0x41, 0xC6, 0x41, 0xC6, 0x41, 0xC6, 0x41, 0xA6, 0x41, 0xA6, 0x41,
    0xA6, 0x41, 0xA6, 0x39, 0xA6, 0x39, 0x86, 0x39, 0x86, 0x39, 0xA6, 0x39, 0xA6, 0x39, 0xA6, 0x39,
    0x08, 0x42, 0x89, 0x52, 0x28, 0x4A, 0xE7, 0x41, 0x08, 0x42, 0xC7, 0x39, 0xC7, 0x39, 0xC6, 0x39,
    0xA6, 0x39, 0xE7, 0x41, 0x48, 0x4A, 0x69, 0x52, 0xAA, 0x5A, 0xAA, 0x5A, 0xAA, 0x5A, 0xAA, 0x5A,
    0xAA, 0x62, 0xCB, 0x62, 0xAA, 0x5A, 0x69, 0x5A, 0x69, 0x52, 0x69, 0x5A, 0xCB, 0x62, 0x8A, 0x5A,
    0x69, 0x5A, 0x8A, 0x5A, 0xAA, 0x5A, 0xEB, 0x62, 0x2C, 0x6B, 0x0B, 0x6B, 0xCB, 0x62, 0xEB, 0x6A,
    0x0C, 0x6B, 0x0C, 0x6B, 0x0B, 0x6B, 0x2C, 0x73, 0x2C, 0x73, 0x2C, 0x73, 0x0C, 0x6B, 0xEB, 0x62,
    0xAA, 0x5A, 0xAA, 0x5A, 0xEB, 0x62, 0xAA, 0x5A, 0x28, 0x4A, 0x69, 0x52, 0xAA, 0x5A, 0x89, 0x5A,
    0x89, 0x52, 0xAA, 0x5A, 0xCA, 0x5A, 0x8A, 0x5A, 0x69, 0x52, 0x69, 0x52, 0x69, 0x5A, 0x89, 0x5A,
    0x89, 0x5A, 0x69, 0x5A, 0x8A, 0x5A, 0xCB, 0x62, 0xAA, 0x62, 0xCB, 0x62, 0xCB, 0x62, 0xEB, 0x62,
    0xEB, 0x62, 0xEB, 0x62, 0x4C, 0x6B, 0x4D, 0x6B, 0x6D, 0x6B, 0xAE, 0x73, 0x6D, 0x6B, 0x4D, 0x6B,
    0x4D, 0x6B, 0x4D, 0x6B, 0x2D, 0x63, 0xEC, 0x5A, 0x0C, 0x5B, 0x6D, 0x6B, 0x2C, 0x63, 0x6D, 0x6B,
    0x4D, 0x63, 0x6D, 0x6B, 0xEC, 0x5A, 0xEB, 0x5A, 0x4D, 0x63, 0x6D, 0x6B, 0x4D, 0x63, 0xCB, 0x5A,
    0x08, 0x42, 0x69, 0x4A, 0x8A, 0x52, 0x8A, 0x52, 0x0C, 0x63, 0xAA, 0x52, 0x49, 0x4A, 0x89, 0x52,
    0xCB, 0x5A, 0xAA, 0x52, 0x48, 0x4A, 0x48, 0x4A, 0xE7, 0x41, 0xE7, 0x39, 0xC7, 0x39, 0xC7, 0x39,
    0xE7, 0x41, 0xC7, 0x39, 0xC7, 0x39, 0xC7, 0x39, 0xA6, 0x31, 0xA6, 0x31, 0xA6, 0x31, 0xA6, 0x31,
    0x85, 0x31, 0x85, 0x31, 0x85, 0x31, 0x65, 0x29, 0x65, 0x29, 0x65, 0x29, 0x65, 0x29, 0x65, 0x29,
    0x65, 0x29, 0x65, 0x29, 0x65, 0x29, 0x65, 0x29, 0x65, 0x29, 0x65, 0x31, 0x65, 0x31, 0x65, 0x29,
    0x65, 0x29, 0x65, 0x29, 0x65, 0x29, 0x65, 0x29, 0x65, 0x29, 0x65, 0x29, 0x65, 0x29, 0x65, 0x29,
    0x65, 0x29, 0x65, 0x29, 0x65, 0x29, 0x65, 0x29, 0x65, 0x29, 0x65, 0x29, 0x65, 0x29, 0x65, 0x29,
    0x65, 0x29, 0x65, 0x29, 0x65, 0x29, 0x86, 0x31, 0x86, 0x31, 0x86, 0x31, 0x86, 0x31, 0x86, 0x31,
    0x86, 0x31, 0x86, 0x31, 0x86, 0x31, 0x86, 0x31, 0x86, 0x31, 0x86, 0x31, 0x86, 0x31, 0x86, 0x31,
    0x86, 0x31, 0x86, 0x31, 0x86, 0x31, 0x86, 0x31, 0xC7, 0x39, 0xC7, 0x39, 0xE7, 0x41, 0x08, 0x42,
    0xE7, 0x41, 0xA6, 0x39, 0xA6, 0x39, 0xC7, 0x41, 0xC7, 0x39, 0xE7, 0x41, 0x08, 0x42, 0xA6, 0x39,
    0xC7, 0x41, 0x07, 0x42, 0x48, 0x4A, 0x69, 0x52, 0x08, 0x4A, 0x07, 0x42, 0x07, 0x42, 0x07, 0x42,
    0x07, 0x4A, 0xE7, 0x41, 0xE7, 0x41, 0xE7, 0x49, 0x07, 0x4A, 0x08, 0x4A, 0x28, 0x52, 0x28, 0x52,
    0x28, 0x52, 0x49, 0x52, 0x69, 0x52, 0x69, 0x5A, 0x89, 0x5A, 0x8A, 0x5A, 0x8A, 0x5A, 0xAA, 0x62,
    0xAA, 0x62, 0xAA, 0x62, 0xAA, 0x62, 0xCA, 0x62, 0xCB, 0x62, 0xCB, 0x62, 0xCB, 0x62, 0xCB, 0x62,
    0xCB, 0x62, 0xEB, 0x62, 0xEB, 0x62, 0xEB, 0x62, 0xEB, 0x62, 0xEB, 0x62, 0xEB, 0x6A, 0xEB, 0x6A,
    0xEB, 0x62, 0xEB, 0x62, 0xEB, 0x62, 0xEA, 0x6A, 0x0B, 0x6B, 0x4C, 0x73, 0x8D, 0x83, 0xCE, 0x8B,
    0xCE, 0x8B, 0xEE, 0x93, 0xCE, 0x93, 0xEE, 0x93, 0x0E, 0x9C, 0x4F, 0xA4, 0xB1, 0xB4, 0x12, 0xBD,
    0x74, 0xC5, 0xB5, 0xCD, 0xD5, 0xCD, 0x94, 0xC5, 0x53, 0xC5, 0x33, 0xC5, 0x74, 0xCD, 0xD5, 0xD5,
    0xF6, 0xD5, 0x16, 0xD6, 0x16, 0xD6, 0x16, 0xDE, 0x16, 0xDE, 0x16, 0xDE, 0x16, 0xDE, 0x16, 0xDE,
    0x16, 0xDE, 0x16, 0xDE, 0x16, 0xD6, 0x16, 0xD6, 0x16, 0xD6, 0xF5, 0xD5, 0xF5, 0xD5, 0xF5, 0xD5,
    0xF5, 0xD5, 0xF5, 0xD5, 0xD5, 0xD5, 0xD5, 0xD5, 0xD5, 0xD5, 0xD5, 0xD5, 0xD5, 0xD5, 0xD5, 0xD5,
    0xD5, 0xD5, 0xD5, 0xD5, 0xB5, 0xD5, 0xB5, 0xD5, 0xB5, 0xD5, 0xB5, 0xD5, 0xB4, 0xD5, 0x94, 0xD5,
    0x94, 0xCD, 0x94, 0xCD, 0x74, 0xCD, 0x53, 0xCD, 0xD1, 0xBC, 0xD1, 0xBC, 0x12, 0xC5, 0xD1, 0xBC,
    0xB1, 0xB4, 0xB1, 0xBC, 0x90, 0xB4, 0x90, 0xB4, 0xB1, 0xB4, 0x90, 0xB4, 0x4F, 0xAC, 0x2F, 0xAC,
    0x0E, 0xA4, 0xCD, 0x9B, 0xCD, 0x9B, 0x0F, 0xA4, 0x50, 0xAC, 0x2F, 0xA4, 0x4F, 0xA4, 0x50, 0xA4,
    0x6C, 0x8B, 0xEA, 0x72, 0x2C, 0x7B, 0x2C, 0x7B, 0xA9, 0x6A, 0xCA, 0x6A, 0x08, 0x4A, 0xC7, 0x41,
    0xC7, 0x41, 0xC7, 0x41, 0xC7, 0x41, 0xC7, 0x41, 0xC6, 0x41, 0xC6, 0x41, 0xA6, 0x41, 0xA6, 0x41,
    0xA6, 0x39, 0xA6, 0x39, 0x86, 0x39, 0x86, 0x39, 0xA6, 0x39, 0xA6, 0x39, 0xA6, 0x39, 0xA6, 0x39,
    0xA6, 0x39, 0x28, 0x4A, 0x8A, 0x52, 0x28, 0x4A, 0x08, 0x42, 0x08, 0x42, 0xC7, 0x39, 0xC7, 0x39,
    0xA6, 0x39, 0xA6, 0x39, 0xE7, 0x41, 0x48, 0x52, 0x69, 0x52, 0xAA, 0x5A, 0x89, 0x5A, 0x8A, 0x5A,
    0xAA, 0x5A, 0xCB, 0x62, 0xEB, 0x62, 0x8A, 0x5A, 0x69, 0x52, 0x69, 0x52, 0x89, 0x5A, 0xCB, 0x62,
    0x89, 0x5A, 0x8A, 0x5A, 0xAA, 0x5A, 0xCB, 0x62, 0x0C, 0x6B, 0x0C, 0x6B, 0xEB, 0x62, 0xCA, 0x62,
    0x0C, 0x6B, 0x2C, 0x73, 0x0C, 0x6B, 0x0C, 0x6B, 0x4C, 0x73, 0x2C, 0x73, 0x2C, 0x6B, 0xEB, 0x62,
    0x0B, 0x6B, 0xAA, 0x5A, 0xAA, 0x5A, 0xEB, 0x62, 0x8A, 0x5A, 0x28, 0x4A, 0x48, 0x4A, 0x8A, 0x52,
    0x8A, 0x5A, 0x69, 0x52, 0x8A, 0x5A, 0xEB, 0x62, 0x8A, 0x5A, 0x49, 0x52, 0x69, 0x52, 0x69, 0x5A,
    0x8A, 0x5A, 0x69, 0x5A, 0x69, 0x5A, 0xAA, 0x5A, 0xCB, 0x62, 0xAA, 0x62, 0xCA, 0x62, 0xCB, 0x62,
    0xEB, 0x62, 0xCB, 0x62, 0xEB, 0x62, 0x4C, 0x6B, 0x4D, 0x6B, 0x6D, 0x6B, 0x8E, 0x73, 0x4D, 0x6B,
    0x4D, 0x6B, 0x4D, 0x6B, 0x4D, 0x6B, 0x0C, 0x63, 0xEC, 0x5A, 0x6D, 0x6B, 0x2C, 0x63, 0x6D, 0x6B,
    0x4D, 0x63, 0x6D, 0x6B, 0x2C, 0x63, 0xCB, 0x5A, 0x2D, 0x63, 0x4D, 0x6B, 0x4D, 0x63, 0xEB, 0x5A,
    0x28, 0x42, 0x69, 0x4A, 0x8A, 0x52, 0x8A, 0x52, 0xEB, 0x5A, 0x69, 0x4A, 0x48, 0x4A, 0xAA, 0x52,
    0xCB, 0x5A, 0x8A, 0x52, 0x28, 0x42, 0x48, 0x4A, 0xE7, 0x41, 0xC7, 0x39, 0xC7, 0x39, 0xC7, 0x39,
    0xE7, 0x39, 0xE7, 0x41, 0xA7, 0x39, 0xC7, 0x39, 0xC7, 0x39, 0xA6, 0x31, 0xA6, 0x31, 0x86, 0x31,
    0x86, 0x31, 0x86, 0x31, 0x85, 0x31, 0x65, 0x29, 0x65, 0x29, 0x65, 0x29, 0x65, 0x29, 0x65, 0x29,
    0x65, 0x29, 0x65, 0x29, 0x65, 0x29, 0x65, 0x29, 0x65, 0x29, 0x65, 0x31, 0x65, 0x31, 0x65, 0x29,
    0x65, 0x29, 0x65, 0x29, 0x65, 0x29, 0x65, 0x29, 0x65, 0x29, 0x65, 0x29, 0x65, 0x29, 0x65, 0x29,
    0x65, 0x29, 0x65, 0x29, 0x65, 0x29, 0x65, 0x29, 0x65, 0x29, 0x65, 0x29, 0x65, 0x29, 0x65, 0x29,
    0x65, 0x29, 0x65, 0x29, 0x65, 0x29, 0x85, 0x31, 0x86, 0x31, 0x86, 0x31, 0x86, 0x31, 0x86, 0x31,
    0x86, 0x31, 0x86, 0x31, 0x86, 0x31, 0x86, 0x31, 0x86, 0x31, 0x86, 0x31, 0x86, 0x31, 0x86, 0x31,
    0x86, 0x31, 0x86, 0x31, 0x86, 0x31, 0x86, 0x31, 0xA6, 0x39, 0xC7, 0x39, 0xE7, 0x41, 0xE7, 0x41,
    0xA6, 0x39, 0xA6, 0x39, 0xC7, 0x39, 0xC7, 0x41, 0xC7, 0x39, 0xC7, 0x41, 0x28, 0x4A, 0xA6, 0x39,
    0xC6, 0x39, 0x07, 0x42, 0x28, 0x4A, 0x69, 0x52, 0x48, 0x4A, 0xE7, 0x41, 0x28, 0x4A, 0xE7, 0x41,
    0x28, 0x4A, 0xE7, 0x41, 0x07, 0x4A, 0xE7, 0x49, 0x07, 0x4A, 0x07, 0x4A, 0x28, 0x4A, 0x28, 0x4A,
    0x28, 0x52, 0x49, 0x52, 0x49, 0x52, 0x69, 0x5A, 0x69, 0x5A, 0x89, 0x5A, 0x8A, 0x5A, 0xAA, 0x5A,
    0xAA, 0x5A, 0xAA, 0x62, 0xAB, 0x62, 0xAA, 0x62, 0xCB, 0x62, 0xCB, 0x62, 0xCB, 0x62, 0xCB, 0x62,
    0xCB, 0x62, 0xEB, 0x62, 0xEB, 0x62, 0xEB, 0x6A, 0xEB, 0x6A, 0xEB, 0x62, 0xEB, 0x62, 0xEB, 0x6A,
    0xEB, 0x6A, 0x2B, 0x6B, 0x4C, 0x7B, 0x8D, 0x83, 0xCE, 0x8B, 0xCE, 0x8B, 0xCE, 0x8B, 0xAD, 0x8B,
    0xAD, 0x8B, 0x8D, 0x8B, 0x8D, 0x8B, 0xAD, 0x93, 0xCD, 0x9B, 0x0E, 0x9C, 0x4F, 0xAC, 0xB1, 0xB4,
    0x12, 0xC5, 0x74, 0xCD, 0x94, 0xCD, 0x74, 0xC5, 0x53, 0xC5, 0x53, 0xC5, 0x94, 0xCD, 0xF5, 0xDD,
    0x16, 0xDE, 0x16, 0xDE, 0x16, 0xDE, 0x16, 0xDE, 0x16, 0xDE, 0x16, 0xDE, 0x16, 0xDE, 0x16, 0xDE,
    0x16, 0xDE, 0x16, 0xDE, 0x16, 0xDE, 0x16, 0xD6, 0x16, 0xD6, 0x16, 0xD6, 0x16, 0xD6, 0xF6, 0xD5,
    0xF6, 0xD5, 0xF5, 0xD5, 0xF5, 0xD5, 0xF5, 0xD5, 0xD5, 0xD5, 0xD5, 0xD5, 0xF5, 0xD5, 0xD5, 0xD5,
    0xD5, 0xD5, 0xD5, 0xD5, 0xD5, 0xD5, 0xB5, 0xD5, 0xB5, 0xD5, 0xB5, 0xD5, 0xB5, 0xD5, 0x95, 0xD5,
    0x94, 0xD5, 0x94, 0xCD, 0x74, 0xCD, 0x53, 0xCD, 0xF2, 0xBC, 0xD1, 0xBC, 0x33, 0xC5, 0xF2, 0xBC,
    0xB1, 0xB4, 0xB0, 0xB4, 0x90, 0xB4, 0x90, 0xAC, 0xB0, 0xB4, 0x90, 0xB4, 0x4F, 0xAC, 0x2F, 0xAC,
    0x0E, 0xA4, 0xCD, 0x9B, 0xCD, 0x9B, 0x0E, 0xA4, 0x4F, 0xAC, 0x2F, 0xA4, 0x4F, 0xA4, 0x4F, 0xA4,
    0x2B, 0x83, 0xEA, 0x7A, 0x4C, 0x83, 0x0B, 0x73, 0xA9, 0x62, 0x89, 0x5A, 0xC6, 0x41, 0xC7, 0x41,
    0xE7, 0x41, 0xC7, 0x41, 0xC7, 0x41, 0xC7, 0x41, 0xC7, 0x41, 0xA6, 0x41, 0xA6, 0x41, 0xA6, 0x41,
    0xA6, 0x39, 0xA6, 0x39, 0x86, 0x39, 0x86, 0x39, 0xA6, 0x39, 0xA6, 0x39, 0xA6, 0x39, 0xA6, 0x39,
    0x86, 0x31, 0xA6, 0x39, 0x28, 0x4A, 0x8A, 0x52, 0x28, 0x4A, 0x28, 0x4A, 0xE7, 0x41, 0xC7, 0x39,
    0xA6, 0x39, 0x86, 0x31, 0xC7, 0x39, 0xE7, 0x41, 0x49, 0x4A, 0x69, 0x52, 0x8A, 0x5A, 0x8A, 0x52,
    0xAA, 0x5A, 0xAA, 0x5A, 0xEB, 0x62, 0xEB, 0x62, 0x8A, 0x5A, 0x69, 0x52, 0x69, 0x52, 0xAA, 0x5A,
    0xCB, 0x62, 0x6A, 0x52, 0x8A, 0x5A, 0xCA, 0x5A, 0xEB, 0x62, 0x0C, 0x6B, 0x0B, 0x6B, 0xCB, 0x62,
    0xEB, 0x62, 0x2C, 0x73, 0x2C, 0x73, 0x0C, 0x6B, 0x2C, 0x6B, 0x2C, 0x73, 0x2C, 0x73, 0xEB, 0x6A,
    0x0B, 0x6B, 0x0C, 0x6B, 0xCA, 0x62, 0xCA, 0x62, 0xCB, 0x62, 0xAA, 0x5A, 0x28, 0x4A, 0x28, 0x4A,
    0x69, 0x52, 0x8A, 0x5A, 0x69, 0x52, 0x8A, 0x5A, 0xEC, 0x6A, 0x8A, 0x5A, 0x48, 0x52, 0x69, 0x52,
    0x6A, 0x5A, 0x8A, 0x5A, 0x69, 0x52, 0x89, 0x5A, 0xAA, 0x5A, 0xCA, 0x62, 0xCA, 0x62, 0xCA, 0x62,
    0xCB, 0x62, 0xEB, 0x62, 0xCB, 0x62, 0xEC, 0x62, 0x4D, 0x6B, 0x4D, 0x6B, 0x8E, 0x73, 0x6D, 0x6B,
    0x4C, 0x6B, 0x4D, 0x6B, 0x4C, 0x6B, 0x0B, 0x63, 0xEB, 0x62, 0x6D, 0x6B, 0x2C, 0x63, 0x6D, 0x6B,
    0x6D, 0x63, 0x6D, 0x6B, 0x4D, 0x63, 0xCB, 0x5A, 0x2D, 0x63, 0x4D, 0x6B, 0x4D, 0x63, 0x0C, 0x63,
    0x28, 0x42, 0x69, 0x4A, 0x8A, 0x52, 0x8A, 0x52, 0xAA, 0x52, 0x49, 0x4A, 0x69, 0x4A, 0xCB, 0x5A,
    0xCA, 0x5A, 0x89, 0x52, 0x28, 0x42, 0x48, 0x4A, 0xE7, 0x39, 0xC7, 0x39, 0xC7, 0x39, 0xC7, 0x39,
    0xC7, 0x39, 0x08, 0x42, 0xC7, 0x39, 0xC7, 0x39, 0xC7, 0x39, 0xA6, 0x31, 0xA6, 0x31, 0x86, 0x31,
    0x86, 0x31, 0x86, 0x31, 0x85, 0x31, 0x65, 0x29, 0x65, 0x29, 0x65, 0x29, 0x65, 0x29, 0x65, 0x29,
    0x65, 0x29, 0x65, 0x29, 0x65, 0x29, 0x65, 0x29, 0x65, 0x29, 0x65, 0x31, 0x65, 0x29, 0x65, 0x29,
    0x65, 0x29, 0x65, 0x29, 0x65, 0x29, 0x65, 0x29, 0x65, 0x29, 0x65, 0x29, 0x65, 0x29, 0x65, 0x29,
    0x65, 0x29, 0x65, 0x29, 0x65, 0x29, 0x65, 0x29, 0x65, 0x29, 0x65, 0x29, 0x65, 0x29, 0x65, 0x29,
    0x65, 0x29, 0x65, 0x29, 0x65, 0x29, 0x85, 0x31, 0x86, 0x31, 0x86, 0x31, 0x86, 0x31, 0x86, 0x31,
    0x86, 0x31, 0x86, 0x31, 0x86, 0x31, 0x86, 0x31, 0x86, 0x31, 0x86, 0x31, 0x86, 0x31, 0x86, 0x31,
    0x86, 0x31, 0x86, 0x31, 0x86, 0x31, 0x86, 0x31, 0x86, 0x31, 0xC7, 0x39, 0xC7, 0x39, 0xC6, 0x39,
    0xA6, 0x39, 0xA6, 0x39, 0xE7, 0x41, 0xE7, 0x41, 0xC7, 0x39, 0xC6, 0x39, 0x28, 0x4A, 0xE7, 0x41,
    0x86, 0x39, 0x07, 0x42, 0x08, 0x4A, 0x69, 0x52, 0x69, 0x52, 0x07, 0x42, 0x48, 0x4A, 0x07, 0x42,
    0x28, 0x4A, 0x07, 0x4A, 0x07, 0x4A, 0x07, 0x4A, 0x08, 0x4A, 0x08, 0x4A, 0x28, 0x4A, 0x28, 0x4A,
    0x28, 0x52, 0x49, 0x52, 0x69, 0x52, 0x69, 0x5A, 0x69, 0x5A, 0x89, 0x5A, 0x8A, 0x5A, 0xAA, 0x5A,
    0xAA, 0x5A, 0xAA, 0x62, 0xAA, 0x62, 0xAA, 0x62, 0xAA, 0x62, 0xCB, 0x62, 0xCB, 0x62, 0xCB, 0x62,
    0xCB, 0x62, 0xEB, 0x62, 0xEB, 0x6A, 0xEB, 0x6A, 0xEB, 0x6A, 0x0B, 0x6B, 0x2B, 0x6B, 0x6C, 0x73,
    0x8D, 0x7B, 0xCD, 0x83, 0xCE, 0x83, 0xCE, 0x8B, 0xCD, 0x8B, 0xAD, 0x83, 0x8D, 0x83, 0x8D, 0x83,
    0x6C, 0x83, 0x6C, 0x83, 0x4C, 0x83, 0x6C, 0x8B, 0x6C, 0x93, 0xAC, 0x93, 0xED, 0xA3, 0x2E, 0xAC,
    0x90, 0xB4, 0x12, 0xBD, 0x53, 0xC5, 0x53, 0xCD, 0x33, 0xC5, 0x53, 0xC5, 0xB5, 0xD5, 0xF6, 0xDD,
    0x16, 0xDE, 0x16, 0xD6, 0x16, 0xD6, 0x16, 0xD6, 0x16, 0xDE, 0x16, 0xDE, 0x16, 0xDE, 0x16, 0xDE,
    0x16, 0xDE, 0x16, 0xDE, 0x16, 0xDE, 0x16, 0xDE, 0x16, 0xDE, 0x16, 0xD6, 0x16, 0xD6, 0x16, 0xD6,
    0xF6, 0xD5, 0xF6, 0xD5, 0xF6, 0xD5, 0xF5, 0xD5, 0xF5, 0xD5, 0xF5, 0xD5, 0xD5, 0xD5, 0xF5, 0xD5,
    0xD5, 0xD5, 0xD5, 0xD5, 0xD5, 0xD5, 0xB5, 0xD5, 0xB5, 0xD5, 0xB5, 0xD5, 0xB5, 0xD5, 0x95, 0xD5,
    0x94, 0xD5, 0x94, 0xCD, 0x74, 0xCD, 0x53, 0xCD, 0x12, 0xC5, 0xD1, 0xBC, 0x33, 0xC5, 0x12, 0xC5,
    0xB1, 0xBC, 0xB0, 0xB4, 0xB0, 0xB4, 0x70, 0xAC, 0x90, 0xB4, 0x90, 0xB4, 0x4F, 0xAC, 0x2F, 0xAC,
    0x0E, 0xA4, 0xEE, 0xA3, 0xCD, 0x9B, 0xEE, 0xA3, 0x4F, 0xAC, 0x2F, 0xA4, 0x4F, 0xA4, 0x0E, 0x9C,
    0x0B, 0x7B, 0x0B, 0x7B, 0x4B, 0x83, 0xCA, 0x6A, 0xCA, 0x6A, 0x28, 0x52, 0xA6, 0x41, 0xC7, 0x41,
    0xC7, 0x41, 0xC7, 0x41, 0xC7, 0x41, 0xC7, 0x41, 0xC7, 0x41, 0xC6, 0x41, 0xC6, 0x41, 0xA6, 0x41,
    0xA6, 0x41, 0xA6, 0x39, 0x86, 0x39, 0x86, 0x39, 0xA6, 0x39, 0xA6, 0x39, 0x86, 0x39, 0x85, 0x31,
    0xA6, 0x39, 0x86, 0x31, 0xA6, 0x39, 0x48, 0x4A, 0x89, 0x52, 0x49, 0x4A, 0x08, 0x42, 0xC7, 0x39,
    0xC7, 0x39, 0xA6, 0x39, 0x86, 0x31, 0xC7, 0x41, 0x08, 0x42, 0x48, 0x4A, 0x49, 0x52, 0x8A, 0x5A,
    0x8A, 0x52, 0xAA, 0x5A, 0xAA, 0x5A, 0xEB, 0x62, 0xEB, 0x62, 0x89, 0x5A, 0x69, 0x52, 0x89, 0x5A,
    0xAA, 0x5A, 0xCB, 0x5A, 0x69, 0x52, 0xAA, 0x5A, 0xCB, 0x62, 0x0C, 0x6B, 0x0B, 0x6B, 0xEB, 0x6A,
    0xEB, 0x62, 0x0C, 0x6B, 0x2C, 0x73, 0x2C, 0x73, 0x0B, 0x6B, 0x2C, 0x6B, 0x2C, 0x73, 0x2C, 0x6B,
    0xEB, 0x62, 0x0C, 0x6B, 0x2C, 0x6B, 0xEB, 0x62, 0xCA, 0x62, 0xCB, 0x62, 0xCB, 0x62, 0x69, 0x52,
    0x28, 0x4A, 0x69, 0x52, 0x8A, 0x52, 0x69, 0x52, 0xAA, 0x5A, 0x0C, 0x6B, 0x89, 0x5A, 0x69, 0x52,
    0x69, 0x52, 0x8A, 0x5A, 0x8A, 0x5A, 0x8A, 0x5A, 0x69, 0x52, 0xAA, 0x5A, 0xCA, 0x62, 0xCB, 0x62,
    0xCB, 0x62, 0xEB, 0x62, 0xEB, 0x62, 0xCB, 0x62, 0xEC, 0x62, 0x4D, 0x6B, 0x4D, 0x6B, 0x8E, 0x73,
    0x4C, 0x6B, 0x4D, 0x6B, 0x4C, 0x6B, 0x0B, 0x63, 0xEB, 0x62, 0x6D, 0x6B, 0x2C, 0x63, 0x6D, 0x6B,
    0x6D, 0x63, 0x6D, 0x6B, 0x4D, 0x63, 0xCB, 0x5A, 0x0C, 0x63, 0x4D, 0x63, 0x4D, 0x6B, 0x0C, 0x63,
    0x49, 0x4A, 0x28, 0x4A, 0x8A, 0x52, 0x6A, 0x52, 0x69, 0x4A, 0x49, 0x4A, 0x89, 0x52, 0xEB, 0x5A,
    0xAA, 0x52, 0x89, 0x52, 0x28, 0x4A, 0x28, 0x42, 0xE7, 0x39, 0xC7, 0x39, 0xC7, 0x39, 0xC7, 0x39,
    0xA7, 0x39, 0xE7, 0x41, 0xC7, 0x39, 0xC7, 0x39, 0xC7, 0x39, 0xA6, 0x31, 0xA6, 0x31, 0xA6, 0x31,
    0x86, 0x31, 0x86, 0x31, 0x85, 0x31, 0x85, 0x31, 0x65, 0x29, 0x65, 0x29, 0x65, 0x29, 0x65, 0x29,
    0x65, 0x29, 0x65, 0x29, 0x65, 0x29, 0x65, 0x29, 0x65, 0x29, 0x65, 0x29, 0x65, 0x29, 0x65, 0x29,
    0x65, 0x29, 0x65, 0x29, 0x65, 0x29, 0x65, 0x29, 0x65, 0x29, 0x65, 0x29, 0x65, 0x29, 0x65, 0x29,
    0x65, 0x29, 0x65, 0x29, 0x65, 0x29, 0x65, 0x29, 0x65, 0x29, 0x65, 0x29, 0x65, 0x29, 0x65, 0x29,
    0x65, 0x29, 0x65, 0x29, 0x65, 0x29, 0x65, 0x29, 0x86, 0x31, 0x86, 0x31, 0x86, 0x31, 0x86, 0x31,
    0x86, 0x31, 0x86, 0x31, 0x86, 0x31, 0x86, 0x31, 0x86, 0x31, 0x86, 0x31, 0x86, 0x31, 0x86, 0x31,
    0x86, 0x31, 0x86, 0x31, 0x86, 0x31, 0x86, 0x31, 0x86, 0x31, 0xA6, 0x39, 0xC6, 0x39, 0xA6, 0x39,
    0xA6, 0x39, 0xC7, 0x41, 0x08, 0x42, 0x28, 0x4A, 0xC7, 0x39, 0xC6, 0x39, 0xE7, 0x41, 0x28, 0x4A,
    0x85, 0x31, 0xE7, 0x41, 0x07, 0x42, 0x28, 0x4A, 0x89, 0x52, 0x07, 0x42, 0x48, 0x4A, 0x07, 0x42,
    0x08, 0x4A, 0x28, 0x4A, 0x07, 0x4A, 0x07, 0x4A, 0x08, 0x4A, 0x08, 0x4A, 0x49, 0x52, 0x28, 0x4A,
    0x28, 0x52, 0x49, 0x52, 0x69, 0x52, 0x69, 0x5A, 0x69, 0x5A, 0x89, 0x5A, 0x89, 0x5A, 0xAA, 0x5A,
    0xAA, 0x5A, 0xAA, 0x62, 0xAA, 0x62, 0xAA, 0x62, 0xCB, 0x62, 0xCB, 0x62, 0xCB, 0x62, 0xCB, 0x62,
    0xCB, 0x6A, 0xEB, 0x6A, 0xEB, 0x6A, 0x2C, 0x73, 0x4C, 0x73, 0x8D, 0x7B, 0xAD, 0x83, 0xAD, 0x83,
    0xAD, 0x83, 0xAD, 0x83, 0xAD, 0x83, 0xAD, 0x83, 0x8D, 0x83, 0x6D, 0x83, 0x6C, 0x83, 0x4B, 0x7B,
    0x2B, 0x7B, 0x2B, 0x83, 0x0B, 0x83, 0x2B, 0x83, 0x2B, 0x8B, 0x4B, 0x93, 0x6C, 0x93, 0xAC, 0xA3,
    0x0E, 0xAC, 0x90, 0xB4, 0xD1, 0xBC, 0x12, 0xC5, 0x33, 0xC5, 0x94, 0xCD, 0x16, 0xDE, 0x16, 0xDE,
    0xF6, 0xDD, 0xF5, 0xDD, 0xF6, 0xDD, 0x16, 0xDE, 0x16, 0xD6, 0x16, 0xDE, 0x16, 0xDE, 0x16, 0xDE,
    0x16, 0xDE, 0x16, 0xDE, 0x16, 0xDE, 0x16, 0xDE, 0x16, 0xDE, 0x16, 0xDE, 0x16, 0xD6, 0x16, 0xD6,
    0x16, 0xD6, 0xF6, 0xD5, 0xF6, 0xD5, 0xF5, 0xD5, 0xF5, 0xD5, 0xF5, 0xD5, 0xD5, 0xD5, 0xD5, 0xD5,
    0xD5, 0xD5, 0xD5, 0xD5, 0xD5, 0xD5, 0xB5, 0xD5, 0xB5, 0xD5, 0xB5, 0xD5, 0xB5, 0xD5, 0xB5, 0xD5,
    0x94, 0xD5, 0x94, 0xCD, 0x74, 0xCD, 0x53, 0xCD, 0x12, 0xC5, 0xD1, 0xBC, 0x33, 0xC5, 0x13, 0xC5,
    0xD1, 0xBC, 0xB1, 0xB4, 0xB1, 0xB4, 0x70, 0xAC, 0x90, 0xB4, 0x90, 0xB4, 0x4F, 0xAC, 0x2F, 0xAC,
    0x0E, 0xA4, 0xEE, 0xA3, 0xCD, 0x9B, 0xEE, 0x9B, 0x2F, 0xA4, 0x2F, 0xA4, 0x4F, 0xA4, 0xAD, 0x93,
    0xEA, 0x7A, 0x0B, 0x7B, 0x2B, 0x7B, 0xC9, 0x6A, 0x89, 0x62, 0xC7, 0x41, 0xC7, 0x41, 0xC7, 0x41,
    0xC7, 0x41, 0xC7, 0x41, 0xC7, 0x41, 0xC7, 0x41, 0xC7, 0x41, 0xC7, 0x41, 0xC7, 0x41, 0xC6, 0x41,
    0xA6, 0x41, 0xC6, 0x41, 0x86, 0x39, 0x86, 0x39, 0xA6, 0x39, 0xA6, 0x39, 0x86, 0x31, 0x85, 0x31,
    0x86, 0x31, 0xA6, 0x39, 0x86, 0x31, 0xC7, 0x39, 0x49, 0x4A, 0x8A, 0x52, 0x49, 0x4A, 0xE7, 0x41,
    0xC7, 0x39, 0xC7, 0x39, 0xA6, 0x39, 0xA6, 0x31, 0xE7, 0x41, 0x08, 0x42, 0x48, 0x4A, 0x49, 0x4A,
    0xAA, 0x5A, 0xAA, 0x5A, 0xAA, 0x5A, 0xAA, 0x5A, 0xCB, 0x62, 0xEB, 0x62, 0x89, 0x5A, 0x69, 0x52,
    0x69, 0x52, 0xCB, 0x5A, 0xAA, 0x5A, 0x69, 0x52, 0xAA, 0x5A, 0xEB, 0x62, 0x0C, 0x6B, 0xEB, 0x6A,
    0xEB, 0x6A, 0x0B, 0x6B, 0x2C, 0x6B, 0x2C, 0x73, 0x4C, 0x73, 0x0C, 0x6B, 0x2C, 0x73, 0x2C, 0x73,
    0x0C, 0x6B, 0xEB, 0x62, 0x2C, 0x6B, 0x2C, 0x6B, 0xEB, 0x62, 0xCA, 0x62, 0xCB, 0x5A, 0xEB, 0x62,
    0xAA, 0x5A, 0x49, 0x52, 0x49, 0x52, 0x69, 0x52, 0x69, 0x52, 0xAA, 0x5A, 0x2C, 0x6B, 0x8A, 0x52,
    0x69, 0x52, 0x69, 0x5A, 0x8A, 0x5A, 0x6A, 0x5A, 0x8A, 0x5A, 0x8A, 0x5A, 0xAA, 0x5A, 0xCB, 0x62,
    0xCB, 0x62, 0xEB, 0x62, 0xEB, 0x62, 0xCB, 0x62, 0xCB, 0x5A, 0x0C, 0x63, 0x2D, 0x6B, 0x6D, 0x73,
    0x6D, 0x6B, 0x4D, 0x6B, 0x4D, 0x6B, 0x0B, 0x63, 0xEB, 0x5A, 0x6D, 0x6B, 0x2C, 0x63, 0x6D, 0x6B,
    0x4D, 0x63, 0x4D, 0x63, 0x6D, 0x6B, 0xEB, 0x5A, 0xEC, 0x5A, 0x4D, 0x63, 0x4D, 0x63, 0x2C, 0x63,
    0x69, 0x4A, 0x28, 0x42, 0x6A, 0x52, 0x69, 0x4A, 0x69, 0x52, 0x69, 0x4A, 0xAA, 0x52, 0x0B, 0x63,
    0xAA, 0x52, 0x8A, 0x52, 0x28, 0x42, 0x08, 0x42, 0xC7, 0x39, 0xC7, 0x39, 0xC7, 0x39, 0xC7, 0x39,
    0xA7, 0x39, 0xC7, 0x39, 0xE7, 0x39, 0xA6, 0x31, 0xC7, 0x39, 0xA6, 0x31, 0xA6, 0x31, 0xA6, 0x31,
    0x86, 0x31, 0x86, 0x31, 0x85, 0x31, 0x85, 0x31, 0x65, 0x29, 0x65, 0x29, 0x65, 0x29, 0x65, 0x29,
    0x65, 0x29, 0x65, 0x29, 0x65, 0x29, 0x65, 0x29, 0x65, 0x29, 0x65, 0x29, 0x65, 0x29, 0x65, 0x29,
    0x65, 0x29, 0x65, 0x29, 0x65, 0x29, 0x65, 0x29, 0x65, 0x29, 0x65, 0x29, 0x65, 0x29, 0x65, 0x29,
    0x65, 0x29, 0x65, 0x29, 0x65, 0x29, 0x65, 0x29, 0x65, 0x29, 0x65, 0x29, 0x65, 0x29, 0x65, 0x29,
    0x65, 0x29, 0x65, 0x29, 0x65, 0x29, 0x65, 0x29, 0x86, 0x31, 0x86, 0x31, 0x86, 0x31, 0x86, 0x31,
    0x86, 0x31, 0x86, 0x31, 0x86, 0x31, 0x86, 0x31, 0x86, 0x31, 0x86, 0x31, 0x86, 0x31, 0x86, 0x31,
    0x86, 0x31, 0x86, 0x31, 0x86, 0x31, 0x86, 0x31, 0x86, 0x31, 0x86, 0x31, 0xA6, 0x39, 0xC6, 0x39,
    0xC7, 0x39, 0xE7, 0x41, 0xE7, 0x41, 0x49, 0x4A, 0xC7, 0x41, 0xC6, 0x39, 0xC6, 0x39, 0x48, 0x4A,
    0xA6, 0x39, 0xC6, 0x39, 0x07, 0x42, 0x28, 0x4A, 0x89, 0x52, 0x28, 0x4A, 0x28, 0x4A, 0x48, 0x4A,
    0xE7, 0x41, 0x28, 0x4A, 0x07, 0x4A, 0x08, 0x4A, 0x08, 0x4A, 0x08, 0x4A, 0x69, 0x5A, 0x49, 0x52,
    0x28, 0x52, 0x49, 0x52, 0x69, 0x52, 0x69, 0x52, 0x69, 0x5A, 0x89, 0x5A, 0x89, 0x5A, 0x89, 0x5A,
    0xAA, 0x5A, 0xAA, 0x5A, 0xAA, 0x62, 0xAA, 0x62, 0xAB, 0x62, 0xCB, 0x62, 0xCB, 0x62, 0xEB, 0x6A,
    0x0B, 0x6B, 0x2C, 0x73, 0x4C, 0x73, 0x6D, 0x7B, 0x8D, 0x7B, 0x8D, 0x7B, 0x8D, 0x7B, 0x8D, 0x83,
    0x8D, 0x83, 0x8D, 0x83, 0x8D, 0x83, 0x6C, 0x83, 0x4C, 0x7B, 0x2B, 0x7B, 0x0B, 0x73, 0xEA, 0x72,
    0xEA, 0x7A, 0xEA, 0x7A, 0xEA, 0x7A, 0xEA, 0x7A, 0x0A, 0x83, 0x2A, 0x8B, 0x2B, 0x8B, 0x6B, 0x93,
    0xAC, 0xA3, 0xEE, 0xAB, 0x4F, 0xB4, 0xB1, 0xBC, 0x12, 0xC5, 0x73, 0xCD, 0xD5, 0xDD, 0x36, 0xE6,
    0xF5, 0xDD, 0xD5, 0xDD, 0xF5, 0xDD, 0xF6, 0xDD, 0x16, 0xDE, 0x16, 0xDE, 0x16, 0xDE, 0x16, 0xDE,
    0x16, 0xDE, 0x16, 0xDE, 0x16, 0xDE, 0x16, 0xDE, 0x16, 0xDE, 0x16, 0xDE, 0x16, 0xD6, 0x16, 0xD6,
    0x16, 0xD6, 0xF6, 0xD5, 0xF6, 0xD5, 0xF6, 0xD5, 0xF5, 0xD5, 0xF5, 0xD5, 0xF5, 0xD5, 0xD5, 0xD5,
    0xD5, 0xD5, 0xD5, 0xD5, 0xD5, 0xD5, 0xB5, 0xD5, 0xB5, 0xD5, 0xB5, 0xD5, 0xB5, 0xD5, 0xB5, 0xD5,
    0x94, 0xD5, 0x94, 0xCD, 0x74, 0xCD, 0x53, 0xCD, 0x12, 0xC5, 0xF1, 0xBC, 0x33, 0xC5, 0x33, 0xC5,
    0xD1, 0xBC, 0xD1, 0xBC, 0xB1, 0xB4, 0x90, 0xB4, 0x70, 0xB4, 0x70, 0xB4, 0x4F, 0xAC, 0x2F, 0xAC,
    0x0E, 0xA4, 0xEE, 0xA3, 0xCD, 0x9B, 0xCD, 0x9B, 0x2F, 0xA4, 0x0F, 0xA4, 0x2F, 0xA4, 0x6C, 0x8B,
    0xEA, 0x7A, 0x2B, 0x7B, 0x0A, 0x7B, 0xA9, 0x6A, 0x28, 0x52, 0xC7, 0x41, 0xC7, 0x41, 0xC7, 0x41,
    0xC7, 0x41, 0xC7, 0x41, 0xC7, 0x41, 0xC7, 0x41, 0xC7, 0x41, 0xC7, 0x41, 0xC7, 0x41, 0xC6, 0x41,
    0xC6, 0x41, 0xC6, 0x41, 0x85, 0x39, 0xA6, 0x39, 0xA6, 0x41, 0xA6, 0x39, 0x66, 0x31, 0x86, 0x31,
    0x86, 0x31, 0xA6, 0x39, 0xA6, 0x39, 0x86, 0x31, 0xE7, 0x41, 0x49, 0x4A, 0x8A, 0x52, 0x49, 0x4A,
    0xE7, 0x41, 0xC7, 0x39, 0xA6, 0x39, 0x86, 0x31, 0xA7, 0x39, 0xE7, 0x41, 0x08, 0x42, 0x29, 0x4A,
    0x49, 0x4A, 0xAA, 0x5A, 0xAA, 0x5A, 0xCA, 0x62, 0xAA, 0x5A, 0xCB, 0x62, 0xCB, 0x62, 0x89, 0x5A,
    0x89, 0x5A, 0x8A, 0x5A, 0xCB, 0x5A, 0x89, 0x5A, 0x69, 0x5A, 0xAA, 0x5A, 0x0C, 0x6B, 0x0C, 0x6B,
    0xCB, 0x62, 0x0B, 0x6B, 0x0C, 0x6B, 0x2C, 0x73, 0x4C, 0x73, 0x2C, 0x73, 0x0C, 0x6B, 0x2C, 0x73,
    0x2C, 0x6B, 0xEB, 0x6A, 0xEB, 0x62, 0x2C, 0x6B, 0x2C, 0x6B, 0x0B, 0x6B, 0xCB, 0x62, 0xAA, 0x5A,
    0xEB, 0x62, 0xCB, 0x62, 0x8A, 0x52, 0x48, 0x4A, 0x69, 0x52, 0x69, 0x52, 0xAA, 0x5A, 0x0C, 0x63,
    0x89, 0x52, 0x69, 0x52, 0x8A, 0x5A, 0x89, 0x5A, 0x8A, 0x5A, 0x8A, 0x5A, 0x8A, 0x5A, 0xAA, 0x5A,
    0xCA, 0x62, 0xCA, 0x62, 0xEB, 0x62, 0xEB, 0x62, 0xCB, 0x62, 0xCB, 0x62, 0x0C, 0x63, 0x4D, 0x6B,
    0x8D, 0x73, 0x4D, 0x6B, 0x4C, 0x6B, 0x0B, 0x63, 0xEB, 0x5A, 0x6D, 0x6B, 0x2C, 0x63, 0x6D, 0x6B,
    0x6D, 0x63, 0x4D, 0x63, 0x6D, 0x6B, 0x0C, 0x63, 0xEB, 0x5A, 0x2D, 0x63, 0x4D, 0x6B, 0x2C, 0x63,
    0xAA, 0x52, 0x08, 0x42, 0x69, 0x4A, 0x69, 0x4A, 0x69, 0x52, 0x69, 0x52, 0xEB, 0x5A, 0xCB, 0x5A,
    0x8A, 0x52, 0xAA, 0x52, 0x28, 0x42, 0x08, 0x42, 0xC7, 0x39, 0xC7, 0x39, 0xC7, 0x39, 0xC7, 0x39,
    0xA7, 0x39, 0xA7, 0x39, 0xE7, 0x39, 0xC7, 0x39, 0xA6, 0x31, 0xA6, 0x31, 0xA6, 0x31, 0x86, 0x31,
    0x86, 0x31, 0x86, 0x31, 0x85, 0x31, 0x85, 0x31, 0x65, 0x29, 0x65, 0x29, 0x65, 0x29, 0x65, 0x29,
    0x65, 0x29, 0x65, 0x29, 0x65, 0x29, 0x65, 0x29, 0x65, 0x29, 0x65, 0x29, 0x65, 0x29, 0x65, 0x29,
    0x65, 0x29, 0x65, 0x29, 0x65, 0x29, 0x65, 0x29, 0x65, 0x29, 0x65, 0x29, 0x65, 0x29, 0x65, 0x29,
    0x65, 0x29, 0x65, 0x29, 0x65, 0x29, 0x65, 0x29, 0x65, 0x29, 0x65, 0x29, 0x65, 0x29, 0x65, 0x29,
    0x65, 0x29, 0x65, 0x29, 0x65, 0x29, 0x65, 0x29, 0x66, 0x29, 0x86, 0x31, 0x86, 0x31, 0x86, 0x31,
    0x86, 0x31, 0x86, 0x31, 0x86, 0x31, 0x86, 0x31, 0x86, 0x31, 0x86, 0x31, 0x86, 0x31, 0x86, 0x31,
    0x86, 0x31, 0x86, 0x31, 0x86, 0x31, 0x86, 0x31, 0x86, 0x31, 0x86, 0x31, 0xA6, 0x39, 0xC7, 0x39,
    0xC7, 0x39, 0xC7, 0x41, 0xE7, 0x41, 0x28, 0x4A, 0x08, 0x4A, 0xA6, 0x39, 0xA6, 0x39, 0x28, 0x4A,
    0x07, 0x42, 0xA6, 0x39, 0x07, 0x42, 0x08, 0x4A, 0x69, 0x52, 0x48, 0x4A, 0x28, 0x4A, 0x69, 0x52,
    0xE7, 0x41, 0x08, 0x4A, 0x28, 0x4A, 0x08, 0x4A, 0x08, 0x4A, 0x08, 0x4A, 0x69, 0x52, 0x69, 0x5A,
    0x28, 0x52, 0x49, 0x52, 0x69, 0x52, 0x69, 0x52, 0x69, 0x5A, 0x89, 0x5A, 0x89, 0x5A, 0x89, 0x5A,
    0x8A, 0x5A, 0x8A, 0x5A, 0xAA, 0x62, 0xAA, 0x62, 0xAA, 0x62, 0xCB, 0x62, 0xEB, 0x62, 0x0B, 0x6B,
    0x2C, 0x73, 0x2C, 0x73, 0x4C, 0x73, 0x4C, 0x7B, 0x6C, 0x7B, 0x6D, 0x7B, 0x6C, 0x7B, 0x4C, 0x7B,
    0x4C, 0x7B, 0x4C, 0x7B, 0x4C, 0x7B, 0x2B, 0x73, 0x0B, 0x73, 0xEA, 0x72, 0xCA, 0x72, 0xA9, 0x6A,
    0xA9, 0x72, 0xA9, 0x72, 0xA9, 0x72, 0xA9, 0x7A, 0xC9, 0x7A, 0xEA, 0x82, 0x0A, 0x83, 0x0A, 0x8B,
    0x4B, 0x9B, 0x8C, 0xA3, 0xEE, 0xAB, 0x2F, 0xB4, 0x90, 0xBC, 0xB1, 0xBC, 0xD1, 0xC4, 0x12, 0xCD,
    0x53, 0xCD, 0x94, 0xD5, 0xB4, 0xD5, 0xD5, 0xD5, 0xF6, 0xDD, 0xF6, 0xDD, 0x16, 0xDE, 0x16, 0xDE,
    0x16, 0xDE, 0x36, 0xDE, 0x36, 0xDE, 0x16, 0xDE, 0x16, 0xDE, 0x16, 0xDE, 0x16, 0xD6, 0x16, 0xD6,
    0x16, 0xD6, 0x16, 0xD6, 0x16, 0xD6, 0xF6, 0xD5, 0xF5, 0xD5, 0xF5, 0xD5, 0xF5, 0xD5, 0xD5, 0xD5,
    0xD5, 0xD5, 0xD5, 0xD5, 0xD5, 0xD5, 0xB5, 0xD5, 0xB5, 0xD5, 0xB5, 0xD5, 0xB5, 0xD5, 0xB5, 0xD5,
    0x94, 0xD5, 0x94, 0xCD, 0x74, 0xCD, 0x53, 0xCD, 0x12, 0xC5, 0xF1, 0xBC, 0x33, 0xC5, 0x33, 0xC5,
    0xF2, 0xBC, 0xD1, 0xBC, 0xD1, 0xBC, 0x90, 0xB4, 0x70, 0xB4, 0x70, 0xB4, 0x4F, 0xAC, 0x2F, 0xAC,
    0x0E, 0xA4, 0xEE, 0xA3, 0xCD, 0x9B, 0xCD, 0x9B, 0x0F, 0xA4, 0x0F, 0xA4, 0x0F, 0xA4, 0x2B, 0x83,
    0xEA, 0x7A, 0x2B, 0x7B, 0xCA, 0x72, 0x89, 0x62, 0xC7, 0x49, 0xC7, 0x41, 0xC7, 0x41, 0xC6, 0x41,
    0xC7, 0x41, 0xC7, 0x41, 0xC7, 0x41, 0xC7, 0x41, 0xC7, 0x41, 0xC7, 0x41, 0xC7, 0x41, 0xC7, 0x41,
    0xC6, 0x41, 0xC6, 0x41, 0x65, 0x39, 0xA6, 0x39, 0xC7, 0x41, 0xA6, 0x39, 0x65, 0x31, 0x66, 0x31,
    0x86, 0x31, 0x86, 0x31, 0xA6, 0x39, 0xA6, 0x39, 0xA6, 0x39, 0xC7, 0x39, 0x49, 0x4A, 0x89, 0x52,
    0x69, 0x52, 0xE8, 0x41, 0xC7, 0x39, 0xA6, 0x39, 0x86, 0x31, 0xC7, 0x39, 0xE7, 0x41, 0x28, 0x4A,
    0x28, 0x4A, 0x49, 0x52, 0xAA, 0x5A, 0xCA, 0x62, 0xCB, 0x62, 0xAA, 0x5A, 0xCB, 0x62, 0xCB, 0x62,
    0x89, 0x5A, 0x8A, 0x52, 0xAA, 0x5A, 0xCA, 0x62, 0x89, 0x5A, 0x89, 0x5A, 0xCB, 0x62, 0x0C, 0x6B,
    0xEB, 0x6A, 0xCB, 0x62, 0x2C, 0x6B, 0x2C, 0x6B, 0x2C, 0x73, 0x4D, 0x73, 0x2D, 0x73, 0x0C, 0x6B,
    0x2C, 0x6B, 0x2C, 0x6B, 0xEB, 0x62, 0xEB, 0x62, 0x0C, 0x6B, 0x2C, 0x6B, 0x2C, 0x6B, 0xCB, 0x5A,
    0x8A, 0x52, 0xCB, 0x5A, 0xEB, 0x62, 0xAA, 0x5A, 0x69, 0x52, 0x48, 0x4A, 0x69, 0x52, 0xCA, 0x5A,
    0x2C, 0x6B, 0x69, 0x52, 0x69, 0x52, 0xAA, 0x5A, 0x8A, 0x5A, 0x8A, 0x5A, 0x8A, 0x5A, 0x8A, 0x5A,
    0xAA, 0x5A, 0xCA, 0x62, 0xCA, 0x62, 0xEB, 0x62, 0xCB, 0x62, 0xCB, 0x62, 0xCB, 0x62, 0x0C, 0x63,
    0x4D, 0x6B, 0x6D, 0x6B, 0x4C, 0x6B, 0x0B, 0x63, 0xEB, 0x5A, 0x4D, 0x6B, 0x2C, 0x63, 0x6D, 0x6B,
    0x6D, 0x63, 0x4D, 0x63, 0x6D, 0x63, 0x4D, 0x63, 0xCB, 0x5A, 0x2C, 0x63, 0x4D, 0x63, 0x2C, 0x63,
    0xCB, 0x5A, 0x08, 0x42, 0x49, 0x4A, 0x69, 0x4A, 0x69, 0x4A, 0x8A, 0x52, 0xEB, 0x62, 0xAA, 0x52,
    0xAA, 0x52, 0xAA, 0x52, 0x28, 0x42, 0xE7, 0x39, 0xC7, 0x39, 0xC7, 0x39, 0xC7, 0x39, 0xC7, 0x39,
    0xA7, 0x39, 0xC7, 0x39, 0xC7, 0x39, 0xC7, 0x39, 0xA6, 0x31, 0xA6, 0x31, 0xA6, 0x31, 0xA6, 0x31,
    0x86, 0x31, 0x86, 0x31, 0x86, 0x31, 0x86, 0x31, 0x65, 0x29, 0x65, 0x29, 0x65, 0x29, 0x65, 0x29,
    0x65, 0x29, 0x65, 0x29, 0x65, 0x29, 0x65, 0x29, 0x65, 0x29, 0x65, 0x29, 0x65, 0x29, 0x65, 0x29,
    0x65, 0x29, 0x65, 0x29, 0x65, 0x29, 0x65, 0x29, 0x65, 0x29, 0x65, 0x29, 0x65, 0x29, 0x65, 0x29,
    0x65, 0x29, 0x65, 0x29, 0x65, 0x29, 0x65, 0x29, 0x65, 0x29, 0x65, 0x29, 0x65, 0x29, 0x65, 0x29,
    0x65, 0x29, 0x65, 0x29, 0x65, 0x29, 0x65, 0x29, 0x65, 0x29, 0x86, 0x31, 0x86, 0x31, 0x86, 0x31,
    0x86, 0x31, 0x86, 0x31, 0x86, 0x31, 0x86, 0x31, 0x86, 0x31, 0x86, 0x31, 0x86, 0x31, 0x86, 0x31,
    0x86, 0x31, 0x86, 0x31, 0x86, 0x31, 0x86, 0x31, 0xA6, 0x39, 0xA6, 0x39, 0xA6, 0x39, 0xA6, 0x39,
    0xC7, 0x39, 0xC7, 0x41, 0xE7, 0x41, 0x07, 0x42, 0x48, 0x4A, 0xC7, 0x39, 0xA6, 0x39, 0xC7, 0x41,
    0x28, 0x4A, 0x86, 0x39, 0xC7, 0x41, 0x08, 0x42, 0x49, 0x52, 0x49, 0x52, 0xE7, 0x41, 0x69, 0x52,
    0x08, 0x4A, 0x07, 0x4A, 0x28, 0x4A, 0x08, 0x4A, 0x08, 0x4A, 0x08, 0x4A, 0x49, 0x52, 0x8A, 0x5A,
    0x48, 0x52, 0x49, 0x52, 0x49, 0x52, 0x69, 0x52, 0x69, 0x5A, 0x69, 0x5A, 0x89, 0x5A, 0x89, 0x5A,
    0x8A, 0x5A, 0xAA, 0x5A, 0xAA, 0x5A, 0xAA, 0x62, 0xAA, 0x62, 0xCB, 0x62, 0xEB, 0x6A, 0x0B, 0x6B,
    0x0B, 0x6B, 0x2C, 0x73, 0x2C, 0x73, 0x2C, 0x73, 0x4C, 0x73, 0x2C, 0x73, 0x2C, 0x73, 0x2B, 0x73,
    0x0B, 0x73, 0x0B, 0x73, 0xEB, 0x72, 0xEA, 0x6A, 0xCA, 0x6A, 0xA9, 0x6A, 0x89, 0x6A, 0x89, 0x6A,
    0x89, 0x6A, 0x68, 0x6A, 0x69, 0x72, 0x89, 0x72, 0x89, 0x72, 0xA9, 0x7A, 0xC9, 0x7A, 0xEA, 0x82,
    0x0A, 0x8B, 0x4B, 0x9B, 0x8C, 0xA3, 0xED, 0xAB, 0x2E, 0xB4, 0x4F, 0xBC, 0x90, 0xBC, 0xB0, 0xC4,
    0xF1, 0xC4, 0x12, 0xCD, 0x73, 0xD5, 0xB5, 0xD5, 0xF6, 0xD5, 0xF6, 0xDD, 0x16, 0xDE, 0x16, 0xD6,
    0x16, 0xD6, 0x16, 0xDE, 0x16, 0xDE, 0x16, 0xD6, 0x16, 0xD6, 0x16, 0xD6, 0x16, 0xD6, 0x16, 0xD6,
    0x16, 0xD6, 0x16, 0xD6, 0x16, 0xD6, 0xF6, 0xD5, 0xF6, 0xD5, 0xF6, 0xD5, 0xF5, 0xD5, 0xD5, 0xD5,
    0xD5, 0xD5, 0xD5, 0xD5, 0xD5, 0xD5, 0xD5, 0xD5, 0xB5, 0xD5, 0xB5, 0xCD, 0xB5, 0xD5, 0xB5, 0xD5,
    0x94, 0xCD, 0x94, 0xCD, 0x74, 0xCD, 0x53, 0xCD, 0x12, 0xC5, 0xF2, 0xBC, 0x33, 0xC5, 0x33, 0xC5,
    0x12, 0xBD, 0xD1, 0xBC, 0xD1, 0xBC, 0xB1, 0xB4, 0x70, 0xAC, 0x70, 0xAC, 0x4F, 0xAC, 0x2F, 0xA4,
    0x0E, 0xA4, 0xEE, 0xA3, 0xCD, 0x9B, 0xCE, 0x9B, 0x0E, 0xA4, 0x2F, 0xA4, 0xEE, 0x9B, 0x0A, 0x7B,
    0x0B, 0x7B, 0x0B, 0x7B, 0xAA, 0x6A, 0x49, 0x5A, 0xC6, 0x41, 0xE7, 0x41, 0xC7, 0x41, 0xC7, 0x41,
    0xC7, 0x41, 0xE7, 0x41, 0xE7, 0x41, 0xC7, 0x41, 0xC7, 0x41, 0xC7, 0x41, 0xC7, 0x41, 0xC7, 0x41,
    0xC6, 0x41, 0xA6, 0x39, 0x65, 0x39, 0xC6, 0x41, 0xC7, 0x41, 0x86, 0x39, 0x65, 0x31, 0x65, 0x31,
    0x86, 0x31, 0x85, 0x31, 0x86, 0x39, 0xC7, 0x39, 0xA6, 0x39, 0xA6, 0x39, 0xC7, 0x39, 0x49, 0x4A,
    0x89, 0x52, 0x69, 0x52, 0xE7, 0x41, 0xA6, 0x39, 0x86, 0x31, 0xA6, 0x31, 0xE8, 0x41, 0xE8, 0x41,
    0x08, 0x4A, 0x28, 0x4A, 0x69, 0x52, 0xAA, 0x5A, 0xCB, 0x62, 0xEB, 0x62, 0xAA, 0x5A, 0xCB, 0x62,
    0xCB, 0x62, 0x8A, 0x5A, 0xAA, 0x5A, 0xAA, 0x5A, 0xCA, 0x62, 0x8A, 0x5A, 0x89, 0x5A, 0x0B, 0x6B,
    0x0C, 0x6B, 0xEB, 0x62, 0x0B, 0x6B, 0x4C, 0x73, 0x2C, 0x6B, 0x2C, 0x73, 0x4D, 0x73, 0x2C, 0x6B,
    0x2C, 0x6B, 0x2C, 0x6B, 0x0C, 0x6B, 0xCB, 0x62, 0xEB, 0x6A, 0x0C, 0x6B, 0x2C, 0x6B, 0x2C, 0x6B,
    0xCB, 0x62, 0x8A, 0x52, 0xCB, 0x5A, 0xEB, 0x62, 0xEB, 0x5A, 0x8A, 0x52, 0x49, 0x4A, 0x69, 0x52,
    0xCB, 0x5A, 0x2C, 0x6B, 0x28, 0x4A, 0x48, 0x4A, 0x89, 0x52, 0xAA, 0x5A, 0x8A, 0x5A, 0x8A, 0x5A,
    0x8A, 0x5A, 0xAA, 0x62, 0xAA, 0x62, 0xCB, 0x62, 0xEB, 0x62, 0xCB, 0x62, 0xCB, 0x62, 0xCB, 0x62,
    0x0C, 0x63, 0x6D, 0x6B, 0x4C, 0x6B, 0xEB, 0x62, 0xEB, 0x5A, 0x4D, 0x6B, 0x2C, 0x63, 0x6D, 0x6B,
    0x6D, 0x63, 0x4D, 0x63, 0x4D, 0x63, 0x6D, 0x6B, 0xEB, 0x5A, 0xEB, 0x5A, 0x4C, 0x63, 0x4C, 0x63,
    0xEB, 0x5A, 0x28, 0x42, 0x08, 0x42, 0x69, 0x4A, 0x69, 0x4A, 0x8A, 0x52, 0xEB, 0x62, 0x8A, 0x52,
    0xAB, 0x5A, 0xAA, 0x52, 0x28, 0x42, 0xE7, 0x39, 0xC7, 0x39, 0xC7, 0x39, 0xC7, 0x39, 0xC7, 0x39,
    0xC7, 0x39, 0xC6, 0x31, 0xA6, 0x31, 0xA6, 0x31, 0xA6, 0x31, 0xA6, 0x31, 0xA6, 0x31, 0xA6, 0x31,
    0x86, 0x31, 0x86, 0x31, 0x86, 0x31, 0x86, 0x31, 0x86, 0x31, 0x65, 0x29, 0x65, 0x29, 0x65, 0x29,
    0x65, 0x29, 0x65, 0x29, 0x65, 0x29, 0x65, 0x29, 0x65, 0x29, 0x65, 0x29, 0x65, 0x29, 0x65, 0x29,
    0x65, 0x29, 0x65, 0x29, 0x65, 0x29, 0x65, 0x29, 0x65, 0x29, 0x65, 0x29, 0x65, 0x29, 0x65, 0x29,
    0x65, 0x29, 0x65, 0x29, 0x65, 0x29, 0x65, 0x29, 0x65, 0x29, 0x65, 0x29, 0x65, 0x29, 0x65, 0x29,
    0x65, 0x29, 0x65, 0x29, 0x65, 0x29, 0x65, 0x29, 0x65, 0x29, 0x86, 0x31, 0x86, 0x31, 0x86, 0x31,
    0x86, 0x31, 0x86, 0x31, 0x86, 0x31, 0x86, 0x31, 0x86, 0x31, 0x86, 0x31, 0x86, 0x31, 0xA6, 0x39,
    0xA6, 0x39, 0xA6, 0x39, 0xA6, 0x39, 0xA6, 0x39, 0xA6, 0x39, 0x86, 0x31, 0x86, 0x31, 0x86, 0x31,
    0xC7, 0x39, 0xC7, 0x39, 0xC7, 0x41, 0xE7, 0x41, 0x28, 0x4A, 0x07, 0x42, 0xA6, 0x39, 0xA6, 0x39,
    0x28, 0x4A, 0xA6, 0x39, 0xA6, 0x39, 0x08, 0x42, 0x49, 0x4A, 0x69, 0x52, 0x08, 0x42, 0x49, 0x4A,
    0x48, 0x52, 0xE7, 0x41, 0x28, 0x4A, 0x08, 0x4A, 0x08, 0x4A, 0x08, 0x4A, 0x28, 0x52, 0xAA, 0x5A,
    0x48, 0x52, 0x49, 0x52, 0x49, 0x52, 0x69, 0x52, 0x69, 0x5A, 0x69, 0x5A, 0x89, 0x5A, 0x89, 0x5A,
    0x8A, 0x5A, 0x8A, 0x5A, 0xAA, 0x5A, 0xAA, 0x62, 0xAA, 0x62, 0xCB, 0x62, 0xCB, 0x62, 0xEB, 0x6A,
    0xEB, 0x6A, 0xEB, 0x6A, 0x0B, 0x6B, 0x0B, 0x6B, 0x0B, 0x6B, 0x0B, 0x6B, 0xEB, 0x6A, 0xEA, 0x6A,
    0xCA, 0x6A, 0xCA, 0x6A, 0xAA, 0x6A, 0xA9, 0x6A, 0x89, 0x6A, 0x89, 0x6A, 0x69, 0x6A, 0x68, 0x6A,
    0x48, 0x6A, 0x68, 0x6A, 0x68, 0x6A, 0x68, 0x6A, 0x68, 0x72, 0x68, 0x72, 0x89, 0x72, 0xA9, 0x7A,
    0xC9, 0x82, 0x0A, 0x93, 0x4B, 0x9B, 0x8C, 0xA3, 0xCD, 0xAB, 0x0E, 0xB4, 0x2E, 0xBC, 0x6F, 0xBC,
    0x90, 0xBC, 0xD1, 0xC4, 0x12, 0xCD, 0x73, 0xCD, 0xB5, 0xD5, 0xF6, 0xDD, 0xF6, 0xD5, 0x16, 0xD6,
    0x16, 0xD6, 0x16, 0xDE, 0x16, 0xDE, 0x16, 0xD6, 0x16, 0xD6, 0x16, 0xD6, 0x16, 0xD6, 0x16, 0xD6,
    0x16, 0xD6, 0x16, 0xD6, 0x16, 0xD6, 0xF6, 0xD5, 0xF6, 0xD5, 0xF6, 0xD5, 0xF5, 0xD5, 0xF5, 0xD5,
    0xD5, 0xD5, 0xD5, 0xD5, 0xD5, 0xD5, 0xD5, 0xD5, 0xB5, 0xD5, 0xB5, 0xD5, 0xB5, 0xCD, 0xB4, 0xCD,
    0x94, 0xCD, 0x94, 0xCD, 0x74, 0xCD, 0x53, 0xCD, 0x12, 0xC5, 0xF2, 0xBC, 0x33, 0xC5, 0x33, 0xC5,
    0x12, 0xBD, 0xD1, 0xBC, 0xD1, 0xBC, 0xB1, 0xB4, 0x90, 0xB4, 0x70, 0xAC, 0x4F, 0xAC, 0x0E, 0xA4,
    0x0E, 0xA4, 0xEE, 0x9B, 0xCE, 0x9B, 0xCE, 0x9B, 0xEE, 0x9B, 0x0F, 0xA4, 0x8D, 0x93, 0xCA, 0x7A,
    0x2B, 0x7B, 0xEA, 0x72, 0x8A, 0x62, 0x07, 0x4A, 0xC7, 0x41, 0xC7, 0x41, 0xC7, 0x41, 0xC7, 0x41,
    0xC7, 0x41, 0xE7, 0x41, 0xE7, 0x41, 0xC7, 0x41, 0xC7, 0x41, 0xC7, 0x41, 0xC7, 0x41, 0xC7, 0x41,
    0xC7, 0x41, 0xA6, 0x39, 0x85, 0x39, 0xC6, 0x41, 0xC7, 0x41, 0x86, 0x31, 0x65, 0x31, 0x65, 0x31,
    0x85, 0x31, 0x85, 0x31, 0x85, 0x31, 0xC6, 0x39, 0xC6, 0x39, 0xA6, 0x39, 0xA6, 0x39, 0xC6, 0x39,
    0x48, 0x4A, 0x89, 0x52, 0x89, 0x52, 0xE7, 0x41, 0xA6, 0x39, 0x86, 0x31, 0xC7, 0x39, 0x08, 0x42,
    0xE7, 0x41, 0x08, 0x4A, 0x28, 0x4A, 0x69, 0x52, 0xAA, 0x5A, 0xCB, 0x62, 0xEB, 0x62, 0xAA, 0x5A,
    0xCB, 0x62, 0xCB, 0x62, 0xAA, 0x5A, 0xAA, 0x5A, 0xCA, 0x5A, 0xCB, 0x62, 0x89, 0x5A, 0xAA, 0x5A,
    0x0C, 0x6B, 0x0B, 0x6B, 0xCB, 0x62, 0x2C, 0x6B, 0x4C, 0x73, 0x2C, 0x6B, 0x2C, 0x73, 0x4D, 0x73,
    0x2C, 0x73, 0x2C, 0x73, 0x2C, 0x6B, 0xEB, 0x6A, 0xEB, 0x62, 0x0B, 0x6B, 0x0C, 0x6B, 0x2D, 0x73,
    0x2C, 0x6B, 0xEB, 0x62, 0xAA, 0x5A, 0xCA, 0x5A, 0xEB, 0x62, 0xEB, 0x62, 0xAA, 0x5A, 0x69, 0x52,
    0x69, 0x52, 0xEB, 0x62, 0x2C, 0x6B, 0x49, 0x52, 0x28, 0x4A, 0x48, 0x52, 0x8A, 0x5A, 0xAA, 0x5A,
    0x8A, 0x5A, 0xAA, 0x5A, 0xAA, 0x5A, 0xAA, 0x5A, 0xEB, 0x62, 0xCB, 0x62, 0xCB, 0x62, 0xCB, 0x62,
    0xCB, 0x5A, 0x4C, 0x6B, 0x4D, 0x6B, 0xEB, 0x62, 0xEB, 0x62, 0x4D, 0x6B, 0x2C, 0x63, 0x6D, 0x6B,
    0x6D, 0x63, 0x4D, 0x63, 0x4D, 0x63, 0x6D, 0x6B, 0x2C, 0x63, 0xCA, 0x52, 0x2C, 0x63, 0x2C, 0x63,
    0xCB, 0x5A, 0x69, 0x52, 0xE8, 0x41, 0x49, 0x4A, 0x49, 0x4A, 0x8A, 0x52, 0xCB, 0x5A, 0x69, 0x52,
    0xCB, 0x5A, 0xAA, 0x52, 0x28, 0x42, 0xE7, 0x39, 0xC7, 0x39, 0xC7, 0x39, 0xC7, 0x39, 0xC7, 0x39,
    0xC7, 0x39, 0xA6, 0x31, 0xA6, 0x31, 0xA6, 0x31, 0xA6, 0x31, 0xA6, 0x31, 0xA6, 0x31, 0xA6, 0x31,
    0x86, 0x31, 0x86, 0x31, 0x86, 0x31, 0x86, 0x31, 0x86, 0x31, 0x86, 0x31, 0x65, 0x29, 0x65, 0x29,
    0x65, 0x29, 0x65, 0x29, 0x65, 0x29, 0x65, 0x29, 0x65, 0x29, 0x65, 0x29, 0x65, 0x29, 0x65, 0x29,
    0x65, 0x29, 0x65, 0x29, 0x65, 0x29, 0x65, 0x29, 0x65, 0x29, 0x65, 0x29, 0x65, 0x29, 0x65, 0x29,
    0x65, 0x29, 0x65, 0x29, 0x65, 0x29, 0x65, 0x29, 0x65, 0x29, 0x65, 0x29, 0x65, 0x29, 0x65, 0x29,
    0x65, 0x29, 0x65, 0x29, 0x65, 0x29, 0x65, 0x29, 0x65, 0x29, 0x86, 0x31, 0x86, 0x31, 0x86, 0x31,
    0x86, 0x31, 0x86, 0x31, 0x86, 0x31, 0x86, 0x31, 0x86, 0x31, 0x86, 0x31, 0x86, 0x31, 0xA6, 0x39,
    0xA6, 0x39, 0xA6, 0x39, 0xA6, 0x39, 0xA6, 0x39, 0xA6, 0x39, 0x86, 0x31, 0x86, 0x31, 0x86, 0x31,
    0xA6, 0x39, 0xC7, 0x39, 0xC7, 0x41, 0xE7, 0x41, 0x07, 0x42, 0x28, 0x4A, 0xC7, 0x41, 0xA6, 0x39,
    0xE8, 0x41, 0xE7, 0x41, 0x86, 0x39, 0xE7, 0x41, 0x08, 0x4A, 0x69, 0x52, 0x28, 0x4A, 0x08, 0x4A,
    0x69, 0x52, 0xE7, 0x41, 0x08, 0x4A, 0x28, 0x4A, 0x08, 0x4A, 0x28, 0x4A, 0x28, 0x52, 0x8A, 0x5A,
    0x49, 0x52, 0x49, 0x52, 0x49, 0x52, 0x69, 0x52, 0x69, 0x5A, 0x69, 0x5A, 0x69, 0x5A, 0x89, 0x5A,
    0x89, 0x5A, 0x8A, 0x5A, 0xAA, 0x5A, 0xAA, 0x5A, 0xAA, 0x62, 0xCA, 0x62, 0xCA, 0x62, 0xCA, 0x62,
    0xCB, 0x6A, 0xCB, 0x6A, 0xCB, 0x6A, 0xCA, 0x6A, 0xCA, 0x6A, 0xCA, 0x6A, 0xCA, 0x62, 0xAA, 0x62,
    0xAA, 0x62, 0x89, 0x62, 0x89, 0x62, 0x89, 0x62, 0x69, 0x62, 0x68, 0x62, 0x48, 0x62, 0x48, 0x62,
    0x48, 0x6A, 0x48, 0x6A, 0x48, 0x6A, 0x48, 0x6A, 0x48, 0x72, 0x48, 0x72, 0x68, 0x72, 0x89, 0x7A,
    0x89, 0x7A, 0xC9, 0x8A, 0x0A, 0x93, 0x4B, 0x9B, 0x8C, 0xA3, 0xAD, 0xAB, 0xED, 0xB3, 0x0E, 0xB4,
    0x2E, 0xB4, 0x8F, 0xBC, 0xD1, 0xC4, 0x32, 0xCD, 0x94, 0xCD, 0xD5, 0xD5, 0xF6, 0xD5, 0x16, 0xD6,
    0x16, 0xD6, 0x16, 0xD6, 0x16, 0xDE, 0x16, 0xD6, 0x16, 0xD6, 0x16, 0xD6, 0x16, 0xD6, 0x16, 0xD6,
    0x16, 0xD6, 0x16, 0xD6, 0x16, 0xD6, 0xF6, 0xD5, 0xF6, 0xD5, 0xF6, 0xD5, 0xF5, 0xD5, 0xF5, 0xD5,
    0xD5, 0xD5, 0xD5, 0xD5, 0xD5, 0xD5, 0xD5, 0xD5, 0xD5, 0xCD, 0xB5, 0xD5, 0xB5, 0xCD, 0xB4, 0xCD,
    0x94, 0xCD, 0x94, 0xCD, 0x74, 0xCD, 0x53, 0xCD, 0x12, 0xBD, 0xF2, 0xBC, 0x33, 0xC5, 0x33, 0xC5,
    0x12, 0xBD, 0xD1, 0xBC, 0xD1, 0xBC, 0xD1, 0xBC, 0x90, 0xB4, 0x70, 0xAC, 0x2F, 0xAC, 0x0E, 0xA4,
    0x0E, 0xA4, 0xEE, 0xA3, 0xCE, 0x9B, 0xCE, 0x9B, 0xEE, 0x9B, 0x0F, 0x9C, 0x4C, 0x83, 0xCA, 0x7A,
    0x2B, 0x7B, 0xAA, 0x6A, 0x69, 0x5A, 0xC7, 0x41, 0xE7, 0x41, 0xE7, 0x41, 0xC7, 0x41, 0xC7, 0x41,
    0xC7, 0x41, 0xE7, 0x41, 0xE7, 0x41, 0xC7, 0x41, 0xC7, 0x41, 0xC7, 0x41, 0xC7, 0x41, 0xC7, 0x41,
    0xC7, 0x41, 0x85, 0x39, 0x86, 0x39, 0xC6, 0x41, 0xA7, 0x39, 0x66, 0x31, 0x65, 0x31, 0x65, 0x31,
    0x66, 0x31, 0x86, 0x31, 0x66, 0x31, 0x86, 0x31, 0xC7, 0x39, 0xA6, 0x39, 0xA6, 0x39, 0x86, 0x31,
    0xA6, 0x39, 0x48, 0x4A, 0x8A, 0x5A, 0x8A, 0x5A, 0x08, 0x42, 0xA6, 0x39, 0xA6, 0x31, 0xE7, 0x39,
    0x08, 0x42, 0xE7, 0x41, 0x08, 0x4A, 0x08, 0x4A, 0x49, 0x52, 0x8A, 0x5A, 0xCB, 0x5A, 0xEB, 0x62,
    0x8A, 0x5A, 0xCB, 0x5A, 0xCB, 0x62, 0xAA, 0x5A, 0x8A, 0x5A, 0xCB, 0x62, 0xCB, 0x62, 0x89, 0x5A,
    0xAA, 0x5A, 0x2C, 0x6B, 0xEB, 0x62, 0xEB, 0x6A, 0x4C, 0x73, 0x2C, 0x6B, 0x2C, 0x6B, 0x2C, 0x73,
    0x4D, 0x73, 0x2C, 0x73, 0x2C, 0x73, 0x0C, 0x6B, 0xEB, 0x6A, 0x0C, 0x6B, 0x0C, 0x6B, 0x0C, 0x6B,
    0x6D, 0x73, 0x2C, 0x6B, 0x2C, 0x6B, 0xAA, 0x5A, 0xAA, 0x5A, 0xEB, 0x62, 0xEB, 0x62, 0xCB, 0x5A,
    0x89, 0x52, 0x49, 0x4A, 0xEB, 0x62, 0xEB, 0x62, 0x69, 0x52, 0x28, 0x4A, 0x28, 0x4A, 0x69, 0x52,
    0x8A, 0x5A, 0xAA, 0x5A, 0xAA, 0x5A, 0xAA, 0x5A, 0xCA, 0x5A, 0xEB, 0x62, 0xCB, 0x62, 0xCB, 0x62,
    0xCB, 0x5A, 0xCB, 0x5A, 0x4D, 0x6B, 0x0B, 0x63, 0xEB, 0x62, 0x4D, 0x6B, 0x2C, 0x63, 0x6D, 0x6B,
    0x6D, 0x63, 0x4D, 0x63, 0x6D, 0x63, 0x4D, 0x63, 0x4D, 0x6B, 0xCB, 0x52, 0xEB, 0x5A, 0x2C, 0x63,
    0xCB, 0x5A, 0x8A, 0x52, 0x08, 0x42, 0x29, 0x4A, 0x49, 0x4A, 0x6A, 0x52, 0xCB, 0x5A, 0x69, 0x52,
    0xCB, 0x5A, 0xAA, 0x52, 0x28, 0x4A, 0xE7, 0x41, 0xC7, 0x39, 0xC7, 0x39, 0xC7, 0x39, 0xC7, 0x39,
    0xC7, 0x39, 0xC7, 0x39, 0xA6, 0x31, 0xA6, 0x31, 0xA6, 0x31, 0xA6, 0x31, 0xA6, 0x31, 0xA6, 0x31,
    0xA6, 0x31, 0x86, 0x31, 0x86, 0x31, 0x86, 0x31, 0x86, 0x31, 0x86, 0x31, 0x86, 0x31, 0x65, 0x29,
    0x65, 0x29, 0x65, 0x29, 0x65, 0x29, 0x65, 0x29, 0x65, 0x29, 0x65, 0x29, 0x65, 0x29, 0x65, 0x29,
    0x65, 0x29, 0x65, 0x29, 0x65, 0x29, 0x65, 0x29, 0x65, 0x29, 0x65, 0x29, 0x65, 0x29, 0x65, 0x29,
    0x65, 0x29, 0x65, 0x29, 0x65, 0x29, 0x65, 0x29, 0x65, 0x29, 0x65, 0x29, 0x65, 0x29, 0x65, 0x29,
    0x65, 0x29, 0x65, 0x29, 0x86, 0x31, 0x65, 0x29, 0x86, 0x31, 0x86, 0x31, 0x86, 0x31, 0x86, 0x31,
    0x86, 0x31, 0x86, 0x31, 0x86, 0x31, 0x86, 0x31, 0x86, 0x31, 0x86, 0x31, 0x86, 0x31, 0xA6, 0x39,
    0xA6, 0x39, 0xA6, 0x39, 0xA6, 0x39, 0xA6, 0x39, 0x86, 0x31, 0x86, 0x31, 0x86, 0x31, 0x86, 0x31,
    0x86, 0x31, 0xC7, 0x39, 0xC7, 0x39, 0xE7, 0x41, 0xE7, 0x41, 0x28, 0x4A, 0x08, 0x4A, 0xA6, 0x39,
    0xC7, 0x41, 0x28, 0x4A, 0x86, 0x31, 0xC7, 0x39, 0xE7, 0x41, 0x69, 0x52, 0x49, 0x52, 0x08, 0x42,
    0x89, 0x5A, 0x28, 0x4A, 0x07, 0x4A, 0x28, 0x4A, 0x28, 0x4A, 0x28, 0x4A, 0x28, 0x4A, 0x8A, 0x5A,
    0x69, 0x52, 0x49, 0x52, 0x69, 0x52, 0x69, 0x52, 0x69, 0x52, 0x69, 0x5A, 0x69, 0x5A, 0x89, 0x5A,
    0x89, 0x5A, 0x8A, 0x5A, 0x8A, 0x5A, 0xAA, 0x5A, 0xAA, 0x5A, 0xAA, 0x62, 0xAA, 0x62, 0xAA, 0x62,
    0xAA, 0x62, 0xAA, 0x62, 0xAA, 0x62, 0xAA, 0x62, 0xAA, 0x62, 0x8A, 0x62, 0x89, 0x62, 0x89, 0x62,
    0x89, 0x62, 0x69, 0x62, 0x48, 0x62, 0x48, 0x62, 0x48, 0x62, 0x48, 0x62, 0x28, 0x62, 0x28, 0x62,
    0x27, 0x62, 0x27, 0x62, 0x28, 0x6A, 0x27, 0x6A, 0x48, 0x6A, 0x48, 0x6A, 0x48, 0x72, 0x68, 0x72,
    0x68, 0x7A, 0x89, 0x82, 0xC9, 0x8A, 0x0A, 0x93, 0x2B, 0x9B, 0x6B, 0xA3, 0x8C, 0xAB, 0xCC, 0xAB,
    0xED, 0xB3, 0x2E, 0xB4, 0x6F, 0xBC, 0xD1, 0xC4, 0x33, 0xCD, 0x94, 0xD5, 0xD5, 0xD5, 0xF6, 0xD5,
    0x16, 0xD6, 0x16, 0xD6, 0x16, 0xD6, 0x17, 0xD6, 0x16, 0xD6, 0x16, 0xD6, 0x16, 0xD6, 0x16, 0xD6,
    0x16, 0xD6, 0x16, 0xD6, 0x16, 0xD6, 0xF6, 0xD5, 0xF6, 0xD5, 0xF6, 0xD5, 0xF6, 0xD5, 0xF5, 0xD5,
    0xD5, 0xD5, 0xD5, 0xD5, 0xD5, 0xCD, 0xD5, 0xD5, 0xD5, 0xCD, 0xB5, 0xCD, 0xB5, 0xCD, 0xB4, 0xCD,
    0x94, 0xCD, 0x94, 0xCD, 0x74, 0xCD, 0x53, 0xC5, 0xF2, 0xBC, 0x12, 0xBD, 0x33, 0xC5, 0x33, 0xC5,
    0x12, 0xC5, 0xF2, 0xBC, 0xD1, 0xBC, 0xD1, 0xBC, 0xB0, 0xB4, 0x70, 0xAC, 0x2F, 0xAC, 0x0E, 0xA4,
    0x0E, 0xA4, 0xEE, 0x9B, 0xCE, 0x9B, 0xCE, 0x9B, 0xEE, 0x9B, 0xCE, 0x9B, 0xEA, 0x7A, 0x0B, 0x7B,
    0x0B, 0x73, 0xA9, 0x62, 0x28, 0x52, 0xE7, 0x49, 0xC7, 0x41, 0xC7, 0x41, 0xC7, 0x41, 0xC7, 0x41,
    0xC7, 0x41, 0xE7, 0x41, 0xE7, 0x41, 0xC7, 0x41, 0xC7, 0x41, 0xC7, 0x41, 0xC7, 0x41, 0xC7, 0x41,
    0xC7, 0x41, 0x65, 0x31, 0xA6, 0x39, 0xC6, 0x41, 0xA6, 0x39, 0x65, 0x31, 0x65, 0x31, 0x65, 0x31,
    0x65, 0x31, 0x86, 0x31, 0x66, 0x31, 0x66, 0x31, 0x86, 0x31, 0xC7, 0x39, 0xA6, 0x31, 0xC7, 0x39,
    0x65, 0x31, 0xA6, 0x39, 0x28, 0x4A, 0x8A, 0x5A, 0x8A, 0x5A, 0x28, 0x42, 0xC6, 0x39, 0xA6, 0x39,
    0x08, 0x42, 0x28, 0x42, 0xE7, 0x41, 0x08, 0x4A, 0x28, 0x4A, 0x49, 0x52, 0x69, 0x52, 0xCB, 0x5A,
    0xEB, 0x62, 0x8A, 0x52, 0xCB, 0x5A, 0xCB, 0x62, 0xAA, 0x5A, 0xAA, 0x5A, 0xEB, 0x62, 0xCB, 0x62,
    0x89, 0x5A, 0xEB, 0x62, 0x2C, 0x6B, 0xCB, 0x62, 0x2C, 0x6B, 0x4D, 0x73, 0x0C, 0x6B, 0x2C, 0x6B,
    0x2C, 0x73, 0x4D, 0x73, 0x2C, 0x6B, 0x2C, 0x6B, 0xEB, 0x6A, 0x0C, 0x6B, 0x0C, 0x6B, 0x0C, 0x6B,
    0x4C, 0x6B, 0x6D, 0x73, 0x2C, 0x6B, 0x2C, 0x6B, 0xAA, 0x5A, 0xAA, 0x5A, 0xEB, 0x5A, 0xEB, 0x5A,
    0xEB, 0x5A, 0xAA, 0x52, 0x69, 0x4A, 0xCA, 0x5A, 0xCA, 0x5A, 0x8A, 0x52, 0x69, 0x52, 0x48, 0x4A,
    0x48, 0x52, 0x69, 0x52, 0xAA, 0x5A, 0xCB, 0x62, 0xCA, 0x5A, 0xCB, 0x5A, 0xEB, 0x62, 0xCB, 0x62,
    0xCB, 0x62, 0xCB, 0x5A, 0xEB, 0x62, 0x2C, 0x6B, 0xEB, 0x62, 0x4D, 0x6B, 0x2C, 0x63, 0x6D, 0x6B,
    0x6D, 0x63, 0x6D, 0x6B, 0x4D, 0x63, 0x4D, 0x6B, 0x6D, 0x6B, 0x0C, 0x5B, 0xAA, 0x52, 0x0B, 0x5B,
    0xCB, 0x5A, 0x8A, 0x52, 0x49, 0x4A, 0x08, 0x42, 0x69, 0x4A, 0x49, 0x4A, 0x8A, 0x52, 0x8A, 0x52,
    0xEB, 0x5A, 0xAA, 0x5A, 0x28, 0x4A, 0xE7, 0x41, 0xC7, 0x39, 0xC7, 0x39, 0xC7, 0x39, 0xC7, 0x39,
    0xC7, 0x39, 0xC7, 0x39, 0xA6, 0x31, 0xA6, 0x31, 0xA6, 0x31, 0xA6, 0x31, 0xA6, 0x31, 0xA6, 0x31,
    0xA6, 0x31, 0x86, 0x31, 0x86, 0x31, 0x86, 0x31, 0x86, 0x31, 0x86, 0x31, 0x86, 0x31, 0x86, 0x31,
    0x65, 0x29, 0x65, 0x29, 0x65, 0x29, 0x65, 0x29, 0x65, 0x29, 0x65, 0x29, 0x65, 0x29, 0x65, 0x29,
    0x65, 0x29, 0x65, 0x29, 0x65, 0x29, 0x65, 0x29, 0x65, 0x29, 0x65, 0x29, 0x65, 0x29, 0x65, 0x29,
    0x65, 0x29, 0x65, 0x29, 0x65, 0x29, 0x65, 0x29, 0x65, 0x29, 0x65, 0x29, 0x65, 0x29, 0x65, 0x29,
    0x65, 0x29, 0x65, 0x29, 0x65, 0x29, 0x65, 0x29, 0x86, 0x31, 0x86, 0x31, 0x86, 0x31, 0x86, 0x31,
    0x86, 0x31, 0x86, 0x31, 0x86, 0x31, 0x86, 0x31, 0x86, 0x31, 0x86, 0x31, 0x86, 0x31, 0x86, 0x31,
    0x86, 0x31, 0xA6, 0x39, 0xA6, 0x39, 0xA6, 0x39, 0x86, 0x31, 0x86, 0x31, 0x86, 0x31, 0x86, 0x31,
    0x85, 0x31, 0x86, 0x39, 0xC7, 0x39, 0xC7, 0x41, 0xE7, 0x41, 0xE7, 0x41, 0x28, 0x4A, 0xE7, 0x41,
    0xC6, 0x39, 0x28, 0x4A, 0xC7, 0x39, 0xA6, 0x39, 0xE7, 0x41, 0x28, 0x4A, 0x8A, 0x52, 0x08, 0x4A,
    0x49, 0x52, 0x49, 0x52, 0xE7, 0x41, 0x28, 0x4A, 0x28, 0x4A, 0x28, 0x4A, 0x08, 0x4A, 0xAA, 0x5A,
    0x69, 0x52, 0x49, 0x52, 0x69, 0x52, 0x69, 0x52, 0x69, 0x52, 0x69, 0x52, 0x69, 0x5A, 0x89, 0x5A,
    0x89, 0x5A, 0x8A, 0x5A, 0x8A, 0x5A, 0x8A, 0x5A, 0xAA, 0x5A, 0xAA, 0x62, 0xAA, 0x62, 0xAA, 0x62,
    0xAA, 0x62, 0x8A, 0x62, 0x8A, 0x62, 0x89, 0x62, 0x69, 0x62, 0x69, 0x62, 0x69, 0x62, 0x69, 0x62,
    0x69, 0x62, 0x48, 0x62, 0x48, 0x62, 0x48, 0x62, 0x48, 0x62, 0x28, 0x62, 0x27, 0x62, 0x27, 0x62,
    0x27, 0x62, 0x27, 0x62, 0x27, 0x6A, 0x27, 0x6A, 0x27, 0x6A, 0x28, 0x6A, 0x48, 0x6A, 0x48, 0x72,
    0x68, 0x7A, 0x68, 0x7A, 0x88, 0x82, 0xA9, 0x8A, 0xE9, 0x92, 0x0A, 0x9B, 0x2A, 0x9B, 0x6B, 0xA3,
    0xAC, 0xAB, 0xED, 0xAB, 0x2E, 0xB4, 0x90, 0xBC, 0xF2, 0xC4, 0x73, 0xCD, 0xD5, 0xD5, 0xF6, 0xD5,
    0xF6, 0xD5, 0x16, 0xD6, 0x16, 0xD6, 0x16, 0xD6, 0x16, 0xD6, 0x16, 0xD6, 0x16, 0xD6, 0x16, 0xD6,
    0x16, 0xD6, 0x16, 0xD6, 0x16, 0xD6, 0xF6, 0xD5, 0xF6, 0xD5, 0xF5, 0xD5, 0xF5, 0xD5, 0xF5, 0xCD,
    0xD5, 0xD5, 0xD5, 0xD5, 0xD5, 0xCD, 0xD5, 0xCD, 0xB5, 0xCD, 0xB5, 0xCD, 0xB5, 0xCD, 0xB4, 0xCD,
    0x94, 0xCD, 0x74, 0xCD, 0x74, 0xC5, 0x53, 0xC5, 0xF2, 0xBC, 0x12, 0xC5, 0x33, 0xC5, 0x33, 0xC5,
    0x33, 0xC5, 0xF2, 0xBC, 0xD1, 0xBC, 0xD1, 0xBC, 0xB1, 0xB4, 0x70, 0xAC, 0x2F, 0xAC, 0x0E, 0xA4,
    0x0E, 0xA4, 0xEE, 0x9B, 0xCD, 0x9B, 0xCD, 0x9B, 0xEE, 0x9B, 0x8D, 0x93, 0xCA, 0x72, 0x2B, 0x7B,
    0xCA, 0x6A, 0x69, 0x5A, 0x07, 0x4A, 0x08, 0x4A, 0xC7, 0x41, 0xC7, 0x41, 0xC7, 0x41, 0xC7, 0x41,
    0xC7, 0x41, 0xC7, 0x41, 0xC7, 0x41, 0xC7, 0x41, 0xE7, 0x41, 0xE7, 0x41, 0xE7, 0x41, 0xE7, 0x41,
    0xA6, 0x39, 0x85, 0x39, 0xC6, 0x41, 0xC6, 0x39, 0x65, 0x31, 0x65, 0x31, 0x65, 0x29, 0x65, 0x31,
    0x65, 0x29, 0x66, 0x31, 0x86, 0x31, 0x66, 0x31, 0x65, 0x31, 0xA6, 0x31, 0xC7, 0x39, 0xC7, 0x39,
    0xA6, 0x39, 0x65, 0x31, 0xA6, 0x39, 0x08, 0x4A, 0x69, 0x52, 0x8A, 0x52, 0x28, 0x42, 0xC7, 0x39,
    0xC7, 0x39, 0x08, 0x42, 0x08, 0x42, 0xE7, 0x41, 0x28, 0x4A, 0x28, 0x4A, 0x69, 0x52, 0x69, 0x52,
    0xCA, 0x5A, 0xEB, 0x62, 0xAA, 0x5A, 0xCB, 0x62, 0xEB, 0x62, 0xAA, 0x5A, 0xAB, 0x62, 0xEB, 0x62,
    0xAA, 0x5A, 0x89, 0x5A, 0x2C, 0x6B, 0x0B, 0x6B, 0xCB, 0x62, 0x2C, 0x73, 0x2C, 0x73, 0x0B, 0x6B,
    0x2C, 0x73, 0x4C, 0x73, 0x4C, 0x73, 0x2C, 0x6B, 0x0C, 0x6B, 0x0C, 0x6B, 0x0C, 0x6B, 0x2C, 0x6B,
    0x2C, 0x6B, 0x6D, 0x73, 0x6D, 0x73, 0x2C, 0x6B, 0x2C, 0x6B, 0xCA, 0x5A, 0xAA, 0x52, 0xEB, 0x5A,
    0xEB, 0x5A, 0xEB, 0x62, 0xAA, 0x5A, 0x69, 0x52, 0xCA, 0x5A, 0xAA, 0x5A, 0xAA, 0x5A, 0x89, 0x5A,
    0x69, 0x52, 0x48, 0x52, 0x69, 0x52, 0x89, 0x52, 0xCA, 0x5A, 0xCB, 0x5A, 0xCB, 0x62, 0xEB, 0x62,
    0xCB, 0x62, 0xCB, 0x62, 0xAA, 0x5A, 0xEB, 0x62, 0x0B, 0x63, 0x2C, 0x63, 0x2C, 0x63, 0x6D, 0x6B,
    0x6D, 0x6B, 0x6D, 0x6B, 0x6D, 0x6B, 0x4D, 0x63, 0x4D, 0x63, 0x4D, 0x63, 0xAA, 0x52, 0xCB, 0x5A,
    0x8A, 0x52, 0x8A, 0x52, 0x8A, 0x52, 0xE8, 0x41, 0x69, 0x4A, 0x49, 0x4A, 0x69, 0x4A, 0x8A, 0x52,
    0xEB, 0x62, 0xAA, 0x5A, 0x28, 0x4A, 0xE7, 0x41, 0xC7, 0x39, 0xC7, 0x39, 0xC7, 0x39, 0xC7, 0x39,
    0xC7, 0x39, 0xA7, 0x39, 0xA6, 0x31, 0xA6, 0x31, 0xA6, 0x31, 0xA6, 0x31, 0xA6, 0x31, 0xA6, 0x31,
    0xA6, 0x31, 0x86, 0x31, 0x86, 0x31, 0x86, 0x31, 0x86, 0x31, 0x86, 0x31, 0x86, 0x31, 0x86, 0x31,
    0x85, 0x31, 0x65, 0x29, 0x65, 0x29, 0x65, 0x29, 0x65, 0x29, 0x65, 0x29, 0x65, 0x29, 0x65, 0x29,
    0x65, 0x29, 0x65, 0x29, 0x65, 0x29, 0x65, 0x29, 0x65, 0x29, 0x65, 0x29, 0x65, 0x29, 0x65, 0x29,
    0x65, 0x29, 0x65, 0x29, 0x65, 0x29, 0x65, 0x29, 0x65, 0x29, 0x65, 0x29, 0x65, 0x29, 0x65, 0x29,
    0x65, 0x29, 0x65, 0x29, 0x65, 0x29, 0x86, 0x31, 0x86, 0x31, 0x86, 0x31, 0x86, 0x31, 0x86, 0x31,
    0x86, 0x31, 0x86, 0x31, 0x86, 0x31, 0x86, 0x31, 0x86, 0x31, 0x86, 0x31, 0x86, 0x31, 0x86, 0x31,
    0xA6, 0x31, 0xA6, 0x31, 0xA6, 0x39, 0x86, 0x31, 0x86, 0x31, 0x86, 0x31, 0x86, 0x31, 0x86, 0x31,
    0x85, 0x31, 0x85, 0x31, 0xA6, 0x39, 0xC7, 0x39, 0xE7, 0x41, 0xE7, 0x41, 0x07, 0x42, 0x28, 0x4A,
    0xA6, 0x39, 0xE7, 0x41, 0x08, 0x42, 0xA6, 0x39, 0x08, 0x42, 0x08, 0x42, 0x89, 0x52, 0x48, 0x4A,
    0x28, 0x4A, 0x69, 0x52, 0x07, 0x4A, 0x08, 0x4A, 0x28, 0x4A, 0x28, 0x4A, 0x08, 0x4A, 0x8A, 0x5A,
    0x89, 0x5A, 0x49, 0x52, 0x69, 0x52, 0x69, 0x52, 0x69, 0x52, 0x69, 0x5A, 0x69, 0x5A, 0x89, 0x5A,
    0x89, 0x5A, 0x8A, 0x5A, 0x8A, 0x5A, 0xAA, 0x5A, 0x8A, 0x5A, 0x8A, 0x5A, 0x8A, 0x5A, 0x8A, 0x5A,
    0x89, 0x5A, 0x8A, 0x5A, 0x69, 0x5A, 0x69, 0x62, 0x69, 0x62, 0x69, 0x5A, 0x49, 0x5A, 0x48, 0x5A,
    0x48, 0x5A, 0x48, 0x5A, 0x28, 0x5A, 0x27, 0x62, 0x27, 0x62, 0x07, 0x62, 0x27, 0x62, 0x07, 0x62,
    0x27, 0x62, 0x27, 0x62, 0x27, 0x62, 0x27, 0x6A, 0x27, 0x6A, 0x27, 0x6A, 0x28, 0x6A, 0x48, 0x72,
    0x48, 0x7A, 0x48, 0x7A, 0x68, 0x7A, 0x68, 0x82, 0x88, 0x82, 0xA8, 0x8A, 0xE9, 0x92, 0x0A, 0x93,
    0x4B, 0x9B, 0x8C, 0xA3, 0xED, 0xAB, 0x4F, 0xB4, 0xB0, 0xBC, 0x32, 0xC5, 0x94, 0xCD, 0xD5, 0xD5,
    0xF6, 0xD5, 0x16, 0xD6, 0x16, 0xD6, 0x16, 0xD6, 0x16, 0xD6, 0x16, 0xD6, 0x16, 0xD6, 0x16, 0xD6,
    0x16, 0xD6, 0xF6, 0xD5, 0xF6, 0xD5, 0xF6, 0xD5, 0xF6, 0xD5, 0xF6, 0xD5, 0xF5, 0xD5, 0xD5, 0xD5,
    0xD5, 0xD5, 0xD5, 0xD5, 0xD5, 0xD5, 0xD5, 0xCD, 0xB5, 0xCD, 0xB5, 0xCD, 0xB4, 0xCD, 0x94, 0xCD,
    0x94, 0xCD, 0x74, 0xCD, 0x73, 0xC5, 0x53, 0xC5, 0xF2, 0xBC, 0x33, 0xC5, 0x33, 0xC5, 0x33, 0xC5,
    0x33, 0xC5, 0xF2, 0xBC, 0xD1, 0xBC, 0xD1, 0xBC, 0xB1, 0xB4, 0x70, 0xAC, 0x4F, 0xAC, 0x0E, 0xA4,
    0x0E, 0xA4, 0xCE, 0x9B, 0xCD, 0x9B, 0xCD, 0x9B, 0xEE, 0x9B, 0x4B, 0x83, 0xEA, 0x72, 0x2B, 0x7B,
    0xA9, 0x62, 0x28, 0x52, 0xE7, 0x49, 0x08, 0x4A, 0xE7, 0x41, 0xC7, 0x41, 0xC7, 0x41, 0xC7, 0x41,
    0xC7, 0x41, 0xC7, 0x41, 0xC7, 0x41, 0xC7, 0x41, 0xC7, 0x41, 0xC7, 0x41, 0xC7, 0x41, 0xE7, 0x41,
    0x86, 0x39, 0xA6, 0x39, 0xC7, 0x41, 0xA6, 0x39, 0x45, 0x29, 0x65, 0x29, 0x65, 0x29, 0x65, 0x29,
    0x65, 0x29, 0x86, 0x31, 0x86, 0x31, 0x65, 0x31, 0x65, 0x31, 0x65, 0x29, 0xC7, 0x39, 0xC7, 0x39,
    0xC7, 0x39, 0x65, 0x31, 0x65, 0x31, 0xA6, 0x39, 0xE7, 0x41, 0x48, 0x4A, 0x89, 0x52, 0x28, 0x4A,
    0xE7, 0x41, 0xE7, 0x41, 0x28, 0x4A, 0x08, 0x42, 0xC7, 0x41, 0x08, 0x4A, 0x28, 0x4A, 0x69, 0x52,
    0x49, 0x52, 0xAA, 0x5A, 0xEB, 0x62, 0xAA, 0x5A, 0xCB, 0x5A, 0xEB, 0x62, 0xAA, 0x5A, 0xEB, 0x62,
    0xCB, 0x62, 0x8A, 0x5A, 0xCA, 0x62, 0x2C, 0x6B, 0xEB, 0x62, 0xEB, 0x62, 0x4D, 0x73, 0x2C, 0x6B,
    0x0C, 0x6B, 0x2C, 0x73, 0x4D, 0x73, 0x4C, 0x73, 0x0B, 0x6B, 0x2C, 0x6B, 0x0C, 0x6B, 0x2C, 0x6B,
    0x2C, 0x6B, 0x2C, 0x6B, 0x6D, 0x73, 0x4C, 0x6B, 0x0C, 0x6B, 0x2C, 0x6B, 0xCA, 0x5A, 0xAA, 0x5A,
    0xCB, 0x5A, 0xEB, 0x5A, 0xEB, 0x62, 0xCB, 0x5A, 0x89, 0x52, 0xAA, 0x5A, 0xAA, 0x5A, 0xAA, 0x5A,
    0xAA, 0x5A, 0x8A, 0x5A, 0x69, 0x52, 0x69, 0x52, 0x69, 0x52, 0xAA, 0x5A, 0xCB, 0x62, 0xEB, 0x62,
    0xEB, 0x62, 0xCB, 0x62, 0xCA, 0x5A, 0xAA, 0x5A, 0x0B, 0x63, 0x4C, 0x6B, 0x4D, 0x63, 0x6D, 0x6B,
    0x6D, 0x6B, 0x6D, 0x6B, 0x6D, 0x6B, 0x4D, 0x63, 0x4D, 0x63, 0x4D, 0x6B, 0xEB, 0x5A, 0x8A, 0x52,
    0x8A, 0x52, 0x8A, 0x52, 0x8A, 0x52, 0x49, 0x4A, 0x08, 0x42, 0x69, 0x4A, 0x29, 0x4A, 0x8A, 0x52,
    0xEB, 0x62, 0xAA, 0x5A, 0x28, 0x4A, 0xE7, 0x41, 0xC7, 0x39, 0xC7, 0x39, 0xC7, 0x39, 0xC7, 0x39,
    0xC7, 0x39, 0xA7, 0x39, 0xA6, 0x39, 0xA6, 0x31, 0xA6, 0x31, 0xA6, 0x31, 0xA6, 0x31, 0xA6, 0x31,
    0xA6, 0x31, 0xA6, 0x31, 0x86, 0x31, 0x86, 0x31, 0x86, 0x31, 0x86, 0x31, 0x86, 0x31, 0x86, 0x31,
    0x86, 0x31, 0x65, 0x29, 0x65, 0x29, 0x65, 0x29, 0x65, 0x29, 0x65, 0x29, 0x65, 0x29, 0x65, 0x29,
    0x65, 0x29, 0x65, 0x29, 0x65, 0x29, 0x65, 0x29, 0x65, 0x29, 0x65, 0x29, 0x65, 0x29, 0x65, 0x29,
    0x65, 0x29, 0x65, 0x29, 0x65, 0x29, 0x65, 0x29, 0x65, 0x29, 0x65, 0x29, 0x65, 0x29, 0x65, 0x29,
    0x65, 0x29, 0x65, 0x29, 0x86, 0x31, 0x86, 0x31, 0x86, 0x31, 0x86, 0x31, 0x86, 0x31, 0x86, 0x31,
    0x86, 0x31, 0x86, 0x31, 0x86, 0x31, 0x86, 0x31, 0x86, 0x31, 0x86, 0x31, 0x86, 0x31, 0x86, 0x31,
    0xA6, 0x31, 0xA6, 0x31, 0x86, 0x31, 0x86, 0x31, 0x86, 0x31, 0x86, 0x31, 0x86, 0x31, 0x86, 0x31,
    0x86, 0x31, 0x85, 0x31, 0x86, 0x31, 0xC7, 0x39, 0xC7, 0x39, 0xE7, 0x41, 0xE7, 0x39, 0x28, 0x4A,
    0xE7, 0x41, 0xA6, 0x39, 0x08, 0x42, 0xC7, 0x39, 0xE7, 0x39, 0x08, 0x42, 0x49, 0x4A, 0x8A, 0x52,
    0x08, 0x42, 0x89, 0x52, 0x28, 0x4A, 0x07, 0x4A, 0x28, 0x4A, 0x28, 0x52, 0x28, 0x4A, 0x69, 0x52,
    0xAA, 0x5A, 0x49, 0x52, 0x69, 0x52, 0x69, 0x52, 0x69, 0x52, 0x69, 0x5A, 0x69, 0x5A, 0x89, 0x5A,
    0x89, 0x5A, 0x89, 0x5A, 0x8A, 0x5A, 0x8A, 0x5A, 0x8A, 0x5A, 0x8A, 0x5A, 0x89, 0x5A, 0x69, 0x5A,
    0x69, 0x5A, 0x69, 0x5A, 0x49, 0x5A, 0x49, 0x5A, 0x48, 0x5A, 0x48, 0x5A, 0x28, 0x5A, 0x28, 0x5A,
    0x28, 0x5A, 0x27, 0x5A, 0x27, 0x5A, 0x27, 0x5A, 0x07, 0x5A, 0x07, 0x5A, 0xE7, 0x59, 0xC7, 0x59,
    0xE7, 0x59, 0xE7, 0x59, 0xE7, 0x59, 0xE7, 0x59, 0x07, 0x62, 0x07, 0x62, 0x07, 0x62, 0x27, 0x6A,
    0x48, 0x72, 0x48, 0x72, 0x68, 0x7A, 0x68, 0x7A, 0x68, 0x7A, 0x88, 0x82, 0x88, 0x82, 0xA9, 0x8A,
    0xEA, 0x92, 0x2A, 0x9B, 0x8C, 0xA3, 0xED, 0xAB, 0x6F, 0xB4, 0xD1, 0xBC, 0x33, 0xC5, 0xB4, 0xCD,
    0xD5, 0xCD, 0xF6, 0xD5, 0xF6, 0xD5, 0xF6, 0xD5, 0xF6, 0xD5, 0x16, 0xD6, 0x16, 0xD6, 0x16, 0xD6,
    0xF6, 0xD5, 0xF6, 0xD5, 0xF6, 0xD5, 0xF6, 0xD5, 0xF6, 0xD5, 0xF5, 0xD5, 0xF5, 0xCD, 0xD5, 0xD5,
    0xD5, 0xD5, 0xD5, 0xCD, 0xD5, 0xCD, 0xD5, 0xCD, 0xB5, 0xCD, 0xB5, 0xCD, 0x94, 0xCD, 0x94, 0xCD,
    0x94, 0xCD, 0x74, 0xC5, 0x73, 0xC5, 0x53, 0xC5, 0xF2, 0xBC, 0x33, 0xC5, 0x33, 0xC5, 0x33, 0xC5,
    0x33, 0xC5, 0xF2, 0xBC, 0xD1, 0xBC, 0xD2, 0xBC, 0xD1, 0xBC, 0x70, 0xB4, 0x4F, 0xAC, 0x0E, 0xA4,
    0xEE, 0x9B, 0xCE, 0x9B, 0xCD, 0x9B, 0xCD, 0x9B, 0xCD, 0x93, 0x0A, 0x7B, 0x2B, 0x7B, 0xEA, 0x72,
    0x68, 0x5A, 0x07, 0x4A, 0xE7, 0x49, 0x07, 0x4A, 0xE7, 0x49, 0xC7, 0x41, 0xC7, 0x41, 0xC7, 0x41,
    0xC7, 0x41, 0xC7, 0x41, 0xC7, 0x41, 0xC7, 0x41, 0xE7, 0x41, 0xC7, 0x41, 0xE7, 0x41, 0xC7, 0x41,
    0x86, 0x39, 0xC6, 0x41, 0xC6, 0x39, 0x65, 0x31, 0x45, 0x29, 0x65, 0x29, 0x65, 0x29, 0x65, 0x29,
    0x65, 0x29, 0x65, 0x29, 0x86, 0x31, 0x65, 0x29, 0x65, 0x29, 0x65, 0x29, 0x65, 0x29, 0xC7, 0x39,
    0xC7, 0x41, 0xA6, 0x39, 0x65, 0x31, 0xA6, 0x31, 0xA6, 0x39, 0xC7, 0x39, 0x28, 0x4A, 0x69, 0x52,
    0x28, 0x4A, 0xE7, 0x41, 0x07, 0x42, 0x28, 0x4A, 0x08, 0x42, 0xC7, 0x41, 0x08, 0x4A, 0x49, 0x4A,
    0x69, 0x52, 0x49, 0x52, 0xAA, 0x5A, 0xEB, 0x62, 0xAA, 0x5A, 0xCB, 0x5A, 0xEB, 0x62, 0xCB, 0x62,
    0xEB, 0x62, 0xCA, 0x62, 0xAA, 0x5A, 0xEB, 0x62, 0x2C, 0x6B, 0xCB, 0x62, 0x2C, 0x6B, 0x4D, 0x73,
    0x0C, 0x6B, 0x2C, 0x6B, 0x4C, 0x73, 0x6D, 0x73, 0x2C, 0x6B, 0x2C, 0x6B, 0x0C, 0x6B, 0x0B, 0x6B,
    0x4C, 0x6B, 0x2C, 0x6B, 0x4C, 0x6B, 0x6D, 0x73, 0x2C, 0x6B, 0x0B, 0x63, 0x2C, 0x6B, 0xCB, 0x5A,
    0xAA, 0x52, 0xEB, 0x5A, 0xEB, 0x5A, 0x0B, 0x63, 0x0B, 0x63, 0xAA, 0x5A, 0xCB, 0x5A, 0x69, 0x52,
    0x89, 0x5A, 0xCA, 0x5A, 0xCA, 0x5A, 0x8A, 0x5A, 0x69, 0x52, 0x69, 0x52, 0x8A, 0x5A, 0xCB, 0x62,
    0xEB, 0x62, 0xCB, 0x62, 0xCA, 0x62, 0xAA, 0x5A, 0xEB, 0x62, 0x4D, 0x6B, 0x4D, 0x6B, 0x6D, 0x6B,
    0x6D, 0x6B, 0x6D, 0x6B, 0x6D, 0x6B, 0x4D, 0x63, 0x4D, 0x63, 0x4D, 0x63, 0x0C, 0x63, 0x69, 0x4A,
    0x8A, 0x52, 0xAA, 0x52, 0x69, 0x4A, 0x8A, 0x52, 0x08, 0x42, 0x49, 0x4A, 0x49, 0x4A, 0x8A, 0x52,
    0xEB, 0x62, 0xAA, 0x5A, 0x28, 0x4A, 0xC7, 0x39, 0xC7, 0x39, 0xC7, 0x39, 0xC7, 0x39, 0xC7, 0x39,
    0xC7, 0x39, 0xA7, 0x39, 0xA6, 0x39, 0xA6, 0x39, 0xA6, 0x39, 0xA6, 0x39, 0xA6, 0x31, 0xA6, 0x31,
    0xA6, 0x31, 0xA6, 0x31, 0xA6, 0x31, 0x86, 0x31, 0x86, 0x31, 0x86, 0x31, 0x86, 0x31, 0x86, 0x31,
    0x86, 0x31, 0x86, 0x31, 0x65, 0x29, 0x65, 0x29, 0x65, 0x29, 0x65, 0x29, 0x65, 0x29, 0x65, 0x29,
    0x65, 0x29, 0x65, 0x29, 0x65, 0x29, 0x65, 0x29, 0x65, 0x29, 0x65, 0x29, 0x65, 0x29, 0x65, 0x29,
    0x65, 0x29, 0x65, 0x29, 0x65, 0x29, 0x65, 0x29, 0x65, 0x29, 0x65, 0x29, 0x65, 0x29, 0x65, 0x29,
    0x65, 0x29, 0x86, 0x31, 0x86, 0x31, 0x86, 0x31, 0x86, 0x31, 0x86, 0x31, 0x86, 0x31, 0x86, 0x31,
    0x86, 0x31, 0x86, 0x31, 0x86, 0x31, 0x86, 0x31, 0x86, 0x31, 0x86, 0x31, 0x86, 0x31, 0x86, 0x31,
    0x86, 0x31, 0x86, 0x31, 0x86, 0x31, 0x86, 0x31, 0x86, 0x31, 0x86, 0x31, 0x86, 0x31, 0x86, 0x31,
    0x86, 0x31, 0x86, 0x31, 0x65, 0x31, 0xA6, 0x39, 0xC7, 0x39, 0xC7, 0x39, 0xE7, 0x41, 0xE7, 0x41,
    0x08, 0x4A, 0xC6, 0x39, 0xE7, 0x41, 0x08, 0x42, 0xA7, 0x39, 0x08, 0x42, 0x08, 0x42, 0x8A, 0x52,
    0x28, 0x4A, 0x48, 0x52, 0x69, 0x52, 0xE7, 0x49, 0x28, 0x4A, 0x28, 0x4A, 0x28, 0x4A, 0x49, 0x52,
    0xAA, 0x5A, 0x49, 0x52, 0x69, 0x52, 0x69, 0x52, 0x69, 0x52, 0x69, 0x5A, 0x69, 0x5A, 0x89, 0x5A,
    0x89, 0x5A, 0x89, 0x5A, 0x89, 0x5A, 0x89, 0x5A, 0x89, 0x5A, 0x89, 0x5A, 0x69, 0x5A, 0x69, 0x5A,
    0x69, 0x5A, 0x49, 0x5A, 0x49, 0x5A, 0x48, 0x5A, 0x28, 0x5A, 0x28, 0x5A, 0x27, 0x5A, 0x07, 0x5A,
    0xE7, 0x51, 0xE7, 0x51, 0xE6, 0x51, 0xC6, 0x51, 0xA6, 0x49, 0xA6, 0x49, 0x86, 0x49, 0xA6, 0x49,
    0xA7, 0x51, 0xC7, 0x51, 0xE8, 0x59, 0x08, 0x5A, 0x08, 0x5A, 0x08, 0x5A, 0xE7, 0x59, 0x07, 0x5A,
    0x07, 0x62, 0x27, 0x6A, 0x48, 0x72, 0x68, 0x72, 0x68, 0x7A, 0x68, 0x7A, 0x68, 0x82, 0x88, 0x82,
    0xA9, 0x8A, 0xE9, 0x92, 0x2A, 0x93, 0xAC, 0xA3, 0x0E, 0xAC, 0x70, 0xB4, 0xF2, 0xC4, 0x74, 0xCD,
    0xB5, 0xCD, 0xD5, 0xCD, 0xF6, 0xD5, 0xF6, 0xD5, 0xF6, 0xD5, 0xF6, 0xD5, 0xF6, 0xD5, 0xF6, 0xD5,
    0xF6, 0xD5, 0xF6, 0xD5, 0xF6, 0xD5, 0xF6, 0xD5, 0xF6, 0xD5, 0xD6, 0xCD, 0xD5, 0xCD, 0xD5, 0xCD,
    0xD5, 0xD5, 0xD5, 0xCD, 0xD5, 0xCD, 0xB5, 0xCD, 0xB5, 0xCD, 0xB5, 0xCD, 0x94, 0xCD, 0x94, 0xCD,
    0x94, 0xCD, 0x74, 0xC5, 0x73, 0xC5, 0x32, 0xBD, 0x12, 0xBD, 0x53, 0xC5, 0x33, 0xC5, 0x33, 0xC5,
    0x33, 0xC5, 0x12, 0xBD, 0xD1, 0xB4, 0xD1, 0xBC, 0xD1, 0xBC, 0x90, 0xB4, 0x4F, 0xAC, 0x0E, 0xA4,
    0xEE, 0x9B, 0xCD, 0x9B, 0xAD, 0x9B, 0xCD, 0x9B, 0x8C, 0x8B, 0xEA, 0x72, 0x2B, 0x7B, 0xA9, 0x62,
    0x28, 0x52, 0xE7, 0x49, 0xE7, 0x49, 0xE7, 0x49, 0x07, 0x4A, 0xC7, 0x41, 0xC6, 0x41, 0xC7, 0x41,
    0xC7, 0x41, 0xC7, 0x41, 0xC7, 0x41, 0xC7, 0x41, 0xE7, 0x41, 0xC7, 0x41, 0xE7, 0x49, 0xA6, 0x39,
    0xA6, 0x39, 0xC7, 0x41, 0xA6, 0x39, 0x45, 0x29, 0x65, 0x29, 0x65, 0x29, 0x65, 0x29, 0x65, 0x29,
    0x65, 0x29, 0x65, 0x29, 0x86, 0x31, 0x86, 0x31, 0x65, 0x29, 0x85, 0x29, 0x65, 0x29, 0x86, 0x31,
    0xE7, 0x41, 0x08, 0x42, 0xA6, 0x39, 0x65, 0x31, 0xA6, 0x39, 0xC6, 0x39, 0xC7, 0x39, 0xE7, 0x41,
    0x48, 0x4A, 0x28, 0x4A, 0x07, 0x42, 0x08, 0x4A, 0x49, 0x4A, 0xE7, 0x41, 0xE7, 0x41, 0x28, 0x4A,
    0x29, 0x4A, 0x49, 0x52, 0x49, 0x52, 0x8A, 0x52, 0xEB, 0x62, 0xAA, 0x5A, 0xCB, 0x5A, 0x0B, 0x63,
    0xCB, 0x62, 0xCB, 0x62, 0xCA, 0x62, 0xAA, 0x5A, 0x0C, 0x6B, 0x0B, 0x6B, 0xEB, 0x62, 0x4D, 0x73,
    0x2C, 0x6B, 0x0C, 0x6B, 0x2C, 0x6B, 0x4D, 0x73, 0x4D, 0x73, 0x2C, 0x6B, 0x2C, 0x6B, 0x0B, 0x6B,
    0x2C, 0x6B, 0x2C, 0x6B, 0x2C, 0x6B, 0x2C, 0x6B, 0x6D, 0x73, 0x2C, 0x6B, 0x2C, 0x6B, 0x0B, 0x63,
    0xCB, 0x5A, 0xCA, 0x5A, 0xEB, 0x5A, 0xEB, 0x62, 0x2C, 0x63, 0x2C, 0x63, 0x0C, 0x63, 0xCA, 0x5A,
    0x48, 0x4A, 0x69, 0x52, 0xAA, 0x5A, 0xCA, 0x5A, 0xAA, 0x5A, 0x89, 0x52, 0x69, 0x52, 0x69, 0x52,
    0xCA, 0x5A, 0xCB, 0x62, 0xCB, 0x62, 0xCA, 0x62, 0xCA, 0x5A, 0x2C, 0x63, 0x6D, 0x6B, 0x6D, 0x6B,
    0x6D, 0x6B, 0x6D, 0x6B, 0x6D, 0x6B, 0x4D, 0x63, 0x4D, 0x63, 0x2C, 0x63, 0xEB, 0x5A, 0x8A, 0x4A,
    0xAA, 0x52, 0xAA, 0x52, 0x69, 0x4A, 0x8A, 0x52, 0x28, 0x42, 0x28, 0x42, 0x69, 0x4A, 0x49, 0x4A,
    0xCB, 0x5A, 0xAB, 0x5A, 0x28, 0x4A, 0xE7, 0x41, 0xC7, 0x39, 0xC7, 0x39, 0xC7, 0x39, 0xC7, 0x39,
    0xC7, 0x39, 0xC7, 0x39, 0xA7, 0x39, 0xA6, 0x39, 0xA6, 0x39, 0xA6, 0x39, 0xA6, 0x39, 0xA6, 0x31,
    0xA6, 0x31, 0xA6, 0x31, 0xA6, 0x31, 0x86, 0x31, 0x86, 0x31, 0x86, 0x31, 0x86, 0x31, 0x86, 0x31,
    0x86, 0x31, 0x86, 0x31, 0x85, 0x31, 0x65, 0x29, 0x65, 0x29, 0x65, 0x29, 0x65, 0x29, 0x65, 0x29,
    0x65, 0x29, 0x65, 0x29, 0x65, 0x29, 0x65, 0x29, 0x65, 0x29, 0x65, 0x29, 0x65, 0x29, 0x65, 0x29,
    0x65, 0x29, 0x65, 0x29, 0x65, 0x29, 0x65, 0x29, 0x65, 0x29, 0x65, 0x29, 0x65, 0x29, 0x86, 0x31,
    0x86, 0x31, 0x86, 0x31, 0x86, 0x31, 0x86, 0x31, 0x86, 0x31, 0x86, 0x31, 0x86, 0x31, 0x86, 0x31,
    0x86, 0x31, 0x86, 0x31, 0x86, 0x31, 0x86, 0x31, 0x86, 0x31, 0x86, 0x31, 0x86, 0x31, 0x86, 0x31,
    0x86, 0x31, 0x86, 0x31, 0x86, 0x31, 0x86, 0x31, 0x86, 0x31, 0x86, 0x31, 0x86, 0x31, 0x86, 0x31,
    0x86, 0x31, 0x86, 0x31, 0x65, 0x31, 0x85, 0x31, 0xC6, 0x39, 0xC6, 0x39, 0xC7, 0x39, 0xE7, 0x41,
    0x08, 0x42, 0x07, 0x42, 0xA6, 0x39, 0xE7, 0x41, 0xC7, 0x39, 0x08, 0x42, 0x08, 0x42, 0x49, 0x4A,
    0x69, 0x52, 0x28, 0x4A, 0x69, 0x5A, 0x08, 0x4A, 0x08, 0x4A, 0x28, 0x4A, 0x28, 0x4A, 0x28, 0x52,
    0xAA, 0x5A, 0x69, 0x52, 0x69, 0x52, 0x69, 0x52, 0x69, 0x5A, 0x69, 0x5A, 0x69, 0x5A, 0x89, 0x5A,
    0x89, 0x5A, 0x89, 0x5A, 0x89, 0x5A, 0x89, 0x5A, 0x89, 0x5A, 0x89, 0x5A, 0x69, 0x5A, 0x69, 0x5A,
    0x08, 0x52, 0xC7, 0x49, 0xA6, 0x41, 0xA6, 0x49, 0xA6, 0x49, 0xA6, 0x49, 0xA6, 0x41, 0xA6, 0x41,
    0x86, 0x41, 0x86, 0x41, 0xA6, 0x49, 0xA6, 0x49, 0xC6, 0x51, 0xC7, 0x51, 0xC7, 0x51, 0xC7, 0x59,
    0xC7, 0x51, 0xC7, 0x51, 0xE7, 0x51, 0xE7, 0x51, 0xE7, 0x59, 0x08, 0x5A, 0x28, 0x5A, 0x08, 0x5A,
    0x48, 0x62, 0x48, 0x6A, 0x48, 0x6A, 0x27, 0x6A, 0x27, 0x6A, 0x48, 0x72, 0x68, 0x7A, 0x68, 0x7A,
    0x68, 0x82, 0xA9, 0x8A, 0xEA, 0x8A, 0x4B, 0x9B, 0xAD, 0xA3, 0x2F, 0xAC, 0xB0, 0xBC, 0x33, 0xC5,
    0x94, 0xCD, 0xB5, 0xCD, 0xD5, 0xCD, 0xF6, 0xCD, 0xF6, 0xCD, 0xF6, 0xCD, 0xF6, 0xD5, 0xF6, 0xD5,
    0xF6, 0xD5, 0xF6, 0xD5, 0xF6, 0xD5, 0xF6, 0xCD, 0xF6, 0xCD, 0xD5, 0xCD, 0xD5, 0xCD, 0xD5, 0xCD,
    0xD5, 0xCD, 0xB5, 0xCD, 0xB5, 0xCD, 0xB5, 0xCD, 0xB5, 0xCD, 0xB4, 0xCD, 0x94, 0xCD, 0x94, 0xCD,
    0x94, 0xC5, 0x74, 0xC5, 0x73, 0xC5, 0x12, 0xBD, 0x12, 0xBD, 0x53, 0xC5, 0x53, 0xC5, 0x33, 0xC5,
    0x33, 0xC5, 0x12, 0xBD, 0xD1, 0xB4, 0xD1, 0xB4, 0xD2, 0xBC, 0x90, 0xB4, 0x4F, 0xAC, 0x0E, 0xA4,
    0xEE, 0x9B, 0xCD, 0x9B, 0xAD, 0x93, 0xCD, 0x93, 0x2B, 0x83, 0xEA, 0x72, 0xEB, 0x72, 0x49, 0x5A,
    0x07, 0x4A, 0xE7, 0x49, 0xE7, 0x49, 0xE7, 0x41, 0x08, 0x4A, 0xC7, 0x41, 0xC7, 0x41, 0xC7, 0x41,
    0xC7, 0x41, 0xC7, 0x41, 0xC7, 0x41, 0xE7, 0x41, 0xE7, 0x41, 0xE7, 0x49, 0xC7, 0x41, 0xA6, 0x39,
    0xC7, 0x41, 0xC7, 0x39, 0x65, 0x31, 0x65, 0x29, 0x65, 0x29, 0x65, 0x29, 0x65, 0x29, 0x65, 0x29,
    0x65, 0x29, 0x65, 0x29, 0x65, 0x29, 0x86, 0x31, 0x65, 0x29, 0x85, 0x31, 0x65, 0x29, 0x65, 0x29,
    0x85, 0x31, 0xE7, 0x41, 0x28, 0x4A, 0x86, 0x31, 0x86, 0x31, 0xA6, 0x39, 0xC7, 0x39, 0xA7, 0x39,
    0xC7, 0x39, 0x28, 0x4A, 0x28, 0x4A, 0xE7, 0x41, 0x28, 0x4A, 0x49, 0x52, 0xE7, 0x41, 0xE7, 0x41,
    0x28, 0x4A, 0x49, 0x4A, 0x49, 0x4A, 0x49, 0x4A, 0x8A, 0x52, 0xCB, 0x62, 0xAA, 0x5A, 0xCB, 0x62,
    0x0B, 0x6B, 0xEB, 0x62, 0xCA, 0x62, 0xCA, 0x62, 0xEB, 0x62, 0x0C, 0x6B, 0xEB, 0x62, 0x2C, 0x6B,
    0x4C, 0x73, 0x0C, 0x6B, 0x2C, 0x6B, 0x2C, 0x6B, 0x6D, 0x7B, 0x6D, 0x73, 0x2C, 0x6B, 0x0C, 0x6B,
    0x2C, 0x6B, 0x2C, 0x6B, 0x2C, 0x6B, 0x2C, 0x6B, 0x4C, 0x6B, 0x4D, 0x73, 0x0C, 0x6B, 0x0B, 0x63,
    0x2C, 0x6B, 0xEB, 0x62, 0xAA, 0x5A, 0xEB, 0x5A, 0x0C, 0x63, 0x2C, 0x6B, 0x4C, 0x6B, 0x2C, 0x6B,
    0x8A, 0x52, 0x28, 0x4A, 0x69, 0x52, 0x8A, 0x5A, 0xCA, 0x5A, 0xCA, 0x5A, 0xAA, 0x5A, 0x69, 0x52,
    0x69, 0x52, 0xAA, 0x5A, 0xCB, 0x62, 0xCA, 0x62, 0xCA, 0x5A, 0xEB, 0x62, 0x6D, 0x6B, 0x6D, 0x6B,
    0x6D, 0x6B, 0x6D, 0x6B, 0x6D, 0x6B, 0x4D, 0x63, 0x4D, 0x63, 0x2C, 0x63, 0xCB, 0x5A, 0xCA, 0x52,
    0xCB, 0x5A, 0x8A, 0x52, 0xAA, 0x52, 0x69, 0x4A, 0x69, 0x4A, 0x08, 0x42, 0x69, 0x52, 0x49, 0x4A,
    0x8A, 0x52, 0xCB, 0x5A, 0x28, 0x4A, 0xE7, 0x41, 0xC7, 0x39, 0xC7, 0x39, 0xC7, 0x39, 0xC7, 0x39,
    0xC7, 0x39, 0xA7, 0x39, 0xA7, 0x39, 0xA6, 0x39, 0xA6, 0x39, 0xA6, 0x31, 0xA6, 0x31, 0xA6, 0x31,
    0xA6, 0x31, 0xA6, 0x31, 0xA6, 0x31, 0xA6, 0x31, 0x86, 0x31, 0x86, 0x31, 0x86, 0x31, 0x86, 0x31,
    0x86, 0x31, 0x86, 0x31, 0x85, 0x31, 0x85, 0x31, 0x65, 0x29, 0x65, 0x29, 0x65, 0x29, 0x65, 0x29,
    0x65, 0x29, 0x65, 0x29, 0x65, 0x29, 0x65, 0x29, 0x65, 0x29, 0x65, 0x29, 0x65, 0x29, 0x65, 0x29,
    0x65, 0x29, 0x65, 0x29, 0x65, 0x29, 0x65, 0x29, 0x65, 0x29, 0x65, 0x29, 0x86, 0x31, 0x86, 0x31,
    0x86, 0x31, 0x86, 0x31, 0x86, 0x31, 0x86, 0x31, 0x86, 0x31, 0x86, 0x31, 0x86, 0x31, 0x86, 0x31,
    0x86, 0x31, 0x86, 0x31, 0x86, 0x31, 0x86, 0x31, 0x86, 0x31, 0x86, 0x31, 0x86, 0x31, 0x86, 0x31,
    0x86, 0x31, 0x86, 0x31, 0x86, 0x31, 0x86, 0x31, 0x86, 0x31, 0x86, 0x31, 0x86, 0x31, 0x86, 0x31,
    0x86, 0x31, 0x86, 0x31, 0x86, 0x31, 0x65, 0x31, 0xA6, 0x39, 0xC6, 0x39, 0xA6, 0x39, 0xC7, 0x39,
    0xC7, 0x41, 0x28, 0x4A, 0xE7, 0x41, 0xC7, 0x39, 0xE7, 0x41, 0xE7, 0x39, 0x08, 0x42, 0x08, 0x42,
    0x89, 0x52, 0x48, 0x4A, 0x49, 0x52, 0x28, 0x52, 0x08, 0x4A, 0x28, 0x4A, 0x28, 0x52, 0x28, 0x4A,
    0x89, 0x5A, 0x89, 0x5A, 0x69, 0x52, 0x69, 0x52, 0x69, 0x5A, 0x69, 0x5A, 0x69, 0x5A, 0x89, 0x5A,
    0x89, 0x5A, 0x89, 0x5A, 0x89, 0x5A, 0x89, 0x5A, 0x89, 0x5A, 0x89, 0x5A, 0x69, 0x5A, 0x69, 0x5A,
    0x08, 0x52, 0xE7, 0x49, 0xC7, 0x49, 0xC7, 0x49, 0xC7, 0x49, 0xE7, 0x49, 0xE7, 0x51, 0xE7, 0x51,
    0xE7, 0x51, 0x07, 0x5A, 0x07, 0x5A, 0x27, 0x62, 0x48, 0x6A, 0x28, 0x6A, 0x48, 0x72, 0x48, 0x72,
    0x28, 0x72, 0x28, 0x72, 0x28, 0x6A, 0x07, 0x6A, 0x07, 0x6A, 0xE7, 0x61, 0xE7, 0x61, 0xC6, 0x59,
    0xE7, 0x61, 0x28, 0x62, 0x48, 0x62, 0x49, 0x6A, 0x48, 0x6A, 0x07, 0x62, 0x27, 0x6A, 0x68, 0x72,
    0x68, 0x7A, 0x88, 0x82, 0xA9, 0x8A, 0x0A, 0x93, 0x4B, 0x9B, 0xCD, 0xA3, 0x4F, 0xAC, 0xD1, 0xBC,
    0x53, 0xC5, 0x94, 0xC5, 0xB5, 0xCD, 0xD5, 0xCD, 0xD5, 0xCD, 0xD5, 0xCD, 0xF6, 0xCD, 0xF6, 0xCD,
    0xF6, 0xCD, 0xF6, 0xCD, 0xF6, 0xCD, 0xD5, 0xCD, 0xD5, 0xCD, 0xD5, 0xCD, 0xD5, 0xCD, 0xD5, 0xCD,
    0xB5, 0xCD, 0xB5, 0xCD, 0xB5, 0xCD, 0xB5, 0xCD, 0xB4, 0xCD, 0x94, 0xCD, 0x94, 0xCD, 0x94, 0xC5,
    0x74, 0xC5, 0x73, 0xC5, 0x53, 0xC5, 0x12, 0xBD, 0x53, 0xBD, 0x53, 0xC5, 0x33, 0xC5, 0x33, 0xC5,
    0x33, 0xC5, 0x12, 0xBD, 0xD1, 0xB4, 0xD1, 0xBC, 0xF2, 0xBC, 0x90, 0xAC, 0x2F, 0xA4, 0x0E, 0xA4,
    0xEE, 0x9B, 0xCD, 0x9B, 0xAD, 0x93, 0xAD, 0x93, 0xEA, 0x72, 0x0B, 0x7B, 0x89, 0x62, 0x08, 0x52,
    0x08, 0x4A, 0xE7, 0x49, 0xE7, 0x49, 0xC7, 0x41, 0x07, 0x4A, 0xE7, 0x49, 0xC6, 0x41, 0xC7, 0x41,
    0xC7, 0x41, 0xC7, 0x41, 0xC7, 0x41, 0xC7, 0x41, 0xE7, 0x49, 0xE7, 0x49, 0xA6, 0x41, 0xA7, 0x41,
    0xC7, 0x41, 0x86, 0x31, 0x65, 0x29, 0x65, 0x29, 0x65, 0x29, 0x65, 0x29, 0x65, 0x29, 0x65, 0x29,
    0x65, 0x29, 0x65, 0x29, 0x65, 0x29, 0x86, 0x31, 0x86, 0x31, 0x65, 0x29, 0x65, 0x29, 0x65, 0x29,
    0x65, 0x29, 0x85, 0x31, 0x08, 0x42, 0x08, 0x42, 0x86, 0x31, 0x86, 0x31, 0xA7, 0x39, 0xC7, 0x39,
    0xA6, 0x39, 0xA6, 0x39, 0x08, 0x42, 0x28, 0x4A, 0x08, 0x42, 0x49, 0x4A, 0x49, 0x4A, 0x08, 0x42,
    0x08, 0x42, 0x48, 0x4A, 0x49, 0x4A, 0x49, 0x4A, 0x49, 0x4A, 0x69, 0x52, 0xCB, 0x5A, 0xAA, 0x5A,
    0xEB, 0x62, 0x0C, 0x6B, 0xEB, 0x62, 0xCB, 0x62, 0xCB, 0x62, 0x0B, 0x6B, 0x0B, 0x63, 0x0B, 0x6B,
    0x4D, 0x73, 0x2C, 0x6B, 0x0C, 0x6B, 0x2C, 0x6B, 0x4C, 0x73, 0x8E, 0x7B, 0x4C, 0x73, 0x2C, 0x6B,
    0x0C, 0x6B, 0x2C, 0x6B, 0x2C, 0x6B, 0x2C, 0x6B, 0x2C, 0x6B, 0x4C, 0x6B, 0x2C, 0x6B, 0x2C, 0x6B,
    0x4C, 0x6B, 0x2C, 0x6B, 0xEB, 0x62, 0xAA, 0x52, 0xEB, 0x5A, 0x2C, 0x63, 0x4C, 0x6B, 0x4C, 0x6B,
    0x2C, 0x63, 0x69, 0x52, 0x28, 0x4A, 0x49, 0x52, 0x89, 0x5A, 0xAA, 0x5A, 0xCB, 0x5A, 0xCA, 0x5A,
    0x8A, 0x5A, 0x8A, 0x52, 0x8A, 0x5A, 0xAA, 0x5A, 0xCA, 0x5A, 0xCB, 0x5A, 0x4D, 0x6B, 0x6D, 0x6B,
    0x6D, 0x6B, 0x6D, 0x6B, 0x6D, 0x6B, 0x4D, 0x63, 0x4D, 0x63, 0x0C, 0x5B, 0xAA, 0x52, 0xEB, 0x5A,
    0x0C, 0x5B, 0x49, 0x4A, 0xEB, 0x5A, 0x8A, 0x4A, 0x6A, 0x4A, 0x28, 0x42, 0x08, 0x42, 0x69, 0x52,
    0x49, 0x4A, 0x8A, 0x52, 0x28, 0x4A, 0xE8, 0x41, 0xC7, 0x39, 0xC7, 0x39, 0xC7, 0x39, 0xC7, 0x39,
    0xA7, 0x39, 0xA7, 0x39, 0xA7, 0x39, 0xA6, 0x39, 0xA6, 0x39, 0xA6, 0x39, 0xA6, 0x39, 0xA6, 0x39,
    0xA6, 0x31, 0xA6, 0x31, 0xA6, 0x31, 0xA6, 0x31, 0x86, 0x31, 0x86, 0x31, 0x86, 0x31, 0x86, 0x31,
    0x86, 0x31, 0x86, 0x31, 0x86, 0x31, 0x85, 0x31, 0x85, 0x31, 0x65, 0x29, 0x65, 0x29, 0x65, 0x29,
    0x65, 0x29, 0x65, 0x29, 0x65, 0x29, 0x65, 0x29, 0x65, 0x29, 0x65, 0x29, 0x65, 0x29, 0x65, 0x29,
    0x65, 0x29, 0x65, 0x29, 0x65, 0x29, 0x65, 0x29, 0x86, 0x31, 0x86, 0x31, 0x86, 0x31, 0x86, 0x31,
    0x86, 0x31, 0x86, 0x31, 0x86, 0x31, 0x86, 0x31, 0x86, 0x31, 0x86, 0x31, 0x86, 0x31, 0x86, 0x31,
    0x86, 0x31, 0x86, 0x31, 0x86, 0x31, 0x86, 0x31, 0x86, 0x31, 0x86, 0x31, 0x86, 0x31, 0x86, 0x31,
    0x86, 0x31, 0x86, 0x31, 0x86, 0x31, 0x86, 0x31, 0x86, 0x31, 0x86, 0x31, 0x86, 0x31, 0x86, 0x31,
    0x86, 0x31, 0x86, 0x31, 0x86, 0x31, 0x65, 0x31, 0x86, 0x31, 0xA6, 0x39, 0xA6, 0x39, 0xC7, 0x39,
    0xC7, 0x39, 0xE7, 0x41, 0x08, 0x42, 0xC7, 0x39, 0xC7, 0x39, 0xE8, 0x41, 0x07, 0x42, 0x08, 0x42,
    0x28, 0x4A, 0x69, 0x52, 0x28, 0x4A, 0x69, 0x52, 0x08, 0x4A, 0x28, 0x4A, 0x28, 0x4A, 0x28, 0x4A,
    0x69, 0x5A, 0x89, 0x5A, 0x69, 0x52, 0x69, 0x52, 0x69, 0x5A, 0x69, 0x5A, 0x69, 0x5A, 0x89, 0x5A,
    0x89, 0x5A, 0x89, 0x5A, 0x89, 0x5A, 0x89, 0x5A, 0x89, 0x5A, 0x89, 0x5A, 0x69, 0x5A, 0x69, 0x5A,
    0x69, 0x5A, 0x49, 0x5A, 0x49, 0x5A, 0x48, 0x5A, 0x28, 0x5A, 0x28, 0x5A, 0x28, 0x5A, 0x48, 0x62,
    0x68, 0x6A, 0x68, 0x6A, 0x88, 0x72, 0xA9, 0x82, 0xCA, 0x8A, 0xC9, 0x8A, 0xEA, 0x92, 0x0A, 0x9B,
    0x0B, 0x9B, 0x0B, 0x9B, 0x2B, 0x9B, 0x0B, 0x9B, 0xEA, 0x9A, 0xC9, 0x92, 0xA9, 0x8A, 0x88, 0x82,
    0x48, 0x7A, 0x07, 0x72, 0xC6, 0x61, 0xE7, 0x59, 0x07, 0x5A, 0x28, 0x62, 0x27, 0x62, 0x07, 0x62,
    0x48, 0x72, 0x89, 0x7A, 0x88, 0x82, 0xC9, 0x8A, 0x0A, 0x93, 0x6C, 0x9B, 0xEE, 0xA3, 0x90, 0xB4,
    0xF2, 0xBC, 0x53, 0xC5, 0x94, 0xC5, 0xB5, 0xC5, 0xB5, 0xCD, 0xD5, 0xCD, 0xD5, 0xCD, 0xD5, 0xCD,
    0xD5, 0xCD, 0xD5, 0xCD, 0xD5, 0xCD, 0xD5, 0xCD, 0xD5, 0xCD, 0xB5, 0xCD, 0xD5, 0xCD, 0xD5, 0xCD,
    0xB5, 0xCD, 0xB5, 0xCD, 0xB5, 0xCD, 0xB4, 0xCD, 0xB4, 0xC5, 0x94, 0xC5, 0x94, 0xC5, 0x74, 0xC5,
    0x74, 0xC5, 0x73, 0xC5, 0x53, 0xBD, 0x12, 0xBD, 0x53, 0xC5, 0x33, 0xC5, 0x33, 0xC5, 0x33, 0xC5,
    0x33, 0xBD, 0x12, 0xBD, 0xD1, 0xB4, 0xD1, 0xB4, 0xF2, 0xBC, 0x90, 0xAC, 0x2F, 0xA4, 0x0E, 0x9C,
    0xCE, 0x9B, 0xAD, 0x93, 0xCD, 0x93, 0x4C, 0x83, 0xEA, 0x72, 0x0B, 0x73, 0x28, 0x52, 0x08, 0x4A,
    0xE7, 0x49, 0xE7, 0x49, 0xE7, 0x49, 0xE7, 0x41, 0xE7, 0x49, 0x08, 0x4A, 0xC7, 0x41, 0xC7, 0x41,
    0xC7, 0x41, 0xC7, 0x49, 0xE7, 0x49, 0xE7, 0x49, 0xE7, 0x49, 0xC7, 0x41, 0xA6, 0x41, 0xC7, 0x41,
    0xA6, 0x39, 0x65, 0x29, 0x65, 0x29, 0x65, 0x29, 0x65, 0x29, 0x65, 0x29, 0x65, 0x29, 0x65, 0x29,
    0x65, 0x29, 0x65, 0x29, 0x65, 0x29, 0x86, 0x31, 0xA6, 0x31, 0x65, 0x29, 0x65, 0x29, 0x65, 0x29,
    0x65, 0x29, 0x65, 0x29, 0xA6, 0x31, 0x28, 0x4A, 0x08, 0x42, 0x86, 0x31, 0xA6, 0x39, 0xC7, 0x39,
    0xC7, 0x39, 0xA6, 0x39, 0xA6, 0x39, 0x08, 0x42, 0x28, 0x4A, 0x28, 0x4A, 0x49, 0x4A, 0x48, 0x4A,
    0x08, 0x42, 0x08, 0x42, 0x48, 0x4A, 0x49, 0x4A, 0x49, 0x4A, 0x28, 0x4A, 0x49, 0x52, 0xAA, 0x5A,
    0xCA, 0x5A, 0xCB, 0x62, 0x0C, 0x6B, 0xEB, 0x62, 0xCA, 0x62, 0xEB, 0x62, 0x0C, 0x6B, 0x0C, 0x6B,
    0x2C, 0x73, 0x4C, 0x73, 0x0C, 0x6B, 0x2C, 0x6B, 0x0C, 0x6B, 0x6D, 0x73, 0x6D, 0x73, 0x0C, 0x6B,
    0x2C, 0x6B, 0x2C, 0x6B, 0x2C, 0x6B, 0x2C, 0x6B, 0x2C, 0x6B, 0x2C, 0x6B, 0x2C, 0x6B, 0x2C, 0x6B,
    0x2C, 0x6B, 0x2C, 0x6B, 0x2C, 0x6B, 0xEB, 0x62, 0xAA, 0x52, 0x0B, 0x63, 0x4C, 0x6B, 0x4C, 0x63,
    0x4C, 0x63, 0x0B, 0x63, 0x49, 0x52, 0x28, 0x4A, 0x28, 0x52, 0x89, 0x52, 0xAA, 0x5A, 0xCB, 0x5A,
    0xCB, 0x5A, 0xAA, 0x5A, 0x8A, 0x5A, 0x89, 0x5A, 0xAA, 0x5A, 0xAA, 0x5A, 0x0C, 0x63, 0x6D, 0x6B,
    0x6D, 0x6B, 0x6D, 0x6B, 0x6D, 0x6B, 0x4D, 0x6B, 0x4C, 0x63, 0xEB, 0x5A, 0xAA, 0x52, 0x0C, 0x5B,
    0xEB, 0x5A, 0x69, 0x4A, 0xCB, 0x5A, 0xCB, 0x52, 0x6A, 0x4A, 0x49, 0x4A, 0xE8, 0x41, 0x49, 0x4A,
    0x69, 0x52, 0x49, 0x4A, 0x29, 0x4A, 0xE8, 0x41, 0xE7, 0x41, 0xA7, 0x39, 0xC7, 0x39, 0xA7, 0x39,
    0xA7, 0x39, 0xA6, 0x39, 0xA6, 0x39, 0xA6, 0x39, 0xA6, 0x39, 0xA6, 0x39, 0xA6, 0x39, 0xA6, 0x39,
    0xA6, 0x31, 0xA6, 0x31, 0xA6, 0x31, 0xA6, 0x31, 0xA6, 0x31, 0x86, 0x31, 0x86, 0x31, 0x86, 0x31,
    0x86, 0x31, 0x86, 0x31, 0x86, 0x31, 0x85, 0x31, 0x85, 0x31, 0x85, 0x31, 0x85, 0x31, 0x85, 0x31,
    0x85, 0x31, 0x65, 0x29, 0x65, 0x29, 0x65, 0x29, 0x65, 0x29, 0x65, 0x29, 0x65, 0x29, 0x65, 0x29,
    0x65, 0x29, 0x86, 0x31, 0x86, 0x31, 0x86, 0x31, 0x86, 0x31, 0x86, 0x31, 0x86, 0x31, 0x86, 0x31,
    0x86, 0x31, 0x86, 0x31, 0x86, 0x31, 0x86, 0x31, 0x86, 0x31, 0x86, 0x31, 0x86, 0x31, 0x86, 0x31,
    0x86, 0x31, 0x86, 0x31, 0x86, 0x31, 0x86, 0x31, 0x86, 0x31, 0x86, 0x31, 0x86, 0x31, 0x86, 0x31,
    0x86, 0x31, 0x86, 0x31, 0x86, 0x31, 0x86, 0x31, 0x86, 0x31, 0x86, 0x31, 0x86, 0x31, 0x86, 0x31,
    0x86, 0x31, 0x86, 0x31, 0x86, 0x31, 0x86, 0x31, 0x66, 0x31, 0xA6, 0x39, 0xA6, 0x39, 0xA6, 0x39,
    0xC7, 0x39, 0xC7, 0x39, 0x08, 0x42, 0x08, 0x42, 0xC7, 0x39, 0xC7, 0x41, 0xE8, 0x41, 0x08, 0x42,
    0x08, 0x4A, 0x69, 0x52, 0x48, 0x52, 0x69, 0x52, 0x48, 0x52, 0x28, 0x4A, 0x28, 0x4A, 0x28, 0x4A,
    0x49, 0x52, 0x8A, 0x5A, 0x69, 0x52, 0x69, 0x52, 0x69, 0x52, 0x69, 0x5A, 0x69, 0x5A, 0x69, 0x5A,
    0x89, 0x5A, 0x89, 0x5A, 0x89, 0x5A, 0x89, 0x5A, 0x89, 0x5A, 0x89, 0x5A, 0x69, 0x5A, 0x69, 0x5A,
    0x69, 0x5A, 0x49, 0x5A, 0x49, 0x5A, 0x48, 0x5A, 0x28, 0x5A, 0x28, 0x5A, 0x28, 0x5A, 0x49, 0x62,
    0x69, 0x6A, 0x68, 0x72, 0xA9, 0x7A, 0xE9, 0x8A, 0xEA, 0x92, 0xEA, 0x92, 0x0A, 0x9B, 0x2A, 0xA3,
    0x4B, 0xAB, 0x6C, 0xAB, 0x8C, 0xB3, 0xAD, 0xBB, 0xCD, 0xBB, 0xCD, 0xBB, 0xCD, 0xB3, 0xAC, 0xB3,
    0x8C, 0xB3, 0x6C, 0xAB, 0x2B, 0xA3, 0xC9, 0x92, 0x68, 0x82, 0x07, 0x6A, 0xE7, 0x59, 0x07, 0x5A,
    0x07, 0x5A, 0x68, 0x72, 0x88, 0x7A, 0x88, 0x82, 0xC9, 0x8A, 0x2A, 0x93, 0x8C, 0x9B, 0x2F, 0xAC,
    0xB1, 0xB4, 0x13, 0xBD, 0x54, 0xC5, 0x94, 0xC5, 0x94, 0xC5, 0xB5, 0xC5, 0xB5, 0xCD, 0xD5, 0xCD,
    0xD5, 0xCD, 0xD5, 0xCD, 0xD5, 0xCD, 0xD5, 0xCD, 0xB5, 0xCD, 0xB5, 0xCD, 0xB5, 0xCD, 0xB5, 0xCD,
    0xB5, 0xCD, 0xB5, 0xCD, 0xB5, 0xCD, 0xB4, 0xCD, 0x94, 0xC5, 0x94, 0xC5, 0x94, 0xC5, 0x74, 0xC5,
    0x74, 0xC5, 0x53, 0xC5, 0x33, 0xBD, 0x33, 0xBD, 0x53, 0xC5, 0x33, 0xBD, 0x33, 0xBD, 0x33, 0xBD,
    0x33, 0xBD, 0x12, 0xBD, 0xD1, 0xB4, 0xD1, 0xB4, 0xD2, 0xB4, 0x70, 0xAC, 0x2F, 0xA4, 0xEE, 0x9B,
    0xCD, 0x93, 0xAD, 0x93, 0xAD, 0x93, 0xEB, 0x7A, 0x0B, 0x7B, 0x8A, 0x62, 0x07, 0x4A, 0xE7, 0x49,
    0xC7, 0x41, 0xC7, 0x41, 0xE7, 0x49, 0xE7, 0x49, 0xE7, 0x49, 0x08, 0x4A, 0xE7, 0x49, 0xC7, 0x41,
    0xC7, 0x49, 0xC7, 0x49, 0xE7, 0x49, 0xE7, 0x49, 0xC7, 0x49, 0xA6, 0x41, 0xC6, 0x41, 0xC7, 0x41,
    0x85, 0x31, 0x65, 0x29, 0x65, 0x29, 0x65, 0x29, 0x65, 0x29, 0x65, 0x29, 0x65, 0x29, 0x65, 0x29,
    0x65, 0x29, 0x65, 0x29, 0x65, 0x29, 0x65, 0x29, 0xA6, 0x31, 0x86, 0x31, 0x65, 0x29, 0x65, 0x29,
    0x65, 0x29, 0x65, 0x29, 0x65, 0x29, 0xA6, 0x31, 0x28, 0x4A, 0x07, 0x4A, 0x85, 0x39, 0xC6, 0x39,
    0xC7, 0x39, 0xC7, 0x39, 0xA6, 0x39, 0xA6, 0x39, 0xE7, 0x41, 0x28, 0x4A, 0x48, 0x4A, 0x69, 0x52,
    0x48, 0x4A, 0x08, 0x42, 0x08, 0x42, 0x49, 0x4A, 0x49, 0x52, 0x49, 0x4A, 0x48, 0x4A, 0x49, 0x52,
    0xAA, 0x5A, 0xAA, 0x5A, 0xCB, 0x62, 0x0B, 0x6B, 0xEB, 0x62, 0xEB, 0x62, 0xEB, 0x6A, 0x0B, 0x6B,
    0x2C, 0x6B, 0x4D, 0x73, 0x2C, 0x6B, 0x0C, 0x6B, 0x2C, 0x6B, 0x2C, 0x6B, 0x6D, 0x73, 0x2C, 0x6B,
    0x2C, 0x6B, 0x2C, 0x6B, 0x2C, 0x6B, 0x2C, 0x6B, 0x2C, 0x6B, 0x2C, 0x6B, 0x2C, 0x6B, 0x2C, 0x6B,
    0x2C, 0x6B, 0x2C, 0x6B, 0x2C, 0x6B, 0x2C, 0x6B, 0xEB, 0x62, 0xAA, 0x52, 0x0C, 0x63, 0x4D, 0x63,
    0x4C, 0x63, 0x4D, 0x6B, 0xCB, 0x5A, 0x49, 0x52, 0x08, 0x4A, 0x28, 0x4A, 0x69, 0x52, 0xAA, 0x5A,
    0xCB, 0x5A, 0xEB, 0x62, 0xCA, 0x5A, 0xAA, 0x5A, 0x8A, 0x52, 0xAA, 0x5A, 0xCB, 0x5A, 0x2D, 0x63,
    0x6D, 0x6B, 0x6D, 0x6B, 0x6D, 0x6B, 0x6D, 0x6B, 0x2C, 0x63, 0xEB, 0x5A, 0xCA, 0x52, 0x2C, 0x63,
    0xAB, 0x52, 0xAB, 0x52, 0xCB, 0x5A, 0xEC, 0x5A, 0xAA, 0x52, 0x69, 0x4A, 0x08, 0x42, 0x08, 0x42,
    0x69, 0x52, 0x49, 0x4A, 0x28, 0x4A, 0x08, 0x42, 0x08, 0x42, 0xC7, 0x39, 0xA7, 0x39, 0xA7, 0x39,
    0xA6, 0x39, 0xA6, 0x39, 0xA6, 0x39, 0xA6, 0x39, 0xA6, 0x39, 0xA6, 0x39, 0xA6, 0x39, 0xA6, 0x39,
    0xA6, 0x31, 0xA6, 0x31, 0xA6, 0x31, 0xA6, 0x31, 0xA6, 0x31, 0x86, 0x31, 0x86, 0x31, 0x86, 0x31,
    0x86, 0x31, 0x86, 0x31, 0x86, 0x31, 0x85, 0x31, 0x85, 0x31, 0x85, 0x31, 0x85, 0x31, 0x85, 0x31,
    0x85, 0x31, 0x85, 0x31, 0x85, 0x31, 0x85, 0x31, 0x85, 0x31, 0x65, 0x29, 0x65, 0x29, 0x65, 0x29,
    0x86, 0x31, 0x86, 0x31, 0x86, 0x31, 0x86, 0x31, 0x86, 0x31, 0x86, 0x31, 0x86, 0x31, 0x86, 0x31,
    0x86, 0x31, 0x86, 0x31, 0x86, 0x31, 0x86, 0x31, 0x86, 0x31, 0x86, 0x31, 0x86, 0x31, 0x86, 0x31,
    0x86, 0x31, 0x86, 0x31, 0x86, 0x31, 0x86, 0x31, 0x86, 0x31, 0x86, 0x31, 0x86, 0x31, 0x86, 0x31,
    0x86, 0x31, 0x86, 0x31, 0x86, 0x31, 0x86, 0x31, 0x86, 0x31, 0x86, 0x31, 0xA6, 0x31, 0x86, 0x31,
    0x86, 0x31, 0x86, 0x31, 0x86, 0x31, 0x86, 0x31, 0x65, 0x31, 0x86, 0x31, 0xA6, 0x39, 0xA6, 0x39,
    0xA6, 0x39, 0xA6, 0x39, 0xC7, 0x39, 0x08, 0x42, 0xE8, 0x41, 0xC7, 0x39, 0xE7, 0x41, 0x08, 0x42,
    0x08, 0x42, 0x28, 0x4A, 0x69, 0x52, 0x48, 0x52, 0x69, 0x52, 0x28, 0x4A, 0x28, 0x4A, 0x28, 0x52,
    0x28, 0x52, 0x8A, 0x5A, 0x69, 0x52, 0x69, 0x52, 0x69, 0x52, 0x69, 0x5A, 0x69, 0x5A, 0x69, 0x5A,
    0x69, 0x5A, 0x89, 0x5A, 0x89, 0x5A, 0x89, 0x5A, 0x89, 0x5A, 0x89, 0x5A, 0x89, 0x5A, 0x69, 0x5A,
    0x69, 0x5A, 0x69, 0x5A, 0x69, 0x5A, 0x49, 0x5A, 0x48, 0x5A, 0x48, 0x5A, 0x28, 0x5A, 0x48, 0x62,
    0x48, 0x62, 0x68, 0x6A, 0xA9, 0x7A, 0xCA, 0x8A, 0xC9, 0x8A, 0xEA, 0x92, 0x0A, 0x9B, 0x2A, 0x9B,
    0x4B, 0xA3, 0x6C, 0xAB, 0x8C, 0xB3, 0xAD, 0xBB, 0xCD, 0xBB, 0xEE, 0xBB, 0xEE, 0xBB, 0xEE, 0xC3,
    0x0E, 0xC4, 0x0E, 0xC4, 0xED, 0xC3, 0xED, 0xC3, 0xCD, 0xC3, 0x6C, 0xB3, 0xEA, 0x92, 0x48, 0x72,
    0xE6, 0x61, 0xE6, 0x61, 0x68, 0x72, 0xA9, 0x7A, 0x89, 0x82, 0xC9, 0x8A, 0x4B, 0x93, 0xCD, 0x9B,
    0x4F, 0xAC, 0xD1, 0xB4, 0x33, 0xBD, 0x53, 0xBD, 0x74, 0xC5, 0x94, 0xC5, 0x94, 0xC5, 0xB5, 0xC5,
    0xB5, 0xC5, 0xB5, 0xC5, 0xB5, 0xCD, 0xB5, 0xCD, 0xB5, 0xCD, 0xB5, 0xCD, 0xB5, 0xCD, 0xB5, 0xCD,
    0xB5, 0xCD, 0x95, 0xCD, 0xB5, 0xC5, 0x94, 0xC5, 0x94, 0xC5, 0x94, 0xC5, 0x74, 0xC5, 0x74, 0xC5,
    0x53, 0xC5, 0x53, 0xC5, 0x12, 0xBD, 0x33, 0xBD, 0x33, 0xBD, 0x33, 0xBD, 0x33, 0xBD, 0x33, 0xBD,
    0x33, 0xBD, 0x12, 0xBD, 0xD1, 0xB4, 0xD1, 0xB4, 0xD1, 0xB4, 0x70, 0xAC, 0x2F, 0xA4, 0xEE, 0x9B,
    0xAD, 0x93, 0xAD, 0x93, 0x4C, 0x8B, 0xEB, 0x72, 0xEB, 0x72, 0x08, 0x4A, 0xE7, 0x41, 0xC7, 0x41,
    0xC7, 0x41, 0xE7, 0x49, 0xE7, 0x49, 0xE7, 0x49, 0xE7, 0x49, 0xE7, 0x49, 0x08, 0x4A, 0xE7, 0x49,
    0xE7, 0x49, 0xE7, 0x49, 0xE7, 0x49, 0xE7, 0x49, 0xA6, 0x41, 0xC7, 0x41, 0xE7, 0x41, 0x86, 0x39,
    0x65, 0x29, 0x65, 0x29, 0x65, 0x29, 0x65, 0x29, 0x65, 0x29, 0x65, 0x29, 0x65, 0x29, 0x65, 0x29,
    0x65, 0x29, 0x65, 0x29, 0x65, 0x29, 0x65, 0x29, 0x86, 0x31, 0xA6, 0x31, 0x65, 0x29, 0x65, 0x29,
    0x65, 0x29, 0x65, 0x29, 0x65, 0x29, 0x65, 0x29, 0xA6, 0x39, 0x28, 0x4A, 0x07, 0x42, 0x86, 0x31,
    0xE7, 0x41, 0xC7, 0x39, 0xC7, 0x39, 0xC7, 0x39, 0xA6, 0x39, 0xC7, 0x39, 0x49, 0x4A, 0x69, 0x52,
    0x69, 0x52, 0x49, 0x4A, 0x28, 0x4A, 0x08, 0x4A, 0x69, 0x52, 0x49, 0x4A, 0x48, 0x4A, 0x48, 0x4A,
    0x49, 0x52, 0x8A, 0x52, 0xAA, 0x5A, 0xCB, 0x62, 0x0B, 0x6B, 0xEB, 0x62, 0xEB, 0x6A, 0xEB, 0x6A,
    0x0C, 0x6B, 0x4D, 0x73, 0x2C, 0x73, 0x0C, 0x6B, 0x2C, 0x6B, 0x2C, 0x6B, 0x4C, 0x73, 0x2C, 0x73,
    0x2C, 0x6B, 0x2C, 0x6B, 0x2C, 0x6B, 0x2C, 0x6B, 0x2C, 0x6B, 0x2C, 0x6B, 0x2C, 0x6B, 0x2C, 0x6B,
    0x2C, 0x6B, 0x2C, 0x6B, 0x2C, 0x6B, 0x2C, 0x6B, 0x4D, 0x6B, 0xEB, 0x5A, 0xAA, 0x52, 0x2C, 0x63,
    0x4C, 0x63, 0x4D, 0x6B, 0x2C, 0x6B, 0x89, 0x52, 0x69, 0x52, 0x28, 0x4A, 0x48, 0x4A, 0x89, 0x52,
    0x8A, 0x52, 0xCB, 0x5A, 0xEB, 0x62, 0xEB, 0x5A, 0xCB, 0x5A, 0xAA, 0x5A, 0xCA, 0x5A, 0xEB, 0x62,
    0x6D, 0x6B, 0x6D, 0x6B, 0x4D, 0x6B, 0x4D, 0x63, 0x0C, 0x63, 0xCA, 0x52, 0xEB, 0x5A, 0x2C, 0x63,
    0x8A, 0x52, 0xCB, 0x5A, 0x0C, 0x5B, 0xEB, 0x5A, 0xEB, 0x5A, 0x8A, 0x52, 0x28, 0x42, 0x08, 0x42,
    0x28, 0x4A, 0x69, 0x52, 0x28, 0x4A, 0x08, 0x42, 0x08, 0x42, 0xC7, 0x39, 0xA6, 0x39, 0xA6, 0x39,
    0xA6, 0x39, 0xA6, 0x39, 0xA6, 0x39, 0xA6, 0x39, 0xA6, 0x39, 0xA6, 0x39, 0xA6, 0x39, 0xA6, 0x39,
    0xA6, 0x31, 0xA6, 0x31, 0xA6, 0x31, 0xA6, 0x31, 0xA6, 0x31, 0x86, 0x31, 0x86, 0x31, 0x86, 0x31,
    0x86, 0x31, 0x86, 0x31, 0x86, 0x31, 0x85, 0x31, 0x85, 0x31, 0x85, 0x31, 0x85, 0x31, 0x85, 0x31,
    0x85, 0x31, 0x85, 0x31, 0x85, 0x31, 0x85, 0x31, 0x85, 0x31, 0x85, 0x31, 0x86, 0x31, 0x86, 0x31,
    0x86, 0x31, 0x86, 0x31, 0x86, 0x31, 0x86, 0x31, 0x86, 0x31, 0x86, 0x31, 0x86, 0x31, 0x86, 0x31,
    0x86, 0x31, 0x86, 0x31, 0x86, 0x31, 0x86, 0x31, 0x86, 0x31, 0x86, 0x31, 0x86, 0x31, 0x86, 0x31,
    0x86, 0x31, 0x86, 0x31, 0x86, 0x31, 0x86, 0x31, 0x86, 0x31, 0x86, 0x31, 0x86, 0x31, 0x65, 0x29,
    0x65, 0x29, 0x65, 0x29, 0x65, 0x29, 0x86, 0x31, 0x86, 0x31, 0x86, 0x31, 0xA6, 0x31, 0xA6, 0x31,
    0xA6, 0x31, 0x86, 0x31, 0x86, 0x31, 0x86, 0x31, 0x66, 0x31, 0x66, 0x31, 0xA6, 0x39, 0xA6, 0x39,
    0xA6, 0x39, 0xA6, 0x39, 0xA7, 0x39, 0xE7, 0x41, 0x08, 0x42, 0xE7, 0x41, 0xC6, 0x39, 0xE7, 0x41,
    0x07, 0x42, 0x28, 0x4A, 0x48, 0x4A, 0x48, 0x52, 0x69, 0x52, 0x49, 0x52, 0x28, 0x4A, 0x28, 0x4A,
    0x28, 0x4A, 0x89, 0x5A, 0x69, 0x5A, 0x69, 0x52, 0x69, 0x52, 0x69, 0x5A, 0x69, 0x5A, 0x69, 0x5A,
    0x69, 0x5A, 0x89, 0x5A, 0x89, 0x5A, 0x89, 0x5A, 0x89, 0x5A, 0x89, 0x5A, 0x89, 0x5A, 0x89, 0x5A,
    0x69, 0x5A, 0x69, 0x5A, 0x69, 0x5A, 0x69, 0x5A, 0x49, 0x5A, 0x48, 0x5A, 0x28, 0x5A, 0x48, 0x62,
    0x48, 0x62, 0x68, 0x6A, 0x89, 0x72, 0xA9, 0x7A, 0xA9, 0x82, 0xC9, 0x8A, 0xEA, 0x92, 0x0A, 0x9B,
    0x4B, 0xA3, 0x6B, 0xAB, 0x8C, 0xB3, 0xAC, 0xB3, 0xCD, 0xBB, 0xED, 0xBB, 0xED, 0xC3, 0xED, 0xC3,
    0x0E, 0xC4, 0x0E, 0xCC, 0x2E, 0xCC, 0x4E, 0xC4, 0x2E, 0xCC, 0x0E, 0xCC, 0x0E, 0xCC, 0xCD, 0xBB,
    0x0A, 0x9B, 0x27, 0x72, 0xC6, 0x61, 0x69, 0x72, 0xCA, 0x7A, 0xA9, 0x82, 0xEA, 0x8A, 0x6C, 0x93,
    0xEE, 0xA3, 0x70, 0xAC, 0xF2, 0xB4, 0x33, 0xBD, 0x53, 0xBD, 0x54, 0xBD, 0x74, 0xC5, 0x94, 0xC5,
    0x94, 0xC5, 0xB5, 0xC5, 0x94, 0xC5, 0x95, 0xC5, 0x95, 0xC5, 0x95, 0xC5, 0x95, 0xC5, 0x95, 0xC5,
    0x95, 0xC5, 0x95, 0xC5, 0x94, 0xC5, 0x94, 0xC5, 0x94, 0xC5, 0x94, 0xC5, 0x74, 0xC5, 0x73, 0xC5,
    0x53, 0xC5, 0x33, 0xBD, 0x12, 0xBD, 0x53, 0xBD, 0x33, 0xBD, 0x33, 0xBD, 0x33, 0xBD, 0x33, 0xBD,
    0x32, 0xBD, 0x12, 0xBD, 0xD1, 0xB4, 0xD1, 0xB4, 0xB1, 0xB4, 0x4F, 0xA4, 0x0E, 0x9C, 0xCD, 0x9B,
    0xAD, 0x93, 0x8C, 0x93, 0x0B, 0x7B, 0x0B, 0x73, 0x69, 0x5A, 0xC7, 0x41, 0xE7, 0x49, 0xE7, 0x49,
    0x08, 0x52, 0x28, 0x52, 0xE7, 0x49, 0xE7, 0x49, 0xE7, 0x49, 0xE7, 0x49, 0x08, 0x4A, 0xE7, 0x49,
    0xE7, 0x49, 0xE7, 0x49, 0xE7, 0x49, 0xA6, 0x41, 0xC7, 0x41, 0xE7, 0x41, 0xC6, 0x39, 0x65, 0x31,
    0x65, 0x29, 0x65, 0x29, 0x65, 0x29, 0x65, 0x29, 0x65, 0x29, 0x65, 0x29, 0x65, 0x29, 0x65, 0x29,
    0x65, 0x29, 0x65, 0x29, 0x65, 0x29, 0x65, 0x29, 0x65, 0x29, 0xA6, 0x31, 0x86, 0x31, 0x65, 0x29,
    0x65, 0x29, 0x65, 0x29, 0x65, 0x29, 0x65, 0x29, 0x65, 0x29, 0xA6, 0x39, 0x28, 0x4A, 0xE7, 0x41,
    0xA6, 0x39, 0xE7, 0x41, 0xC7, 0x39, 0xE7, 0x41, 0x07, 0x42, 0xC6, 0x39, 0xC6, 0x39, 0x49, 0x4A,
    0x89, 0x52, 0x69, 0x52, 0x69, 0x52, 0x49, 0x4A, 0x28, 0x4A, 0x69, 0x52, 0x48, 0x4A, 0x48, 0x4A,
    0x48, 0x4A, 0x49, 0x4A, 0x8A, 0x52, 0xCB, 0x62, 0xEB, 0x62, 0xEB, 0x6A, 0x0B, 0x6B, 0x0C, 0x6B,
    0x0B, 0x6B, 0x2C, 0x73, 0x4C, 0x73, 0x2C, 0x6B, 0x2C, 0x6B, 0x2C, 0x6B, 0x2C, 0x6B, 0x2C, 0x73,
    0x2C, 0x6B, 0x2C, 0x6B, 0x2C, 0x6B, 0x2C, 0x6B, 0x4C, 0x6B, 0x2C, 0x6B, 0x2C, 0x6B, 0x2C, 0x6B,
    0x2C, 0x6B, 0x2C, 0x6B, 0x2C, 0x6B, 0x2C, 0x6B, 0x2C, 0x6B, 0x4D, 0x6B, 0xCB, 0x5A, 0xCB, 0x5A,
    0x4D, 0x63, 0x2C, 0x63, 0x4D, 0x6B, 0xEB, 0x5A, 0x69, 0x52, 0x8A, 0x52, 0x28, 0x4A, 0x49, 0x4A,
    0x69, 0x52, 0x89, 0x52, 0xCA, 0x5A, 0x0C, 0x63, 0xEB, 0x5A, 0xEB, 0x5A, 0xCB, 0x5A, 0xEB, 0x62,
    0x6D, 0x6B, 0x6D, 0x6B, 0x4D, 0x6B, 0x2C, 0x63, 0x0B, 0x5B, 0xAA, 0x52, 0x0C, 0x63, 0x0C, 0x63,
    0x6A, 0x4A, 0xEB, 0x5A, 0x2C, 0x63, 0xEB, 0x5A, 0x0C, 0x5B, 0xCB, 0x52, 0x49, 0x4A, 0x08, 0x42,
    0x08, 0x42, 0x29, 0x4A, 0x49, 0x4A, 0x08, 0x42, 0x08, 0x42, 0xE8, 0x41, 0xA6, 0x39, 0xA6, 0x39,
    0xA6, 0x39, 0xA6, 0x39, 0xA6, 0x39, 0xA6, 0x39, 0xA6, 0x39, 0xA6, 0x31, 0xA6, 0x31, 0xA6, 0x31,
    0xA6, 0x31, 0xA6, 0x31, 0xA6, 0x31, 0xA6, 0x31, 0xA6, 0x31, 0x86, 0x31, 0x86, 0x31, 0x86, 0x31,
    0x86, 0x31, 0x86, 0x31, 0x86, 0x31, 0x85, 0x31, 0x85, 0x31, 0x85, 0x31, 0x85, 0x31, 0x85, 0x31,
    0x85, 0x31, 0x85, 0x31, 0x85, 0x31, 0x85, 0x31, 0x85, 0x31, 0x85, 0x31, 0x86, 0x31, 0x86, 0x31,
    0x86, 0x31, 0x86, 0x31, 0x86, 0x31, 0x86, 0x31, 0x86, 0x31, 0x86, 0x31, 0x86, 0x31, 0x86, 0x31,
    0x86, 0x31, 0x86, 0x31, 0x86, 0x31, 0x86, 0x31, 0x86, 0x31, 0x86, 0x31, 0x86, 0x31, 0x86, 0x31,
    0x86, 0x31, 0x86, 0x31, 0x86, 0x31, 0x86, 0x31, 0x86, 0x31, 0x86, 0x31, 0x86, 0x31, 0x65, 0x29,
    0x65, 0x29, 0x65, 0x29, 0x65, 0x29, 0x65, 0x29, 0x65, 0x29, 0x65, 0x29, 0x86, 0x31, 0xA7, 0x39,
    0xA6, 0x39, 0xA6, 0x39, 0x86, 0x31, 0x86, 0x31, 0x86, 0x31, 0x66, 0x31, 0x86, 0x31, 0xA6, 0x39,
    0xA6, 0x39, 0xA6, 0x39, 0xA6, 0x39, 0xC7, 0x39, 0xE7, 0x41, 0x08, 0x42, 0xC7, 0x39, 0xA6, 0x39,
    0x07, 0x42, 0x07, 0x42, 0x08, 0x4A, 0x48, 0x52, 0x49, 0x52, 0x69, 0x52, 0x28, 0x4A, 0x28, 0x4A,
    0x28, 0x4A, 0x69, 0x52, 0x69, 0x5A, 0x49, 0x52, 0x69, 0x52, 0x69, 0x5A, 0x69, 0x5A, 0x69, 0x5A,
    0x69, 0x5A, 0x89, 0x5A, 0x89, 0x5A, 0x89, 0x5A, 0x89, 0x5A, 0x89, 0x5A, 0x89, 0x5A, 0x89, 0x5A,
    0x89, 0x5A, 0x69, 0x5A, 0x69, 0x5A, 0x69, 0x5A, 0x69, 0x5A, 0x49, 0x5A, 0x48, 0x62, 0x49, 0x62,
    0x49, 0x62, 0x48, 0x62, 0x68, 0x6A, 0x89, 0x72, 0xA9, 0x7A, 0xC9, 0x82, 0xEA, 0x8A, 0x0A, 0x93,
    0x2A, 0x9B, 0x4B, 0xA3, 0x6C, 0xAB, 0x8C, 0xB3, 0xAD, 0xB3, 0xCD, 0xBB, 0xED, 0xBB, 0xED, 0xBB,
    0x0E, 0xC4, 0x0E, 0xC4, 0x2E, 0xC4, 0x2F, 0xCC, 0x4F, 0xCC, 0x6F, 0xD4, 0x6F, 0xCC, 0x6E, 0xCC,
    0x2E, 0xCC, 0xAD, 0xB3, 0xC9, 0x8A, 0xE6, 0x69, 0x48, 0x72, 0xC9, 0x82, 0xC9, 0x82, 0x0B, 0x8B,
    0x8D, 0x93, 0x0E, 0x9C, 0x70, 0xAC, 0xD2, 0xB4, 0x12, 0xBD, 0x33, 0xBD, 0x53, 0xBD, 0x74, 0xBD,
    0x94, 0xC5, 0x94, 0xC5, 0x94, 0xC5, 0x94, 0xC5, 0x94, 0xC5, 0x94, 0xC5, 0x94, 0xC5, 0x94, 0xC5,
    0x94, 0xC5, 0x94, 0xC5, 0x94, 0xC5, 0x94, 0xC5, 0x94, 0xC5, 0x74, 0xC5, 0x73, 0xC5, 0x53, 0xC5,
    0x53, 0xBD, 0x32, 0xBD, 0x33, 0xBD, 0x33, 0xBD, 0x33, 0xBD, 0x33, 0xBD, 0x33, 0xBD, 0x33, 0xBD,
    0x32, 0xBD, 0x12, 0xBD, 0xD1, 0xB4, 0xD1, 0xB4, 0x90, 0xAC, 0x4F, 0xA4, 0x0E, 0x9C, 0xCD, 0x93,
    0xAD, 0x93, 0x6C, 0x83, 0x0A, 0x73, 0xEA, 0x6A, 0x08, 0x4A, 0x08, 0x52, 0x28, 0x52, 0x49, 0x5A,
    0x69, 0x5A, 0x48, 0x52, 0xE7, 0x49, 0xE7, 0x49, 0xE7, 0x49, 0xE7, 0x49, 0x08, 0x4A, 0xE7, 0x49,
    0xE7, 0x49, 0xE7, 0x49, 0xA6, 0x41, 0xC7, 0x41, 0xE7, 0x41, 0xC7, 0x41, 0x66, 0x31, 0x65, 0x29,
    0x65, 0x29, 0x65, 0x29, 0x65, 0x29, 0x65, 0x29, 0x65, 0x29, 0x65, 0x29, 0x65, 0x29, 0x65, 0x29,
    0x65, 0x29, 0x65, 0x29, 0x65, 0x29, 0x65, 0x29, 0x65, 0x29, 0x86, 0x31, 0xA6, 0x31, 0x65, 0x29,
    0x65, 0x29, 0x65, 0x29, 0x65, 0x29, 0x65, 0x29, 0x65, 0x29, 0x85, 0x31, 0xC6, 0x39, 0x28, 0x4A,
    0x08, 0x42, 0xC6, 0x39, 0xE7, 0x41, 0xC7, 0x39, 0x07, 0x42, 0x28, 0x4A, 0xC7, 0x39, 0xC7, 0x39,
    0x28, 0x4A, 0x8A, 0x52, 0x69, 0x52, 0x69, 0x52, 0x69, 0x4A, 0x49, 0x4A, 0x69, 0x52, 0x48, 0x4A,
    0x28, 0x4A, 0x48, 0x4A, 0x49, 0x4A, 0xAA, 0x5A, 0xEB, 0x62, 0xEB, 0x62, 0x0C, 0x6B, 0x0C, 0x6B,
    0x0C, 0x6B, 0x0C, 0x6B, 0x4C, 0x73, 0x2C, 0x6B, 0x2C, 0x6B, 0x2C, 0x6B, 0x2C, 0x6B, 0x2C, 0x6B,
    0x2C, 0x6B, 0x2C, 0x6B, 0x2C, 0x6B, 0x4C, 0x6B, 0x4C, 0x6B, 0x2C, 0x6B, 0x2C, 0x6B, 0x2C, 0x6B,
    0x2C, 0x6B, 0x2C, 0x6B, 0x2C, 0x6B, 0x4C, 0x6B, 0x4C, 0x6B, 0x4C, 0x6B, 0x4D, 0x6B, 0xAA, 0x52,
    0x0B, 0x5B, 0x4C, 0x63, 0x4C, 0x63, 0x4C, 0x6B, 0x8A, 0x52, 0x69, 0x52, 0x8A, 0x52, 0x28, 0x4A,
    0x49, 0x4A, 0x69, 0x52, 0x69, 0x52, 0xAA, 0x5A, 0x0B, 0x63, 0xEB, 0x5A, 0xEB, 0x62, 0xEB, 0x62,
    0x6D, 0x6B, 0x4D, 0x6B, 0x4D, 0x6B, 0x2C, 0x63, 0xEB, 0x5A, 0xCB, 0x52, 0x2C, 0x63, 0x0C, 0x5B,
    0x6A, 0x4A, 0x0C, 0x63, 0x2C, 0x63, 0x4D, 0x63, 0x0C, 0x5B, 0xEC, 0x5A, 0x8A, 0x52, 0x28, 0x42,
    0x08, 0x42, 0x08, 0x42, 0x29, 0x4A, 0x08, 0x42, 0xE8, 0x41, 0x08, 0x42, 0xC7, 0x39, 0xA6, 0x39,
    0xA6, 0x39, 0xA6, 0x39, 0xA6, 0x39, 0xA6, 0x31, 0xA6, 0x31, 0xA6, 0x31, 0xA6, 0x31, 0xA6, 0x31,
    0xA6, 0x31, 0xA6, 0x31, 0xA6, 0x31, 0x86, 0x31, 0xA6, 0x31, 0x86, 0x31, 0x86, 0x31, 0x86, 0x31,
    0x86, 0x31, 0x86, 0x31, 0x86, 0x31, 0x85, 0x31, 0x85, 0x31, 0x85, 0x31, 0x85, 0x31, 0x85, 0x31,
    0x85, 0x31, 0x85, 0x31, 0x85, 0x31, 0x85, 0x31, 0x85, 0x31, 0x85, 0x31, 0x86, 0x31, 0x86, 0x31,
    0x86, 0x31, 0x86, 0x31, 0x86, 0x31, 0x86, 0x31, 0x86, 0x31, 0x86, 0x31, 0x86, 0x31, 0x86, 0x31,
    0x86, 0x31, 0x86, 0x31, 0x86, 0x31, 0x86, 0x31, 0x86, 0x31, 0x86, 0x31, 0x86, 0x31, 0x86, 0x31,
    0x86, 0x31, 0x86, 0x31, 0x86, 0x31, 0x86, 0x31, 0x86, 0x31, 0x86, 0x31, 0x65, 0x29, 0x65, 0x29,
    0x65, 0x29, 0x65, 0x29, 0x65, 0x29, 0x65, 0x29, 0x65, 0x29, 0x65, 0x29, 0x65, 0x29, 0x86, 0x31,
    0xA6, 0x39, 0xA6, 0x39, 0x86, 0x31, 0x86, 0x31, 0x86, 0x31, 0x86, 0x31, 0x86, 0x31, 0x86, 0x31,
    0x86, 0x31, 0xA6, 0x39, 0xA6, 0x39, 0xA6, 0x39, 0xC7, 0x39, 0xE8, 0x41, 0x07, 0x42, 0xA6, 0x39,
    0xC6, 0x39, 0x07, 0x42, 0x08, 0x4A, 0x08, 0x4A, 0x49, 0x52, 0x49, 0x52, 0x49, 0x52, 0x28, 0x4A,
    0x48, 0x52, 0x48, 0x52, 0x69, 0x52, 0x69, 0x52, 0x69, 0x52, 0x69, 0x5A, 0x69, 0x5A, 0x69, 0x5A,
    0x69, 0x5A, 0x89, 0x5A, 0x89, 0x5A, 0x89, 0x5A, 0x89, 0x5A, 0x89, 0x5A, 0x8A, 0x5A, 0x8A, 0x5A,
    0x89, 0x5A, 0x89, 0x5A, 0x89, 0x5A, 0x69, 0x5A, 0x69, 0x5A, 0x69, 0x5A, 0x69, 0x62, 0x49, 0x62,
    0x69, 0x62, 0x69, 0x62, 0x69, 0x62, 0x69, 0x6A, 0x89, 0x72, 0xA9, 0x7A, 0xC9, 0x82, 0xEA, 0x8A,
    0x0A, 0x93, 0x2B, 0x9B, 0x4B, 0xA3, 0x6C, 0xAB, 0x8C, 0xB3, 0xAC, 0xB3, 0xCD, 0xBB, 0xCD, 0xBB,
    0xED, 0xBB, 0x0E, 0xC4, 0x0E, 0xC4, 0x2E, 0xC4, 0x4F, 0xCC, 0x90, 0xD4, 0x90, 0xD4, 0x90, 0xD4,
    0x6F, 0xD4, 0x6F, 0xD4, 0x2E, 0xC4, 0x4B, 0xA3, 0x06, 0x72, 0x27, 0x6A, 0xC9, 0x82, 0xEA, 0x82,
    0x2B, 0x8B, 0x8D, 0x93, 0x0E, 0x9C, 0x70, 0xA4, 0xD1, 0xAC, 0xF2, 0xB4, 0x12, 0xB5, 0x53, 0xBD,
    0x73, 0xBD, 0x74, 0xC5, 0x94, 0xC5, 0x74, 0xC5, 0x94, 0xC5, 0x94, 0xC5, 0x94, 0xC5, 0x94, 0xC5,
    0x94, 0xC5, 0x94, 0xC5, 0x74, 0xC5, 0x74, 0xC5, 0x74, 0xC5, 0x73, 0xC5, 0x53, 0xC5, 0x53, 0xBD,
    0x33, 0xBD, 0x12, 0xBD, 0x33, 0xBD, 0x33, 0xBD, 0x33, 0xBD, 0x33, 0xBD, 0x33, 0xBD, 0x32, 0xBD,
    0x12, 0xBD, 0x12, 0xB5, 0xD1, 0xAC, 0xB1, 0xAC, 0x90, 0xAC, 0x4F, 0xA4, 0x0E, 0x9C, 0xCD, 0x93,
    0x8C, 0x8B, 0x0A, 0x7B, 0x0A, 0x73, 0x89, 0x62, 0x48, 0x5A, 0x69, 0x5A, 0x69, 0x5A, 0x69, 0x5A,
    0x49, 0x5A, 0x28, 0x52, 0x07, 0x4A, 0xE7, 0x49, 0xE7, 0x49, 0xE7, 0x49, 0xE7, 0x49, 0xE7, 0x49,
    0xE7, 0x41, 0xA6, 0x41, 0xC7, 0x41, 0xE7, 0x41, 0xC7, 0x41, 0x86, 0x39, 0x65, 0x29, 0x65, 0x29,
    0x65, 0x29, 0x65, 0x29, 0x65, 0x29, 0x65, 0x29, 0x65, 0x29, 0x65, 0x29, 0x65, 0x29, 0x65, 0x29,
    0x65, 0x29, 0x65, 0x29, 0x65, 0x29, 0x65, 0x29, 0x65, 0x29, 0x65, 0x29, 0xA6, 0x31, 0x86, 0x31,
    0x65, 0x29, 0x65, 0x29, 0x65, 0x29, 0x65, 0x29, 0x65, 0x29, 0x65, 0x29, 0xC7, 0x39, 0xA6, 0x39,
    0x49, 0x4A, 0x28, 0x4A, 0xC7, 0x39, 0xE7, 0x41, 0xE7, 0x41, 0x28, 0x4A, 0x28, 0x4A, 0x08, 0x42,
    0xC7, 0x39, 0x28, 0x4A, 0x89, 0x52, 0x69, 0x4A, 0x69, 0x4A, 0x69, 0x52, 0x69, 0x4A, 0x69, 0x52,
    0x49, 0x4A, 0x49, 0x4A, 0x49, 0x4A, 0x49, 0x52, 0xAA, 0x5A, 0xEB, 0x62, 0xEB, 0x6A, 0x0C, 0x6B,
    0x2C, 0x6B, 0x0B, 0x6B, 0x0C, 0x6B, 0x4C, 0x73, 0x2C, 0x6B, 0x2C, 0x6B, 0x2C, 0x6B, 0x2C, 0x73,
    0x2C, 0x6B, 0x2C, 0x6B, 0x2C, 0x6B, 0x4C, 0x6B, 0x4C, 0x6B, 0x2C, 0x6B, 0x2C, 0x6B, 0x2C, 0x6B,
    0x2C, 0x6B, 0x2C, 0x6B, 0x4C, 0x6B, 0x4C, 0x6B, 0x4C, 0x6B, 0x4C, 0x6B, 0x4D, 0x6B, 0x2C, 0x63,
    0xAA, 0x52, 0x2C, 0x63, 0x4C, 0x63, 0x4C, 0x63, 0x0C, 0x63, 0x49, 0x4A, 0x8A, 0x52, 0x8A, 0x52,
    0x28, 0x4A, 0x48, 0x4A, 0x69, 0x52, 0x69, 0x52, 0xCA, 0x5A, 0xEB, 0x5A, 0xEB, 0x5A, 0x0C, 0x63,
    0x6D, 0x6B, 0x4D, 0x6B, 0x4D, 0x6B, 0x0C, 0x63, 0xCB, 0x5A, 0xEB, 0x5A, 0x2C, 0x63, 0xEB, 0x5A,
    0x8A, 0x52, 0x2C, 0x63, 0x0C, 0x63, 0x6D, 0x6B, 0x2C, 0x63, 0xEC, 0x5A, 0xCB, 0x52, 0x28, 0x42,
    0x28, 0x4A, 0x08, 0x42, 0xE8, 0x41, 0x08, 0x42, 0xE8, 0x41, 0xE7, 0x41, 0xC7, 0x39, 0xA6, 0x39,
    0xA6, 0x39, 0xA6, 0x39, 0xA6, 0x39, 0xA6, 0x31, 0xA6, 0x31, 0xA6, 0x31, 0xA6, 0x31, 0xA6, 0x31,
    0xA6, 0x31, 0xA6, 0x31, 0xA6, 0x31, 0xA6, 0x31, 0xA6, 0x31, 0x86, 0x31, 0x86, 0x31, 0x86, 0x31,
    0x86, 0x31, 0x86, 0x31, 0x85, 0x31, 0x85, 0x31, 0x85, 0x31, 0x85, 0x31, 0x85, 0x31, 0x85, 0x31,
    0x85, 0x31, 0x85, 0x31, 0x85, 0x31, 0x85, 0x31, 0x85, 0x31, 0x86, 0x31, 0x86, 0x31, 0x86, 0x31,
    0x86, 0x31, 0x86, 0x31, 0x86, 0x31, 0x86, 0x31, 0x85, 0x31, 0x85, 0x31, 0x86, 0x31, 0x86, 0x31,
    0x86, 0x31, 0x86, 0x31, 0x86, 0x31, 0x86, 0x31, 0x86, 0x31, 0x86, 0x31, 0x86, 0x31, 0x86, 0x31,
    0x86, 0x31, 0x86, 0x31, 0x86, 0x31, 0x86, 0x31, 0x86, 0x31, 0x85, 0x31, 0x65, 0x29, 0x65, 0x29,
    0x65, 0x29, 0x65, 0x29, 0x65, 0x29, 0x65, 0x29, 0x65, 0x29, 0x65, 0x29, 0x65, 0x29, 0x65, 0x29,
    0xA6, 0x39, 0xA7, 0x39, 0xA6, 0x39, 0x86, 0x31, 0x86, 0x31, 0x86, 0x31, 0x86, 0x31, 0x86, 0x31,
    0x86, 0x31, 0x86, 0x31, 0xA6, 0x39, 0xA6, 0x39, 0xA6, 0x39, 0xE7, 0x41, 0xE7, 0x41, 0xE7, 0x41,
    0xA6, 0x39, 0xC7, 0x41, 0x08, 0x4A, 0x08, 0x4A, 0x28, 0x4A, 0x49, 0x52, 0x49, 0x52, 0x48, 0x52,
    0x48, 0x52, 0x49, 0x52, 0x49, 0x52, 0x49, 0x52, 0x69, 0x52, 0x69, 0x5A, 0x69, 0x5A, 0x69, 0x5A,
    0x69, 0x5A, 0x69, 0x5A, 0x89, 0x5A, 0x89, 0x5A, 0x89, 0x5A, 0x89, 0x5A, 0x8A, 0x5A, 0x8A, 0x5A,
    0x8A, 0x5A, 0x89, 0x5A, 0x89, 0x5A, 0x69, 0x5A, 0x69, 0x5A, 0x69, 0x62, 0x69, 0x62, 0x69, 0x62,
    0x69, 0x62, 0x69, 0x62, 0x69, 0x62, 0x69, 0x6A, 0x69, 0x6A, 0x89, 0x72, 0xA9, 0x7A, 0xCA, 0x82,
    0xEA, 0x8A, 0x0A, 0x93, 0x4B, 0x9B, 0x4B, 0xA3, 0x8C, 0xAB, 0x8C, 0xB3, 0xAC, 0xB3, 0xAC, 0xBB,
    0xCD, 0xBB, 0xED, 0xBB, 0x0E, 0xC4, 0x0E, 0xC4, 0x2F, 0xC4, 0x70, 0xCC, 0x90, 0xD4, 0x90, 0xD4,
    0x90, 0xD4, 0x90, 0xD4, 0x8F, 0xD4, 0x6F, 0xCC, 0xCD, 0xB3, 0x88, 0x82, 0x06, 0x6A, 0xC9, 0x7A,
    0x2B, 0x83, 0x4B, 0x8B, 0x8D, 0x93, 0x0E, 0x9C, 0x6F, 0xA4, 0xB1, 0xAC, 0xF2, 0xB4, 0x12, 0xB5,
    0x33, 0xBD, 0x54, 0xBD, 0x74, 0xC5, 0x74, 0xC5, 0x74, 0xC5, 0x74, 0xC5, 0x74, 0xC5, 0x74, 0xC5,
    0x74, 0xC5, 0x74, 0xC5, 0x74, 0xC5, 0x74, 0xC5, 0x73, 0xC5, 0x73, 0xBD, 0x53, 0xBD, 0x53, 0xBD,
    0x33, 0xBD, 0x12, 0xBD, 0x33, 0xBD, 0x33, 0xBD, 0x33, 0xBD, 0x33, 0xBD, 0x33, 0xBD, 0x32, 0xBD,
    0x12, 0xBD, 0xF2, 0xB4, 0xB1, 0xAC, 0x90, 0xAC, 0x70, 0xAC, 0x4F, 0xA4, 0xEE, 0x9B, 0xAD, 0x93,
    0x6C, 0x8B, 0x0A, 0x73, 0x0B, 0x73, 0x69, 0x5A, 0x69, 0x5A, 0x48, 0x5A, 0x48, 0x5A, 0x49, 0x5A,
    0x69, 0x5A, 0x28, 0x52, 0xE7, 0x49, 0x07, 0x42, 0xE7, 0x41, 0xE7, 0x49, 0xE7, 0x49, 0xC7, 0x41,
    0xA6, 0x41, 0xE7, 0x41, 0xE7, 0x49, 0xE7, 0x41, 0x86, 0x39, 0x65, 0x29, 0x65, 0x29, 0x65, 0x29,
    0x65, 0x29, 0x65, 0x29, 0x65, 0x29, 0x65, 0x29, 0x65, 0x29, 0x65, 0x29, 0x65, 0x29, 0x65, 0x29,
    0x65, 0x29, 0x65, 0x29, 0x65, 0x29, 0x65, 0x29, 0x65, 0x29, 0x65, 0x29, 0xA6, 0x31, 0xA6, 0x31,
    0x65, 0x29, 0x65, 0x29, 0x65, 0x29, 0x65, 0x29, 0x65, 0x29, 0x65, 0x29, 0xA6, 0x31, 0xE7, 0x39,
    0xA6, 0x39, 0x69, 0x52, 0x28, 0x4A, 0xC7, 0x41, 0xE7, 0x41, 0x08, 0x42, 0x28, 0x4A, 0x28, 0x4A,
    0x28, 0x4A, 0xE7, 0x41, 0x28, 0x4A, 0x69, 0x4A, 0x69, 0x52, 0x69, 0x52, 0x89, 0x52, 0x89, 0x52,
    0x69, 0x52, 0x28, 0x4A, 0x49, 0x4A, 0x49, 0x52, 0x69, 0x52, 0x8A, 0x5A, 0xEB, 0x62, 0xEB, 0x62,
    0x2C, 0x6B, 0x2C, 0x6B, 0xEB, 0x6A, 0x4C, 0x73, 0x2C, 0x73, 0x2C, 0x6B, 0x2C, 0x6B, 0x2C, 0x73,
    0x2C, 0x6B, 0x2C, 0x6B, 0x2C, 0x6B, 0x4C, 0x6B, 0x4C, 0x6B, 0x4C, 0x6B, 0x4C, 0x6B, 0x2C, 0x6B,
    0x2C, 0x6B, 0x4C, 0x6B, 0x4C, 0x6B, 0x4C, 0x6B, 0x4C, 0x6B, 0x4C, 0x6B, 0x4C, 0x6B, 0x6D, 0x6B,
    0xEB, 0x5A, 0xCA, 0x52, 0x4C, 0x63, 0x4C, 0x6B, 0x4C, 0x6B, 0xAA, 0x52, 0x28, 0x42, 0xAA, 0x5A,
    0x8A, 0x52, 0x48, 0x4A, 0x69, 0x52, 0x69, 0x52, 0x69, 0x52, 0xAA, 0x5A, 0xCB, 0x62, 0xEB, 0x62,
    0x6D, 0x6B, 0x6D, 0x6B, 0x4C, 0x63, 0x0B, 0x5B, 0xCB, 0x52, 0x0C, 0x63, 0x2C, 0x63, 0xAA, 0x52,
    0xAA, 0x52, 0x2C, 0x63, 0x2C, 0x63, 0x6D, 0x6B, 0x6D, 0x6B, 0x0C, 0x5B, 0xCB, 0x5A, 0x49, 0x4A,
    0x28, 0x4A, 0x28, 0x4A, 0xE7, 0x41, 0x08, 0x42, 0x08, 0x42, 0xE7, 0x41, 0xE7, 0x41, 0xA6, 0x39,
    0xA6, 0x39, 0xA6, 0x39, 0xA6, 0x39, 0xA6, 0x31, 0xA6, 0x31, 0xA6, 0x31, 0xA6, 0x31, 0xA6, 0x31,
    0xA6, 0x31, 0xA6, 0x31, 0x86, 0x31, 0xA6, 0x31, 0x86, 0x31, 0x86, 0x31, 0x86, 0x31, 0x86, 0x31,
    0x86, 0x31, 0x86, 0x31, 0x86, 0x31, 0x85, 0x31, 0x85, 0x31, 0x85, 0x31, 0x85, 0x31, 0x85, 0x31,
    0x85, 0x31, 0x85, 0x31, 0x85, 0x31, 0x85, 0x31, 0x85, 0x31, 0x86, 0x31, 0x86, 0x31, 0x86, 0x31,
    0x86, 0x31, 0x86, 0x31, 0x86, 0x31, 0x85, 0x31, 0x85, 0x31, 0x85, 0x31, 0x86, 0x31, 0x86, 0x31,
    0x86, 0x31, 0x86, 0x31, 0x86, 0x31, 0x86, 0x31, 0x86, 0x31, 0x86, 0x31, 0x86, 0x31, 0x86, 0x31,
    0x86, 0x31, 0x86, 0x31, 0x86, 0x31, 0x86, 0x31, 0x86, 0x31, 0x85, 0x31, 0x65, 0x29, 0x65, 0x29,
    0x65, 0x29, 0x65, 0x29, 0x65, 0x29, 0x65, 0x29, 0x65, 0x29, 0x65, 0x29, 0x65, 0x29, 0x65, 0x29,
    0x86, 0x31, 0xA7, 0x39, 0xA7, 0x39, 0xA6, 0x39, 0x86, 0x31, 0x86, 0x31, 0x86, 0x31, 0x86, 0x31,
    0x86, 0x31, 0x86, 0x31, 0xA6, 0x39, 0xA6, 0x39, 0xA6, 0x39, 0xC7, 0x39, 0xE7, 0x41, 0xE7, 0x41,
    0x07, 0x42, 0xC6, 0x39, 0xC6, 0x41, 0x08, 0x4A, 0x08, 0x4A, 0x28, 0x4A, 0x48, 0x52, 0x48, 0x52,
    0x48, 0x52, 0x49, 0x52, 0x49, 0x52, 0x49, 0x52, 0x69, 0x52, 0x69, 0x5A, 0x69, 0x5A, 0x69, 0x5A,
    0x69, 0x5A, 0x69, 0x5A, 0x89, 0x5A, 0x89, 0x5A, 0x89, 0x5A, 0x89, 0x5A, 0x8A, 0x5A, 0x8A, 0x5A,
    0x8A, 0x5A, 0x8A, 0x5A, 0x8A, 0x5A, 0x89, 0x5A, 0x69, 0x62, 0x69, 0x62, 0x69, 0x62, 0x89, 0x62,
    0x69, 0x62, 0x69, 0x62, 0x69, 0x62, 0x69, 0x6A, 0x69, 0x6A, 0x89, 0x6A, 0x89, 0x72, 0xA9, 0x7A,
    0xAA, 0x82, 0xEA, 0x8A, 0x0A, 0x93, 0x2B, 0x9B, 0x4B, 0xA3, 0x6B, 0xAB, 0x8C, 0xAB, 0x8C, 0xB3,
    0xAC, 0xBB, 0xCD, 0xBB, 0xED, 0xBB, 0x0E, 0xBC, 0x0E, 0xC4, 0x2F, 0xC4, 0x4F, 0xCC, 0x6F, 0xCC,
    0x70, 0xCC, 0x90, 0xCC, 0x8F, 0xD4, 0x90, 0xD4, 0x90, 0xCC, 0x4F, 0xC4, 0x2B, 0x93, 0x06, 0x6A,
    0x68, 0x72, 0x2B, 0x8B, 0x4B, 0x8B, 0x8C, 0x93, 0xED, 0x9B, 0x4F, 0xA4, 0xB1, 0xAC, 0xF2, 0xB4,
    0x33, 0xBD, 0x53, 0xBD, 0x53, 0xBD, 0x74, 0xC5, 0x74, 0xC5, 0x74, 0xC5, 0x74, 0xC5, 0x74, 0xC5,
    0x74, 0xC5, 0x74, 0xC5, 0x74, 0xC5, 0x73, 0xC5, 0x73, 0xBD, 0x53, 0xBD, 0x53, 0xBD, 0x33, 0xBD,
    0x12, 0xBD, 0x12, 0xBD, 0x33, 0xBD, 0x33, 0xBD, 0x32, 0xBD, 0x32, 0xBD, 0x12, 0xBD, 0x12, 0xBD,
    0x12, 0xBD, 0xF2, 0xB4, 0x90, 0xAC, 0x70, 0xA4, 0x70, 0xA4, 0x2E, 0xA4, 0xED, 0x93, 0x8C, 0x8B,
    0x0A, 0x7B, 0x2B, 0x7B, 0xAA, 0x62, 0x49, 0x5A, 0x69, 0x5A, 0x68, 0x5A, 0x69, 0x5A, 0x49, 0x5A,
    0x49, 0x52, 0x07, 0x4A, 0xE7, 0x49, 0xE7, 0x49, 0xE7, 0x41, 0xE7, 0x41, 0xE7, 0x41, 0xC7, 0x41,
    0xE7, 0x49, 0xE7, 0x49, 0xE7, 0x41, 0xA6, 0x39, 0x65, 0x29, 0x65, 0x29, 0x65, 0x29, 0x65, 0x29,
    0x65, 0x29, 0x65, 0x29, 0x65, 0x29, 0x65, 0x29, 0x65, 0x29, 0x65, 0x29, 0x65, 0x29, 0x65, 0x29,
    0x65, 0x29, 0x65, 0x29, 0x65, 0x29, 0x65, 0x29, 0x65, 0x29, 0x65, 0x29, 0x65, 0x29, 0xC7, 0x39,
    0x86, 0x31, 0x65, 0x29, 0x65, 0x29, 0x65, 0x29, 0x65, 0x29, 0x65, 0x29, 0x65, 0x29, 0xE7, 0x41,
    0xC7, 0x39, 0xA6, 0x39, 0x69, 0x52, 0x49, 0x4A, 0xC7, 0x39, 0x08, 0x4A, 0x28, 0x4A, 0x28, 0x4A,
    0x48, 0x4A, 0x28, 0x4A, 0x49, 0x4A, 0x48, 0x4A, 0x28, 0x4A, 0x69, 0x52, 0x8A, 0x52, 0x8A, 0x52,
    0x8A, 0x5A, 0x69, 0x52, 0x28, 0x4A, 0x49, 0x52, 0x49, 0x52, 0x69, 0x52, 0x8A, 0x5A, 0xCB, 0x62,
    0xEB, 0x62, 0x2C, 0x73, 0x0C, 0x6B, 0x0C, 0x6B, 0x4C, 0x73, 0x2C, 0x73, 0x2C, 0x73, 0x2C, 0x73,
    0x2C, 0x6B, 0x2C, 0x6B, 0x2C, 0x6B, 0x4C, 0x6B, 0x4C, 0x6B, 0x4C, 0x6B, 0x4C, 0x6B, 0x4C, 0x6B,
    0x4C, 0x6B, 0x4C, 0x6B, 0x4C, 0x6B, 0x4C, 0x6B, 0x4C, 0x6B, 0x4C, 0x6B, 0x4C, 0x6B, 0x4D, 0x6B,
    0x4D, 0x6B, 0xAA, 0x52, 0x0B, 0x63, 0x4C, 0x6B, 0x4C, 0x6B, 0x0C, 0x63, 0x49, 0x4A, 0x49, 0x4A,
    0xCA, 0x5A, 0x69, 0x52, 0x69, 0x52, 0x69, 0x52, 0x69, 0x52, 0x89, 0x52, 0xAA, 0x5A, 0xCB, 0x62,
    0x6D, 0x6B, 0x6D, 0x6B, 0x2C, 0x63, 0xEB, 0x5A, 0xCB, 0x52, 0x0C, 0x63, 0x2C, 0x63, 0x8A, 0x52,
    0xCB, 0x52, 0x2C, 0x63, 0x4D, 0x63, 0x6D, 0x6B, 0x4D, 0x63, 0x4D, 0x63, 0xEC, 0x5A, 0x69, 0x4A,
    0x28, 0x4A, 0x49, 0x4A, 0x08, 0x42, 0xE7, 0x41, 0xE8, 0x41, 0xC7, 0x39, 0xC7, 0x41, 0xA7, 0x39,
    0xA7, 0x39, 0xA6, 0x39, 0xA6, 0x39, 0xA6, 0x31, 0xA6, 0x31, 0xA6, 0x31, 0xA6, 0x31, 0xA6, 0x31,
    0xA6, 0x31, 0xA6, 0x31, 0xA6, 0x31, 0x86, 0x31, 0x86, 0x31, 0x86, 0x31, 0x86, 0x31, 0x86, 0x31,
    0x86, 0x31, 0x86, 0x31, 0x86, 0x31, 0x85, 0x31, 0x85, 0x31, 0x85, 0x31, 0x85, 0x31, 0x85, 0x31,
    0x85, 0x31, 0x85, 0x31, 0x85, 0x31, 0x85, 0x31, 0x85, 0x31, 0x86, 0x31, 0x86, 0x31, 0x86, 0x31,
    0x86, 0x31, 0x86, 0x31, 0x86, 0x31, 0x85, 0x31, 0x85, 0x31, 0x85, 0x31, 0x86, 0x31, 0x86, 0x31,
    0x86, 0x31, 0x86, 0x31, 0x86, 0x31, 0x86, 0x31, 0x86, 0x31, 0x86, 0x31, 0x86, 0x31, 0x86, 0x31,
    0x86, 0x31, 0x86, 0x31, 0x86, 0x31, 0x86, 0x31, 0x86, 0x31, 0x85, 0x31, 0x65, 0x29, 0x65, 0x29,
    0x65, 0x29, 0x65, 0x29, 0x65, 0x29, 0x65, 0x29, 0x65, 0x29, 0x65, 0x29, 0x65, 0x29, 0x86, 0x31,
    0x65, 0x31, 0xA6, 0x39, 0xA6, 0x39, 0xC7, 0x39, 0x86, 0x31, 0x86, 0x31, 0x86, 0x31, 0x86, 0x31,
    0x86, 0x31, 0x86, 0x31, 0xA6, 0x39, 0xA6, 0x39, 0xA6, 0x39, 0xA6, 0x39, 0xC7, 0x39, 0xE7, 0x41,
    0x07, 0x42, 0x07, 0x42, 0xC6, 0x39, 0xC7, 0x41, 0x08, 0x4A, 0x08, 0x4A, 0x28, 0x52, 0x48, 0x52,
    0x48, 0x52, 0x49, 0x52, 0x49, 0x52, 0x49, 0x52, 0x69, 0x52, 0x69, 0x52, 0x69, 0x5A, 0x69, 0x5A,
    0x69, 0x5A, 0x69, 0x5A, 0x89, 0x5A, 0x89, 0x5A, 0x89, 0x5A, 0x89, 0x5A, 0x8A, 0x5A, 0x8A, 0x5A,
    0x8A, 0x5A, 0x8A, 0x5A, 0x8A, 0x5A, 0x8A, 0x62, 0x89, 0x62, 0x8A, 0x62, 0x89, 0x62, 0x89, 0x62,
    0x89, 0x62, 0x89, 0x62, 0x89, 0x6A, 0x89, 0x6A, 0xA9, 0x6A, 0xA9, 0x6A, 0xA9, 0x72, 0xA9, 0x72,
    0xAA, 0x7A, 0xCA, 0x82, 0xEA, 0x8A, 0xEA, 0x8A, 0x2A, 0x93, 0x4B, 0x9B, 0x6B, 0xA3, 0x6C, 0xAB,
    0x8C, 0xB3, 0xAC, 0xB3, 0xCD, 0xBB, 0xED, 0xBB, 0x0E, 0xC4, 0x2E, 0xC4, 0x2F, 0xC4, 0x4F, 0xCC,
    0x70, 0xCC, 0x70, 0xCC, 0x90, 0xCC, 0x90, 0xD4, 0x90, 0xCC, 0x90, 0xCC, 0xB0, 0xCC, 0xEE, 0xB3,
    0x68, 0x7A, 0x27, 0x6A, 0xEA, 0x82, 0x4B, 0x8B, 0x6C, 0x8B, 0xEE, 0x93, 0x6F, 0xA4, 0xD1, 0xAC,
    0xF2, 0xB4, 0x33, 0xBD, 0x53, 0xBD, 0x53, 0xBD, 0x54, 0xBD, 0x74, 0xC5, 0x74, 0xC5, 0x74, 0xC5,
    0x74, 0xC5, 0x74, 0xC5, 0x74, 0xBD, 0x73, 0xBD, 0x53, 0xBD, 0x53, 0xBD, 0x33, 0xBD, 0x33, 0xBD,
    0x12, 0xBD, 0x33, 0xBD, 0x32, 0xBD, 0x32, 0xBD, 0x32, 0xBD, 0x12, 0xBD, 0x12, 0xB5, 0x12, 0xBD,
    0xF2, 0xB4, 0xD1, 0xB4, 0x70, 0xAC, 0x4F, 0xA4, 0x6F, 0xA4, 0x2E, 0x9C, 0xCD, 0x93, 0x4B, 0x83,
    0x0A, 0x73, 0xEB, 0x72, 0x69, 0x5A, 0x69, 0x5A, 0x69, 0x5A, 0x69, 0x5A, 0x69, 0x5A, 0x48, 0x5A,
    0x08, 0x4A, 0x07, 0x4A, 0xE7, 0x49, 0xE7, 0x49, 0xE7, 0x49, 0xC7, 0x41, 0xE7, 0x41, 0xE7, 0x41,
    0xC7, 0x49, 0xE7, 0x49, 0xA6, 0x39, 0x65, 0x31, 0x65, 0x29, 0x65, 0x29, 0x65, 0x29, 0x65, 0x29,
    0x65, 0x29, 0x65, 0x29, 0x65, 0x29, 0x65, 0x29, 0x65, 0x29, 0x65, 0x29, 0x65, 0x29, 0x65, 0x29,
    0x65, 0x29, 0x65, 0x29, 0x65, 0x29, 0x65, 0x29, 0x65, 0x29, 0x65, 0x29, 0x65, 0x29, 0xA6, 0x31,
    0xE7, 0x39, 0x65, 0x29, 0x65, 0x29, 0x65, 0x29, 0x65, 0x29, 0x65, 0x29, 0x65, 0x29, 0xC7, 0x39,
    0x08, 0x42, 0xA6, 0x39, 0xA6, 0x39, 0x49, 0x4A, 0x49, 0x4A, 0xE7, 0x41, 0x28, 0x4A, 0x28, 0x4A,
    0x49, 0x52, 0x49, 0x52, 0x28, 0x4A, 0x69, 0x52, 0x49, 0x52, 0x28, 0x4A, 0x49, 0x52, 0x8A, 0x52,
    0x8A, 0x5A, 0xAA, 0x5A, 0x49, 0x52, 0x28, 0x4A, 0x49, 0x52, 0x69, 0x52, 0x69, 0x52, 0x8A, 0x5A,
    0xCB, 0x62, 0x0C, 0x6B, 0x2C, 0x73, 0x0C, 0x6B, 0x2C, 0x73, 0x2C, 0x73, 0x2C, 0x73, 0x2C, 0x73,
    0x2C, 0x6B, 0x2C, 0x6B, 0x2C, 0x6B, 0x4C, 0x6B, 0x4C, 0x6B, 0x4C, 0x6B, 0x4C, 0x6B, 0x4C, 0x6B,
    0x4C, 0x6B, 0x4C, 0x6B, 0x4C, 0x6B, 0x4C, 0x6B, 0x4C, 0x6B, 0x4D, 0x6B, 0x4C, 0x6B, 0x4C, 0x6B,
    0x4D, 0x6B, 0x0C, 0x63, 0x89, 0x52, 0x4C, 0x63, 0x4C, 0x6B, 0x4C, 0x6B, 0xAA, 0x52, 0x08, 0x42,
    0x8A, 0x52, 0xCB, 0x5A, 0x69, 0x52, 0x89, 0x52, 0x69, 0x52, 0x69, 0x52, 0x89, 0x52, 0xAA, 0x5A,
    0x6D, 0x6B, 0x6D, 0x6B, 0x0C, 0x63, 0xEB, 0x5A, 0xEB, 0x5A, 0x2C, 0x63, 0x0C, 0x63, 0x8A, 0x4A,
    0xEB, 0x5A, 0x2C, 0x63, 0x4D, 0x63, 0x4D, 0x6B, 0x4D, 0x63, 0x4D, 0x63, 0x2D, 0x63, 0x69, 0x4A,
    0x49, 0x4A, 0x49, 0x4A, 0x28, 0x4A, 0xE7, 0x41, 0xE7, 0x41, 0xE7, 0x41, 0xC7, 0x39, 0xC7, 0x39,
    0xA7, 0x39, 0xA7, 0x39, 0xA6, 0x39, 0xA6, 0x31, 0xA6, 0x31, 0xA6, 0x31, 0xA6, 0x31, 0xA6, 0x31,
    0xA6, 0x31, 0xA6, 0x31, 0xA6, 0x31, 0x86, 0x31, 0x86, 0x31, 0x86, 0x31, 0x86, 0x31, 0x86, 0x31,
    0x86, 0x31, 0x85, 0x31, 0x85, 0x31, 0x85, 0x31, 0x85, 0x31, 0x85, 0x31, 0x85, 0x31, 0x85, 0x31,
    0x85, 0x31, 0x85, 0x31, 0x85, 0x31, 0x85, 0x31, 0x85, 0x31, 0x85, 0x31, 0x86, 0x31, 0x86, 0x31,
    0x86, 0x31, 0x86, 0x31, 0x86, 0x31, 0x85, 0x31, 0x85, 0x31, 0x85, 0x31, 0x86, 0x31, 0x86, 0x31,
    0x66, 0x31, 0x86, 0x31, 0x86, 0x31, 0x86, 0x31, 0x86, 0x31, 0x86, 0x31, 0x86, 0x31, 0x86, 0x31,
    0x86, 0x31, 0x86, 0x31, 0x86, 0x31, 0x86, 0x31, 0x86, 0x31, 0x85, 0x31, 0x65, 0x29, 0x65, 0x29,
    0x65, 0x29, 0x65, 0x29, 0x65, 0x29, 0x65, 0x29, 0x65, 0x29, 0x65, 0x29, 0x65, 0x29, 0x65, 0x29,
    0x65, 0x31, 0x86, 0x31, 0xC7, 0x39, 0xA6, 0x39, 0xA6, 0x39, 0x86, 0x31, 0x86, 0x31, 0x86, 0x31,
    0x86, 0x31, 0x86, 0x31, 0x86, 0x31, 0xA6, 0x39, 0xA6, 0x39, 0xA6, 0x39, 0xC6, 0x39, 0xE7, 0x41,
    0xE7, 0x41, 0x07, 0x42, 0x08, 0x4A, 0xC6, 0x39, 0xC6, 0x41, 0x08, 0x4A, 0x28, 0x52, 0x48, 0x52,
    0x48, 0x52, 0x49, 0x52, 0x49, 0x52, 0x69, 0x52, 0x69, 0x52, 0x69, 0x52, 0x69, 0x5A, 0x69, 0x5A,
    0x69, 0x5A, 0x69, 0x5A, 0x89, 0x5A, 0x89, 0x5A, 0x89, 0x5A, 0x89, 0x5A, 0x8A, 0x5A, 0x8A, 0x5A,
    0x8A, 0x5A, 0x8A, 0x5A, 0x8A, 0x5A, 0x8A, 0x5A, 0x89, 0x62, 0x8A, 0x62, 0x89, 0x62, 0x89, 0x62,
    0x89, 0x62, 0x89, 0x62, 0xA9, 0x6A, 0xAA, 0x6A, 0xAA, 0x6A, 0xAA, 0x6A, 0xAA, 0x72, 0xAA, 0x72,
    0xAA, 0x72, 0xCA, 0x7A, 0xCA, 0x7A, 0xCA, 0x82, 0xEA, 0x8A, 0x0A, 0x8B, 0x2B, 0x93, 0x4B, 0x9B,
    0x6C, 0xA3, 0x8C, 0xAB, 0xAC, 0xB3, 0xCD, 0xB3, 0xEE, 0xBB, 0x0E, 0xBC, 0x2F, 0xC4, 0x4F, 0xC4,
    0x4F, 0xC4, 0x70, 0xCC, 0x90, 0xCC, 0x90, 0xCC, 0x90, 0xCC, 0x90, 0xCC, 0xB0, 0xCC, 0xD1, 0xCC,
    0xB0, 0xC4, 0x6B, 0x93, 0x67, 0x72, 0xA9, 0x72, 0x2B, 0x83, 0xAC, 0x93, 0x2F, 0xA4, 0xB0, 0xAC,
    0xF2, 0xB4, 0x12, 0xB5, 0x33, 0xBD, 0x53, 0xBD, 0x53, 0xBD, 0x53, 0xBD, 0x53, 0xBD, 0x54, 0xBD,
    0x53, 0xBD, 0x53, 0xBD, 0x53, 0xBD, 0x53, 0xBD, 0x53, 0xBD, 0x53, 0xBD, 0x33, 0xBD, 0x12, 0xBD,
    0x12, 0xB5, 0x33, 0xBD, 0x12, 0xB5, 0x12, 0xB5, 0x12, 0xB5, 0x12, 0xB5, 0x12, 0xB5, 0x12, 0xB5,
    0xF2, 0xB4, 0xD1, 0xAC, 0x50, 0xA4, 0x50, 0xA4, 0x4F, 0xA4, 0x0E, 0x9C, 0x8D, 0x8B, 0x0B, 0x73,
    0x2B, 0x73, 0xA9, 0x62, 0x69, 0x5A, 0x69, 0x5A, 0x69, 0x5A, 0x69, 0x5A, 0x49, 0x5A, 0x28, 0x52,
    0x07, 0x4A, 0x07, 0x4A, 0xE7, 0x49, 0xE7, 0x49, 0xC7, 0x41, 0xE7, 0x41, 0xE7, 0x41, 0xC7, 0x41,
    0xE7, 0x41, 0xA6, 0x39, 0x65, 0x31, 0x65, 0x29, 0x85, 0x29, 0x65, 0x29, 0x65, 0x29, 0x65, 0x29,
    0x65, 0x29, 0x65, 0x29, 0x65, 0x29, 0x65, 0x29, 0x65, 0x29, 0x65, 0x29, 0x65, 0x29, 0x65, 0x29,
    0x65, 0x29, 0x65, 0x29, 0x65, 0x29, 0x65, 0x29, 0x65, 0x29, 0x65, 0x29, 0x85, 0x31, 0x65, 0x29,
    0xE7, 0x39, 0xA6, 0x31, 0x65, 0x29, 0x65, 0x29, 0x65, 0x29, 0x85, 0x29, 0x65, 0x29, 0x86, 0x31,
    0x08, 0x42, 0xE7, 0x41, 0xA6, 0x39, 0xC7, 0x39, 0x49, 0x4A, 0x89, 0x52, 0x28, 0x4A, 0x08, 0x4A,
    0x49, 0x52, 0x69, 0x52, 0x49, 0x4A, 0x49, 0x4A, 0xAA, 0x5A, 0x8A, 0x5A, 0x28, 0x4A, 0x49, 0x4A,
    0x8A, 0x5A, 0xAA, 0x5A, 0xAA, 0x5A, 0x49, 0x52, 0x28, 0x4A, 0x69, 0x52, 0x8A, 0x5A, 0x8A, 0x5A,
    0x8A, 0x5A, 0xCB, 0x62, 0x2C, 0x6B, 0x2C, 0x73, 0x2C, 0x6B, 0x4C, 0x73, 0x2C, 0x73, 0x2C, 0x6B,
    0x2C, 0x6B, 0x2C, 0x6B, 0x2C, 0x6B, 0x4C, 0x6B, 0x4C, 0x6B, 0x4C, 0x6B, 0x4C, 0x6B, 0x4C, 0x6B,
    0x4C, 0x6B, 0x4C, 0x6B, 0x4C, 0x6B, 0x4C, 0x6B, 0x4C, 0x6B, 0x4D, 0x6B, 0x4D, 0x6B, 0x4C, 0x6B,
    0x4C, 0x6B, 0x6D, 0x6B, 0xAA, 0x52, 0xEB, 0x5A, 0x4D, 0x6B, 0x4C, 0x63, 0x0B, 0x63, 0x28, 0x42,
    0x28, 0x4A, 0xCB, 0x5A, 0xAA, 0x5A, 0x89, 0x52, 0xAA, 0x5A, 0x89, 0x52, 0x69, 0x52, 0x89, 0x52,
    0x6D, 0x6B, 0x4D, 0x6B, 0x0C, 0x63, 0xCB, 0x5A, 0xEB, 0x5A, 0x2C, 0x63, 0x0C, 0x63, 0x69, 0x4A,
    0xEC, 0x5A, 0x2C, 0x63, 0x4D, 0x6B, 0x4D, 0x6B, 0x4D, 0x63, 0x4D, 0x63, 0x4D, 0x6B, 0x8A, 0x52,
    0x49, 0x4A, 0x29, 0x4A, 0x28, 0x4A, 0xE7, 0x41, 0xE7, 0x41, 0xC7, 0x39, 0xC7, 0x39, 0xC7, 0x39,
    0xA7, 0x39, 0xA7, 0x39, 0xA6, 0x31, 0xA6, 0x31, 0xA6, 0x31, 0xA6, 0x31, 0xA6, 0x31, 0xA6, 0x31,
    0xA6, 0x31, 0xA6, 0x31, 0x86, 0x31, 0x86, 0x31, 0x86, 0x31, 0x86, 0x31, 0x86, 0x31, 0x86, 0x31,
    0x85, 0x31, 0x85, 0x31, 0x85, 0x31, 0x85, 0x31, 0x85, 0x31, 0x85, 0x31, 0x85, 0x31, 0x85, 0x31,
    0x85, 0x31, 0x85, 0x31, 0x85, 0x31, 0x85, 0x31, 0x85, 0x31, 0x85, 0x31, 0x86, 0x31, 0x86, 0x31,
    0x86, 0x31, 0x86, 0x31, 0x86, 0x31, 0x85, 0x31, 0x85, 0x31, 0x85, 0x31, 0x86, 0x31, 0x86, 0x31,
    0x66, 0x31, 0x86, 0x31, 0x86, 0x31, 0x86, 0x31, 0x86, 0x31, 0x86, 0x31, 0x86, 0x31, 0x86, 0x31,
    0x86, 0x31, 0x86, 0x31, 0x86, 0x31, 0x86, 0x31, 0x86, 0x31, 0x85, 0x31, 0x65, 0x29, 0x65, 0x29,
    0x65, 0x29, 0x65, 0x29, 0x65, 0x29, 0x65, 0x29, 0x65, 0x29, 0x65, 0x29, 0x65, 0x29, 0x66, 0x31,
    0x66, 0x31, 0x65, 0x31, 0x86, 0x31, 0xA7, 0x39, 0xA7, 0x39, 0xA6, 0x39, 0x86, 0x31, 0x86, 0x31,
    0x86, 0x31, 0x86, 0x31, 0x86, 0x31, 0xA6, 0x39, 0xA6, 0x39, 0xA6, 0x39, 0xA6, 0x39, 0xC7, 0x39,
    0xE7, 0x41, 0x07, 0x42, 0x07, 0x42, 0x08, 0x4A, 0xE7, 0x41, 0xC6, 0x41, 0x08, 0x4A, 0x28, 0x52,
    0x48, 0x52, 0x49, 0x52, 0x49, 0x52, 0x49, 0x52, 0x69, 0x52, 0x69, 0x52, 0x69, 0x52, 0x69, 0x5A,
    0x69, 0x5A, 0x69, 0x5A, 0x89, 0x5A, 0x89, 0x5A, 0x89, 0x5A, 0x89, 0x5A, 0x8A, 0x5A, 0x8A, 0x5A,
    0x8A, 0x5A, 0x8A, 0x5A, 0x8A, 0x5A, 0x8A, 0x5A, 0xAA, 0x5A, 0xAA, 0x62, 0x8A, 0x62, 0xAA, 0x62,
    0xA9, 0x62, 0xA9, 0x62, 0xAA, 0x6A, 0xAA, 0x6A, 0xCA, 0x6A, 0xCA, 0x6A, 0xCA, 0x6A, 0xAA, 0x72,
    0xAA, 0x72, 0xCA, 0x72, 0xCA, 0x7A, 0xCA, 0x7A, 0xEA, 0x82, 0xEA, 0x82, 0x0B, 0x83, 0x2B, 0x93,
    0x4B, 0x9B, 0x6B, 0xA3, 0x8C, 0xAB, 0xAD, 0xB3, 0xCD, 0xB3, 0xEE, 0xBB, 0x0E, 0xBC, 0x2F, 0xC4,
    0x4F, 0xC4, 0x6F, 0xC4, 0x90, 0xC4, 0x90, 0xC4, 0x90, 0xC4, 0xB1, 0xC4, 0xB1, 0xC4, 0xD1, 0xC4,
    0xF1, 0xC4, 0x11, 0xC5, 0x8F, 0xB4, 0x8C, 0x8B, 0x6B, 0x8B, 0xAD, 0x93, 0x2F, 0xA4, 0xB1, 0xAC,
    0xF1, 0xB4, 0x12, 0xB5, 0x33, 0xBD, 0x53, 0xBD, 0x53, 0xBD, 0x53, 0xBD, 0x53, 0xBD, 0x53, 0xBD,
    0x53, 0xBD, 0x53, 0xBD, 0x53, 0xBD, 0x53, 0xBD, 0x53, 0xBD, 0x33, 0xBD, 0x32, 0xBD, 0x12, 0xB5,
    0x12, 0xB5, 0x12, 0xB5, 0x12, 0xB5, 0x12, 0xB5, 0x12, 0xB5, 0x12, 0xB5, 0xF2, 0xB4, 0xF2, 0xB4,
    0xD1, 0xB4, 0x90, 0xAC, 0x4F, 0xA4, 0x50, 0xA4, 0x4F, 0x9C, 0xED, 0x93, 0x4C, 0x7B, 0x0B, 0x73,
    0xEB, 0x6A, 0x89, 0x5A, 0x89, 0x62, 0x89, 0x62, 0x89, 0x62, 0x69, 0x5A, 0x49, 0x52, 0x08, 0x4A,
    0x07, 0x4A, 0x07, 0x4A, 0xE7, 0x49, 0xE7, 0x49, 0xE7, 0x41, 0xE7, 0x41, 0xE7, 0x41, 0xE7, 0x41,
    0xA6, 0x41, 0xA6, 0x39, 0x65, 0x29, 0x66, 0x29, 0x65, 0x29, 0x65, 0x29, 0x65, 0x29, 0x65, 0x29,
    0x65, 0x29, 0x65, 0x29, 0x65, 0x29, 0x65, 0x29, 0x65, 0x29, 0x65, 0x29, 0x65, 0x29, 0x65, 0x29,
    0x65, 0x29, 0x65, 0x29, 0x65, 0x29, 0x65, 0x29, 0x65, 0x29, 0x65, 0x29, 0x65, 0x29, 0x65, 0x29,
    0x86, 0x31, 0xE7, 0x39, 0x65, 0x31, 0x65, 0x29, 0x65, 0x29, 0x65, 0x29, 0x65, 0x29, 0x65, 0x29,
    0xE7, 0x41, 0x28, 0x4A, 0xC7, 0x39, 0xE7, 0x41, 0xC7, 0x39, 0x49, 0x4A, 0x8A, 0x5A, 0x48, 0x4A,
    0x48, 0x4A, 0x69, 0x52, 0x8A, 0x52, 0x28, 0x4A, 0x69, 0x52, 0xCB, 0x5A, 0xAA, 0x5A, 0x69, 0x52,
    0x28, 0x4A, 0x8A, 0x52, 0x8A, 0x5A, 0x8A, 0x5A, 0x49, 0x52, 0x49, 0x4A, 0x8A, 0x5A, 0x8A, 0x5A,
    0x8A, 0x5A, 0x8A, 0x5A, 0xCB, 0x62, 0x2C, 0x73, 0x2C, 0x73, 0x2C, 0x73, 0x2C, 0x73, 0x2C, 0x6B,
    0x2C, 0x6B, 0x2C, 0x6B, 0x2C, 0x6B, 0x4C, 0x6B, 0x4C, 0x6B, 0x4C, 0x6B, 0x4C, 0x6B, 0x4C, 0x6B,
    0x4C, 0x6B, 0x4C, 0x6B, 0x4C, 0x6B, 0x4C, 0x6B, 0x4C, 0x6B, 0x4D, 0x6B, 0x4D, 0x6B, 0x4C, 0x6B,
    0x4C, 0x6B, 0x4D, 0x6B, 0x2C, 0x63, 0xAA, 0x52, 0x4C, 0x63, 0x4C, 0x63, 0x4C, 0x63, 0x89, 0x4A,
    0xE7, 0x39, 0x8A, 0x52, 0xEB, 0x62, 0x89, 0x5A, 0xCA, 0x5A, 0xAA, 0x5A, 0x89, 0x52, 0x69, 0x52,
    0x6D, 0x6B, 0x4D, 0x63, 0x0C, 0x63, 0xCB, 0x5A, 0x0B, 0x5B, 0x2C, 0x63, 0xEB, 0x5A, 0x69, 0x4A,
    0x0C, 0x5B, 0x2C, 0x63, 0x4D, 0x6B, 0x4D, 0x6B, 0x4D, 0x63, 0x4D, 0x63, 0x2D, 0x63, 0xCB, 0x5A,
    0x69, 0x4A, 0x28, 0x4A, 0x28, 0x4A, 0xE8, 0x41, 0xE7, 0x41, 0xE7, 0x41, 0xC7, 0x39, 0xC7, 0x39,
    0xC7, 0x39, 0xA7, 0x39, 0xA6, 0x39, 0xA6, 0x31, 0xA6, 0x31, 0xA6, 0x31, 0xA6, 0x31, 0xA6, 0x31,
    0xA6, 0x31, 0x86, 0x31, 0x86, 0x31, 0x86, 0x31, 0x86, 0x31, 0x86, 0x31, 0x86, 0x31, 0x85, 0x31,
    0x85, 0x31, 0x85, 0x31, 0x85, 0x31, 0x85, 0x31, 0x85, 0x31, 0x85, 0x31, 0x85, 0x31, 0x85, 0x31,
    0x85, 0x31, 0x85, 0x31, 0x85, 0x31, 0x85, 0x31, 0x85, 0x31, 0x85, 0x31, 0x85, 0x31, 0x85, 0x31,
    0x85, 0x31, 0x85, 0x31, 0x85, 0x31, 0x85, 0x31, 0x85, 0x31, 0x85, 0x31, 0x85, 0x31, 0x85, 0x31,
    0x86, 0x31, 0x86, 0x31, 0x86, 0x31, 0x86, 0x31, 0x86, 0x31, 0x86, 0x31, 0x86, 0x31, 0x86, 0x31,
    0x86, 0x31, 0x86, 0x31, 0x86, 0x31, 0x86, 0x31, 0x86, 0x31, 0x85, 0x31, 0x85, 0x31, 0x65, 0x29,
    0x65, 0x29, 0x65, 0x29, 0x65, 0x29, 0x65, 0x29, 0x65, 0x29, 0x65, 0x29, 0x65, 0x29, 0x65, 0x29,
    0x65, 0x29, 0x65, 0x29, 0x65, 0x29, 0xA6, 0x39, 0xA6, 0x39, 0xC7, 0x39, 0x86, 0x31, 0x86, 0x31,
    0x86, 0x31, 0x86, 0x31, 0x86, 0x31, 0x86, 0x39, 0xA6, 0x39, 0xA6, 0x39, 0xA6, 0x39, 0xC7, 0x39,
    0xE7, 0x41, 0x07, 0x42, 0x07, 0x4A, 0x07, 0x4A, 0x08, 0x4A, 0xE7, 0x41, 0xC7, 0x41, 0x28, 0x4A,
    0x48, 0x52, 0x48, 0x52, 0x49, 0x52, 0x49, 0x52, 0x69, 0x52, 0x69, 0x52, 0x69, 0x52, 0x69, 0x5A,
    0x69, 0x5A, 0x69, 0x5A, 0x69, 0x5A, 0x89, 0x5A, 0x89, 0x5A, 0x89, 0x5A, 0x8A, 0x5A, 0x8A, 0x5A,
    0x8A, 0x5A, 0xAA, 0x5A, 0xAA, 0x5A, 0xAA, 0x5A, 0xAA, 0x62, 0xAA, 0x62, 0xAA, 0x62, 0xAA, 0x62,
    0xAA, 0x62, 0xAA, 0x62, 0xAA, 0x6A, 0xAA, 0x6A, 0xCA, 0x6A, 0xCA, 0x6A, 0xCA, 0x72, 0xCA, 0x72,
    0xCA, 0x72, 0xCA, 0x72, 0xEA, 0x7A, 0xCA, 0x7A, 0xEA, 0x7A, 0xEA, 0x7A, 0xEB, 0x82, 0x0B, 0x8B,
    0x2B, 0x8B, 0x4B, 0x93, 0x6C, 0x9B, 0x8C, 0xA3, 0xCD, 0xAB, 0xED, 0xB3, 0x2E, 0xB4, 0x4F, 0xBC,
    0x4F, 0xBC, 0x6F, 0xC4, 0x70, 0xBC, 0x90, 0xC4, 0x90, 0xC4, 0xB1, 0xC4, 0xD1, 0xC4, 0xF1, 0xC4,
    0x12, 0xC5, 0x32, 0xC5, 0x32, 0xC5, 0x12, 0xBD, 0x90, 0xAC, 0x4F, 0xA4, 0x90, 0xAC, 0xD1, 0xB4,
    0xF2, 0xB4, 0x12, 0xB5, 0x32, 0xB5, 0x33, 0xBD, 0x33, 0xBD, 0x33, 0xBD, 0x53, 0xBD, 0x53, 0xBD,
    0x53, 0xBD, 0x53, 0xBD, 0x33, 0xBD, 0x33, 0xBD, 0x32, 0xBD, 0x32, 0xBD, 0x12, 0xB5, 0x12, 0xB5,
    0x12, 0xB5, 0x12, 0xB5, 0x12, 0xB5, 0x12, 0xB5, 0xF2, 0xB4, 0xF2, 0xB4, 0xF2, 0xB4, 0xD2, 0xB4,
    0xB1, 0xAC, 0x70, 0xA4, 0x4F, 0xA4, 0x50, 0xA4, 0x0E, 0x9C, 0x8C, 0x8B, 0x0A, 0x73, 0x0B, 0x73,
    0xAA, 0x62, 0x89, 0x62, 0x89, 0x62, 0x89, 0x62, 0x69, 0x5A, 0x69, 0x52, 0x28, 0x4A, 0x08, 0x4A,
    0x07, 0x4A, 0xE7, 0x49, 0xE7, 0x49, 0xE7, 0x41, 0xC7, 0x41, 0xE7, 0x41, 0xE7, 0x41, 0xA6, 0x39,
    0x65, 0x31, 0xC7, 0x39, 0x86, 0x31, 0x65, 0x29, 0x65, 0x29, 0x65, 0x29, 0x65, 0x29, 0x65, 0x29,
    0x65, 0x29, 0x65, 0x29, 0x65, 0x29, 0x65, 0x29, 0x65, 0x29, 0x65, 0x29, 0x65, 0x29, 0x65, 0x29,
    0x65, 0x29, 0x65, 0x29, 0x65, 0x29, 0x65, 0x29, 0x65, 0x29, 0x65, 0x29, 0x65, 0x29, 0x65, 0x29,
    0x65, 0x29, 0xC7, 0x39, 0xE7, 0x39, 0x65, 0x29, 0x65, 0x29, 0x65, 0x29, 0x65, 0x29, 0x65, 0x29,
    0xA6, 0x31, 0x08, 0x42, 0x07, 0x42, 0xE7, 0x39, 0xE7, 0x39, 0xE7, 0x41, 0x28, 0x4A, 0x89, 0x52,
    0x49, 0x52, 0x49, 0x52, 0x8A, 0x52, 0x49, 0x52, 0x49, 0x4A, 0xAA, 0x5A, 0xCB, 0x5A, 0xCB, 0x62,
    0x89, 0x5A, 0x28, 0x4A, 0x69, 0x52, 0x8A, 0x5A, 0x8A, 0x5A, 0x49, 0x52, 0x49, 0x52, 0xAA, 0x5A,
    0x8A, 0x5A, 0x6A, 0x52, 0x8A, 0x5A, 0xEB, 0x62, 0x4C, 0x73, 0x2C, 0x6B, 0x2C, 0x73, 0x2C, 0x73,
    0x2C, 0x6B, 0x2C, 0x6B, 0x2C, 0x6B, 0x2C, 0x6B, 0x2C, 0x6B, 0x4C, 0x6B, 0x4C, 0x6B, 0x4C, 0x6B,
    0x4C, 0x6B, 0x4C, 0x6B, 0x4C, 0x6B, 0x4C, 0x6B, 0x4C, 0x6B, 0x4C, 0x6B, 0x4C, 0x6B, 0x4C, 0x6B,
    0x4C, 0x6B, 0x4C, 0x6B, 0x4D, 0x6B, 0xAA, 0x52, 0x0B, 0x5B, 0x4D, 0x6B, 0x0C, 0x63, 0xEB, 0x5A,
    0x28, 0x42, 0x48, 0x4A, 0xCB, 0x5A, 0xEB, 0x62, 0xCA, 0x5A, 0xEB, 0x62, 0xAA, 0x5A, 0x69, 0x52,
    0x6D, 0x6B, 0x4C, 0x63, 0x0B, 0x5B, 0xCB, 0x5A, 0x0C, 0x63, 0x2C, 0x63, 0xEB, 0x5A, 0x6A, 0x4A,
    0x0C, 0x5B, 0x4C, 0x63, 0x6D, 0x6B, 0x4D, 0x6B, 0x4D, 0x63, 0x6D, 0x63, 0x2C, 0x63, 0xEB, 0x5A,
    0x8A, 0x52, 0x49, 0x4A, 0x28, 0x42, 0xE8, 0x41, 0xE7, 0x41, 0xE7, 0x41, 0xC7, 0x39, 0xC7, 0x39,
    0xC7, 0x39, 0xA7, 0x39, 0xA6, 0x39, 0xA6, 0x31, 0xA6, 0x31, 0xA6, 0x31, 0xA6, 0x31, 0xA6, 0x31,
    0xA6, 0x31, 0x86, 0x31, 0x86, 0x31, 0x86, 0x31, 0x86, 0x31, 0x86, 0x31, 0x86, 0x31, 0x85, 0x31,
    0x85, 0x31, 0x85, 0x31, 0x85, 0x31, 0x85, 0x31, 0x85, 0x31, 0x85, 0x31, 0x85, 0x31, 0x85, 0x31,
    0x85, 0x31, 0x85, 0x31, 0x85, 0x31, 0x85, 0x31, 0x85, 0x31, 0x85, 0x31, 0x85, 0x31, 0x85, 0x31,
    0x85, 0x31, 0x85, 0x31, 0x85, 0x31, 0x85, 0x31, 0x85, 0x31, 0x85, 0x31, 0x85, 0x31, 0x85, 0x31,
    0x86, 0x31, 0x86, 0x31, 0x86, 0x31, 0x86, 0x31, 0x86, 0x31, 0x86, 0x31, 0x86, 0x31, 0x86, 0x31,
    0x86, 0x31, 0x86, 0x31, 0x86, 0x31, 0x86, 0x31, 0x86, 0x31, 0x85, 0x31, 0x85, 0x31, 0x65, 0x29,
    0x65, 0x29, 0x65, 0x29, 0x65, 0x29, 0x65, 0x29, 0x65, 0x29, 0x65, 0x29, 0x65, 0x29, 0x65, 0x29,
    0x65, 0x29, 0x65, 0x29, 0x65, 0x29, 0x66, 0x31, 0xC7, 0x39, 0xC7, 0x39, 0xC7, 0x39, 0x86, 0x31,
    0x86, 0x31, 0x86, 0x31, 0x86, 0x31, 0x86, 0x39, 0xA6, 0x39, 0xA6, 0x39, 0xA6, 0x39, 0xA6, 0x39,
    0xC7, 0x41, 0xE7, 0x41, 0x07, 0x4A, 0x08, 0x4A, 0x08, 0x4A, 0x08, 0x4A, 0x08, 0x4A, 0xE7, 0x49,
    0x28, 0x4A, 0x49, 0x52, 0x49, 0x52, 0x49, 0x52, 0x69, 0x52, 0x69, 0x52, 0x69, 0x52, 0x69, 0x5A,
    0x69, 0x5A, 0x69, 0x5A, 0x69, 0x5A, 0x89, 0x5A, 0x89, 0x5A, 0x89, 0x5A, 0x8A, 0x5A, 0x8A, 0x5A,
    0x8A, 0x5A, 0xAA, 0x5A, 0xAA, 0x5A, 0xAA, 0x62, 0xAA, 0x62, 0xAA, 0x62, 0xAA, 0x62, 0xAA, 0x62,
    0xAA, 0x62, 0xAA, 0x62, 0xCA, 0x6A, 0xCA, 0x6A, 0xCA, 0x6A, 0xCA, 0x6A, 0xCA, 0x72, 0xCA, 0x72,
    0xCA, 0x72, 0xCA, 0x72, 0xCA, 0x7A, 0xCA, 0x7A, 0xEA, 0x7A, 0xEA, 0x7A, 0xEA, 0x82, 0x0B, 0x83,
    0x0B, 0x8B, 0x2B, 0x8B, 0x4B, 0x93, 0x6C, 0x9B, 0xAC, 0xA3, 0xED, 0xAB, 0x0E, 0xB4, 0x4F, 0xB4,
    0x4F, 0xBC, 0x4F, 0xBC, 0x6F, 0xBC, 0x90, 0xBC, 0xB0, 0xBC, 0xB1, 0xC4, 0xD1, 0xC4, 0x12, 0xC5,
    0x32, 0xC5, 0x53, 0xC5, 0x53, 0xC5, 0x53, 0xC5, 0x12, 0xBD, 0xF1, 0xB4, 0xF1, 0xB4, 0xF2, 0xB4,
    0x12, 0xB5, 0x12, 0xB5, 0x32, 0xB5, 0x32, 0xBD, 0x33, 0xBD, 0x33, 0xBD, 0x33, 0xBD, 0x33, 0xBD,
    0x33, 0xBD, 0x33, 0xBD, 0x33, 0xBD, 0x32, 0xBD, 0x12, 0xBD, 0x12, 0xBD, 0x12, 0xB5, 0x12, 0xB5,
    0x12, 0xB5, 0xF2, 0xB4, 0xF2, 0xB4, 0xF2, 0xB4, 0xF2, 0xB4, 0xF2, 0xB4, 0xD2, 0xB4, 0xD1, 0xB4,
    0x91, 0xAC, 0x2F, 0xA4, 0x2F, 0xA4, 0x4F, 0x9C, 0xCD, 0x93, 0x2B, 0x7B, 0xEA, 0x72, 0xEA, 0x6A,
    0x89, 0x62, 0x89, 0x62, 0xA9, 0x62, 0x68, 0x5A, 0x50, 0x8C, 0x91, 0x94, 0x69, 0x52, 0xC7, 0x41,
    0x07, 0x4A, 0xE7, 0x49, 0xE7, 0x41, 0xE7, 0x41, 0xE7, 0x41, 0xE7, 0x41, 0x86, 0x31, 0x65, 0x31,
    0x65, 0x29, 0xA6, 0x31, 0xC7, 0x39, 0x65, 0x29, 0x65, 0x29, 0x65, 0x29, 0x65, 0x29, 0x65, 0x29,
    0x65, 0x29, 0x65, 0x29, 0x65, 0x29, 0x65, 0x29, 0x65, 0x29, 0x65, 0x29, 0x65, 0x29, 0x65, 0x29,
    0x65, 0x29, 0x65, 0x29, 0x65, 0x29, 0x65, 0x29, 0x65, 0x29, 0x65, 0x29, 0x65, 0x29, 0x65, 0x29,
    0x65, 0x29, 0x65, 0x29, 0x08, 0x42, 0xA6, 0x31, 0x65, 0x29, 0x65, 0x29, 0x65, 0x29, 0x65, 0x29,
    0x86, 0x31, 0xE7, 0x39, 0x28, 0x42, 0x07, 0x42, 0xE7, 0x39, 0xE7, 0x41, 0x08, 0x42, 0x28, 0x4A,
    0x8A, 0x52, 0x69, 0x52, 0x69, 0x52, 0x8A, 0x52, 0x49, 0x4A, 0x69, 0x52, 0xCB, 0x62, 0xEB, 0x62,
    0xEB, 0x62, 0xAA, 0x5A, 0x49, 0x52, 0x69, 0x52, 0x8A, 0x5A, 0x6A, 0x5A, 0x49, 0x52, 0x69, 0x52,
    0xAB, 0x5A, 0x8A, 0x5A, 0x8A, 0x52, 0xAA, 0x5A, 0xEB, 0x62, 0x2C, 0x73, 0x2C, 0x73, 0x4C, 0x73,
    0x2C, 0x73, 0x2C, 0x6B, 0x2C, 0x6B, 0x2C, 0x6B, 0x4D, 0x6B, 0x4C, 0x6B, 0x4C, 0x6B, 0x4C, 0x6B,
    0x4C, 0x6B, 0x4C, 0x6B, 0x4C, 0x6B, 0x4C, 0x6B, 0x4C, 0x6B, 0x4C, 0x6B, 0x4C, 0x6B, 0x4C, 0x6B,
    0x4C, 0x6B, 0x4C, 0x6B, 0x4D, 0x6B, 0x0C, 0x5B, 0xCA, 0x52, 0xEB, 0x5A, 0x0B, 0x5B, 0x4D, 0x6B,
    0x69, 0x4A, 0x28, 0x42, 0xAA, 0x5A, 0x0B, 0x63, 0xCA, 0x5A, 0x0B, 0x63, 0xCB, 0x62, 0x69, 0x52,
    0x6D, 0x6B, 0x4C, 0x63, 0x0B, 0x5B, 0xEB, 0x5A, 0x2C, 0x63, 0x2C, 0x63, 0xCB, 0x52, 0x8A, 0x52,
    0x0C, 0x63, 0x4D, 0x6B, 0x4D, 0x6B, 0x4D, 0x6B, 0x4D, 0x63, 0x4D, 0x63, 0x2C, 0x63, 0xEB, 0x5A,
    0x8A, 0x52, 0x29, 0x4A, 0x28, 0x4A, 0xE7, 0x41, 0xE8, 0x41, 0xE7, 0x41, 0xE7, 0x41, 0xC7, 0x39,
    0xC7, 0x39, 0xC7, 0x39, 0xA7, 0x39, 0xA6, 0x31, 0xA6, 0x31, 0xA6, 0x31, 0xA6, 0x31, 0xA6, 0x31,
    0xA6, 0x31, 0x86, 0x31, 0x86, 0x31, 0x86, 0x31, 0x86, 0x31, 0x86, 0x31, 0x85, 0x31, 0x85, 0x31,
    0x85, 0x31, 0x85, 0x31, 0x85, 0x31, 0x85, 0x31, 0x85, 0x31, 0x85, 0x31, 0x85, 0x31, 0x85, 0x31,
    0x85, 0x31, 0x85, 0x31, 0x85, 0x31, 0x85, 0x31, 0x85, 0x31, 0x85, 0x31, 0x85, 0x31, 0x85, 0x31,
    0x65, 0x29, 0x65, 0x29, 0x65, 0x29, 0x65, 0x29, 0x65, 0x29, 0x65, 0x29, 0x65, 0x29, 0x65, 0x29,
    0x86, 0x31, 0x86, 0x31, 0x86, 0x31, 0x86, 0x31, 0x86, 0x31, 0x86, 0x31, 0x86, 0x31, 0x86, 0x31,
    0x86, 0x31, 0x86, 0x31, 0x86, 0x31, 0x86, 0x31, 0x86, 0x31, 0x85, 0x31, 0x85, 0x31, 0x65, 0x29,
    0x65, 0x29, 0x65, 0x29, 0x65, 0x29, 0x65, 0x29, 0x65, 0x29, 0x65, 0x29, 0x65, 0x29, 0x65, 0x29,
    0x65, 0x29, 0x65, 0x29, 0x65, 0x29, 0x65, 0x29, 0xA6, 0x31, 0xC7, 0x39, 0xC7, 0x39, 0xA6, 0x39,
    0x86, 0x31, 0x86, 0x31, 0x86, 0x31, 0x86, 0x31, 0x86, 0x39, 0x86, 0x31, 0xA6, 0x39, 0xA6, 0x39,
    0xC6, 0x39, 0xE7, 0x41, 0x07, 0x4A, 0x07, 0x4A, 0x08, 0x4A, 0x08, 0x4A, 0x08, 0x4A, 0x28, 0x4A,
    0x28, 0x4A, 0x48, 0x52, 0x49, 0x52, 0x49, 0x52, 0x49, 0x52, 0x69, 0x52, 0x69, 0x52, 0x69, 0x52,
    0x69, 0x5A, 0x69, 0x5A, 0x69, 0x5A, 0x89, 0x5A, 0x89, 0x5A, 0x89, 0x5A, 0x8A, 0x5A, 0x8A, 0x5A,
    0x8A, 0x5A, 0xAA, 0x5A, 0xAA, 0x62, 0xAA, 0x62, 0xAA, 0x62, 0xAA, 0x62, 0xAA, 0x62, 0xAA, 0x62,
    0xAA, 0x62, 0xCA, 0x6A, 0xCA, 0x6A, 0xCA, 0x6A, 0xCA, 0x6A, 0xCA, 0x6A, 0xCA, 0x72, 0xCA, 0x72,
    0xCA, 0x72, 0xCA, 0x72, 0xEA, 0x72, 0xCA, 0x7A, 0xEA, 0x7A, 0xEA, 0x7A, 0xEA, 0x7A, 0xEA, 0x82,
    0x0A, 0x83, 0x2B, 0x83, 0x4B, 0x8B, 0x4B, 0x93, 0x8C, 0x9B, 0xCD, 0xA3, 0x0E, 0xAC, 0x2E, 0xB4,
    0x4F, 0xB4, 0x70, 0xBC, 0x90, 0xBC, 0x90, 0xBC, 0xB1, 0xBC, 0xD1, 0xBC, 0xF1, 0xC4, 0x12, 0xC5,
    0x53, 0xC5, 0x53, 0xC5, 0x73, 0xC5, 0x53, 0xC5, 0x33, 0xBD, 0x32, 0xBD, 0x12, 0xB5, 0x12, 0xB5,
    0x12, 0xB5, 0x12, 0xB5, 0x12, 0xB5, 0x32, 0xB5, 0x32, 0xBD, 0x33, 0xBD, 0x33, 0xBD, 0x33, 0xBD,
    0x33, 0xBD, 0x33, 0xBD, 0x33, 0xBD, 0x12, 0xBD, 0x12, 0xB5, 0x12, 0xB5, 0xF2, 0xB4, 0xF2, 0xB4,
    0xF2, 0xB4, 0xF2, 0xB4, 0xF2, 0xB4, 0xF2, 0xB4, 0xF2, 0xB4, 0xD2, 0xB4, 0xD1, 0xB4, 0xB1, 0xAC,
    0x50, 0xA4, 0x0F, 0x9C, 0x2F, 0xA4, 0x0E, 0x9C, 0x6C, 0x83, 0xEA, 0x72, 0xEA, 0x72, 0x89, 0x62,
    0x89, 0x62, 0x89, 0x62, 0x89, 0x62, 0x89, 0x5A, 0xAE, 0x7B, 0xEB, 0x62, 0xAA, 0x5A, 0x08, 0x4A,
    0xA6, 0x41, 0xE7, 0x49, 0xE7, 0x41, 0xE7, 0x41, 0xC6, 0x39, 0x85, 0x31, 0x65, 0x31, 0x65, 0x31,
    0x65, 0x29, 0x86, 0x31, 0xE7, 0x39, 0xA6, 0x31, 0x65, 0x29, 0x65, 0x29, 0x65, 0x29, 0x65, 0x29,
    0x65, 0x29, 0x65, 0x29, 0x65, 0x29, 0x65, 0x29, 0x65, 0x29, 0x65, 0x29, 0x65, 0x29, 0x65, 0x29,
    0x65, 0x29, 0x65, 0x29, 0x65, 0x29, 0x65, 0x29, 0x65, 0x29, 0x65, 0x29, 0x65, 0x29, 0x65, 0x29,
    0x65, 0x29, 0x65, 0x29, 0x86, 0x31, 0x08, 0x42, 0x65, 0x29, 0x65, 0x29, 0x65, 0x29, 0x65, 0x29,
    0x65, 0x29, 0xA6, 0x31, 0x07, 0x42, 0x28, 0x42, 0xE7, 0x39, 0xC7, 0x39, 0x07, 0x42, 0x28, 0x4A,
    0x48, 0x4A, 0xAA, 0x5A, 0x69, 0x52, 0x8A, 0x5A, 0x69, 0x52, 0x49, 0x4A, 0xAA, 0x5A, 0xEB, 0x62,
    0xEB, 0x62, 0x0B, 0x6B, 0x8A, 0x5A, 0x69, 0x52, 0x49, 0x52, 0x69, 0x52, 0x69, 0x52, 0x49, 0x52,
    0x6A, 0x52, 0xCB, 0x5A, 0x8A, 0x52, 0x8A, 0x5A, 0xCA, 0x62, 0x0C, 0x6B, 0x4C, 0x73, 0x4D, 0x73,
    0x2D, 0x73, 0x2D, 0x73, 0x2D, 0x73, 0x4D, 0x6B, 0x4D, 0x6B, 0x4C, 0x6B, 0x4C, 0x6B, 0x4C, 0x6B,
    0x4C, 0x6B, 0x4C, 0x6B, 0x4C, 0x6B, 0x4C, 0x6B, 0x4C, 0x6B, 0x4C, 0x6B, 0x4C, 0x6B, 0x4C, 0x6B,
    0x4C, 0x6B, 0x4D, 0x6B, 0x4C, 0x6B, 0x2C, 0x63, 0x89, 0x4A, 0xEB, 0x5A, 0x4C, 0x63, 0x4D, 0x6B,
    0xCA, 0x5A, 0x28, 0x42, 0x89, 0x52, 0xEB, 0x62, 0xEB, 0x62, 0xEB, 0x62, 0x0B, 0x6B, 0x8A, 0x5A,
    0x6D, 0x6B, 0x4C, 0x63, 0x0B, 0x5B, 0xEB, 0x5A, 0x2C, 0x63, 0x2C, 0x63, 0xAB, 0x52, 0x8A, 0x52,
    0x0C, 0x63, 0x4D, 0x6B, 0x4D, 0x6B, 0x4D, 0x6B, 0x4D, 0x6B, 0x4D, 0x63, 0x0C, 0x63, 0xEB, 0x5A,
    0x8A, 0x52, 0x28, 0x4A, 0x28, 0x42, 0xE8, 0x41, 0xE8, 0x41, 0xE7, 0x41, 0xE7, 0x41, 0xC7, 0x39,
    0xC7, 0x39, 0xC7, 0x39, 0xA7, 0x39, 0xA6, 0x31, 0xA6, 0x31, 0xA6, 0x31, 0xA6, 0x31, 0xA6, 0x31,
    0xA6, 0x31, 0x86, 0x31, 0x86, 0x31, 0x86, 0x31, 0x86, 0x31, 0x86, 0x31, 0x85, 0x31, 0x85, 0x31,
    0x85, 0x31, 0x85, 0x31, 0x85, 0x31, 0x85, 0x31, 0x85, 0x31, 0x85, 0x31, 0x85, 0x31, 0x85, 0x31,
    0x85, 0x31, 0x85, 0x31, 0x85, 0x31, 0x85, 0x31, 0x85, 0x31, 0x85, 0x31, 0x85, 0x31, 0x85, 0x31,
    0x65, 0x31, 0x65, 0x31, 0x65, 0x31, 0x65, 0x29, 0x65, 0x29, 0x65, 0x29, 0x65, 0x29, 0x65, 0x29,
    0x86, 0x31, 0x86, 0x31, 0x86, 0x31, 0x86, 0x31, 0x86, 0x31, 0x86, 0x31, 0x86, 0x31, 0x86, 0x31,
    0x86, 0x31, 0x86, 0x31, 0x86, 0x31, 0x86, 0x31, 0x86, 0x31, 0x85, 0x31, 0x85, 0x31, 0x65, 0x29,
    0x65, 0x29, 0x65, 0x29, 0x65, 0x29, 0x65, 0x29, 0x65, 0x29, 0x65, 0x29, 0x65, 0x29, 0x65, 0x29,
    0x65, 0x29, 0x65, 0x29, 0x65, 0x29, 0x65, 0x29, 0x65, 0x29, 0xC7, 0x39, 0xC7, 0x39, 0xA7, 0x39,
    0x86, 0x31, 0x86, 0x31, 0x86, 0x31, 0x86, 0x31, 0x86, 0x31, 0xA6, 0x31, 0xA6, 0x39, 0xA6, 0x39,
    0xC6, 0x39, 0xC7, 0x41, 0xE7, 0x41, 0x07, 0x4A, 0x08, 0x4A, 0x08, 0x4A, 0x08, 0x4A, 0x28, 0x4A,
    0x28, 0x4A, 0x28, 0x52, 0x49, 0x52, 0x49, 0x52, 0x49, 0x52, 0x69, 0x52, 0x69, 0x52, 0x69, 0x52,
    0x69, 0x5A, 0x69, 0x5A, 0x69, 0x5A, 0x89, 0x5A, 0x89, 0x5A, 0x89, 0x5A, 0x8A, 0x5A, 0x8A, 0x5A,
    0xAA, 0x5A, 0xAA, 0x62, 0xAA, 0x62, 0xAA, 0x62, 0xAA, 0x62, 0xAA, 0x62, 0xAA, 0x62, 0xCA, 0x62,
    0xCA, 0x6A, 0xCA, 0x6A, 0xCA, 0x6A, 0xCA, 0x6A, 0xCA, 0x6A, 0xCA, 0x6A, 0xCA, 0x72, 0xCA, 0x72,
    0xCA, 0x72, 0xEA, 0x72, 0xEA, 0x72, 0xEA, 0x7A, 0xEA, 0x7A, 0xEA, 0x7A, 0xEA, 0x7A, 0x0A, 0x7B,
    0x0A, 0x83, 0x2B, 0x83, 0x2B, 0x83, 0x4B, 0x8B, 0x8C, 0x93, 0xCC, 0x9B, 0x0E, 0xA4, 0x2F, 0xAC,
    0x4F, 0xB4, 0x90, 0xB4, 0x90, 0xB4, 0xB0, 0xBC, 0xD1, 0xBC, 0xF1, 0xBC, 0x12, 0xC5, 0x33, 0xC5,
    0x53, 0xC5, 0x73, 0xC5, 0x73, 0xC5, 0x53, 0xC5, 0x53, 0xBD, 0x33, 0xBD, 0x32, 0xBD, 0x12, 0xB5,
    0x12, 0xB5, 0x12, 0xB5, 0x12, 0xB5, 0x32, 0xB5, 0x32, 0xBD, 0x33, 0xBD, 0x33, 0xBD, 0x33, 0xBD,
    0x33, 0xBD, 0x12, 0xB5, 0x12, 0xB5, 0x12, 0xB5, 0x12, 0xB5, 0x12, 0xB5, 0xF2, 0xB4, 0xF2, 0xB4,
    0xF2, 0xB4, 0xF2, 0xB4, 0xF2, 0xB4, 0xF2, 0xB4, 0xF2, 0xB4, 0xD1, 0xAC, 0xB1, 0xAC, 0x70, 0xA4,
    0x2F, 0x9C, 0x0F, 0x9C, 0x0F, 0x9C, 0xCD, 0x93, 0x0B, 0x7B, 0xEA, 0x72, 0xAA, 0x6A, 0x89, 0x62,
    0x89, 0x62, 0x89, 0x62, 0x89, 0x62, 0x69, 0x5A, 0x28, 0x52, 0x28, 0x4A, 0x48, 0x52, 0xCA, 0x62,
    0xA6, 0x39, 0xE7, 0x41, 0xC7, 0x39, 0xA6, 0x31, 0x85, 0x31, 0x65, 0x31, 0x65, 0x29, 0x65, 0x29,
    0x65, 0x29, 0x86, 0x31, 0xC7, 0x39, 0xC7, 0x39, 0x86, 0x31, 0x65, 0x29, 0x65, 0x29, 0x65, 0x29,
    0x65, 0x29, 0x65, 0x29, 0x65, 0x29, 0x65, 0x29, 0x65, 0x29, 0x65, 0x29, 0x65, 0x29, 0x65, 0x29,
    0x65, 0x29, 0x65, 0x29, 0x66, 0x29, 0x65, 0x29, 0x65, 0x29, 0x65, 0x29, 0x65, 0x29, 0x65, 0x29,
    0x65, 0x29, 0x65, 0x29, 0x65, 0x29, 0xC7, 0x39, 0xE7, 0x39, 0x65, 0x29, 0x65, 0x29, 0x65, 0x29,
    0x66, 0x29, 0x85, 0x31, 0xE7, 0x41, 0x48, 0x4A, 0x08, 0x42, 0xE7, 0x41, 0xE7, 0x41, 0x28, 0x4A,
    0x48, 0x4A, 0x8A, 0x5A, 0x8A, 0x5A, 0x89, 0x5A, 0x8A, 0x5A, 0x69, 0x52, 0x69, 0x52, 0xEB, 0x62,
    0x0B, 0x6B, 0x0C, 0x6B, 0xCB, 0x62, 0xAA, 0x5A, 0x8A, 0x5A, 0x49, 0x52, 0x69, 0x52, 0x69, 0x52,
    0x69, 0x52, 0xAA, 0x5A, 0xCA, 0x5A, 0x89, 0x52, 0xAA, 0x5A, 0xEB, 0x62, 0x2C, 0x73, 0x4D, 0x73,
    0x2D, 0x73, 0x2D, 0x73, 0x2D, 0x73, 0x4D, 0x6B, 0x4D, 0x6B, 0x4C, 0x6B, 0x4C, 0x6B, 0x4C, 0x6B,
    0x4C, 0x6B, 0x4C, 0x6B, 0x4C, 0x6B, 0x4C, 0x6B, 0x4C, 0x6B, 0x4C, 0x6B, 0x4D, 0x6B, 0x4D, 0x6B,
    0x4D, 0x6B, 0x2C, 0x63, 0x2C, 0x63, 0x4C, 0x63, 0xEB, 0x5A, 0xEB, 0x5A, 0x4C, 0x63, 0x4C, 0x63,
    0x0B, 0x63, 0x48, 0x4A, 0x69, 0x52, 0xCA, 0x5A, 0x0B, 0x63, 0xCA, 0x62, 0x0C, 0x6B, 0xCA, 0x62,
    0x6D, 0x6B, 0x4C, 0x63, 0x0B, 0x5B, 0xEB, 0x5A, 0x2C, 0x63, 0x2C, 0x63, 0xCB, 0x5A, 0x8A, 0x4A,
    0x2C, 0x63, 0x6D, 0x6B, 0x4D, 0x6B, 0x4D, 0x6B, 0x4D, 0x6B, 0x6D, 0x6B, 0x0C, 0x63, 0x0B, 0x63,
    0x8A, 0x52, 0x29, 0x4A, 0x28, 0x42, 0x08, 0x42, 0x08, 0x42, 0xE8, 0x41, 0xE7, 0x41, 0xC7, 0x39,
    0xC7, 0x39, 0xC7, 0x39, 0xA7, 0x39, 0xA6, 0x31, 0xA6, 0x31, 0xA6, 0x31, 0xA6, 0x31, 0xA6, 0x31,
    0xA6, 0x31, 0x86, 0x31, 0x86, 0x31, 0x86, 0x31, 0x86, 0x31, 0x86, 0x31, 0x85, 0x31, 0x85, 0x31,
    0x85, 0x31, 0x85, 0x31, 0x85, 0x31, 0x85, 0x31, 0x85, 0x31, 0x85, 0x31, 0x85, 0x31, 0x85, 0x31,
    0x85, 0x31, 0x85, 0x31, 0x85, 0x31, 0x85, 0x31, 0x85, 0x31, 0x85, 0x31, 0x85, 0x31, 0x65, 0x31,
    0x65, 0x31, 0x65, 0x31, 0x65, 0x31, 0x65, 0x29, 0x65, 0x29, 0x65, 0x29, 0x65, 0x29, 0x65, 0x29,
    0x65, 0x29, 0x65, 0x29, 0x65, 0x29, 0x65, 0x29, 0x65, 0x29, 0x65, 0x29, 0x86, 0x31, 0x86, 0x31,
    0x86, 0x31, 0x86, 0x31, 0x86, 0x31, 0x86, 0x31, 0x86, 0x31, 0x85, 0x31, 0x85, 0x31, 0x65, 0x29,
    0x65, 0x29, 0x65, 0x29, 0x65, 0x29, 0x65, 0x29, 0x65, 0x29, 0x65, 0x29, 0x65, 0x29, 0x65, 0x29,
    0x65, 0x29, 0x65, 0x29, 0x85, 0x29, 0x85, 0x29, 0x65, 0x29, 0x65, 0x29, 0xE7, 0x39, 0xC7, 0x39,
    0xA6, 0x39, 0x86, 0x31, 0xA6, 0x31, 0x86, 0x31, 0x86, 0x31, 0x86, 0x31, 0xA6, 0x39, 0xA6, 0x39,
    0xA6, 0x39, 0xC6, 0x41, 0xE7, 0x41, 0xE7, 0x41, 0x08, 0x4A, 0x08, 0x4A, 0x08, 0x4A, 0x28, 0x4A,
    0x28, 0x4A, 0x28, 0x52, 0x49, 0x52, 0x49, 0x52, 0x49, 0x52, 0x69, 0x52, 0x69, 0x52, 0x69, 0x52,
    0x69, 0x5A, 0x69, 0x5A, 0x69, 0x5A, 0x89, 0x5A, 0x89, 0x5A, 0x89, 0x5A, 0x8A, 0x5A, 0x8A, 0x5A,
    0x8A, 0x62, 0x8A, 0x62, 0xAA, 0x62, 0xAA, 0x62, 0xAA, 0x62, 0xAA, 0x62, 0xCA, 0x62, 0xCA, 0x6A,
    0xCA, 0x6A, 0xEA, 0x6A, 0xEA, 0x6A, 0xEA, 0x6A, 0xEA, 0x6A, 0xEA, 0x72, 0xEA, 0x72, 0xEA, 0x72,
    0xEA, 0x72, 0xEA, 0x72, 0xEA, 0x72, 0xEA, 0x7A, 0xEA, 0x7A, 0xEA, 0x7A, 0xEA, 0x7A, 0x0A, 0x7B,
    0x0A, 0x7B, 0x0B, 0x83, 0x2B, 0x83, 0x4B, 0x8B, 0x6C, 0x93, 0xAC, 0x9B, 0xEE, 0xA3, 0x2F, 0xAC,
    0x70, 0xAC, 0x90, 0xB4, 0xB1, 0xB4, 0xD1, 0xBC, 0xF1, 0xBC, 0x12, 0xBD, 0x32, 0xC5, 0x53, 0xC5,
    0x53, 0xC5, 0x73, 0xC5, 0x73, 0xC5, 0x53, 0xC5, 0x53, 0xBD, 0x53, 0xBD, 0x32, 0xBD, 0x32, 0xB5,
    0x32, 0xB5, 0x12, 0xB5, 0x12, 0xB5, 0x32, 0xB5, 0x32, 0xB5, 0x32, 0xB5, 0x12, 0xB5, 0x12, 0xB5,
    0x12, 0xB5, 0x12, 0xB5, 0x12, 0xB5, 0x12, 0xB5, 0x12, 0xB5, 0x12, 0xB5, 0x12, 0xB5, 0xF2, 0xB4,
    0xF2, 0xB4, 0xF2, 0xB4, 0xF2, 0xB4, 0xD2, 0xB4, 0xD1, 0xB4, 0xD1, 0xAC, 0x90, 0xAC, 0x4F, 0xA4,
    0x0E, 0x9C, 0x0E, 0x9C, 0xEE, 0x9B, 0x4B, 0x83, 0xEA, 0x72, 0xCA, 0x6A, 0x89, 0x62, 0x89, 0x62,
    0x89, 0x62, 0x89, 0x62, 0x69, 0x62, 0x68, 0x5A, 0x48, 0x5A, 0x48, 0x52, 0x27, 0x52, 0xCA, 0x5A,
    0x07, 0x42, 0x86, 0x31, 0x86, 0x31, 0x65, 0x29, 0x65, 0x29, 0x85, 0x31, 0x65, 0x29, 0x65, 0x29,
    0x45, 0x29, 0x86, 0x31, 0xA7, 0x39, 0xA6, 0x31, 0xA6, 0x31, 0x65, 0x29, 0x65, 0x29, 0x65, 0x29,
    0x65, 0x29, 0x65, 0x29, 0x65, 0x29, 0x65, 0x29, 0x65, 0x29, 0x65, 0x29, 0x65, 0x29, 0x65, 0x29,
    0x65, 0x29, 0x65, 0x29, 0x65, 0x29, 0x65, 0x29, 0x65, 0x29, 0x86, 0x31, 0x86, 0x31, 0x86, 0x31,
    0x86, 0x31, 0x65, 0x29, 0x86, 0x31, 0x65, 0x29, 0x08, 0x42, 0xC7, 0x39, 0x65, 0x29, 0x65, 0x29,
    0x66, 0x29, 0x65, 0x29, 0xC6, 0x31, 0x28, 0x4A, 0x28, 0x4A, 0x07, 0x42, 0xE7, 0x41, 0x08, 0x42,
    0x49, 0x4A, 0x69, 0x52, 0xCB, 0x5A, 0x89, 0x5A, 0x8A, 0x5A, 0x89, 0x5A, 0x49, 0x52, 0xAA, 0x5A,
    0x0B, 0x6B, 0x0C, 0x6B, 0x0C, 0x6B, 0xAB, 0x62, 0xCB, 0x62, 0xAA, 0x5A, 0x69, 0x52, 0x69, 0x52,
    0x69, 0x52, 0x89, 0x52, 0xAA, 0x5A, 0xAA, 0x5A, 0x8A, 0x5A, 0xEB, 0x62, 0x2C, 0x6B, 0x0C, 0x6B,
    0x4D, 0x73, 0x2D, 0x73, 0x4D, 0x73, 0x4D, 0x6B, 0x4D, 0x6B, 0x4D, 0x6B, 0x4D, 0x6B, 0x4D, 0x6B,
    0x4D, 0x6B, 0x4D, 0x6B, 0x4D, 0x6B, 0x4D, 0x6B, 0x4D, 0x6B, 0x4D, 0x6B, 0x4D, 0x6B, 0x4C, 0x6B,
    0x2C, 0x63, 0x2C, 0x63, 0x4C, 0x6B, 0x6D, 0x6B, 0x2C, 0x63, 0xAA, 0x52, 0x2C, 0x63, 0x2C, 0x63,
    0x4C, 0x63, 0x69, 0x4A, 0x49, 0x4A, 0xAA, 0x5A, 0x0B, 0x63, 0xCB, 0x62, 0x0B, 0x6B, 0xCB, 0x62,
    0x6D, 0x6B, 0x4D, 0x63, 0x0B, 0x5B, 0xEB, 0x5A, 0x2C, 0x63, 0x2C, 0x63, 0xCB, 0x5A, 0x8A, 0x4A,
    0x2C, 0x63, 0x6D, 0x6B, 0x4D, 0x6B, 0x4D, 0x6B, 0x4D, 0x6B, 0x6D, 0x6B, 0x0B, 0x63, 0xEB, 0x5A,
    0x69, 0x52, 0x49, 0x4A, 0x28, 0x4A, 0x08, 0x42, 0x08, 0x42, 0xE7, 0x41, 0x08, 0x42, 0xE7, 0x41,
    0xC7, 0x39, 0xC7, 0x39, 0xA7, 0x39, 0xA6, 0x31, 0xA6, 0x31, 0xA6, 0x31, 0xA6, 0x31, 0xA6, 0x31,
    0xA6, 0x31, 0x86, 0x31, 0x86, 0x31, 0x86, 0x31, 0x86, 0x31, 0x86, 0x31, 0x85, 0x31, 0x85, 0x31,
    0x85, 0x31, 0x85, 0x31, 0x85, 0x31, 0x85, 0x31, 0x85, 0x31, 0x85, 0x31, 0x85, 0x31, 0x85, 0x31,
    0x85, 0x31, 0x85, 0x31, 0x85, 0x31, 0x85, 0x31, 0x85, 0x31, 0x85, 0x31, 0x65, 0x31, 0x65, 0x31,
    0x65, 0x31, 0x65, 0x31, 0x65, 0x31, 0x65, 0x29, 0x65, 0x29, 0x65, 0x29, 0x65, 0x29, 0x65, 0x29,
    0x65, 0x29, 0x65, 0x29, 0x65, 0x29, 0x65, 0x29, 0x65, 0x29, 0x65, 0x29, 0x65, 0x29, 0x86, 0x31,
    0x86, 0x31, 0x86, 0x31, 0x86, 0x31, 0x86, 0x31, 0x86, 0x31, 0x85, 0x31, 0x85, 0x31, 0x65, 0x29,
    0x65, 0x29, 0x65, 0x29, 0x65, 0x29, 0x65, 0x29, 0x65, 0x29, 0x65, 0x29, 0x65, 0x29, 0x65, 0x29,
    0x65, 0x29, 0x65, 0x29, 0x65, 0x29, 0x85, 0x29, 0x65, 0x29, 0x65, 0x29, 0x86, 0x31, 0x08, 0x42,
    0xC7, 0x39, 0xA6, 0x31, 0x86, 0x31, 0x86, 0x31, 0x86, 0x31, 0x86, 0x31, 0xA6, 0x39, 0xA6, 0x39,
    0xA6, 0x39, 0xA6, 0x39, 0xE7, 0x41, 0xE7, 0x41, 0x07, 0x4A, 0x08, 0x4A, 0x08, 0x4A, 0x28, 0x4A,
    0x28, 0x52, 0x28, 0x52, 0x49, 0x52, 0x49, 0x52, 0x49, 0x52, 0x69, 0x52, 0x69, 0x52, 0x69, 0x52,
    0x69, 0x5A, 0x69, 0x5A, 0x89, 0x5A, 0x89, 0x5A, 0x89, 0x5A, 0x89, 0x5A, 0x8A, 0x5A, 0xAA, 0x5A,
    0x8A, 0x62, 0xAA, 0x62, 0xAA, 0x62, 0xAA, 0x62, 0xAA, 0x62, 0xCA, 0x6A, 0xCA, 0x6A, 0xCA, 0x6A,
    0xEA, 0x6A, 0xEA, 0x72, 0xEA, 0x72, 0xEA, 0x72, 0xEA, 0x72, 0x0A, 0x73, 0xEA, 0x72, 0x0A, 0x7B,
    0x0B, 0x7B, 0x0B, 0x7B, 0x0B, 0x7B, 0x0A, 0x7B, 0x0A, 0x7B, 0x0A, 0x7B, 0x0B, 0x7B, 0x0B, 0x7B,
    0x0B, 0x7B, 0x2B, 0x83, 0x4B, 0x83, 0x6C, 0x8B, 0x8C, 0x8B, 0xCD, 0x93, 0x0E, 0x9C, 0x4F, 0xA4,
    0x90, 0xAC, 0xB1, 0xB4, 0xD1, 0xB4, 0xF2, 0xBC, 0x12, 0xBD, 0x32, 0xBD, 0x33, 0xC5, 0x53, 0xC5,
    0x53, 0xC5, 0x53, 0xC5, 0x53, 0xBD, 0x53, 0xBD, 0x53, 0xBD, 0x53, 0xBD, 0x33, 0xBD, 0x33, 0xB5,
    0x32, 0xB5, 0x32, 0xB5, 0x12, 0xB5, 0x32, 0xB5, 0x12, 0xB5, 0x12, 0xB5, 0x12, 0xB5, 0x12, 0xB5,
    0x12, 0xB5, 0x12, 0xB5, 0xF2, 0xB4, 0xF2, 0xB4, 0xF2, 0xB4, 0xF2, 0xB4, 0xF2, 0xB4, 0xF2, 0xB4,
    0xF2, 0xB4, 0xF2, 0xB4, 0xD2, 0xB4, 0xD1, 0xAC, 0xB1, 0xAC, 0x90, 0xAC, 0x70, 0xA4, 0x2F, 0x9C,
    0xEE, 0x9B, 0xEE, 0x9B, 0x8C, 0x8B, 0xEA, 0x72, 0xCA, 0x6A, 0x69, 0x62, 0x89, 0x62, 0x89, 0x62,
    0x89, 0x62, 0x89, 0x5A, 0x69, 0x5A, 0x68, 0x5A, 0x48, 0x52, 0x48, 0x52, 0x27, 0x52, 0x89, 0x5A,
    0x28, 0x42, 0x45, 0x29, 0x85, 0x31, 0x65, 0x29, 0x65, 0x29, 0x65, 0x31, 0x65, 0x29, 0x65, 0x29,
    0x65, 0x29, 0x86, 0x31, 0xC7, 0x39, 0x65, 0x29, 0xC7, 0x39, 0x86, 0x31, 0x65, 0x29, 0x65, 0x29,
    0x65, 0x29, 0x65, 0x29, 0x65, 0x29, 0x65, 0x29, 0x65, 0x29, 0x65, 0x29, 0x65, 0x29, 0xA6, 0x31,
    0x86, 0x31, 0x65, 0x29, 0x65, 0x29, 0x65, 0x29, 0x86, 0x31, 0x86, 0x31, 0x86, 0x31, 0x86, 0x31,
    0x86, 0x31, 0x86, 0x31, 0x86, 0x31, 0x65, 0x29, 0x65, 0x29, 0x08, 0x42, 0x86, 0x31, 0x65, 0x29,
    0x86, 0x29, 0x85, 0x29, 0x85, 0x31, 0x07, 0x42, 0x48, 0x4A, 0x48, 0x4A, 0x07, 0x42, 0x07, 0x42,
    0x49, 0x4A, 0x69, 0x52, 0xCB, 0x62, 0xAA, 0x5A, 0x69, 0x52, 0x8A, 0x5A, 0x49, 0x52, 0x69, 0x52,
    0xEB, 0x62, 0x0C, 0x6B, 0x2C, 0x6B, 0xEB, 0x62, 0xCA, 0x5A, 0xEB, 0x62, 0xCA, 0x62, 0x49, 0x52,
    0x89, 0x52, 0x8A, 0x5A, 0xCA, 0x5A, 0xAA, 0x5A, 0xAA, 0x5A, 0xCA, 0x62, 0x0C, 0x6B, 0x0C, 0x6B,
    0x0C, 0x6B, 0x4D, 0x73, 0x4D, 0x73, 0x4D, 0x73, 0x4D, 0x6B, 0x4D, 0x6B, 0x4D, 0x6B, 0x4D, 0x6B,
    0x4D, 0x6B, 0x4D, 0x6B, 0x4D, 0x6B, 0x4D, 0x6B, 0x4D, 0x6B, 0x4C, 0x6B, 0x4D, 0x6B, 0x2C, 0x6B,
    0x4C, 0x6B, 0x6D, 0x6B, 0x4D, 0x6B, 0x4D, 0x63, 0x4D, 0x6B, 0xCA, 0x52, 0x0C, 0x63, 0x4C, 0x63,
    0x4D, 0x6B, 0x89, 0x52, 0x49, 0x4A, 0x8A, 0x5A, 0xEB, 0x62, 0xEB, 0x62, 0xEB, 0x62, 0xCB, 0x62,
    0x4D, 0x6B, 0x4D, 0x63, 0xEB, 0x5A, 0xEC, 0x5A, 0x2C, 0x63, 0x2C, 0x63, 0xCB, 0x5A, 0x6A, 0x4A,
    0x2D, 0x63, 0x4D, 0x6B, 0x4D, 0x6B, 0x4D, 0x6B, 0x4D, 0x6B, 0x4D, 0x6B, 0xEC, 0x62, 0xEB, 0x5A,
    0x69, 0x52, 0x28, 0x4A, 0x28, 0x4A, 0x08, 0x42, 0x07, 0x42, 0xE7, 0x41, 0x28, 0x4A, 0xE8, 0x41,
    0xC7, 0x39, 0xC7, 0x39, 0xA7, 0x39, 0xA6, 0x31, 0xA6, 0x31, 0xA6, 0x31, 0xA6, 0x31, 0xA6, 0x31,
    0x86, 0x31, 0x86, 0x31, 0x86, 0x31, 0x86, 0x31, 0x86, 0x31, 0x85, 0x31, 0x85, 0x31, 0x85, 0x31,
    0x85, 0x31, 0x85, 0x31, 0x85, 0x31, 0x85, 0x31, 0x85, 0x31, 0x85, 0x31, 0x85, 0x31, 0x85, 0x29,
    0x85, 0x31, 0x85, 0x31, 0x85, 0x31, 0x65, 0x31, 0x65, 0x31, 0x65, 0x31, 0x65, 0x29, 0x65, 0x29,
    0x65, 0x29, 0x65, 0x29, 0x65, 0x29, 0x65, 0x29, 0x65, 0x29, 0x65, 0x29, 0x65, 0x29, 0x65, 0x29,
    0x65, 0x29, 0x65, 0x29, 0x65, 0x29, 0x65, 0x29, 0x65, 0x29, 0x65, 0x29, 0x65, 0x29, 0x65, 0x29,
    0x65, 0x29, 0x86, 0x31, 0x86, 0x31, 0x86, 0x31, 0x86, 0x31, 0x85, 0x31, 0x85, 0x31, 0x65, 0x29,
    0x65, 0x29, 0x65, 0x29, 0x65, 0x29, 0x65, 0x29, 0x65, 0x29, 0x65, 0x29, 0x65, 0x29, 0x65, 0x29,
    0x65, 0x29, 0x65, 0x29, 0x65, 0x29, 0x65, 0x29, 0x65, 0x29, 0x65, 0x29, 0x65, 0x29, 0xA6, 0x31,
    0x08, 0x42, 0xA7, 0x39, 0x86, 0x31, 0x86, 0x31, 0x86, 0x31, 0x86, 0x31, 0xA6, 0x31, 0xA6, 0x39,
    0xA6, 0x39, 0xA6, 0x39, 0xC7, 0x41, 0xE7, 0x41, 0x07, 0x4A, 0x08, 0x4A, 0x08, 0x4A, 0x28, 0x4A,
    0x28, 0x4A, 0x28, 0x52, 0x49, 0x52, 0x49, 0x52, 0x49, 0x52, 0x49, 0x52, 0x69, 0x52, 0x69, 0x52,
    0x69, 0x5A, 0x69, 0x5A, 0x89, 0x5A, 0x89, 0x5A, 0x89, 0x5A, 0x8A, 0x5A, 0x8A, 0x5A, 0xAA, 0x5A,
    0xAA, 0x5A, 0xAA, 0x5A, 0xAA, 0x62, 0xAA, 0x62, 0xCA, 0x6A, 0xCA, 0x6A, 0xEA, 0x72, 0x0B, 0x73,
    0x2B, 0x7B, 0x4C, 0x7B, 0x4C, 0x7B, 0x4C, 0x7B, 0x4B, 0x7B, 0x4B, 0x83, 0x2B, 0x83, 0x4B, 0x83,
    0x4B, 0x83, 0x4B, 0x83, 0x4B, 0x83, 0x2B, 0x83, 0x4B, 0x83, 0x2B, 0x83, 0x2B, 0x83, 0x2B, 0x83,
    0x4C, 0x83, 0x6C, 0x83, 0x8C, 0x8B, 0xAD, 0x93, 0xCD, 0x93, 0xEE, 0x9B, 0x2F, 0xA4, 0x70, 0xAC,
    0x91, 0xB4, 0xD1, 0xB4, 0xF2, 0xBC, 0x12, 0xBD, 0x13, 0xBD, 0x33, 0xBD, 0x33, 0xBD, 0x53, 0xBD,
    0x53, 0xC5, 0x53, 0xC5, 0x53, 0xBD, 0x53, 0xBD, 0x53, 0xBD, 0x33, 0xBD, 0x33, 0xBD, 0x32, 0xBD,
    0x32, 0xB5, 0x32, 0xB5, 0x12, 0xB5, 0x12, 0xB5, 0x12, 0xB5, 0x12, 0xB5, 0xF2, 0xB4, 0xF2, 0xB4,
    0xF2, 0xB4, 0xF2, 0xB4, 0xF2, 0xB4, 0xF2, 0xB4, 0xF2, 0xB4, 0xF2, 0xB4, 0xF2, 0xB4, 0xD2, 0xB4,
    0xD1, 0xAC, 0xD1, 0xAC, 0xD1, 0xAC, 0xB1, 0xAC, 0xB1, 0xAC, 0x70, 0xA4, 0x2F, 0x9C, 0x0E, 0x9C,
    0xEE, 0x93, 0xAD, 0x93, 0x0B, 0x7B, 0xCA, 0x6A, 0x69, 0x5A, 0x49, 0x5A, 0x69, 0x5A, 0x69, 0x62,
    0x89, 0x5A, 0x89, 0x62, 0x68, 0x5A, 0x48, 0x5A, 0x48, 0x52, 0x48, 0x52, 0x07, 0x4A, 0x49, 0x52,
    0xE7, 0x41, 0x65, 0x29, 0x85, 0x31, 0x65, 0x29, 0x65, 0x29, 0x65, 0x29, 0x65, 0x29, 0x65, 0x29,
    0x65, 0x29, 0x65, 0x29, 0xC7, 0x39, 0x65, 0x31, 0xA6, 0x31, 0xE7, 0x39, 0x65, 0x29, 0x65, 0x29,
    0x65, 0x29, 0x65, 0x29, 0x65, 0x29, 0x65, 0x29, 0x65, 0x29, 0x65, 0x29, 0x65, 0x29, 0x65, 0x29,
    0xA6, 0x31, 0xA6, 0x31, 0x65, 0x29, 0x65, 0x29, 0x86, 0x31, 0x86, 0x31, 0x86, 0x31, 0x86, 0x31,
    0x86, 0x31, 0x86, 0x31, 0x86, 0x31, 0x86, 0x31, 0x65, 0x29, 0xA6, 0x31, 0x28, 0x42, 0x85, 0x29,
    0x85, 0x29, 0x86, 0x31, 0x85, 0x31, 0xC6, 0x39, 0x28, 0x4A, 0x69, 0x52, 0x28, 0x4A, 0x07, 0x42,
    0x49, 0x4A, 0x8A, 0x52, 0xAA, 0x5A, 0xEB, 0x62, 0x8A, 0x5A, 0x48, 0x52, 0x69, 0x52, 0x49, 0x52,
    0xCA, 0x62, 0x0B, 0x6B, 0x2C, 0x6B, 0x0B, 0x6B, 0xCA, 0x62, 0xEA, 0x62, 0x0B, 0x6B, 0xAA, 0x5A,
    0x49, 0x52, 0x8A, 0x5A, 0xCA, 0x62, 0xCA, 0x62, 0x8A, 0x5A, 0xCA, 0x62, 0x0B, 0x6B, 0x2C, 0x6B,
    0x0B, 0x6B, 0x4C, 0x73, 0x4D, 0x73, 0x4D, 0x6B, 0x4D, 0x6B, 0x4D, 0x6B, 0x4D, 0x6B, 0x4D, 0x6B,
    0x4D, 0x6B, 0x4D, 0x6B, 0x4D, 0x6B, 0x4D, 0x6B, 0x4C, 0x6B, 0x4C, 0x6B, 0x4C, 0x6B, 0x4C, 0x6B,
    0x2C, 0x63, 0x6D, 0x6B, 0x4D, 0x6B, 0x4D, 0x6B, 0x6D, 0x6B, 0xEB, 0x5A, 0xEB, 0x5A, 0x2C, 0x63,
    0x4D, 0x6B, 0xAA, 0x52, 0x49, 0x4A, 0x89, 0x52, 0xCA, 0x62, 0xEB, 0x6A, 0xEB, 0x62, 0xCB, 0x62,
    0x4D, 0x6B, 0x4D, 0x63, 0xEB, 0x5A, 0x0C, 0x5B, 0x2C, 0x63, 0x2C, 0x63, 0xCB, 0x5A, 0x6A, 0x4A,
    0x4D, 0x63, 0x4D, 0x6B, 0x4D, 0x6B, 0x4D, 0x6B, 0x4D, 0x6B, 0x4D, 0x63, 0x0C, 0x63, 0xCB, 0x5A,
    0x69, 0x52, 0x49, 0x4A, 0x28, 0x42, 0x08, 0x42, 0x07, 0x42, 0xE7, 0x41, 0x28, 0x4A, 0xE7, 0x41,
    0xC7, 0x39, 0xC7, 0x39, 0xA7, 0x39, 0xA6, 0x31, 0xA6, 0x31, 0xA6, 0x31, 0xA6, 0x31, 0xA6, 0x31,
    0x86, 0x31, 0x86, 0x31, 0x86, 0x31, 0x86, 0x31, 0x86, 0x31, 0x85, 0x31, 0x85, 0x31, 0x85, 0x31,
    0x85, 0x31, 0x85, 0x31, 0x85, 0x31, 0x85, 0x31, 0x85, 0x31, 0x85, 0x31, 0x85, 0x31, 0x85, 0x29,
    0x85, 0x31, 0x85, 0x31, 0x65, 0x31, 0x65, 0x31, 0x65, 0x29, 0x65, 0x29, 0x65, 0x29, 0x65, 0x29,
    0x65, 0x29, 0x65, 0x29, 0x65, 0x29, 0x65, 0x29, 0x65, 0x29, 0x65, 0x29, 0x65, 0x29, 0x65, 0x29,
    0x65, 0x29, 0x65, 0x29, 0x65, 0x29, 0x65, 0x29, 0x65, 0x29, 0x65, 0x29, 0x65, 0x29, 0x65, 0x29,
    0x65, 0x29, 0x65, 0x29, 0x86, 0x31, 0x86, 0x31, 0x86, 0x31, 0x85, 0x31, 0x85, 0x31, 0x65, 0x29,
    0x65, 0x29, 0x65, 0x29, 0x65, 0x29, 0x65, 0x29, 0x65, 0x29, 0x65, 0x29, 0x65, 0x29, 0x65, 0x29,
    0x65, 0x29, 0x65, 0x29, 0x65, 0x29, 0x65, 0x29, 0x65, 0x29, 0x65, 0x29, 0x65, 0x29, 0x65, 0x29,
    0xC7, 0x39, 0xE8, 0x41, 0xA6, 0x31, 0x86, 0x31, 0x86, 0x31, 0x86, 0x31, 0x86, 0x31, 0xA6, 0x39,
    0xA6, 0x39, 0xA6, 0x39, 0xC7, 0x41, 0xE7, 0x41, 0x07, 0x4A, 0x08, 0x4A, 0x08, 0x4A, 0x28, 0x4A,
    0x28, 0x4A, 0x28, 0x52, 0x49, 0x52, 0x49, 0x52, 0x49, 0x52, 0x49, 0x52, 0x69, 0x52, 0x69, 0x52,
    0x69, 0x5A, 0x69, 0x5A, 0x89, 0x5A, 0x89, 0x5A, 0x89, 0x5A, 0x8A, 0x5A, 0x8A, 0x5A, 0xAA, 0x5A,
    0xAA, 0x5A, 0xAA, 0x62, 0xAA, 0x62, 0xCA, 0x6A, 0x0B, 0x73, 0x4C, 0x7B, 0x8C, 0x83, 0xCD, 0x8B,
    0x0E, 0x94, 0x2F, 0x9C, 0x50, 0x9C, 0x70, 0xA4, 0x70, 0xA4, 0x70, 0xA4, 0x4F, 0xA4, 0x2F, 0x9C,
    0x2E, 0x9C, 0x0E, 0x9C, 0x0E, 0x9C, 0xEE, 0x9B, 0xEE, 0x9B, 0xED, 0x93, 0xCD, 0x93, 0xCD, 0x93,
    0xCD, 0x93, 0xCD, 0x93, 0xEE, 0x9B, 0x0E, 0x9C, 0x2F, 0xA4, 0x4F, 0xA4, 0x70, 0xAC, 0x90, 0xAC,
    0xD1, 0xB4, 0xF2, 0xBC, 0xF2, 0xBC, 0x12, 0xBD, 0x33, 0xBD, 0x33, 0xBD, 0x33, 0xBD, 0x53, 0xBD,
    0x53, 0xBD, 0x53, 0xBD, 0x53, 0xBD, 0x53, 0xBD, 0x53, 0xBD, 0x33, 0xBD, 0x33, 0xBD, 0x32, 0xBD,
    0x32, 0xB5, 0x12, 0xB5, 0x12, 0xB5, 0x12, 0xB5, 0xF2, 0xB4, 0xF2, 0xB4, 0xF2, 0xB4, 0xF2, 0xB4,
    0xF2, 0xB4, 0xF2, 0xB4, 0xF2, 0xB4, 0xF2, 0xB4, 0xD2, 0xAC, 0xD2, 0xAC, 0xD1, 0xAC, 0xD1, 0xAC,
    0xD1, 0xAC, 0xD1, 0xAC, 0xB1, 0xAC, 0x91, 0xAC, 0x70, 0xA4, 0x4F, 0x9C, 0x0E, 0x9C, 0xED, 0x93,
    0xCD, 0x93, 0x4B, 0x83, 0xEA, 0x72, 0x48, 0x52, 0xA6, 0x41, 0xE7, 0x41, 0x28, 0x4A, 0x69, 0x52,
    0x69, 0x5A, 0x48, 0x5A, 0x48, 0x5A, 0x28, 0x52, 0x28, 0x52, 0x28, 0x52, 0xC6, 0x41, 0x49, 0x4A,
    0x86, 0x31, 0x86, 0x29, 0x86, 0x29, 0x65, 0x29, 0x65, 0x29, 0x65, 0x29, 0x65, 0x29, 0x65, 0x29,
    0x65, 0x29, 0x65, 0x29, 0xC7, 0x39, 0x86, 0x31, 0x86, 0x31, 0xC7, 0x39, 0xA6, 0x31, 0x65, 0x29,
    0x65, 0x29, 0x65, 0x29, 0x65, 0x29, 0x65, 0x29, 0x65, 0x29, 0x65, 0x29, 0x65, 0x29, 0x65, 0x29,
    0x65, 0x29, 0xA6, 0x31, 0xC7, 0x39, 0x65, 0x29, 0x86, 0x31, 0xA6, 0x31, 0x86, 0x31, 0x86, 0x31,
    0x86, 0x31, 0x86, 0x31, 0x86, 0x31, 0x86, 0x31, 0x86, 0x31, 0x65, 0x29, 0xC7, 0x39, 0x08, 0x42,
    0x65, 0x29, 0x86, 0x31, 0x86, 0x31, 0x85, 0x31, 0xE7, 0x41, 0x69, 0x52, 0x89, 0x52, 0x08, 0x42,
    0x28, 0x4A, 0x69, 0x52, 0xCA, 0x5A, 0xCA, 0x62, 0xEB, 0x62, 0x69, 0x52, 0x49, 0x52, 0x69, 0x52,
    0xAA, 0x5A, 0xEB, 0x62, 0x0C, 0x6B, 0x0C, 0x6B, 0xCB, 0x62, 0xCB, 0x62, 0x0B, 0x6B, 0x2C, 0x6B,
    0x8A, 0x5A, 0x89, 0x5A, 0xAA, 0x5A, 0xEB, 0x62, 0xAA, 0x5A, 0xAA, 0x5A, 0x0B, 0x6B, 0x4C, 0x73,
    0x0C, 0x6B, 0x0C, 0x6B, 0x4D, 0x73, 0x4D, 0x73, 0x4D, 0x6B, 0x4D, 0x6B, 0x4D, 0x6B, 0x4D, 0x6B,
    0x4D, 0x6B, 0x4D, 0x6B, 0x4D, 0x6B, 0x4D, 0x6B, 0x4D, 0x6B, 0x4C, 0x6B, 0x4C, 0x6B, 0x4C, 0x6B,
    0x2C, 0x63, 0x4D, 0x6B, 0x4D, 0x6B, 0x4D, 0x6B, 0x6D, 0x6B, 0x0C, 0x63, 0xCB, 0x5A, 0x2C, 0x63,
    0x4D, 0x63, 0xCB, 0x5A, 0x49, 0x4A, 0x89, 0x52, 0xAA, 0x5A, 0x0B, 0x6B, 0xEB, 0x62, 0xCA, 0x62,
    0x4D, 0x6B, 0x4D, 0x6B, 0xEB, 0x5A, 0x0C, 0x5B, 0x0C, 0x63, 0x2C, 0x63, 0xEC, 0x5A, 0x6A, 0x4A,
    0x4D, 0x63, 0x4D, 0x6B, 0x4D, 0x6B, 0x4D, 0x6B, 0x4D, 0x6B, 0x4C, 0x63, 0x0C, 0x63, 0xCB, 0x5A,
    0x69, 0x4A, 0x29, 0x4A, 0x28, 0x42, 0x08, 0x42, 0x08, 0x42, 0xE8, 0x41, 0x49, 0x4A, 0xE7, 0x41,
    0xC7, 0x39, 0xA7, 0x39, 0xA7, 0x39, 0xA6, 0x31, 0xA6, 0x31, 0xA6, 0x31, 0xA6, 0x31, 0xA6, 0x31,
    0xA6, 0x31, 0x86, 0x31, 0x86, 0x31, 0x86, 0x31, 0x86, 0x31, 0x85, 0x31, 0x85, 0x31, 0x85, 0x31,
    0x85, 0x31, 0x85, 0x31, 0x85, 0x31, 0x85, 0x31, 0x85, 0x31, 0x85, 0x31, 0x85, 0x31, 0x85, 0x29,
    0x85, 0x31, 0x65, 0x31, 0x65, 0x29, 0x65, 0x31, 0x65, 0x31, 0x65, 0x29, 0x65, 0x29, 0x65, 0x29,
    0x65, 0x29, 0x65, 0x29, 0x65, 0x29, 0x65, 0x29, 0x65, 0x29, 0x65, 0x29, 0x65, 0x29, 0x65, 0x29,
    0x65, 0x29, 0x65, 0x29, 0x65, 0x29, 0x65, 0x29, 0x65, 0x29, 0x65, 0x29, 0x65, 0x29, 0x65, 0x29,
    0x65, 0x29, 0x86, 0x31, 0x86, 0x31, 0x86, 0x31, 0x86, 0x31, 0x85, 0x31, 0x85, 0x31, 0x85, 0x31,
    0x65, 0x29, 0x65, 0x29, 0x65, 0x29, 0x65, 0x29, 0x65, 0x29, 0x65, 0x29, 0x65, 0x29, 0x65, 0x29,
    0x65, 0x29, 0x65, 0x29, 0x65, 0x29, 0x65, 0x29, 0x65, 0x29, 0x65, 0x29, 0x65, 0x29, 0x65, 0x29,
    0x65, 0x29, 0x08, 0x42, 0xC7, 0x39, 0x86, 0x31, 0x86, 0x31, 0xA6, 0x31, 0x86, 0x31, 0xA6, 0x31,
    0xA6, 0x39, 0xC6, 0x39, 0xC6, 0x39, 0xE7, 0x41, 0xE7, 0x41, 0x07, 0x4A, 0x08, 0x4A, 0x28, 0x4A,
    0x28, 0x4A, 0x28, 0x52, 0x48, 0x52, 0x49, 0x52, 0x49, 0x52, 0x49, 0x52, 0x69, 0x52, 0x69, 0x52,
    0x69, 0x5A, 0x69, 0x5A, 0x89, 0x5A, 0x89, 0x5A, 0x89, 0x5A, 0x8A, 0x5A, 0x8A, 0x5A, 0xAA, 0x5A,
    0xAA, 0x62, 0xAA, 0x62, 0xEA, 0x6A, 0x2B, 0x73, 0x6C, 0x7B, 0xCD, 0x8B, 0xEE, 0x93, 0x2F, 0x9C,
    0x50, 0x9C, 0x90, 0xA4, 0xB1, 0xAC, 0xD2, 0xAC, 0xF2, 0xB4, 0x12, 0xB5, 0x33, 0xBD, 0x12, 0xBD,
    0x12, 0xBD, 0x12, 0xB5, 0xF2, 0xB4, 0xF1, 0xB4, 0xD1, 0xB4, 0xB1, 0xAC, 0xB0, 0xAC, 0x90, 0xAC,
    0x70, 0xA4, 0x70, 0xA4, 0x70, 0xA4, 0x70, 0xAC, 0x90, 0xAC, 0xB0, 0xAC, 0xB1, 0xB4, 0xD1, 0xB4,
    0xF2, 0xB4, 0x12, 0xBD, 0x12, 0xBD, 0x32, 0xBD, 0x33, 0xBD, 0x33, 0xBD, 0x33, 0xBD, 0x53, 0xBD,
    0x53, 0xBD, 0x53, 0xBD, 0x53, 0xBD, 0x53, 0xBD, 0x53, 0xBD, 0x33, 0xBD, 0x33, 0xBD, 0x32, 0xBD,
    0x12, 0xB5, 0x12, 0xB5, 0x12, 0xB5, 0x12, 0xB5, 0xF2, 0xB4, 0xF2, 0xB4, 0xF2, 0xB4, 0xF2, 0xB4,
    0xD2, 0xAC, 0xD2, 0xAC, 0xD2, 0xAC, 0xD2, 0xAC, 0xD1, 0xAC, 0xD1, 0xAC, 0xD1, 0xAC, 0xD1, 0xAC,
    0xB1, 0xAC, 0xB1, 0xAC, 0x90, 0xA4, 0x70, 0xA4, 0x4F, 0x9C, 0x0E, 0x9C, 0xED, 0x93, 0xCD, 0x8B,
    0x6C, 0x83, 0x0A, 0x73, 0x69, 0x5A, 0xA6, 0x39, 0xA6, 0x39, 0xA6, 0x39, 0xA6, 0x39, 0xE7, 0x41,
    0x08, 0x4A, 0x08, 0x4A, 0x28, 0x52, 0x28, 0x52, 0x08, 0x52, 0xA6, 0x39, 0x07, 0x42, 0x49, 0x4A,
    0x45, 0x29, 0x86, 0x31, 0x65, 0x29, 0x65, 0x29, 0x65, 0x29, 0x65, 0x29, 0x65, 0x29, 0x65, 0x29,
    0x65, 0x29, 0x45, 0x29, 0xA7, 0x39, 0x86, 0x31, 0x86, 0x31, 0xC7, 0x39, 0xA6, 0x31, 0x86, 0x31,
    0x65, 0x29, 0x65, 0x29, 0x65, 0x29, 0x65, 0x29, 0x65, 0x29, 0x65, 0x29, 0x65, 0x29, 0x65, 0x29,
    0x65, 0x29, 0x45, 0x29, 0xA6, 0x31, 0xA6, 0x31, 0x86, 0x31, 0x86, 0x31, 0x86, 0x31, 0x86, 0x31,
    0x86, 0x31, 0x86, 0x31, 0x86, 0x31, 0x66, 0x31, 0x66, 0x31, 0x86, 0x31, 0x45, 0x29, 0x08, 0x42,
    0xE7, 0x39, 0x65, 0x29, 0x86, 0x31, 0x85, 0x31, 0xA6, 0x31, 0x28, 0x4A, 0xAA, 0x5A, 0x69, 0x52,
    0x28, 0x4A, 0x69, 0x52, 0xCA, 0x5A, 0xCA, 0x62, 0xCA, 0x62, 0xCB, 0x62, 0x28, 0x4A, 0x49, 0x52,
    0x89, 0x5A, 0xCB, 0x62, 0x0B, 0x6B, 0x2C, 0x6B, 0x0B, 0x6B, 0xCB, 0x62, 0xEB, 0x6A, 0x2C, 0x6B,
    0xEB, 0x62, 0x69, 0x52, 0xAA, 0x5A, 0xCA, 0x62, 0xEB, 0x62, 0xAA, 0x5A, 0xEB, 0x62, 0x2C, 0x6B,
    0x2C, 0x6B, 0x0C, 0x6B, 0x2C, 0x6B, 0x4D, 0x73, 0x4D, 0x6B, 0x4D, 0x6B, 0x4D, 0x6B, 0x4D, 0x6B,
    0x4D, 0x6B, 0x4D, 0x6B, 0x4D, 0x6B, 0x4D, 0x6B, 0x4D, 0x6B, 0x4C, 0x6B, 0x4C, 0x6B, 0x6D, 0x6B,
    0x2C, 0x63, 0x4D, 0x6B, 0x4D, 0x6B, 0x4D, 0x6B, 0x6D, 0x6B, 0x2C, 0x63, 0xCA, 0x52, 0x2C, 0x63,
    0x4C, 0x63, 0xCB, 0x5A, 0x49, 0x4A, 0x69, 0x52, 0xAA, 0x5A, 0x0B, 0x6B, 0xEB, 0x62, 0xAA, 0x5A,
    0x4D, 0x6B, 0x4D, 0x6B, 0xEB, 0x5A, 0x0C, 0x5B, 0x0C, 0x63, 0x2C, 0x63, 0xEC, 0x5A, 0x8A, 0x4A,
    0x4D, 0x63, 0x4D, 0x6B, 0x4D, 0x6B, 0x4D, 0x6B, 0x4D, 0x6B, 0x4C, 0x63, 0x0C, 0x63, 0xCB, 0x5A,
    0x69, 0x52, 0x28, 0x4A, 0x08, 0x42, 0x08, 0x42, 0x08, 0x42, 0x08, 0x42, 0x49, 0x4A, 0xE8, 0x41,
    0xC7, 0x39, 0xA7, 0x39, 0xA7, 0x39, 0xA6, 0x31, 0xA6, 0x31, 0xA6, 0x31, 0xA6, 0x31, 0xA6, 0x31,
    0xA6, 0x31, 0x86, 0x31, 0x86, 0x31, 0x86, 0x31, 0x86, 0x31, 0x85, 0x31, 0x85, 0x31, 0x85, 0x31,
    0x85, 0x31, 0x85, 0x31, 0x85, 0x31, 0x85, 0x31, 0x85, 0x31, 0x85, 0x31, 0x85, 0x31, 0x85, 0x29,
    0x65, 0x31, 0x65, 0x31, 0x65, 0x31, 0x65, 0x29, 0x65, 0x29, 0x65, 0x29, 0x65, 0x29, 0x65, 0x29,
    0x65, 0x29, 0x65, 0x29, 0x65, 0x29, 0x65, 0x29, 0x65, 0x29, 0x65, 0x29, 0x65, 0x29, 0x65, 0x29,
    0x65, 0x29, 0x65, 0x29, 0x65, 0x29, 0x65, 0x29, 0x65, 0x29, 0x65, 0x29, 0x65, 0x29, 0x65, 0x29,
    0x65, 0x29, 0x86, 0x31, 0xA6, 0x31, 0x86, 0x31, 0x65, 0x29, 0x86, 0x31, 0x85, 0x31, 0x85, 0x29,
    0x65, 0x29, 0x65, 0x29, 0x65, 0x29, 0x65, 0x29, 0x65, 0x29, 0x65, 0x29, 0x65, 0x29, 0x65, 0x29,
    0x65, 0x29, 0x65, 0x29, 0x65, 0x29, 0x65, 0x29, 0x65, 0x29, 0x65, 0x29, 0x65, 0x29, 0x65, 0x29,
    0x65, 0x29, 0x86, 0x31, 0x08, 0x42, 0xA7, 0x39, 0x86, 0x31, 0x86, 0x31, 0x86, 0x31, 0x86, 0x31,
    0xA6, 0x31, 0xC6, 0x39, 0xC6, 0x39, 0xC7, 0x41, 0xE7, 0x41, 0xE7, 0x41, 0x08, 0x4A, 0x08, 0x4A,
    0x28, 0x4A, 0x28, 0x52, 0x48, 0x52, 0x49, 0x52, 0x49, 0x52, 0x49, 0x52, 0x69, 0x52, 0x69, 0x52,
    0x69, 0x5A, 0x69, 0x5A, 0x89, 0x5A, 0x89, 0x5A, 0x89, 0x5A, 0x8A, 0x5A, 0x8A, 0x5A, 0x8A, 0x62,
    0xAA, 0x62, 0xAA, 0x62, 0x0B, 0x6B, 0x4C, 0x7B, 0x8C, 0x83, 0xCD, 0x8B, 0x0E, 0x94, 0x2F, 0x9C,
    0x70, 0xA4, 0x90, 0xAC, 0xB1, 0xAC, 0xD2, 0xAC, 0x12, 0xB5, 0x33, 0xBD, 0x53, 0xBD, 0x53, 0xBD,
    0x53, 0xBD, 0x53, 0xC5, 0x53, 0xC5, 0x53, 0xC5, 0x53, 0xC5, 0x53, 0xBD, 0x33, 0xBD, 0x12, 0xBD,
    0x12, 0xB5, 0xF2, 0xB4, 0xF1, 0xB4, 0xD1, 0xB4, 0xF2, 0xB4, 0xF2, 0xB4, 0xF2, 0xB4, 0x12, 0xBD,
    0x12, 0xBD, 0x12, 0xBD, 0x32, 0xBD, 0x33, 0xBD, 0x33, 0xBD, 0x33, 0xBD, 0x33, 0xBD, 0x53, 0xBD,
    0x53, 0xBD, 0x53, 0xBD, 0x53, 0xBD, 0x53, 0xBD, 0x33, 0xBD, 0x32, 0xBD, 0x32, 0xBD, 0x12, 0xB5,
    0x12, 0xB5, 0x12, 0xB5, 0xF2, 0xB4, 0xF2, 0xB4, 0xF1, 0xB4, 0xD1, 0xB4, 0xD2, 0xAC, 0xD1, 0xAC,
    0xD1, 0xAC, 0xD1, 0xAC, 0xD1, 0xAC, 0xD1, 0xAC, 0xD1, 0xAC, 0xB1, 0xAC, 0xB1, 0xAC, 0xB1, 0xAC,
    0xB0, 0xAC, 0x90, 0xA4, 0x70, 0xA4, 0x4F, 0x9C, 0x0E, 0x9C, 0xED, 0x93, 0xAD, 0x8B, 0x6C, 0x83,
    0x2B, 0x73, 0x89, 0x5A, 0xA6, 0x39, 0xA6, 0x31, 0xA6, 0x31, 0xA6, 0x31, 0xA6, 0x31, 0xC7, 0x39,
    0xC7, 0x39, 0xA6, 0x39, 0xA6, 0x39, 0xA6, 0x41, 0xA6, 0x39, 0x65, 0x31, 0x28, 0x42, 0xAB, 0x52,
    0xA6, 0x31, 0x65, 0x29, 0x85, 0x29, 0x65, 0x29, 0x65, 0x29, 0x65, 0x29, 0x65, 0x29, 0x65, 0x29,
    0x65, 0x29, 0x65, 0x29, 0xA7, 0x39, 0xA6, 0x39, 0x65, 0x31, 0xE7, 0x39, 0x86, 0x31, 0x86, 0x31,
    0x86, 0x31, 0x65, 0x29, 0x65, 0x29, 0x65, 0x29, 0x65, 0x29, 0x65, 0x29, 0x65, 0x29, 0x65, 0x29,
    0x65, 0x29, 0x65, 0x29, 0x65, 0x29, 0x86, 0x31, 0xC7, 0x39, 0xA6, 0x31, 0x86, 0x31, 0x86, 0x31,
    0x86, 0x31, 0x86, 0x31, 0x86, 0x31, 0x86, 0x31, 0x86, 0x31, 0x65, 0x29, 0x65, 0x29, 0x45, 0x29,
    0x28, 0x42, 0xC7, 0x39, 0x65, 0x29, 0x86, 0x31, 0x86, 0x31, 0xE7, 0x41, 0x69, 0x52, 0xAA, 0x5A,
    0x48, 0x4A, 0x48, 0x4A, 0xAA, 0x5A, 0xCB, 0x62, 0xAA, 0x5A, 0xCA, 0x62, 0x8A, 0x5A, 0x08, 0x4A,
    0x69, 0x52, 0xAA, 0x62, 0xCB, 0x62, 0x2C, 0x6B, 0x0B, 0x6B, 0xCB, 0x62, 0xEB, 0x6A, 0x2C, 0x6B,
    0x2C, 0x6B, 0xAA, 0x5A, 0x8A, 0x5A, 0xAA, 0x5A, 0xEB, 0x62, 0xEB, 0x62, 0xCA, 0x62, 0x0C, 0x6B,
    0x2C, 0x6B, 0x0C, 0x6B, 0x0C, 0x6B, 0x2C, 0x6B, 0x4D, 0x73, 0x4D, 0x6B, 0x4D, 0x6B, 0x4D, 0x6B,
    0x4D, 0x6B, 0x4D, 0x6B, 0x4D, 0x6B, 0x4D, 0x6B, 0x4D, 0x6B, 0x4D, 0x6B, 0x2C, 0x6B, 0x6D, 0x6B,
    0x2C, 0x63, 0x2C, 0x63, 0x4D, 0x6B, 0x4D, 0x6B, 0x4D, 0x6B, 0x4D, 0x6B, 0xCA, 0x52, 0x0C, 0x63,
    0x2C, 0x63, 0xEB, 0x5A, 0x28, 0x4A, 0x69, 0x52, 0x89, 0x5A, 0x0B, 0x6B, 0xEB, 0x62, 0x8A, 0x5A,
    0x4D, 0x6B, 0x4D, 0x6B, 0xEB, 0x5A, 0xEC, 0x5A, 0x0C, 0x63, 0x2C, 0x63, 0xEC, 0x5A, 0x8A, 0x4A,
    0x4D, 0x63, 0x4D, 0x6B, 0x4D, 0x6B, 0x4D, 0x6B, 0x4D, 0x6B, 0x4D, 0x63, 0x0C, 0x63, 0xCB, 0x5A,
    0x8A, 0x52, 0x28, 0x42, 0x28, 0x42, 0x28, 0x42, 0x08, 0x42, 0x08, 0x42, 0x28, 0x4A, 0x08, 0x42,
    0xC7, 0x39, 0xC7, 0x39, 0xA7, 0x39, 0xA6, 0x31, 0xA6, 0x31, 0xA6, 0x31, 0xA6, 0x31, 0xA6, 0x31,
    0xA6, 0x31, 0x86, 0x31, 0x86, 0x31, 0x86, 0x31, 0x86, 0x31, 0x85, 0x31, 0x85, 0x31, 0x85, 0x31,
    0x85, 0x31, 0x85, 0x31, 0x85, 0x31, 0x85, 0x31, 0x85, 0x31, 0x85, 0x31, 0x85, 0x31, 0x85, 0x29,
    0x65, 0x31, 0x65, 0x31, 0x65, 0x31, 0x65, 0x29, 0x65, 0x29, 0x65, 0x29, 0x65, 0x29, 0x65, 0x29,
    0x65, 0x29, 0x65, 0x29, 0x65, 0x29, 0x65, 0x29, 0x65, 0x29, 0x65, 0x29, 0x65, 0x29, 0x65, 0x29,
    0x65, 0x29, 0x65, 0x29, 0x65, 0x29, 0x65, 0x29, 0x65, 0x29, 0x65, 0x29, 0x65, 0x29, 0x65, 0x29,
    0x65, 0x29, 0x86, 0x31, 0xA6, 0x31, 0x86, 0x31, 0x86, 0x31, 0x86, 0x31, 0xA6, 0x31, 0x65, 0x29,
    0x65, 0x29, 0x65, 0x29, 0x65, 0x29, 0x65, 0x29, 0x65, 0x29, 0x65, 0x29, 0x65, 0x29, 0x65, 0x29,
    0x65, 0x29, 0x65, 0x29, 0x65, 0x29, 0x65, 0x29, 0x65, 0x29, 0x65, 0x29, 0x65, 0x29, 0x65, 0x29,
    0x86, 0x31, 0x65, 0x29, 0xA6, 0x31, 0x08, 0x42, 0xA6, 0x39, 0x86, 0x31, 0x86, 0x31, 0x86, 0x31,
    0x86, 0x31, 0xA6, 0x31, 0xC6, 0x39, 0xC6, 0x41, 0xE7, 0x41, 0xE7, 0x41, 0x07, 0x4A, 0x08, 0x4A,
    0x28, 0x4A, 0x28, 0x52, 0x48, 0x52, 0x49, 0x52, 0x49, 0x52, 0x49, 0x52, 0x69, 0x52, 0x69, 0x52,
    0x69, 0x5A, 0x69, 0x5A, 0x89, 0x5A, 0x89, 0x5A, 0x89, 0x5A, 0x8A, 0x5A, 0x8A, 0x62, 0x8A, 0x62,
    0xAA, 0x62, 0xAA, 0x62, 0x0B, 0x73, 0x4C, 0x7B, 0x8D, 0x83, 0xCE, 0x8B, 0x0E, 0x94, 0x4F, 0x9C,
    0x70, 0xA4, 0x91, 0xAC, 0xD1, 0xAC, 0xF2, 0xB4, 0x12, 0xB5, 0x33, 0xBD, 0x53, 0xBD, 0x73, 0xBD,
    0x74, 0xC5, 0x74, 0xC5, 0x94, 0xC5, 0x94, 0xC5, 0x94, 0xCD, 0x94, 0xC5, 0x94, 0xC5, 0x73, 0xC5,
    0x73, 0xC5, 0x53, 0xC5, 0x53, 0xBD, 0x33, 0xBD, 0x33, 0xBD, 0x33, 0xBD, 0x33, 0xBD, 0x33, 0xBD,
    0x33, 0xBD, 0x33, 0xBD, 0x33, 0xBD, 0x53, 0xBD, 0x53, 0xBD, 0x53, 0xBD, 0x33, 0xBD, 0x53, 0xBD,
    0x53, 0xBD, 0x33, 0xBD, 0x33, 0xBD, 0x33, 0xBD, 0x32, 0xBD, 0x32, 0xB5, 0x12, 0xB5, 0x12, 0xB5,
    0x12, 0xB5, 0xF2, 0xB4, 0xF2, 0xB4, 0xF1, 0xB4, 0xD1, 0xB4, 0xD1, 0xAC, 0xD1, 0xAC, 0xD1, 0xAC,
    0xD1, 0xAC, 0xD1, 0xAC, 0xD1, 0xAC, 0xB1, 0xAC, 0xB1, 0xAC, 0xB1, 0xAC, 0x91, 0xA4, 0x90, 0xA4,
    0x90, 0xA4, 0x70, 0xA4, 0x4F, 0x9C, 0x0E, 0x9C, 0xCD, 0x93, 0xAD, 0x8B, 0x6C, 0x83, 0x2B, 0x7B,
    0xCA, 0x62, 0xC6, 0x39, 0xA6, 0x31, 0xA6, 0x31, 0xA6, 0x31, 0xA6, 0x39, 0xA6, 0x39, 0xC7, 0x39,
    0x69, 0x4A, 0xE7, 0x39, 0x86, 0x31, 0x86, 0x31, 0x86, 0x31, 0x86, 0x31, 0xA6, 0x31, 0x08, 0x42,
    0x29, 0x42, 0x65, 0x29, 0x65, 0x29, 0x65, 0x29, 0x65, 0x29, 0x65, 0x29, 0x65, 0x29, 0x65, 0x29,
    0x65, 0x29, 0x45, 0x29, 0xA6, 0x39, 0xC7, 0x39, 0x65, 0x31, 0xC7, 0x39, 0xA6, 0x31, 0x65, 0x29,
    0x65, 0x29, 0x65, 0x29, 0x66, 0x29, 0x65, 0x29, 0x65, 0x29, 0x65, 0x29, 0x65, 0x29, 0x65, 0x29,
    0x65, 0x29, 0x65, 0x29, 0x65, 0x29, 0x65, 0x29, 0x86, 0x31, 0xC7, 0x39, 0xA6, 0x39, 0x86, 0x31,
    0x86, 0x31, 0xA6, 0x31, 0xA6, 0x31, 0x86, 0x31, 0x86, 0x31, 0x66, 0x31, 0x65, 0x29, 0x65, 0x29,
    0x65, 0x29, 0x49, 0x4A, 0xA7, 0x39, 0x65, 0x31, 0x86, 0x31, 0xC6, 0x39, 0x28, 0x4A, 0xCA, 0x5A,
    0xAA, 0x5A, 0x69, 0x52, 0x89, 0x52, 0xCB, 0x62, 0xAA, 0x5A, 0xAA, 0x5A, 0xAA, 0x5A, 0x48, 0x52,
    0x28, 0x52, 0xAA, 0x62, 0xCB, 0x62, 0x0C, 0x6B, 0x2C, 0x6B, 0xCB, 0x62, 0xEB, 0x6A, 0x2B, 0x6B,
    0x4C, 0x6B, 0xEA, 0x62, 0x89, 0x5A, 0x8A, 0x5A, 0xCB, 0x62, 0x0C, 0x6B, 0xEB, 0x62, 0xEB, 0x62,
    0x4C, 0x73, 0x0C, 0x6B, 0x0C, 0x6B, 0x0C, 0x63, 0x4D, 0x6B, 0x4D, 0x6B, 0x4D, 0x6B, 0x4D, 0x6B,
    0x4D, 0x6B, 0x4D, 0x6B, 0x4D, 0x6B, 0x4D, 0x6B, 0x4D, 0x6B, 0x6D, 0x6B, 0x2C, 0x6B, 0x4D, 0x6B,
    0x4D, 0x6B, 0x2C, 0x63, 0x6D, 0x6B, 0x4D, 0x6B, 0x4D, 0x6B, 0x6D, 0x6B, 0xCA, 0x52, 0x0C, 0x63,
    0x4C, 0x63, 0xEC, 0x62, 0x28, 0x4A, 0x49, 0x4A, 0x69, 0x52, 0x0B, 0x6B, 0xCB, 0x62, 0x8A, 0x5A,
    0x4D, 0x63, 0x4D, 0x63, 0xEB, 0x5A, 0x0C, 0x5B, 0x2C, 0x63, 0x2C, 0x63, 0x0C, 0x63, 0x8A, 0x4A,
    0x2D, 0x63, 0x4D, 0x6B, 0x4D, 0x6B, 0x4D, 0x6B, 0x4D, 0x63, 0x4D, 0x63, 0x0C, 0x63, 0xCB, 0x5A,
    0x6A, 0x52, 0x28, 0x4A, 0x08, 0x42, 0x08, 0x42, 0x08, 0x42, 0x28, 0x42, 0x28, 0x4A, 0x08, 0x42,
    0xE7, 0x39, 0xC7, 0x39, 0xC7, 0x39, 0xA6, 0x31, 0xA6, 0x31, 0xA6, 0x31, 0xA6, 0x31, 0xA6, 0x31,
    0xA6, 0x31, 0x86, 0x31, 0x86, 0x31, 0x86, 0x31, 0x86, 0x31, 0x85, 0x31, 0x85, 0x31, 0x85, 0x31,
    0x85, 0x31, 0x85, 0x31, 0x85, 0x31, 0x85, 0x31, 0x85, 0x31, 0x85, 0x31, 0x85, 0x31, 0x65, 0x31,
    0x65, 0x31, 0x65, 0x31, 0x65, 0x31, 0x65, 0x29, 0x65, 0x29, 0x65, 0x29, 0x65, 0x29, 0x65, 0x29,
    0x65, 0x29, 0x65, 0x29, 0x65, 0x29, 0x65, 0x29, 0x65, 0x29, 0x65, 0x29, 0x65, 0x29, 0x65, 0x29,
    0x85, 0x29, 0x65, 0x29, 0x65, 0x31, 0x65, 0x31, 0x65, 0x29, 0x65, 0x29, 0x65, 0x29, 0x65, 0x29,
    0x65, 0x29, 0x65, 0x29, 0xC7, 0x39, 0x86, 0x31, 0x86, 0x31, 0x86, 0x31, 0xA7, 0x39, 0x65, 0x31,
    0x65, 0x29, 0x86, 0x31, 0x65, 0x29, 0x65, 0x29, 0x65, 0x29, 0x65, 0x29, 0x65, 0x29, 0x65, 0x29,
    0x65, 0x29, 0x65, 0x29, 0x65, 0x29, 0x65, 0x29, 0x65, 0x29, 0x86, 0x31, 0x65, 0x29, 0x65, 0x29,
    0x65, 0x29, 0x86, 0x31, 0x65, 0x29, 0xC7, 0x39, 0xE8, 0x41, 0x86, 0x31, 0x86, 0x31, 0x86, 0x31,
    0x86, 0x31, 0x86, 0x31, 0xA6, 0x31, 0xC7, 0x39, 0xC7, 0x39, 0xE7, 0x41, 0x07, 0x4A, 0x08, 0x4A,
    0x28, 0x4A, 0x28, 0x52, 0x48, 0x52, 0x49, 0x52, 0x49, 0x52, 0x49, 0x52, 0x69, 0x52, 0x69, 0x52,
    0x69, 0x5A, 0x69, 0x5A, 0x89, 0x5A, 0x89, 0x5A, 0x8A, 0x5A, 0x8A, 0x5A, 0x8A, 0x62, 0x8A, 0x62,
    0xAA, 0x62, 0xCA, 0x6A, 0x0B, 0x73, 0x2C, 0x7B, 0x8C, 0x83, 0xCD, 0x8B, 0x0E, 0x94, 0x4F, 0x9C,
    0x70, 0xA4, 0xB1, 0xAC, 0xD1, 0xAC, 0xF2, 0xB4, 0x12, 0xB5, 0x33, 0xBD, 0x53, 0xBD, 0x54, 0xBD,
    0x74, 0xC5, 0x74, 0xC5, 0x94, 0xC5, 0x94, 0xC5, 0xB5, 0xCD, 0xB5, 0xCD, 0xB5, 0xCD, 0xB4, 0xCD,
    0xB4, 0xCD, 0x94, 0xCD, 0x94, 0xC5, 0x74, 0xC5, 0x74, 0xC5, 0x74, 0xC5, 0x53, 0xC5, 0x53, 0xC5,
    0x53, 0xBD, 0x53, 0xBD, 0x53, 0xBD, 0x53, 0xBD, 0x33, 0xBD, 0x33, 0xBD, 0x53, 0xBD, 0x53, 0xBD,
    0x33, 0xBD, 0x33, 0xBD, 0x33, 0xBD, 0x33, 0xBD, 0x12, 0xB5, 0x12, 0xB5, 0x12, 0xB5, 0xF2, 0xB4,
    0xF2, 0xB4, 0xF2, 0xB4, 0xD1, 0xB4, 0xD1, 0xB4, 0xD1, 0xAC, 0xD1, 0xAC, 0xD1, 0xAC, 0xB1, 0xAC,
    0xB1, 0xAC, 0xB1, 0xAC, 0xB1, 0xAC, 0xB1, 0xAC, 0x90, 0xAC, 0x90, 0xA4, 0x90, 0xA4, 0x70, 0xA4,
    0x4F, 0xA4, 0x4F, 0xA4, 0x0F, 0x9C, 0xEE, 0x93, 0xAD, 0x8B, 0x6C, 0x83, 0x2B, 0x7B, 0xEA, 0x6A,
    0xE7, 0x41, 0xA6, 0x31, 0xA6, 0x31, 0xA6, 0x31, 0xA6, 0x31, 0xA6, 0x31, 0xA6, 0x31, 0x08, 0x42,
    0x2C, 0x63, 0x28, 0x4A, 0x86, 0x31, 0x86, 0x31, 0x86, 0x31, 0x86, 0x31, 0x86, 0x31, 0x86, 0x31,
    0x69, 0x4A, 0xA6, 0x31, 0x65, 0x29, 0x65, 0x29, 0x65, 0x29, 0x65, 0x29, 0x65, 0x29, 0x65, 0x29,
    0x66, 0x29, 0x65, 0x29, 0x86, 0x31, 0xE7, 0x39, 0x65, 0x31, 0xC7, 0x39, 0xA7, 0x39, 0x86, 0x31,
    0x65, 0x29, 0x65, 0x29, 0x65, 0x29, 0x65, 0x29, 0x65, 0x29, 0x65, 0x29, 0x65, 0x29, 0x65, 0x29,
    0x65, 0x29, 0x65, 0x29, 0x65, 0x29, 0x65, 0x29, 0x65, 0x29, 0x86, 0x31, 0xE7, 0x39, 0xC7, 0x39,
    0xA6, 0x31, 0xA6, 0x39, 0xA6, 0x31, 0xA6, 0x31, 0x86, 0x31, 0x86, 0x31, 0x65, 0x29, 0x65, 0x29,
    0x65, 0x29, 0x85, 0x31, 0x49, 0x4A, 0xA6, 0x31, 0x86, 0x31, 0xA6, 0x39, 0x07, 0x42, 0x89, 0x52,
    0xEB, 0x62, 0x89, 0x52, 0x69, 0x52, 0xCA, 0x62, 0xAA, 0x5A, 0xAA, 0x5A, 0xAA, 0x5A, 0x89, 0x5A,
    0x28, 0x4A, 0x8A, 0x5A, 0xCA, 0x62, 0xEB, 0x62, 0x2C, 0x6B, 0xEB, 0x6A, 0xEB, 0x62, 0x0B, 0x6B,
    0x2C, 0x6B, 0xEB, 0x62, 0xAA, 0x5A, 0x69, 0x5A, 0xAA, 0x5A, 0x2C, 0x6B, 0x0C, 0x6B, 0xCB, 0x62,
    0x4C, 0x73, 0x0C, 0x6B, 0x0C, 0x6B, 0x0C, 0x6B, 0x0C, 0x6B, 0x4D, 0x73, 0x4D, 0x6B, 0x4D, 0x6B,
    0x4D, 0x6B, 0x4D, 0x6B, 0x4D, 0x6B, 0x4D, 0x6B, 0x4D, 0x6B, 0x6D, 0x6B, 0x4C, 0x6B, 0x4C, 0x6B,
    0x4D, 0x6B, 0x2C, 0x63, 0x6D, 0x6B, 0x4D, 0x6B, 0x4D, 0x6B, 0x4D, 0x6B, 0xCB, 0x52, 0xEC, 0x5A,
    0x4D, 0x63, 0x0B, 0x63, 0x28, 0x4A, 0x48, 0x4A, 0x69, 0x52, 0x0B, 0x6B, 0xCA, 0x62, 0xAA, 0x5A,
    0x4D, 0x63, 0x4D, 0x63, 0xEB, 0x5A, 0x0C, 0x5B, 0x2C, 0x63, 0x2C, 0x63, 0x0C, 0x63, 0x8A, 0x4A,
    0x2C, 0x63, 0x4D, 0x6B, 0x4D, 0x6B, 0x4D, 0x6B, 0x6D, 0x6B, 0x4D, 0x63, 0x0C, 0x63, 0xCB, 0x5A,
    0x6A, 0x52, 0x28, 0x4A, 0x08, 0x42, 0x08, 0x42, 0x08, 0x42, 0x28, 0x42, 0x28, 0x42, 0x08, 0x42,
    0xE7, 0x39, 0xC7, 0x39, 0xC7, 0x39, 0xA6, 0x31, 0xA6, 0x31, 0xA6, 0x31, 0xA6, 0x31, 0xA6, 0x31,
    0xA6, 0x31, 0x86, 0x31, 0x86, 0x31, 0x86, 0x31, 0x86, 0x31, 0x85, 0x31, 0x85, 0x31, 0x85, 0x31,
    0x85, 0x31, 0x85, 0x31, 0x85, 0x31, 0x85, 0x31, 0x85, 0x31, 0x85, 0x31, 0x85, 0x31, 0x65, 0x31,
    0x65, 0x31, 0x65, 0x31, 0x65, 0x31, 0x65, 0x29, 0x65, 0x29, 0x65, 0x29, 0x65, 0x29, 0x65, 0x29,
    0x65, 0x29, 0x65, 0x29, 0x65, 0x29, 0x65, 0x29, 0x65, 0x29, 0x65, 0x29, 0x65, 0x29, 0x65, 0x29,
    0x85, 0x29, 0x65, 0x29, 0x65, 0x31, 0x65, 0x31, 0x65, 0x29, 0x65, 0x29, 0x65, 0x29, 0x65, 0x29,
    0x65, 0x29, 0x65, 0x29, 0xC7, 0x39, 0xA6, 0x31, 0x86, 0x31, 0x86, 0x31, 0xC7, 0x39, 0x66, 0x31,
    0x65, 0x29, 0x65, 0x29, 0x65, 0x29, 0x65, 0x29, 0x65, 0x29, 0x65, 0x29, 0x65, 0x29, 0x65, 0x29,
    0x65, 0x29, 0x65, 0x29, 0x65, 0x29, 0x65, 0x29, 0x65, 0x29, 0x65, 0x29, 0x65, 0x29, 0x86, 0x31,
    0x86, 0x31, 0x86, 0x31, 0x86, 0x31, 0x65, 0x31, 0xC7, 0x39, 0xC7, 0x39, 0x86, 0x31, 0x86, 0x31,
    0x86, 0x31, 0x86, 0x31, 0x86, 0x31, 0xA6, 0x31, 0xC7, 0x39, 0xC7, 0x41, 0xE7, 0x41, 0x08, 0x4A,
    0x08, 0x4A, 0x28, 0x4A, 0x28, 0x52, 0x48, 0x52, 0x49, 0x52, 0x49, 0x52, 0x69, 0x52, 0x69, 0x52,
    0x69, 0x5A, 0x69, 0x5A, 0x89, 0x5A, 0x89, 0x5A, 0x89, 0x5A, 0x8A, 0x5A, 0x8A, 0x62, 0x8A, 0x62,
    0xAA, 0x62, 0xCA, 0x6A, 0xEB, 0x72, 0x2B, 0x7B, 0x6C, 0x7B, 0xAD, 0x8B, 0xEE, 0x93, 0x2F, 0x9C,
    0x70, 0xA4, 0xB1, 0xAC, 0xD1, 0xAC, 0xF2, 0xB4, 0x12, 0xB5, 0x33, 0xBD, 0x53, 0xBD, 0x54, 0xBD,
    0x74, 0xC5, 0x94, 0xC5, 0x94, 0xC5, 0x95, 0xC5, 0xB5, 0xCD, 0xD5, 0xCD, 0xD5, 0xD5, 0xD5, 0xD5,
    0xD5, 0xCD, 0xD5, 0xCD, 0xB5, 0xCD, 0xB5, 0xCD, 0xB4, 0xCD, 0x94, 0xCD, 0x94, 0xC5, 0x74, 0xC5,
    0x73, 0xC5, 0x53, 0xC5, 0x53, 0xBD, 0x53, 0xBD, 0x53, 0xBD, 0x53, 0xBD, 0x53, 0xBD, 0x33, 0xBD,
    0x33, 0xBD, 0x32, 0xBD, 0x32, 0xB5, 0x12, 0xB5, 0x12, 0xB5, 0x12, 0xB5, 0xF2, 0xB4, 0xF2, 0xB4,
    0xD2, 0xB4, 0xD1, 0xB4, 0xD1, 0xAC, 0xB1, 0xAC, 0xB1, 0xAC, 0xB1, 0xAC, 0xB1, 0xAC, 0xB1, 0xAC,
    0xB1, 0xAC, 0xB1, 0xAC, 0xB1, 0xAC, 0x90, 0xA4, 0x90, 0xA4, 0x70, 0xA4, 0x6F, 0xA4, 0x4F, 0xA4,
    0x2F, 0x9C, 0x0E, 0x9C, 0xCD, 0x93, 0x8C, 0x8B, 0x6C, 0x83, 0x4B, 0x7B, 0xEA, 0x6A, 0xE7, 0x41,
    0x86, 0x31, 0xA6, 0x31, 0xA6, 0x31, 0x86, 0x31, 0xA6, 0x31, 0x86, 0x31, 0xC6, 0x39, 0xEB, 0x5A,
    0x14, 0xA5, 0xCB, 0x5A, 0xA6, 0x39, 0x86, 0x31, 0x86, 0x31, 0x65, 0x31, 0xC7, 0x41, 0x28, 0x42,
    0x69, 0x4A, 0x85, 0x29, 0x65, 0x29, 0x65, 0x29, 0x65, 0x29, 0x65, 0x29, 0x65, 0x29, 0x65, 0x29,
    0x66, 0x29, 0x65, 0x29, 0x85, 0x31, 0x07, 0x42, 0x65, 0x31, 0xA7, 0x39, 0xA6, 0x39, 0x86, 0x31,
    0x65, 0x29, 0x65, 0x29, 0x65, 0x29, 0x65, 0x29, 0x65, 0x29, 0x65, 0x29, 0x65, 0x29, 0x65, 0x29,
    0x65, 0x29, 0x65, 0x29, 0x65, 0x29, 0x65, 0x29, 0x65, 0x29, 0x65, 0x29, 0xA6, 0x39, 0xA6, 0x39,
    0xC7, 0x39, 0xA7, 0x39, 0xA6, 0x39, 0xA6, 0x31, 0xA6, 0x31, 0x86, 0x31, 0x86, 0x31, 0x65, 0x29,
    0x65, 0x29, 0x65, 0x29, 0x86, 0x31, 0x49, 0x4A, 0xA6, 0x31, 0x86, 0x31, 0xE7, 0x41, 0x48, 0x4A,
    0xCA, 0x5A, 0xCB, 0x62, 0x69, 0x52, 0xAA, 0x5A, 0xAA, 0x5A, 0xAA, 0x5A, 0xCA, 0x62, 0xAA, 0x5A,
    0x48, 0x52, 0x69, 0x52, 0xAA, 0x62, 0xCB, 0x62, 0x2C, 0x6B, 0x0B, 0x6B, 0xEB, 0x62, 0x0B, 0x6B,
    0x2C, 0x6B, 0xEB, 0x6A, 0xCB, 0x62, 0x69, 0x5A, 0x8A, 0x5A, 0x0C, 0x6B, 0x2C, 0x6B, 0xCB, 0x62,
    0x2C, 0x6B, 0x0C, 0x6B, 0x0C, 0x6B, 0x2C, 0x6B, 0xEB, 0x6A, 0x2C, 0x6B, 0x4D, 0x6B, 0x4D, 0x6B,
    0x4D, 0x6B, 0x4D, 0x6B, 0x4D, 0x6B, 0x4D, 0x6B, 0x4D, 0x6B, 0x6D, 0x6B, 0x4C, 0x6B, 0x2C, 0x63,
    0x6D, 0x6B, 0x0C, 0x63, 0x6D, 0x6B, 0x4D, 0x6B, 0x4D, 0x6B, 0x6D, 0x6B, 0xCB, 0x5A, 0xCB, 0x5A,
    0x4D, 0x63, 0xEB, 0x62, 0x28, 0x4A, 0x28, 0x4A, 0x69, 0x52, 0xEB, 0x62, 0xAA, 0x5A, 0xEB, 0x62,
    0x4D, 0x63, 0x4D, 0x63, 0x0B, 0x5B, 0x0C, 0x5B, 0x2C, 0x63, 0x2C, 0x63, 0x2C, 0x63, 0x8A, 0x52,
    0x0C, 0x63, 0x4D, 0x6B, 0x4D, 0x6B, 0x4D, 0x6B, 0x4D, 0x6B, 0x4D, 0x63, 0x0C, 0x63, 0xCB, 0x5A,
    0x6A, 0x52, 0x28, 0x4A, 0x28, 0x42, 0x08, 0x42, 0x08, 0x42, 0x28, 0x42, 0x28, 0x42, 0x28, 0x4A,
    0xE7, 0x41, 0xC7, 0x39, 0xA7, 0x39, 0xA6, 0x31, 0xA6, 0x31, 0xA6, 0x31, 0xA6, 0x31, 0xA6, 0x31,
    0xA6, 0x31, 0x86, 0x31, 0x86, 0x31, 0x86, 0x31, 0x86, 0x31, 0x85, 0x31, 0x85, 0x31, 0x85, 0x31,
    0x85, 0x31, 0x85, 0x31, 0x85, 0x31, 0x85, 0x31, 0x85, 0x31, 0x85, 0x31, 0x85, 0x31, 0x65, 0x31,
    0x65, 0x31, 0x65, 0x31, 0x65, 0x31, 0x65, 0x29, 0x65, 0x29, 0x65, 0x29, 0x65, 0x29, 0x65, 0x29,
    0x65, 0x29, 0x65, 0x29, 0x65, 0x29, 0x65, 0x29, 0x65, 0x29, 0x65, 0x29, 0x65, 0x29, 0x65, 0x29,
    0x85, 0x29, 0x65, 0x29, 0x65, 0x31, 0x65, 0x31, 0x65, 0x29, 0x65, 0x29, 0x65, 0x29, 0x65, 0x29,
    0x65, 0x29, 0x65, 0x29, 0xC7, 0x39, 0xA6, 0x31, 0x86, 0x31, 0x65, 0x29, 0xE7, 0x39, 0x86, 0x31,
    0x65, 0x29, 0x65, 0x29, 0x65, 0x29, 0x65, 0x29, 0x65, 0x29, 0x65, 0x29, 0x65, 0x29, 0x65, 0x29,
    0x65, 0x29, 0x65, 0x29, 0x65, 0x29, 0x65, 0x29, 0x65, 0x29, 0x65, 0x29, 0x65, 0x29, 0x86, 0x31,
    0x86, 0x31, 0x86, 0x31, 0x86, 0x31, 0x66, 0x31, 0x65, 0x31, 0xC7, 0x39, 0xC7, 0x39, 0x86, 0x31,
    0x86, 0x31, 0x86, 0x31, 0x86, 0x31, 0x86, 0x31, 0xA6, 0x39, 0xC7, 0x41, 0xE7, 0x41, 0x07, 0x4A,
    0x08, 0x4A, 0x28, 0x4A, 0x28, 0x52, 0x28, 0x52, 0x49, 0x52, 0x49, 0x52, 0x69, 0x52, 0x69, 0x52,
    0x69, 0x5A, 0x69, 0x5A, 0x89, 0x5A, 0x89, 0x5A, 0x89, 0x5A, 0x89, 0x5A, 0x8A, 0x62, 0x8A, 0x62,
    0xAA, 0x62, 0xAA, 0x62, 0xEA, 0x6A, 0x0B, 0x73, 0x6C, 0x7B, 0xAD, 0x8B, 0xEE, 0x93, 0x2F, 0x9C,
    0x70, 0xA4, 0x90, 0xAC, 0xB1, 0xAC, 0xF2, 0xB4, 0x12, 0xB5, 0x33, 0xBD, 0x33, 0xBD, 0x53, 0xBD,
    0x74, 0xC5, 0x74, 0xC5, 0x94, 0xC5, 0x95, 0xC5, 0xB5, 0xCD, 0xD5, 0xCD, 0xD5, 0xCD, 0xF5, 0xD5,
    0xF5, 0xD5, 0xF5, 0xCD, 0xF5, 0xD5, 0xD5, 0xD5, 0xB5, 0xCD, 0xB5, 0xCD, 0x94, 0xCD, 0x94, 0xC5,
    0x74, 0xC5, 0x74, 0xC5, 0x53, 0xC5, 0x53, 0xBD, 0x53, 0xBD, 0x53, 0xBD, 0x33, 0xBD, 0x33, 0xBD,
    0x32, 0xBD, 0x32, 0xB5, 0x12, 0xB5, 0x12, 0xB5, 0xF2, 0xB4, 0xF2, 0xB4, 0xD2, 0xAC, 0xD1, 0xAC,
    0xD1, 0xAC, 0xD1, 0xAC, 0xB1, 0xAC, 0xB1, 0xAC, 0xB1, 0xAC, 0xB1, 0xAC, 0xB1, 0xAC, 0x91, 0xAC,
    0x91, 0xAC, 0x91, 0xAC, 0x90, 0xA4, 0x70, 0xA4, 0x6F, 0xA4, 0x4F, 0xA4, 0x4F, 0x9C, 0x2F, 0x9C,
    0x0E, 0x9C, 0xCD, 0x93, 0x8C, 0x8B, 0x4B, 0x83, 0x2B, 0x7B, 0xEA, 0x6A, 0x07, 0x4A, 0x85, 0x31,
    0xA6, 0x31, 0x86, 0x31, 0x86, 0x31, 0x86, 0x31, 0x86, 0x31, 0x86, 0x31, 0xA6, 0x31, 0xCF, 0x7B,
    0x79, 0xD6, 0xAA, 0x52, 0xA6, 0x39, 0xA6, 0x39, 0x86, 0x31, 0x65, 0x31, 0x49, 0x4A, 0xCA, 0x5A,
    0xA6, 0x31, 0x65, 0x29, 0x65, 0x29, 0x65, 0x29, 0x65, 0x29, 0x65, 0x29, 0x65, 0x29, 0x65, 0x29,
    0x66, 0x29, 0x65, 0x29, 0x65, 0x29, 0xE7, 0x41, 0x86, 0x31, 0xA6, 0x39, 0xA7, 0x39, 0xA6, 0x39,
    0x65, 0x29, 0x65, 0x29, 0x65, 0x29, 0x65, 0x29, 0x65, 0x29, 0x65, 0x29, 0x65, 0x29, 0x65, 0x29,
    0x65, 0x29, 0x65, 0x29, 0x65, 0x29, 0x65, 0x29, 0x65, 0x29, 0x65, 0x29, 0xA6, 0x39, 0xA6, 0x31,
    0xA6, 0x31, 0xC7, 0x39, 0xA7, 0x39, 0xA6, 0x39, 0xA6, 0x31, 0x86, 0x31, 0x86, 0x31, 0x86, 0x31,
    0x65, 0x29, 0x65, 0x29, 0x45, 0x29, 0xC7, 0x39, 0x49, 0x4A, 0x86, 0x31, 0xC6, 0x39, 0x28, 0x4A,
    0x89, 0x5A, 0xEB, 0x62, 0x8A, 0x5A, 0xAA, 0x5A, 0xAA, 0x5A, 0x8A, 0x5A, 0xCA, 0x62, 0xCA, 0x62,
    0x69, 0x52, 0x49, 0x52, 0xAA, 0x5A, 0xAA, 0x62, 0x0C, 0x6B, 0x0C, 0x6B, 0xEB, 0x62, 0x0B, 0x6B,
    0x0C, 0x6B, 0xEB, 0x62, 0xEB, 0x6A, 0xAA, 0x62, 0x8A, 0x5A, 0x0C, 0x6B, 0x2C, 0x6B, 0xEB, 0x62,
    0x2C, 0x6B, 0x2C, 0x6B, 0x0B, 0x6B, 0x2C, 0x6B, 0x0C, 0x6B, 0x0C, 0x6B, 0x4D, 0x6B, 0x4D, 0x6B,
    0x4D, 0x6B, 0x4D, 0x6B, 0x4D, 0x6B, 0x4D, 0x6B, 0x4D, 0x6B, 0x4D, 0x6B, 0x4C, 0x6B, 0x2C, 0x63,
    0x4D, 0x6B, 0x2C, 0x63, 0x4C, 0x6B, 0x4D, 0x6B, 0x4D, 0x6B, 0x6D, 0x6B, 0xCB, 0x5A, 0xCB, 0x52,
    0x4D, 0x63, 0xEB, 0x5A, 0x28, 0x4A, 0x28, 0x4A, 0x69, 0x52, 0xCB, 0x62, 0x8A, 0x5A, 0x0C, 0x6B,
    0x4D, 0x63, 0x4D, 0x63, 0x0B, 0x5B, 0x0C, 0x5B, 0x2C, 0x63, 0x2C, 0x63, 0x2C, 0x63, 0xAA, 0x52,
    0xEB, 0x5A, 0x4D, 0x6B, 0x4D, 0x6B, 0x4D, 0x6B, 0x6D, 0x6B, 0x4D, 0x63, 0x0C, 0x63, 0xCB, 0x5A,
    0x6A, 0x52, 0x28, 0x4A, 0x28, 0x42, 0x08, 0x42, 0x08, 0x42, 0x28, 0x42, 0x28, 0x42, 0x49, 0x4A,
    0xE7, 0x39, 0xC7, 0x39, 0xA6, 0x39, 0xA6, 0x31, 0xA6, 0x31, 0xA6, 0x31, 0xA6, 0x31, 0xA6, 0x31,
    0xA6, 0x31, 0x86, 0x31, 0x86, 0x31, 0x86, 0x31, 0x86, 0x31, 0x86, 0x31, 0x85, 0x31, 0x85, 0x31,
    0x85, 0x31, 0x85, 0x31, 0x85, 0x31, 0x85, 0x31, 0x85, 0x31, 0x85, 0x31, 0x85, 0x31, 0x65, 0x31,
    0x65, 0x31, 0x65, 0x31, 0x65, 0x31, 0x65, 0x29, 0x65, 0x29, 0x65, 0x29, 0x65, 0x29, 0x65, 0x29,
    0x65, 0x29, 0x65, 0x29, 0x65, 0x29, 0x65, 0x29, 0x65, 0x29, 0x65, 0x29, 0x65, 0x29, 0x65, 0x29,
    0x85, 0x29, 0x65, 0x29, 0x65, 0x31, 0x65, 0x31, 0x65, 0x29, 0x65, 0x29, 0x65, 0x29, 0x65, 0x29,
    0x65, 0x29, 0x65, 0x29, 0xC7, 0x39, 0xC7, 0x39, 0x86, 0x31, 0x86, 0x31, 0xC7, 0x39, 0xA6, 0x31,
    0x65, 0x29, 0x65, 0x29, 0x65, 0x29, 0x65, 0x29, 0x65, 0x29, 0x65, 0x29, 0x65, 0x29, 0x65, 0x29,
    0x65, 0x29, 0x65, 0x29, 0x65, 0x29, 0x65, 0x29, 0x65, 0x29, 0x65, 0x29, 0x65, 0x29, 0x86, 0x31,
    0x86, 0x31, 0x86, 0x31, 0x86, 0x31, 0x86, 0x31, 0x86, 0x31, 0x66, 0x31, 0xC7, 0x39, 0xC7, 0x39,
    0x86, 0x31, 0x86, 0x31, 0x86, 0x31, 0xA6, 0x31, 0xA6, 0x39, 0xA6, 0x39, 0xC7, 0x41, 0xE7, 0x49,
    0x08, 0x4A, 0x08, 0x4A, 0x28, 0x4A, 0x28, 0x52, 0x49, 0x52, 0x49, 0x52, 0x69, 0x52, 0x69, 0x52,
    0x69, 0x5A, 0x69, 0x5A, 0x89, 0x5A, 0x89, 0x5A, 0x89, 0x5A, 0x89, 0x5A, 0x8A, 0x62, 0x8A, 0x62,
    0x8A, 0x62, 0xAA, 0x62, 0xEA, 0x6A, 0x0B, 0x73, 0x4B, 0x7B, 0x8C, 0x83, 0xCE, 0x93, 0x0F, 0x9C,
    0x4F, 0xA4, 0x90, 0xA4, 0xB1, 0xAC, 0xD1, 0xAC, 0xF2, 0xB4, 0x12, 0xB5, 0x33, 0xBD, 0x33, 0xBD,
    0x53, 0xBD, 0x74, 0xC5, 0x94, 0xC5, 0x95, 0xC5, 0xB5, 0xCD, 0xD5, 0xCD, 0xD5, 0xCD, 0xF5, 0xD5,
    0xF6, 0xD5, 0xF5, 0xD5, 0xF5, 0xD5, 0xD5, 0xD5, 0xD5, 0xCD, 0xB5, 0xCD, 0xB4, 0xCD, 0x94, 0xCD,
    0x74, 0xC5, 0x73, 0xC5, 0x53, 0xC5, 0x53, 0xC5, 0x53, 0xBD, 0x53, 0xBD, 0x33, 0xBD, 0x32, 0xBD,
    0x32, 0xB5, 0x12, 0xB5, 0x12, 0xB5, 0xF2, 0xB4, 0xF2, 0xB4, 0xD2, 0xB4, 0xD1, 0xAC, 0xD1, 0xAC,
    0xB1, 0xAC, 0xB1, 0xAC, 0xB1, 0xAC, 0x91, 0xAC, 0x91, 0xAC, 0x90, 0xAC, 0x90, 0xAC, 0x90, 0xA4,
    0x70, 0xA4, 0x70, 0xA4, 0x70, 0xA4, 0x4F, 0x9C, 0x4F, 0x9C, 0x2F, 0x9C, 0x2E, 0x9C, 0xEE, 0x93,
    0xCD, 0x93, 0x8C, 0x8B, 0x4B, 0x83, 0x2B, 0x7B, 0xEA, 0x6A, 0xE7, 0x41, 0x85, 0x31, 0x86, 0x31,
    0x86, 0x31, 0x86, 0x31, 0x86, 0x31, 0x86, 0x31, 0x86, 0x31, 0x85, 0x31, 0xC6, 0x39, 0xCB, 0x5A,
    0xEB, 0x62, 0x28, 0x4A, 0xC6, 0x39, 0xC7, 0x41, 0xA6, 0x39, 0x86, 0x39, 0x49, 0x4A, 0xA6, 0x31,
    0x65, 0x29, 0x86, 0x31, 0x65, 0x31, 0x65, 0x29, 0x65, 0x29, 0x65, 0x29, 0x65, 0x29, 0x65, 0x29,
    0x66, 0x29, 0x65, 0x29, 0x65, 0x29, 0xE7, 0x41, 0xA6, 0x39, 0x86, 0x39, 0xC7, 0x39, 0xA6, 0x39,
    0x65, 0x31, 0x65, 0x29, 0x65, 0x29, 0x65, 0x29, 0x65, 0x29, 0x65, 0x29, 0x65, 0x29, 0x65, 0x29,
    0x65, 0x29, 0x65, 0x29, 0x65, 0x29, 0x65, 0x29, 0x65, 0x29, 0x65, 0x29, 0xA6, 0x31, 0xC7, 0x39,
    0x86, 0x31, 0xC7, 0x39, 0xC7, 0x39, 0xC7, 0x39, 0xA6, 0x39, 0xA6, 0x31, 0x86, 0x31, 0x86, 0x31,
    0x65, 0x29, 0x65, 0x29, 0x65, 0x29, 0x65, 0x29, 0xC7, 0x39, 0x29, 0x4A, 0xC7, 0x39, 0x08, 0x42,
    0x49, 0x52, 0xCB, 0x62, 0xEB, 0x62, 0xAA, 0x5A, 0xAA, 0x5A, 0x89, 0x5A, 0xCA, 0x62, 0xCB, 0x62,
    0x8A, 0x5A, 0x28, 0x52, 0x8A, 0x5A, 0xAA, 0x62, 0xEB, 0x6A, 0x2C, 0x6B, 0xEB, 0x6A, 0x0B, 0x6B,
    0x0C, 0x6B, 0xEB, 0x62, 0xEB, 0x6A, 0xCB, 0x62, 0x8A, 0x5A, 0x0B, 0x6B, 0x2C, 0x6B, 0x0B, 0x6B,
    0x0C, 0x6B, 0x2C, 0x6B, 0x0B, 0x6B, 0x2C, 0x6B, 0x2C, 0x6B, 0x0B, 0x63, 0x2D, 0x6B, 0x4D, 0x6B,
    0x4D, 0x6B, 0x4D, 0x6B, 0x4D, 0x6B, 0x4D, 0x6B, 0x4D, 0x6B, 0x4D, 0x6B, 0x4D, 0x6B, 0x2C, 0x6B,
    0x4D, 0x6B, 0x0C, 0x63, 0x2C, 0x6B, 0x4D, 0x6B, 0x4D, 0x6B, 0x6D, 0x6B, 0xEB, 0x5A, 0xCB, 0x52,
    0x4D, 0x6B, 0xCB, 0x5A, 0x28, 0x4A, 0x08, 0x42, 0x89, 0x52, 0xAA, 0x5A, 0xAA, 0x5A, 0x0B, 0x6B,
    0x4D, 0x63, 0x6D, 0x6B, 0xEB, 0x5A, 0x0B, 0x5B, 0x2C, 0x63, 0x2C, 0x63, 0x2D, 0x63, 0xCB, 0x52,
    0xAA, 0x52, 0x4D, 0x6B, 0x4D, 0x6B, 0x4D, 0x6B, 0x6D, 0x6B, 0x4D, 0x63, 0x0C, 0x63, 0xCB, 0x5A,
    0x69, 0x52, 0x29, 0x4A, 0x28, 0x42, 0x08, 0x42, 0x08, 0x42, 0x28, 0x42, 0x28, 0x42, 0x69, 0x4A,
    0xE7, 0x39, 0xC7, 0x39, 0xA7, 0x39, 0xA6, 0x31, 0xA6, 0x31, 0xA6, 0x31, 0xA6, 0x31, 0xA6, 0x31,
    0xA6, 0x31, 0x86, 0x31, 0x86, 0x31, 0x86, 0x31, 0x86, 0x31, 0x86, 0x31, 0x85, 0x31, 0x85, 0x31,
    0x85, 0x31, 0x85, 0x31, 0x85, 0x31, 0x85, 0x31, 0x85, 0x31, 0x85, 0x31, 0x85, 0x31, 0x65, 0x31,
    0x65, 0x31, 0x65, 0x31, 0x65, 0x31, 0x65, 0x29, 0x65, 0x29, 0x65, 0x29, 0x65, 0x29, 0x65, 0x29,
    0x65, 0x29, 0x65, 0x29, 0x65, 0x29, 0x65, 0x29, 0x65, 0x29, 0x65, 0x29, 0x65, 0x29, 0x65, 0x29,
    0x85, 0x29, 0x65, 0x29, 0x65, 0x31, 0x65, 0x31, 0x65, 0x29, 0x65, 0x29, 0x65, 0x29, 0x65, 0x29,
    0x65, 0x29, 0x65, 0x29, 0xA6, 0x31, 0xE7, 0x39, 0xA6, 0x31, 0x86, 0x31, 0xC7, 0x31, 0xC7, 0x31,
    0x65, 0x29, 0x65, 0x29, 0x65, 0x29, 0x65, 0x29, 0x65, 0x29, 0x65, 0x29, 0x65, 0x29, 0x65, 0x29,
    0x65, 0x29, 0x65, 0x29, 0x65, 0x29, 0x65, 0x29, 0x65, 0x29, 0x65, 0x29, 0x65, 0x29, 0x86, 0x31,
    0x86, 0x31, 0x86, 0x31, 0x86, 0x31, 0x86, 0x31, 0x86, 0x31, 0x66, 0x31, 0x66, 0x31, 0xC7, 0x39,
    0xA6, 0x39, 0x86, 0x31, 0x86, 0x31, 0x86, 0x31, 0x86, 0x39, 0x86, 0x39, 0xA6, 0x39, 0xC7, 0x41,
    0xE7, 0x49, 0x08, 0x4A, 0x28, 0x4A, 0x28, 0x52, 0x48, 0x52, 0x49, 0x52, 0x49, 0x52, 0x69, 0x52,
    0x69, 0x5A, 0x69, 0x5A, 0x69, 0x5A, 0x89, 0x5A, 0x89, 0x5A, 0x89, 0x5A, 0x8A, 0x62, 0x8A, 0x62,
    0xAA, 0x62, 0xAA, 0x62, 0xCA, 0x6A, 0xEA, 0x72, 0x2B, 0x73, 0x6C, 0x83, 0xAD, 0x8B, 0x0E, 0x94,
    0x2F, 0x9C, 0x70, 0xA4, 0x91, 0xAC, 0xD1, 0xAC, 0xF2, 0xB4, 0x12, 0xB5, 0x33, 0xBD, 0x33, 0xBD,
    0x53, 0xBD, 0x74, 0xC5, 0x74, 0xC5, 0x94, 0xC5, 0xB5, 0xCD, 0xD5, 0xCD, 0xD5, 0xCD, 0xF5, 0xCD,
    0xF5, 0xCD, 0xF5, 0xD5, 0xF5, 0xD5, 0xD5, 0xD5, 0xD5, 0xCD, 0xD5, 0xCD, 0xB5, 0xCD, 0x94, 0xCD,
    0x94, 0xC5, 0x74, 0xC5, 0x53, 0xC5, 0x53, 0xBD, 0x53, 0xBD, 0x33, 0xBD, 0x32, 0xBD, 0x32, 0xB5,
    0x12, 0xB5, 0x12, 0xB5, 0xF2, 0xB4, 0xF2, 0xB4, 0xD1, 0xB4, 0xD1, 0xAC, 0xB1, 0xAC, 0xB1, 0xAC,
    0xB1, 0xAC, 0x91, 0xAC, 0x90, 0xAC, 0x90, 0xA4, 0x90, 0xA4, 0x70, 0xA4, 0x70, 0xA4, 0x70, 0xA4,
    0x70, 0xA4, 0x4F, 0xA4, 0x4F, 0x9C, 0x4F, 0x9C, 0x2E, 0x9C, 0x0E, 0x9C, 0xEE, 0x93, 0xCD, 0x8B,
    0x8C, 0x83, 0x2B, 0x7B, 0x2B, 0x7B, 0xCA, 0x6A, 0xC6, 0x41, 0x85, 0x31, 0x86, 0x31, 0x86, 0x31,
    0x86, 0x31, 0x66, 0x31, 0x86, 0x31, 0x86, 0x29, 0x65, 0x29, 0x65, 0x29, 0xA6, 0x31, 0x49, 0x4A,
    0xE7, 0x41, 0x69, 0x52, 0x69, 0x52, 0xA6, 0x39, 0x07, 0x42, 0x07, 0x42, 0x69, 0x4A, 0x65, 0x29,
    0x86, 0x31, 0x65, 0x31, 0x65, 0x31, 0x65, 0x29, 0x65, 0x29, 0x65, 0x29, 0x65, 0x29, 0x65, 0x29,
    0x66, 0x29, 0x65, 0x29, 0x65, 0x29, 0xC7, 0x39, 0xC7, 0x41, 0x86, 0x31, 0xC7, 0x39, 0xA7, 0x39,
    0x86, 0x31, 0x65, 0x29, 0x65, 0x29, 0x65, 0x29, 0x65, 0x29, 0x65, 0x29, 0x65, 0x29, 0x65, 0x29,
    0x65, 0x29, 0x65, 0x29, 0x65, 0x29, 0x65, 0x29, 0x65, 0x29, 0x65, 0x29, 0x85, 0x31, 0xE7, 0x39,
    0x86, 0x31, 0xA7, 0x39, 0xC7, 0x39, 0xC7, 0x39, 0xC7, 0x39, 0xA7, 0x39, 0xA6, 0x31, 0x86, 0x31,
    0x85, 0x29, 0x85, 0x29, 0x65, 0x29, 0x86, 0x31, 0x65, 0x29, 0xE7, 0x39, 0x49, 0x4A, 0xE7, 0x41,
    0x28, 0x4A, 0x8A, 0x5A, 0x0B, 0x6B, 0xEB, 0x62, 0xAA, 0x5A, 0x89, 0x5A, 0xAA, 0x5A, 0xCA, 0x62,
    0xAA, 0x62, 0x28, 0x52, 0x69, 0x5A, 0xAA, 0x5A, 0xCB, 0x62, 0x0C, 0x6B, 0x0B, 0x6B, 0xEB, 0x6A,
    0x0B, 0x6B, 0xEB, 0x6A, 0xEB, 0x62, 0xEB, 0x62, 0x8A, 0x5A, 0xEB, 0x62, 0x2C, 0x6B, 0x0C, 0x6B,
    0x0C, 0x6B, 0x2C, 0x6B, 0xEB, 0x62, 0x2C, 0x6B, 0x2C, 0x6B, 0x0C, 0x6B, 0x0C, 0x6B, 0x4D, 0x6B,
    0x4D, 0x6B, 0x4D, 0x6B, 0x4D, 0x6B, 0x4D, 0x6B, 0x4D, 0x6B, 0x4D, 0x6B, 0x6D, 0x73, 0x2C, 0x6B,
    0x4C, 0x6B, 0x0C, 0x63, 0x2C, 0x6B, 0x4D, 0x6B, 0x4D, 0x6B, 0x6D, 0x6B, 0xEB, 0x5A, 0xCB, 0x52,
    0x4D, 0x63, 0xAA, 0x52, 0x08, 0x42, 0x28, 0x4A, 0x89, 0x5A, 0x8A, 0x5A, 0xCA, 0x62, 0xCB, 0x62,
    0x4D, 0x63, 0x6D, 0x6B, 0x0B, 0x5B, 0xEC, 0x5A, 0x2D, 0x63, 0x2C, 0x63, 0x4D, 0x63, 0xEB, 0x5A,
    0x8A, 0x52, 0x2D, 0x63, 0x6D, 0x6B, 0x4D, 0x63, 0x6D, 0x6B, 0x4D, 0x63, 0x0C, 0x63, 0xCB, 0x5A,
    0x69, 0x4A, 0x29, 0x4A, 0x28, 0x42, 0x08, 0x42, 0x28, 0x42, 0x28, 0x42, 0x49, 0x4A, 0x8A, 0x52,
    0xE8, 0x41, 0xC7, 0x39, 0xA7, 0x39, 0xA6, 0x31, 0xA6, 0x31, 0xA6, 0x31, 0xA6, 0x31, 0xA6, 0x31,
    0xA6, 0x31, 0x86, 0x31, 0x86, 0x31, 0x86, 0x31, 0x86, 0x31, 0x86, 0x31, 0x86, 0x31, 0x86, 0x31,
    0x86, 0x31, 0x86, 0x31, 0x86, 0x31, 0x85, 0x31, 0x85, 0x31, 0x85, 0x31, 0x85, 0x31, 0x65, 0x31,
    0x65, 0x31, 0x65, 0x31, 0x65, 0x31, 0x65, 0x29, 0x65, 0x29, 0x65, 0x29, 0x65, 0x29, 0x65, 0x29,
    0x65, 0x29, 0x65, 0x29, 0x65, 0x29, 0x65, 0x29, 0x65, 0x29, 0x65, 0x29, 0x65, 0x29, 0x65, 0x29,
    0x85, 0x29, 0x65, 0x29, 0x65, 0x29, 0x65, 0x29, 0x65, 0x29, 0x65, 0x29, 0x65, 0x29, 0x65, 0x29,
    0x65, 0x29, 0x65, 0x29, 0xA6, 0x31, 0xE7, 0x39, 0x86, 0x31, 0x86, 0x31, 0xC6, 0x31, 0xE7, 0x39,
    0x65, 0x29, 0x65, 0x29, 0x65, 0x29, 0x65, 0x29, 0x65, 0x29, 0x65, 0x29, 0x65, 0x29, 0x65, 0x29,
    0x65, 0x29, 0x65, 0x29, 0x65, 0x29, 0x65, 0x29, 0x65, 0x29, 0x65, 0x31, 0x65, 0x31, 0x66, 0x31,
    0x66, 0x31, 0x86, 0x31, 0x86, 0x31, 0x86, 0x31, 0x86, 0x31, 0x86, 0x31, 0x66, 0x31, 0x86, 0x31,
    0xA7, 0x39, 0x86, 0x31, 0x86, 0x31, 0x86, 0x31, 0x86, 0x31, 0x86, 0x31, 0x86, 0x39, 0xC7, 0x41,
    0xE7, 0x41, 0x08, 0x4A, 0x08, 0x4A, 0x28, 0x52, 0x28, 0x52, 0x49, 0x52, 0x49, 0x52, 0x69, 0x52,
    0x69, 0x5A, 0x69, 0x5A, 0x69, 0x5A, 0x69, 0x5A, 0x89, 0x5A, 0x89, 0x5A, 0x8A, 0x62, 0x8A, 0x62,
    0xAA, 0x62, 0xAA, 0x62, 0xCA, 0x6A, 0xEA, 0x6A, 0x0B, 0x73, 0x4C, 0x7B, 0x8D, 0x83, 0xCE, 0x93,
    0x0F, 0x9C, 0x4F, 0xA4, 0x90, 0xA4, 0xB1, 0xAC, 0xD1, 0xAC, 0xF2, 0xB4, 0x12, 0xB5, 0x33, 0xBD,
    0x53, 0xBD, 0x53, 0xBD, 0x74, 0xC5, 0x94, 0xC5, 0xB5, 0xCD, 0xB5, 0xCD, 0xD5, 0xCD, 0xD5, 0xCD,
    0xD5, 0xCD, 0xD5, 0xCD, 0xF5, 0xD5, 0xD5, 0xD5, 0xD5, 0xCD, 0xD5, 0xCD, 0xB5, 0xCD, 0x94, 0xCD,
    0x94, 0xC5, 0x74, 0xC5, 0x53, 0xC5, 0x53, 0xBD, 0x33, 0xBD, 0x33, 0xBD, 0x33, 0xB5, 0x12, 0xB5,
    0x12, 0xB5, 0xF2, 0xB4, 0xF2, 0xB4, 0xD1, 0xB4, 0xD1, 0xAC, 0xB1, 0xAC, 0xB1, 0xAC, 0x91, 0xAC,
    0x90, 0xAC, 0x90, 0xAC, 0x90, 0xA4, 0x70, 0xA4, 0x70, 0xA4, 0x70, 0xA4, 0x6F, 0xA4, 0x4F, 0xA4,
    0x4F, 0x9C, 0x2F, 0x9C, 0x2F, 0x9C, 0x0E, 0x9C, 0xEE, 0x93, 0xED, 0x93, 0xAD, 0x8B, 0x6C, 0x83,
    0x2B, 0x7B, 0x2B, 0x7B, 0xAA, 0x62, 0xA6, 0x39, 0x86, 0x31, 0x86, 0x31, 0x86, 0x31, 0x86, 0x31,
    0x86, 0x31, 0x86, 0x31, 0x66, 0x29, 0x86, 0x29, 0x65, 0x29, 0x65, 0x29, 0x65, 0x29, 0xE7, 0x39,
    0xE7, 0x41, 0x69, 0x5A, 0x8A, 0x5A, 0xE7, 0x41, 0x86, 0x31, 0x49, 0x4A, 0x28, 0x42, 0x65, 0x29,
    0x65, 0x29, 0x65, 0x31, 0x65, 0x29, 0x65, 0x29, 0x65, 0x29, 0x65, 0x29, 0x65, 0x29, 0x65, 0x29,
    0x65, 0x29, 0x65, 0x29, 0x65, 0x29, 0xA6, 0x39, 0x07, 0x42, 0x86, 0x31, 0xE7, 0x41, 0xC6, 0x39,
    0x86, 0x31, 0x65, 0x29, 0x65, 0x29, 0x65, 0x29, 0x65, 0x29, 0x65, 0x29, 0x65, 0x29, 0x65, 0x29,
    0x65, 0x29, 0x65, 0x29, 0x65, 0x29, 0x65, 0x29, 0x65, 0x29, 0x65, 0x29, 0x65, 0x29, 0xE7, 0x39,
    0xA6, 0x39, 0xA6, 0x39, 0xC7, 0x39, 0xC7, 0x39, 0xC7, 0x39, 0xC7, 0x39, 0xC7, 0x39, 0x86, 0x31,
    0x65, 0x29, 0x65, 0x29, 0x65, 0x29, 0x65, 0x29, 0x86, 0x31, 0x65, 0x29, 0x28, 0x42, 0x69, 0x4A,
    0x08, 0x42, 0x69, 0x52, 0xEB, 0x62, 0x2C, 0x6B, 0xCA, 0x62, 0x69, 0x52, 0xAA, 0x5A, 0xCA, 0x62,
    0xCB, 0x62, 0x49, 0x52, 0x49, 0x52, 0x8A, 0x5A, 0xAA, 0x62, 0x0C, 0x6B, 0x0B, 0x6B, 0xEB, 0x6A,
    0xEB, 0x6A, 0xEB, 0x62, 0xEB, 0x62, 0xEB, 0x6A, 0xAA, 0x62, 0xCB, 0x62, 0x2C, 0x6B, 0x0C, 0x6B,
    0x0C, 0x6B, 0x4C, 0x73, 0xEB, 0x6A, 0x0C, 0x6B, 0x2C, 0x6B, 0x0C, 0x6B, 0x0C, 0x6B, 0x4D, 0x73,
    0x4D, 0x6B, 0x4D, 0x6B, 0x4D, 0x6B, 0x4D, 0x6B, 0x4D, 0x6B, 0x4C, 0x6B, 0x6D, 0x73, 0x2C, 0x6B,
    0x2C, 0x6B, 0x0C, 0x63, 0x2C, 0x63, 0x4D, 0x6B, 0x4D, 0x6B, 0x4D, 0x6B, 0xCB, 0x5A, 0xCB, 0x5A,
    0x2C, 0x63, 0x6A, 0x52, 0x08, 0x42, 0x28, 0x4A, 0x89, 0x52, 0x8A, 0x5A, 0xCB, 0x62, 0xAA, 0x5A,
    0x4D, 0x6B, 0x6D, 0x6B, 0x0C, 0x63, 0xCB, 0x5A, 0x2D, 0x63, 0x2C, 0x63, 0x4D, 0x6B, 0x0C, 0x63,
    0x8A, 0x52, 0xEC, 0x5A, 0x6D, 0x6B, 0x6D, 0x63, 0x6D, 0x6B, 0x4D, 0x6B, 0x2C, 0x63, 0xEB, 0x5A,
    0x69, 0x4A, 0x49, 0x4A, 0x28, 0x42, 0x08, 0x42, 0x28, 0x42, 0x28, 0x42, 0x49, 0x4A, 0xAA, 0x52,
    0x08, 0x42, 0xC7, 0x39, 0xA7, 0x39, 0xA6, 0x31, 0xA6, 0x31, 0xA6, 0x31, 0xA6, 0x31, 0xA6, 0x31,
    0xA6, 0x31, 0x86, 0x31, 0x86, 0x31, 0x86, 0x31, 0x86, 0x31, 0x86, 0x31, 0x86, 0x31, 0x86, 0x31,
    0x86, 0x31, 0x86, 0x31, 0x86, 0x31, 0x85, 0x31, 0x85, 0x31, 0x85, 0x31, 0x85, 0x31, 0x65, 0x31,
    0x65, 0x31, 0x65, 0x31, 0x65, 0x31, 0x65, 0x29, 0x65, 0x29, 0x65, 0x29, 0x65, 0x29, 0x65, 0x29,
    0x65, 0x29, 0x65, 0x29, 0x65, 0x29, 0x65, 0x29, 0x65, 0x29, 0x65, 0x29, 0x65, 0x29, 0x65, 0x29,
    0x85, 0x29, 0x65, 0x29, 0x65, 0x29, 0x65, 0x29, 0x65, 0x29, 0x65, 0x29, 0x65, 0x29, 0x65, 0x29,
    0x65, 0x29, 0x65, 0x29, 0x86, 0x31, 0xE7, 0x39, 0xA6, 0x31, 0x86, 0x31, 0xA6, 0x31, 0x08, 0x42,
    0x65, 0x29, 0x85, 0x31, 0x65, 0x29, 0x65, 0x29, 0x65, 0x29, 0x65, 0x29, 0x65, 0x29, 0x65, 0x29,
    0x65, 0x29, 0x65, 0x29, 0x65, 0x29, 0x65, 0x29, 0x65, 0x29, 0x65, 0x31, 0x65, 0x31, 0x86, 0x31,
    0x66, 0x31, 0x86, 0x31, 0x86, 0x31, 0x86, 0x31, 0x86, 0x31, 0x86, 0x31, 0x86, 0x31, 0x86, 0x31,
    0x86, 0x31, 0x86, 0x31, 0x86, 0x31, 0x86, 0x31, 0x86, 0x31, 0x86, 0x31, 0x86, 0x39, 0xA6, 0x39,
    0xC6, 0x41, 0xE7, 0x49, 0x08, 0x4A, 0x08, 0x4A, 0x28, 0x52, 0x48, 0x52, 0x49, 0x52, 0x49, 0x52,
    0x69, 0x5A, 0x69, 0x5A, 0x69, 0x5A, 0x89, 0x5A, 0x89, 0x5A, 0x89, 0x5A, 0x89, 0x62, 0x89, 0x62,
    0x8A, 0x62, 0xAA, 0x62, 0xAA, 0x62, 0xCA, 0x6A, 0xEA, 0x72, 0x2B, 0x73, 0x6C, 0x83, 0xAD, 0x8B,
    0xEE, 0x93, 0x2F, 0x9C, 0x50, 0xA4, 0x90, 0xAC, 0xB1, 0xAC, 0xD1, 0xAC, 0xF2, 0xB4, 0x12, 0xB5,
    0x32, 0xBD, 0x53, 0xBD, 0x53, 0xBD, 0x74, 0xC5, 0x94, 0xC5, 0xB4, 0xCD, 0xB5, 0xCD, 0xD5, 0xCD,
    0xD5, 0xCD, 0xD5, 0xCD, 0xD5, 0xCD, 0xD5, 0xCD, 0xD5, 0xCD, 0xB5, 0xCD, 0xB5, 0xCD, 0x94, 0xCD,
    0x74, 0xC5, 0x74, 0xC5, 0x53, 0xC5, 0x53, 0xBD, 0x33, 0xBD, 0x33, 0xBD, 0x13, 0xB5, 0xF2, 0xB4,
    0xF2, 0xB4, 0xF2, 0xB4, 0xD1, 0xAC, 0xB1, 0xAC, 0xB1, 0xAC, 0xB1, 0xAC, 0x90, 0xAC, 0x90, 0xA4,
    0x90, 0xA4, 0x90, 0xA4, 0x70, 0xA4, 0x70, 0xA4, 0x50, 0xA4, 0x4F, 0x9C, 0x2F, 0x9C, 0x2F, 0x9C,
    0x2F, 0x9C, 0x0E, 0x9C, 0xEE, 0x93, 0xCD, 0x93, 0xAD, 0x8B, 0x8C, 0x8B, 0x4B, 0x83, 0x0A, 0x7B,
    0x0A, 0x73, 0x69, 0x5A, 0x86, 0x39, 0x66, 0x31, 0x86, 0x31, 0x86, 0x31, 0x86, 0x31, 0x86, 0x31,
    0x86, 0x31, 0x86, 0x31, 0x65, 0x29, 0x65, 0x29, 0x65, 0x29, 0x65, 0x29, 0x65, 0x29, 0x65, 0x29,
    0xA6, 0x39, 0x8A, 0x5A, 0x69, 0x52, 0x28, 0x4A, 0x65, 0x31, 0xA6, 0x31, 0x28, 0x42, 0x65, 0x29,
    0x65, 0x29, 0x65, 0x29, 0x65, 0x29, 0x65, 0x29, 0x65, 0x29, 0x65, 0x29, 0x65, 0x29, 0x65, 0x29,
    0x65, 0x29, 0x65, 0x29, 0x65, 0x29, 0x85, 0x31, 0x07, 0x42, 0x85, 0x31, 0xE7, 0x39, 0xC7, 0x39,
    0xA6, 0x31, 0x65, 0x29, 0x65, 0x29, 0x65, 0x29, 0x65, 0x29, 0x65, 0x29, 0x65, 0x29, 0x65, 0x29,
    0x65, 0x29, 0x65, 0x29, 0x65, 0x29, 0x65, 0x29, 0x66, 0x29, 0x65, 0x29, 0x65, 0x29, 0xA7, 0x39,
    0xC7, 0x39, 0x86, 0x31, 0xE7, 0x41, 0xC7, 0x39, 0xC7, 0x41, 0xC7, 0x39, 0xC7, 0x39, 0x86, 0x31,
    0x65, 0x29, 0x65, 0x29, 0x65, 0x29, 0x65, 0x29, 0x66, 0x29, 0x65, 0x29, 0xC6, 0x39, 0x49, 0x4A,
    0x69, 0x4A, 0x49, 0x4A, 0xAA, 0x5A, 0x2C, 0x6B, 0xEB, 0x62, 0x69, 0x52, 0xAA, 0x5A, 0xCB, 0x62,
    0xCA, 0x62, 0x69, 0x5A, 0x49, 0x52, 0x8A, 0x5A, 0xAA, 0x5A, 0xEB, 0x62, 0x0C, 0x6B, 0xEB, 0x6A,
    0xEB, 0x6A, 0xEB, 0x62, 0xEB, 0x62, 0xEB, 0x6A, 0xCB, 0x62, 0xCA, 0x62, 0x2C, 0x6B, 0x0B, 0x6B,
    0x0B, 0x6B, 0x4C, 0x73, 0xEB, 0x6A, 0x0C, 0x6B, 0x2C, 0x6B, 0x2C, 0x6B, 0xEB, 0x62, 0x2D, 0x6B,
    0x4D, 0x73, 0x4D, 0x6B, 0x4D, 0x6B, 0x4D, 0x6B, 0x4D, 0x6B, 0x4D, 0x6B, 0x6D, 0x6B, 0x2C, 0x6B,
    0x2C, 0x6B, 0x0C, 0x63, 0x2C, 0x63, 0x4D, 0x6B, 0x4D, 0x63, 0x4D, 0x6B, 0xAB, 0x52, 0xEB, 0x5A,
    0x2C, 0x63, 0x49, 0x4A, 0xE7, 0x41, 0x48, 0x4A, 0x69, 0x52, 0xAA, 0x5A, 0xAA, 0x5A, 0xAA, 0x5A,
    0x4D, 0x6B, 0x6D, 0x6B, 0x2C, 0x63, 0xCB, 0x5A, 0x2D, 0x63, 0x2C, 0x63, 0x4D, 0x63, 0x2D, 0x63,
    0xAB, 0x52, 0xAB, 0x52, 0x4D, 0x63, 0x6D, 0x6B, 0x6D, 0x6B, 0x4D, 0x6B, 0x0C, 0x63, 0x0C, 0x63,
    0x69, 0x52, 0x49, 0x4A, 0x28, 0x42, 0x08, 0x42, 0x28, 0x42, 0x28, 0x42, 0x49, 0x4A, 0xAB, 0x5A,
    0x28, 0x4A, 0xE7, 0x39, 0xC7, 0x39, 0xC7, 0x39, 0xA6, 0x31, 0xA6, 0x31, 0xA6, 0x31, 0xA6, 0x31,
    0xA6, 0x31, 0x86, 0x31, 0x86, 0x31, 0x86, 0x31, 0x86, 0x31, 0x86, 0x31, 0x86, 0x31, 0x86, 0x31,
    0x86, 0x31, 0x86, 0x31, 0x86, 0x31, 0x85, 0x31, 0x85, 0x31, 0x85, 0x31, 0x85, 0x31, 0x65, 0x31,
    0x65, 0x31, 0x65, 0x31, 0x65, 0x31, 0x65, 0x29, 0x65, 0x29, 0x65, 0x29, 0x65, 0x29, 0x65, 0x29,
    0x65, 0x29, 0x65, 0x29, 0x65, 0x29, 0x65, 0x29, 0x65, 0x29, 0x65, 0x29, 0x65, 0x29, 0x65, 0x29,
    0x85, 0x29, 0x65, 0x29, 0x65, 0x29, 0x65, 0x29, 0x65, 0x29, 0x65, 0x29, 0x65, 0x29, 0x65, 0x29,
    0x65, 0x29, 0x65, 0x29, 0x65, 0x29, 0x08, 0x42, 0xC7, 0x39, 0x86, 0x31, 0xA6, 0x31, 0x08, 0x3A,
    0x85, 0x31, 0x65, 0x29, 0x65, 0x29, 0x65, 0x29, 0x65, 0x29, 0x65, 0x29, 0x65, 0x29, 0x65, 0x29,
    0x65, 0x29, 0x65, 0x29, 0x65, 0x29, 0x65, 0x29, 0x65, 0x29, 0x65, 0x31, 0x65, 0x31, 0x86, 0x31,
    0x86, 0x31, 0x86, 0x31, 0x86, 0x31, 0x86, 0x31, 0x86, 0x31, 0x86, 0x31, 0x86, 0x31, 0x86, 0x31,
    0x86, 0x31, 0x86, 0x31, 0x86, 0x31, 0x86, 0x31, 0x86, 0x31, 0x86, 0x31, 0x86, 0x39, 0x86, 0x39,
    0xA6, 0x39, 0xC6, 0x41, 0xE7, 0x41, 0x08, 0x4A, 0x28, 0x4A, 0x48, 0x52, 0x49, 0x52, 0x49, 0x52,
    0x69, 0x52, 0x69, 0x5A, 0x69, 0x5A, 0x69, 0x5A, 0x89, 0x5A, 0x89, 0x5A, 0x89, 0x62, 0x89, 0x62,
    0x8A, 0x62, 0xAA, 0x62, 0xAA, 0x62, 0xCA, 0x6A, 0xCA, 0x6A, 0x0B, 0x73, 0x4C, 0x7B, 0x6C, 0x83,
    0xAD, 0x8B, 0xEE, 0x93, 0x2F, 0x9C, 0x70, 0xA4, 0x90, 0xAC, 0xB1, 0xAC, 0xD1, 0xAC, 0xF2, 0xB4,
    0x12, 0xBD, 0x32, 0xBD, 0x33, 0xBD, 0x53, 0xC5, 0x74, 0xC5, 0x94, 0xCD, 0xB4, 0xCD, 0xB5, 0xCD,
    0xB5, 0xCD, 0xB5, 0xCD, 0xB5, 0xCD, 0xB5, 0xCD, 0xB5, 0xCD, 0xB5, 0xCD, 0x94, 0xCD, 0x94, 0xC5,
    0x74, 0xC5, 0x53, 0xC5, 0x53, 0xBD, 0x53, 0xBD, 0x32, 0xBD, 0x12, 0xBD, 0x12, 0xB5, 0xF2, 0xB4,
    0xF2, 0xB4, 0xD1, 0xB4, 0xB1, 0xAC, 0xB1, 0xAC, 0x91, 0xAC, 0x90, 0xA4, 0x90, 0xA4, 0x70, 0xA4,
    0x70, 0xA4, 0x70, 0xA4, 0x4F, 0xA4, 0x4F, 0x9C, 0x2F, 0x9C, 0x2F, 0x9C, 0x0E, 0x9C, 0xEE, 0x9B,
    0xEE, 0x93, 0xCD, 0x93, 0xAD, 0x8B, 0xAC, 0x8B, 0x6C, 0x8B, 0x2B, 0x83, 0x0A, 0x7B, 0x0A, 0x73,
    0x48, 0x52, 0x65, 0x31, 0x65, 0x31, 0x86, 0x31, 0x86, 0x31, 0x86, 0x31, 0x86, 0x31, 0x86, 0x31,
    0x86, 0x31, 0x65, 0x29, 0x65, 0x29, 0x65, 0x29, 0x65, 0x29, 0x65, 0x29, 0x65, 0x29, 0x65, 0x29,
    0x65, 0x31, 0x48, 0x4A, 0x28, 0x4A, 0xC6, 0x39, 0x85, 0x31, 0x65, 0x29, 0xE7, 0x39, 0xA6, 0x31,
    0x65, 0x29, 0x65, 0x29, 0x65, 0x29, 0x65, 0x29, 0x65, 0x29, 0x65, 0x29, 0x65, 0x29, 0x65, 0x29,
    0x65, 0x29, 0x65, 0x29, 0x65, 0x29, 0x45, 0x29, 0x07, 0x42, 0xA6, 0x31, 0xC7, 0x39, 0xE7, 0x39,
    0xA6, 0x39, 0x65, 0x29, 0x65, 0x29, 0x65, 0x29, 0x86, 0x31, 0x65, 0x29, 0x65, 0x29, 0x65, 0x29,
    0x65, 0x29, 0x65, 0x29, 0x65, 0x29, 0x65, 0x29, 0x66, 0x29, 0x65, 0x29, 0x65, 0x29, 0x86, 0x31,
    0xE7, 0x39, 0x86, 0x31, 0xE7, 0x41, 0xC7, 0x39, 0xC7, 0x39, 0xE7, 0x41, 0xE7, 0x39, 0xA6, 0x31,
    0x65, 0x29, 0x65, 0x29, 0x86, 0x31, 0x86, 0x31, 0x86, 0x31, 0x65, 0x31, 0xE7, 0x39, 0xC7, 0x39,
    0x69, 0x52, 0x69, 0x52, 0x69, 0x52, 0x0B, 0x63, 0x2C, 0x6B, 0x8A, 0x5A, 0x8A, 0x5A, 0xCB, 0x62,
    0xCB, 0x62, 0xAA, 0x5A, 0x48, 0x52, 0x69, 0x5A, 0xAA, 0x5A, 0xCB, 0x62, 0x0C, 0x6B, 0x0B, 0x6B,
    0xEB, 0x62, 0xCB, 0x62, 0xEB, 0x62, 0xEB, 0x6A, 0xEB, 0x62, 0xAA, 0x62, 0x0C, 0x6B, 0xEB, 0x6A,
    0xEB, 0x6A, 0x2C, 0x73, 0x0B, 0x6B, 0xEB, 0x6A, 0x0C, 0x6B, 0x2C, 0x6B, 0x0B, 0x6B, 0x2C, 0x6B,
    0x4D, 0x73, 0x4D, 0x6B, 0x4D, 0x6B, 0x4D, 0x6B, 0x4D, 0x6B, 0x4D, 0x6B, 0x4D, 0x73, 0x2C, 0x6B,
    0x2C, 0x6B, 0x0B, 0x63, 0x2C, 0x63, 0x4D, 0x6B, 0x4D, 0x6B, 0x4D, 0x6B, 0xAA, 0x52, 0x0B, 0x5B,
    0x0C, 0x63, 0x28, 0x4A, 0xE7, 0x41, 0x49, 0x52, 0x69, 0x52, 0xAA, 0x5A, 0x8A, 0x5A, 0xEB, 0x62,
    0x4D, 0x6B, 0x6D, 0x6B, 0x2C, 0x63, 0xCB, 0x5A, 0x2C, 0x63, 0x2C, 0x63, 0x4D, 0x63, 0x4D, 0x6B,
    0xCB, 0x5A, 0xAA, 0x52, 0xEB, 0x5A, 0x6D, 0x63, 0x6D, 0x6B, 0x4D, 0x6B, 0x2C, 0x63, 0x0C, 0x63,
    0x8A, 0x52, 0x49, 0x4A, 0x28, 0x42, 0x08, 0x42, 0x28, 0x42, 0x28, 0x42, 0x49, 0x4A, 0xCB, 0x5A,
    0x49, 0x4A, 0xE7, 0x41, 0xC7, 0x39, 0xA6, 0x31, 0xA6, 0x31, 0xA6, 0x31, 0xA6, 0x31, 0xA6, 0x31,
    0xA6, 0x31, 0x86, 0x31, 0x86, 0x31, 0x86, 0x31, 0x86, 0x31, 0x86, 0x31, 0x86, 0x31, 0x86, 0x31,
    0x86, 0x31, 0x86, 0x31, 0x85, 0x31, 0x85, 0x31, 0x85, 0x31, 0x85, 0x31, 0x85, 0x31, 0x65, 0x31,
    0x65, 0x31, 0x65, 0x31, 0x65, 0x31, 0x65, 0x29, 0x65, 0x29, 0x65, 0x29, 0x65, 0x29, 0x65, 0x29,
    0x65, 0x29, 0x65, 0x29, 0x65, 0x29, 0x65, 0x29, 0x65, 0x29, 0x65, 0x29, 0x65, 0x29, 0x65, 0x29,
    0x85, 0x29, 0x65, 0x29, 0x65, 0x29, 0x65, 0x29, 0x65, 0x29, 0x65, 0x29, 0x65, 0x29, 0x65, 0x29,
    0x65, 0x29, 0x65, 0x29, 0x65, 0x29, 0xE7, 0x39, 0xE7, 0x39, 0x86, 0x31, 0xA6, 0x31, 0xE7, 0x39,
    0xA6, 0x31, 0x65, 0x29, 0x85, 0x31, 0x65, 0x29, 0x65, 0x29, 0x65, 0x29, 0x65, 0x29, 0x65, 0x29,
    0x65, 0x29, 0x65, 0x29, 0x65, 0x29, 0x65, 0x29, 0x65, 0x29, 0x65, 0x31, 0x66, 0x31, 0x86, 0x31,
    0x86, 0x31, 0x86, 0x31, 0x86, 0x31, 0x86, 0x31, 0x86, 0x31, 0x86, 0x31, 0x86, 0x31, 0x86, 0x31,
    0x86, 0x31, 0x86, 0x31, 0x86, 0x31, 0x86, 0x31, 0x86, 0x31, 0x86, 0x31, 0x86, 0x39, 0x86, 0x39,
    0xA6, 0x39, 0xA6, 0x39, 0xC6, 0x41, 0xC7, 0x41, 0x08, 0x4A, 0x28, 0x52, 0x48, 0x52, 0x49, 0x52,
    0x49, 0x52, 0x69, 0x5A, 0x69, 0x5A, 0x69, 0x5A, 0x89, 0x5A, 0x89, 0x5A, 0x89, 0x62, 0x8A, 0x62,
    0x8A, 0x62, 0xAA, 0x62, 0xAA, 0x62, 0xCA, 0x6A, 0xCA, 0x6A, 0xEA, 0x6A, 0x0B, 0x73, 0x4C, 0x83,
    0x8C, 0x8B, 0xCD, 0x93, 0xEE, 0x93, 0x2F, 0x9C, 0x70, 0xA4, 0x90, 0xAC, 0xB1, 0xAC, 0xD1, 0xB4,
    0xF2, 0xB4, 0x12, 0xB5, 0x32, 0xBD, 0x53, 0xBD, 0x74, 0xC5, 0x94, 0xC5, 0x94, 0xC5, 0x94, 0xCD,
    0xB4, 0xCD, 0xB4, 0xCD, 0xB4, 0xCD, 0xB4, 0xCD, 0x94, 0xCD, 0x94, 0xCD, 0x94, 0xC5, 0x74, 0xC5,
    0x74, 0xC5, 0x53, 0xC5, 0x53, 0xBD, 0x33, 0xBD, 0x12, 0xBD, 0x12, 0xB5, 0xF2, 0xB4, 0xF2, 0xB4,
    0xD1, 0xAC, 0xB1, 0xAC, 0xB1, 0xAC, 0x90, 0xAC, 0x90, 0xAC, 0x70, 0xA4, 0x70, 0xA4, 0x50, 0xA4,
    0x4F, 0xA4, 0x2F, 0xA4, 0x2F, 0x9C, 0x2F, 0x9C, 0x0E, 0x9C, 0xEE, 0x9B, 0xCE, 0x93, 0xCD, 0x93,
    0xAD, 0x93, 0x8C, 0x8B, 0x8C, 0x83, 0x4B, 0x83, 0x0B, 0x7B, 0x0B, 0x73, 0xCA, 0x6A, 0x07, 0x4A,
    0x65, 0x31, 0x85, 0x31, 0x86, 0x31, 0x86, 0x31, 0x86, 0x31, 0x86, 0x31, 0x86, 0x31, 0x65, 0x29,
    0x65, 0x29, 0x65, 0x29, 0x65, 0x29, 0x65, 0x29, 0x65, 0x29, 0x65, 0x29, 0x65, 0x29, 0x65, 0x29,
    0x65, 0x29, 0x65, 0x31, 0x85, 0x31, 0x65, 0x29, 0x65, 0x29, 0x65, 0x29, 0xA6, 0x31, 0xA6, 0x31,
    0x45, 0x29, 0x65, 0x29, 0x65, 0x29, 0x65, 0x29, 0x65, 0x29, 0x65, 0x29, 0x86, 0x31, 0x65, 0x29,
    0x65, 0x29, 0x65, 0x29, 0x65, 0x29, 0x44, 0x29, 0xE7, 0x39, 0xE7, 0x39, 0xA6, 0x31, 0x07, 0x42,
    0xC7, 0x39, 0x86, 0x31, 0x65, 0x29, 0x86, 0x31, 0x86, 0x31, 0x86, 0x31, 0x65, 0x29, 0x65, 0x29,
    0x65, 0x29, 0x65, 0x29, 0x65, 0x29, 0x65, 0x29, 0x66, 0x29, 0x66, 0x29, 0x65, 0x29, 0x86, 0x31,
    0xE7, 0x41, 0x86, 0x31, 0xC7, 0x39, 0xE7, 0x41, 0xE7, 0x41, 0xE7, 0x41, 0x08, 0x42, 0xC7, 0x39,
    0x86, 0x31, 0x86, 0x31, 0x86, 0x31, 0x86, 0x31, 0x86, 0x31, 0x85, 0x31, 0xE7, 0x39, 0xE7, 0x41,
    0x08, 0x4A, 0x8A, 0x5A, 0x89, 0x52, 0xEB, 0x62, 0x2C, 0x6B, 0xCB, 0x62, 0x8A, 0x5A, 0xEB, 0x62,
    0xCB, 0x62, 0xAA, 0x62, 0x48, 0x52, 0x69, 0x52, 0x8A, 0x5A, 0xAA, 0x62, 0x0B, 0x6B, 0x0C, 0x6B,
    0xCB, 0x62, 0xCA, 0x62, 0xEB, 0x62, 0xEB, 0x6A, 0x0B, 0x6B, 0xCA, 0x62, 0x0B, 0x6B, 0xEB, 0x6A,
    0xEB, 0x62, 0x2C, 0x6B, 0x0C, 0x6B, 0xEB, 0x62, 0x0C, 0x6B, 0x2C, 0x6B, 0x0C, 0x6B, 0x0C, 0x6B,
    0x4D, 0x73, 0x4D, 0x73, 0x4D, 0x6B, 0x4D, 0x6B, 0x4D, 0x6B, 0x4C, 0x6B, 0x4D, 0x73, 0x2C, 0x6B,
    0x0C, 0x6B, 0xEB, 0x62, 0x2C, 0x63, 0x4D, 0x6B, 0x4D, 0x6B, 0x4C, 0x63, 0xAA, 0x52, 0x0C, 0x63,
    0xCB, 0x5A, 0x08, 0x42, 0x08, 0x42, 0x48, 0x4A, 0x69, 0x52, 0x89, 0x5A, 0xAA, 0x5A, 0x2C, 0x6B,
    0x4D, 0x6B, 0x4D, 0x6B, 0x4D, 0x6B, 0xCB, 0x5A, 0x0C, 0x63, 0x2D, 0x63, 0x4D, 0x63, 0x4D, 0x6B,
    0x0C, 0x63, 0xAA, 0x52, 0xCB, 0x52, 0x0C, 0x5B, 0x4D, 0x63, 0x4D, 0x6B, 0x0C, 0x63, 0x2C, 0x63,
    0x8A, 0x52, 0x49, 0x4A, 0x28, 0x4A, 0x28, 0x42, 0x08, 0x42, 0x28, 0x42, 0x49, 0x4A, 0xCB, 0x5A,
    0x69, 0x4A, 0x08, 0x42, 0xC7, 0x39, 0xC7, 0x31, 0xA6, 0x31, 0xA6, 0x31, 0xA6, 0x31, 0xA6, 0x31,
    0xA6, 0x31, 0x86, 0x31, 0x86, 0x31, 0x86, 0x31, 0x86, 0x31, 0x86, 0x31, 0x86, 0x31, 0x86, 0x31,
    0x86, 0x31, 0x86, 0x31, 0x85, 0x31, 0x85, 0x31, 0x85, 0x31, 0x85, 0x31, 0x85, 0x31, 0x65, 0x31,
    0x65, 0x31, 0x65, 0x31, 0x65, 0x31, 0x65, 0x29, 0x65, 0x29, 0x65, 0x29, 0x65, 0x29, 0x65, 0x29,
    0x65, 0x29, 0x65, 0x29, 0x65, 0x29, 0x65, 0x29, 0x65, 0x29, 0x65, 0x29, 0x65, 0x29, 0x65, 0x29,
    0x85, 0x29, 0x65, 0x29, 0x65, 0x29, 0x65, 0x29, 0x65, 0x29, 0x65, 0x29, 0x65, 0x29, 0x65, 0x29,
    0x65, 0x29, 0x65, 0x29, 0x65, 0x29, 0xC7, 0x39, 0x08, 0x42, 0x86, 0x31, 0x86, 0x31, 0xE7, 0x39,
    0xC6, 0x31, 0x65, 0x29, 0x65, 0x29, 0x65, 0x29, 0x65, 0x29, 0x65, 0x29, 0x65, 0x29, 0x65, 0x29,
    0x65, 0x29, 0x65, 0x29, 0x65, 0x29, 0x65, 0x29, 0x65, 0x29, 0x65, 0x31, 0x66, 0x31, 0x86, 0x31,
    0x86, 0x31, 0x86, 0x31, 0x86, 0x31, 0x86, 0x31, 0x86, 0x31, 0x86, 0x31, 0x86, 0x31, 0x86, 0x31,
    0x86, 0x31, 0x86, 0x31, 0x86, 0x31, 0x86, 0x31, 0x86, 0x31, 0x86, 0x31, 0x86, 0x39, 0x86, 0x39,
    0xA6, 0x39, 0xA6, 0x39, 0xA6, 0x39, 0xA6, 0x39, 0xE7, 0x41, 0x08, 0x4A, 0x28, 0x52, 0x49, 0x52,
    0x49, 0x52, 0x49, 0x5A, 0x69, 0x5A, 0x69, 0x5A, 0x89, 0x5A, 0x89, 0x62, 0x89, 0x62, 0x8A, 0x62,
    0xAA, 0x62, 0xAA, 0x62, 0xAA, 0x62, 0xAA, 0x6A, 0xCA, 0x6A, 0xCA, 0x6A, 0xEB, 0x72, 0x0B, 0x7B,
    0x4C, 0x83, 0x8C, 0x8B, 0xCD, 0x93, 0x0E, 0x9C, 0x2F, 0x9C, 0x6F, 0xA4, 0x90, 0xA4, 0xB1, 0xAC,
    0xD1, 0xB4, 0xF2, 0xB4, 0x12, 0xB5, 0x33, 0xBD, 0x53, 0xC5, 0x53, 0xC5, 0x74, 0xC5, 0x74, 0xC5,
    0x74, 0xC5, 0x74, 0xC5, 0x94, 0xC5, 0x94, 0xC5, 0x94, 0xC5, 0x94, 0xC5, 0x74, 0xC5, 0x74, 0xC5,
    0x53, 0xC5, 0x53, 0xBD, 0x33, 0xBD, 0x32, 0xBD, 0x12, 0xB5, 0xF2, 0xB4, 0xD1, 0xB4, 0xD1, 0xB4,
    0xB1, 0xAC, 0x90, 0xAC, 0x90, 0xAC, 0x70, 0xA4, 0x70, 0xA4, 0x4F, 0xA4, 0x4F, 0xA4, 0x2F, 0x9C,
    0x2F, 0x9C, 0x0E, 0x9C, 0x0E, 0x9C, 0xEE, 0x93, 0xCD, 0x93, 0xCD, 0x8B, 0xAD, 0x8B, 0x8C, 0x8B,
    0x8C, 0x83, 0x4B, 0x83, 0x2B, 0x7B, 0x0A, 0x73, 0x0A, 0x73, 0x89, 0x5A, 0xA6, 0x39, 0x65, 0x29,
    0x85, 0x31, 0x85, 0x29, 0x85, 0x29, 0x86, 0x29, 0x66, 0x29, 0x86, 0x31, 0x65, 0x29, 0x65, 0x29,
    0x65, 0x29, 0x65, 0x29, 0x65, 0x29, 0x65, 0x29, 0x65, 0x29, 0x65, 0x29, 0x65, 0x29, 0x65, 0x29,
    0x66, 0x29, 0x65, 0x29, 0x65, 0x29, 0x65, 0x29, 0x65, 0x29, 0x65, 0x29, 0xA6, 0x31, 0xA6, 0x31,
    0x65, 0x29, 0x65, 0x29, 0x65, 0x29, 0x65, 0x29, 0x65, 0x29, 0x65, 0x29, 0x86, 0x31, 0x86, 0x31,
    0x65, 0x29, 0x65, 0x29, 0x65, 0x29, 0x44, 0x29, 0xA6, 0x31, 0x08, 0x42, 0xA6, 0x31, 0x07, 0x42,
    0xE7, 0x39, 0xA6, 0x31, 0x65, 0x29, 0xA6, 0x31, 0x86, 0x31, 0x86, 0x31, 0x65, 0x29, 0x65, 0x29,
    0x65, 0x29, 0x65, 0x29, 0x65, 0x29, 0x65, 0x29, 0x66, 0x29, 0x86, 0x29, 0x85, 0x29, 0x65, 0x29,
    0xE7, 0x39, 0xC7, 0x39, 0xA6, 0x39, 0xE7, 0x41, 0xE7, 0x41, 0xE7, 0x39, 0x28, 0x42, 0xE7, 0x41,
    0x86, 0x31, 0x65, 0x29, 0x86, 0x31, 0x86, 0x31, 0x86, 0x31, 0x85, 0x31, 0xE7, 0x41, 0xC7, 0x41,
    0x08, 0x4A, 0x49, 0x52, 0x8A, 0x5A, 0xCA, 0x5A, 0x2C, 0x6B, 0xEB, 0x62, 0x8A, 0x5A, 0xCB, 0x62,
    0xEB, 0x62, 0xCB, 0x62, 0x48, 0x52, 0x49, 0x52, 0x8A, 0x5A, 0xAA, 0x5A, 0xEB, 0x6A, 0x0C, 0x6B,
    0xCB, 0x62, 0xAA, 0x5A, 0xEB, 0x62, 0xEB, 0x6A, 0x0B, 0x6B, 0xCA, 0x62, 0xEB, 0x6A, 0xEB, 0x6A,
    0xEB, 0x62, 0x0C, 0x6B, 0x0B, 0x6B, 0xEB, 0x62, 0x0C, 0x6B, 0x0C, 0x6B, 0x0C, 0x6B, 0xEB, 0x62,
    0x4D, 0x73, 0x4C, 0x73, 0x4D, 0x73, 0x4D, 0x6B, 0x4D, 0x6B, 0x4C, 0x6B, 0x4C, 0x6B, 0x2C, 0x6B,
    0x0B, 0x6B, 0xEB, 0x5A, 0x2C, 0x63, 0x4D, 0x63, 0x4D, 0x6B, 0x2C, 0x63, 0xAA, 0x52, 0x2C, 0x63,
    0x8A, 0x52, 0xE7, 0x41, 0x08, 0x4A, 0x48, 0x4A, 0x69, 0x52, 0x89, 0x5A, 0xCB, 0x62, 0x2C, 0x6B,
    0x6D, 0x6B, 0x4D, 0x6B, 0x6D, 0x6B, 0xEB, 0x5A, 0x0C, 0x5B, 0x2D, 0x63, 0x4D, 0x63, 0x4D, 0x6B,
    0x4D, 0x63, 0xCB, 0x5A, 0xAA, 0x52, 0xEB, 0x5A, 0xEB, 0x5A, 0x2D, 0x63, 0x2C, 0x63, 0x2C, 0x63,
    0xAA, 0x52, 0x49, 0x4A, 0x28, 0x4A, 0x28, 0x42, 0x08, 0x42, 0x08, 0x42, 0x49, 0x4A, 0xAA, 0x52,
    0x8A, 0x52, 0x08, 0x42, 0xE7, 0x39, 0xC7, 0x31, 0xC7, 0x39, 0xA6, 0x31, 0xA6, 0x31, 0xA6, 0x31,
    0xA6, 0x31, 0x86, 0x31, 0x86, 0x31, 0x86, 0x31, 0x85, 0x31, 0x86, 0x31, 0x86, 0x31, 0x86, 0x31,
    0x86, 0x31, 0x86, 0x31, 0x85, 0x31, 0x85, 0x31, 0x85, 0x31, 0x85, 0x31, 0x85, 0x31, 0x65, 0x31,
    0x65, 0x31, 0x65, 0x31, 0x65, 0x31, 0x65, 0x29, 0x65, 0x29, 0x65, 0x29, 0x65, 0x29, 0x65, 0x29,
    0x65, 0x29, 0x65, 0x29, 0x65, 0x29, 0x65, 0x29, 0x65, 0x29, 0x65, 0x29, 0x65, 0x29, 0x65, 0x29,
    0x85, 0x29, 0x65, 0x29, 0x65, 0x29, 0x65, 0x29, 0x65, 0x29, 0x65, 0x29, 0x65, 0x29, 0x65, 0x29,
    0x65, 0x29, 0x65, 0x29, 0x65, 0x29, 0x86, 0x31, 0x28, 0x42, 0xA6, 0x31, 0xA6, 0x31, 0xC7, 0x39,
    0xE7, 0x39, 0x65, 0x29, 0x65, 0x29, 0x65, 0x29, 0x65, 0x29, 0x65, 0x29, 0x65, 0x29, 0x65, 0x29,
    0x65, 0x29, 0x65, 0x29, 0x65, 0x29, 0x65, 0x29, 0x65, 0x29, 0x65, 0x31, 0x66, 0x31, 0x86, 0x31,
    0x86, 0x31, 0x86, 0x31, 0x86, 0x31, 0x86, 0x31, 0x86, 0x31, 0x86, 0x31, 0x86, 0x31, 0x86, 0x31,
    0x86, 0x31, 0x86, 0x31, 0x86, 0x31, 0x86, 0x31, 0x86, 0x31, 0x86, 0x31, 0x86, 0x31, 0x86, 0x39,
    0xA6, 0x39, 0xA6, 0x39, 0xA6, 0x39, 0xA6, 0x39, 0xC6, 0x41, 0xE7, 0x41, 0x08, 0x4A, 0x28, 0x52,
    0x49, 0x52, 0x49, 0x5A, 0x69, 0x5A, 0x69, 0x5A, 0x89, 0x5A, 0x89, 0x62, 0x89, 0x62, 0x89, 0x62,
    0xAA, 0x62, 0xAA, 0x62, 0xAA, 0x62, 0xAA, 0x6A, 0xCA, 0x6A, 0xCA, 0x6A, 0xEA, 0x72, 0xEA, 0x7A,
    0x2B, 0x7B, 0x4B, 0x83, 0x8C, 0x8B, 0xCD, 0x93, 0xEE, 0x9B, 0x2F, 0x9C, 0x6F, 0xA4, 0x90, 0xA4,
    0xB1, 0xAC, 0xD1, 0xB4, 0xF2, 0xB4, 0x12, 0xBD, 0x33, 0xBD, 0x33, 0xBD, 0x53, 0xC5, 0x53, 0xC5,
    0x53, 0xC5, 0x74, 0xC5, 0x74, 0xC5, 0x74, 0xC5, 0x74, 0xC5, 0x74, 0xC5, 0x73, 0xC5, 0x53, 0xC5,
    0x53, 0xBD, 0x33, 0xBD, 0x32, 0xBD, 0x12, 0xBD, 0xF2, 0xB4, 0xD1, 0xB4, 0xB1, 0xAC, 0xB1, 0xAC,
    0x90, 0xAC, 0x70, 0xA4, 0x70, 0xA4, 0x4F, 0xA4, 0x4F, 0xA4, 0x2F, 0x9C, 0x2F, 0x9C, 0x0E, 0x9C,
    0x0E, 0x9C, 0xEE, 0x93, 0xCD, 0x93, 0xCD, 0x8B, 0xAD, 0x8B, 0x8C, 0x8B, 0x6C, 0x83, 0x6B, 0x83,
    0x4B, 0x7B, 0x0A, 0x7B, 0xEA, 0x72, 0xCA, 0x6A, 0x27, 0x52, 0x85, 0x31, 0x65, 0x29, 0x86, 0x29,
    0x86, 0x31, 0x85, 0x29, 0x85, 0x29, 0x85, 0x29, 0x65, 0x29, 0x66, 0x29, 0x65, 0x29, 0x65, 0x29,
    0x65, 0x29, 0x65, 0x29, 0x65, 0x29, 0x65, 0x29, 0x65, 0x29, 0x65, 0x29, 0x65, 0x29, 0x65, 0x29,
    0x66, 0x29, 0x86, 0x29, 0x85, 0x29, 0x85, 0x29, 0x65, 0x29, 0x65, 0x29, 0xA6, 0x31, 0xA6, 0x31,
    0x65, 0x29, 0x65, 0x29, 0x65, 0x29, 0x65, 0x29, 0x65, 0x29, 0x65, 0x29, 0x86, 0x31, 0xA6, 0x31,
    0x65, 0x29, 0x65, 0x29, 0x65, 0x29, 0x45, 0x29, 0x85, 0x31, 0x28, 0x42, 0xA6, 0x31, 0x08, 0x42,
    0xE7, 0x41, 0xA6, 0x31, 0x65, 0x29, 0x86, 0x31, 0xA7, 0x39, 0x66, 0x31, 0x65, 0x29, 0x65, 0x29,
    0x65, 0x29, 0x65, 0x29, 0x65, 0x29, 0x65, 0x29, 0x66, 0x29, 0x86, 0x29, 0x86, 0x29, 0x65, 0x29,
    0xC7, 0x39, 0xE7, 0x39, 0xA6, 0x31, 0xE7, 0x41, 0xE7, 0x41, 0xC7, 0x39, 0x08, 0x42, 0x28, 0x42,
    0xA7, 0x39, 0x66, 0x31, 0x86, 0x31, 0x86, 0x31, 0x86, 0x31, 0x85, 0x31, 0xE7, 0x41, 0xC7, 0x41,
    0x28, 0x4A, 0x08, 0x4A, 0x69, 0x52, 0xCA, 0x5A, 0x2C, 0x6B, 0x0B, 0x63, 0xCA, 0x62, 0xCA, 0x5A,
    0xEB, 0x62, 0xEB, 0x62, 0x69, 0x52, 0x48, 0x4A, 0x89, 0x5A, 0xAA, 0x5A, 0xCB, 0x62, 0xEB, 0x6A,
    0xEB, 0x62, 0x8A, 0x5A, 0xCB, 0x62, 0x0B, 0x6B, 0x0C, 0x6B, 0xCB, 0x62, 0xEB, 0x6A, 0xEB, 0x6A,
    0xCB, 0x62, 0x0B, 0x6B, 0xEB, 0x6A, 0xCB, 0x62, 0x0B, 0x6B, 0x0C, 0x6B, 0x0C, 0x6B, 0xEB, 0x62,
    0x2C, 0x6B, 0x4D, 0x73, 0x4D, 0x73, 0x4D, 0x6B, 0x4C, 0x6B, 0x4C, 0x6B, 0x4C, 0x73, 0x2C, 0x6B,
    0x0B, 0x63, 0xCB, 0x5A, 0x2C, 0x63, 0x4D, 0x63, 0x4D, 0x6B, 0xEB, 0x5A, 0xCA, 0x52, 0x0B, 0x63,
    0x28, 0x4A, 0x07, 0x42, 0x28, 0x4A, 0x48, 0x4A, 0x69, 0x52, 0x89, 0x5A, 0x0B, 0x63, 0x4C, 0x6B,
    0x6D, 0x63, 0x6D, 0x63, 0x6D, 0x6B, 0x0C, 0x5B, 0xEB, 0x5A, 0x2C, 0x63, 0x4D, 0x63, 0x4D, 0x63,
    0x6D, 0x6B, 0x0C, 0x5B, 0xAB, 0x52, 0xAB, 0x52, 0xEC, 0x5A, 0xEB, 0x5A, 0x0C, 0x63, 0x2D, 0x63,
    0xAA, 0x5A, 0x49, 0x4A, 0x29, 0x4A, 0x29, 0x4A, 0x28, 0x42, 0x08, 0x42, 0x49, 0x4A, 0x8A, 0x52,
    0xAA, 0x52, 0x08, 0x42, 0x08, 0x42, 0xA6, 0x31, 0xC7, 0x39, 0xA6, 0x31, 0xA6, 0x31, 0xA6, 0x31,
    0xA6, 0x31, 0xA6, 0x31, 0x86, 0x31, 0x86, 0x31, 0x85, 0x31, 0x85, 0x31, 0x86, 0x31, 0x85, 0x31,
    0x85, 0x31, 0x85, 0x31, 0x85, 0x31, 0x85, 0x31, 0x85, 0x31, 0x85, 0x31, 0x85, 0x31, 0x85, 0x31,
    0x65, 0x31, 0x65, 0x31, 0x65, 0x31, 0x65, 0x31, 0x65, 0x31, 0x65, 0x29, 0x65, 0x29, 0x65, 0x29,
    0x65, 0x29, 0x65, 0x29, 0x65, 0x29, 0x65, 0x29, 0x65, 0x29, 0x65, 0x29, 0x65, 0x29, 0x65, 0x29,
    0x85, 0x29, 0x65, 0x29, 0x65, 0x31, 0x65, 0x29, 0x65, 0x29, 0x65, 0x29, 0x65, 0x29, 0x65, 0x29,
    0x65, 0x29, 0x65, 0x29, 0x65, 0x29, 0x85, 0x31, 0x28, 0x42, 0xA6, 0x31, 0x86, 0x31, 0xA7, 0x31,
    0xE7, 0x39, 0x65, 0x29, 0x65, 0x29, 0x65, 0x29, 0x65, 0x29, 0x65, 0x29, 0x65, 0x29, 0x65, 0x29,
    0x65, 0x29, 0x65, 0x29, 0x65, 0x29, 0x65, 0x29, 0x65, 0x29, 0x66, 0x31, 0x65, 0x31, 0x86, 0x31,
    0x86, 0x31, 0x86, 0x31, 0x86, 0x31, 0x86, 0x31, 0x86, 0x31, 0x86, 0x31, 0x86, 0x31, 0x86, 0x31,
    0x86, 0x31, 0x86, 0x31, 0x86, 0x31, 0x86, 0x31, 0x86, 0x31, 0x86, 0x31, 0x86, 0x31, 0xA6, 0x31,
    0xA6, 0x39, 0xA6, 0x39, 0xA6, 0x39, 0xA6, 0x39, 0xC6, 0x41, 0xC7, 0x41, 0xE7, 0x49, 0x08, 0x4A,
    0x48, 0x52, 0x48, 0x5A, 0x69, 0x5A, 0x69, 0x5A, 0x69, 0x5A, 0x89, 0x5A, 0x89, 0x62, 0x89, 0x62,
    0xA9, 0x62, 0xA9, 0x62, 0xAA, 0x6A, 0xAA, 0x6A, 0xCA, 0x6A, 0xCA, 0x6A, 0xCA, 0x72, 0xEA, 0x72,
    0x0A, 0x7B, 0x2B, 0x7B, 0x4C, 0x83, 0x6C, 0x8B, 0xAD, 0x8B, 0xEE, 0x93, 0x0E, 0x9C, 0x4F, 0xA4,
    0x70, 0xA4, 0x90, 0xAC, 0xB1, 0xB4, 0xD1, 0xB4, 0xF2, 0xBC, 0x12, 0xBD, 0x33, 0xBD, 0x33, 0xBD,
    0x33, 0xBD, 0x53, 0xC5, 0x53, 0xC5, 0x53, 0xC5, 0x53, 0xC5, 0x53, 0xC5, 0x33, 0xBD, 0x33, 0xBD,
    0x33, 0xBD, 0x32, 0xBD, 0x12, 0xBD, 0xF2, 0xB4, 0xF1, 0xB4, 0xD1, 0xAC, 0xB0, 0xAC, 0x90, 0xAC,
    0x70, 0xA4, 0x4F, 0xA4, 0x4F, 0xA4, 0x2F, 0x9C, 0x2F, 0x9C, 0x0E, 0x9C, 0xEE, 0x9B, 0xCE, 0x93,
    0xCD, 0x93, 0xAD, 0x8B, 0xAD, 0x8B, 0x8C, 0x8B, 0x6C, 0x83, 0x4C, 0x83, 0x2B, 0x7B, 0x0A, 0x7B,
    0xEA, 0x72, 0xEA, 0x6A, 0x69, 0x5A, 0xC6, 0x41, 0x65, 0x31, 0x65, 0x31, 0x86, 0x31, 0x86, 0x29,
    0x86, 0x31, 0x65, 0x29, 0x65, 0x29, 0x65, 0x29, 0x65, 0x29, 0x65, 0x29, 0x65, 0x29, 0x65, 0x29,
    0x65, 0x29, 0x65, 0x29, 0x65, 0x29, 0x65, 0x29, 0x65, 0x29, 0x65, 0x29, 0x65, 0x29, 0x65, 0x29,
    0x65, 0x29, 0x65, 0x29, 0x65, 0x29, 0x65, 0x29, 0x65, 0x29, 0x65, 0x29, 0xA6, 0x31, 0xA6, 0x31,
    0x65, 0x29, 0x65, 0x29, 0x65, 0x29, 0x65, 0x29, 0x65, 0x29, 0x65, 0x29, 0x65, 0x29, 0xA6, 0x31,
    0x86, 0x31, 0x65, 0x29, 0x65, 0x29, 0x65, 0x29, 0x45, 0x29, 0xE7, 0x41, 0xA6, 0x39, 0xE7, 0x39,
    0x08, 0x42, 0xC7, 0x39, 0x66, 0x31, 0x66, 0x31, 0xC7, 0x39, 0xA6, 0x31, 0x65, 0x29, 0x65, 0x29,
    0x65, 0x29, 0x65, 0x29, 0x65, 0x29, 0x65, 0x29, 0x65, 0x29, 0x65, 0x29, 0x65, 0x29, 0x85, 0x31,
    0xA6, 0x31, 0x07, 0x42, 0xA6, 0x31, 0xE7, 0x41, 0xE7, 0x41, 0xC7, 0x39, 0x08, 0x42, 0x28, 0x4A,
    0xC7, 0x39, 0x66, 0x31, 0x86, 0x31, 0x66, 0x31, 0x86, 0x31, 0x86, 0x31, 0x08, 0x42, 0xE7, 0x41,
    0x28, 0x4A, 0x28, 0x4A, 0x48, 0x4A, 0xAA, 0x5A, 0x0B, 0x63, 0x0B, 0x63, 0xEB, 0x62, 0xCA, 0x5A,
    0xEB, 0x6A, 0xCB, 0x62, 0x8A, 0x52, 0x28, 0x4A, 0x69, 0x52, 0x8A, 0x5A, 0xAA, 0x5A, 0xCB, 0x62,
    0xEB, 0x62, 0x8A, 0x5A, 0xCB, 0x62, 0xEB, 0x6A, 0x0C, 0x6B, 0xEB, 0x62, 0xEB, 0x62, 0xEB, 0x6A,
    0xCB, 0x62, 0xEB, 0x6A, 0xEB, 0x6A, 0xCB, 0x62, 0x0B, 0x6B, 0x0C, 0x6B, 0x2C, 0x6B, 0x0B, 0x6B,
    0x2C, 0x6B, 0x4D, 0x73, 0x4C, 0x73, 0x4C, 0x6B, 0x4C, 0x73, 0x2C, 0x6B, 0x4C, 0x73, 0x2C, 0x6B,
    0xEB, 0x62, 0xCB, 0x5A, 0x4D, 0x63, 0x4D, 0x63, 0x4D, 0x63, 0xCA, 0x52, 0xEB, 0x5A, 0xCA, 0x5A,
    0xE7, 0x41, 0x08, 0x42, 0x28, 0x4A, 0x48, 0x4A, 0x89, 0x52, 0xCA, 0x5A, 0x2C, 0x6B, 0x0B, 0x63,
    0x6D, 0x63, 0x6D, 0x63, 0x6D, 0x63, 0x2D, 0x63, 0xEB, 0x52, 0x2C, 0x63, 0x4D, 0x63, 0x4D, 0x63,
    0x4D, 0x63, 0x6D, 0x6B, 0xEC, 0x5A, 0xAA, 0x52, 0xAB, 0x52, 0x0C, 0x5B, 0xEC, 0x5A, 0xEB, 0x5A,
    0xCB, 0x5A, 0x49, 0x4A, 0x29, 0x4A, 0x49, 0x4A, 0x28, 0x42, 0x08, 0x42, 0x49, 0x4A, 0x69, 0x4A,
    0xAA, 0x52, 0x08, 0x42, 0xE7, 0x39, 0xC7, 0x39, 0xC7, 0x39, 0xC7, 0x39, 0xA6, 0x31, 0xA6, 0x31,
    0xA6, 0x31, 0xA6, 0x31, 0xA6, 0x31, 0xA6, 0x31, 0x86, 0x31, 0x86, 0x31, 0x86, 0x31, 0x85, 0x31,
    0x85, 0x31, 0x85, 0x31, 0x85, 0x31, 0x85, 0x31, 0x85, 0x31, 0x85, 0x31, 0x85, 0x31, 0x65, 0x31,
    0x65, 0x31, 0x65, 0x31, 0x65, 0x31, 0x65, 0x31, 0x65, 0x31, 0x65, 0x29, 0x65, 0x29, 0x65, 0x29,
    0x65, 0x29, 0x65, 0x29, 0x65, 0x29, 0x65, 0x29, 0x65, 0x29, 0x65, 0x29, 0x65, 0x29, 0x65, 0x29,
    0x85, 0x29, 0x65, 0x29, 0x65, 0x31, 0x65, 0x29, 0x65, 0x29, 0x65, 0x29, 0x65, 0x29, 0x65, 0x29,
    0x65, 0x29, 0x65, 0x29, 0x65, 0x29, 0x65, 0x29, 0x08, 0x42, 0xC7, 0x39, 0x86, 0x31, 0xC7, 0x39,
    0xE7, 0x39, 0x65, 0x29, 0x65, 0x29, 0x65, 0x29, 0x65, 0x29, 0x65, 0x29, 0x65, 0x29, 0x65, 0x29,
    0x65, 0x29, 0x65, 0x29, 0x65, 0x29, 0x86, 0x31, 0x86, 0x31, 0x66, 0x31, 0x65, 0x31, 0x86, 0x31,
    0x86, 0x31, 0x86, 0x31, 0x86, 0x31, 0x86, 0x31, 0x86, 0x31, 0x86, 0x31, 0x86, 0x31, 0x86, 0x31,
    0x86, 0x31, 0x86, 0x31, 0x86, 0x31, 0x86, 0x31, 0x86, 0x31, 0x86, 0x31, 0x86, 0x31, 0x86, 0x31,
    0x86, 0x39, 0xA6, 0x39, 0xA6, 0x39, 0xA6, 0x39, 0xA6, 0x39, 0xC7, 0x41, 0xE7, 0x41, 0x07, 0x4A,
    0x28, 0x52, 0x48, 0x52, 0x69, 0x5A, 0x69, 0x5A, 0x69, 0x5A, 0x69, 0x5A, 0x89, 0x62, 0x89, 0x62,
    0x89, 0x62, 0xA9, 0x62, 0xA9, 0x6A, 0xAA, 0x6A, 0xCA, 0x6A, 0xCA, 0x6A, 0xCA, 0x72, 0xCA, 0x72,
    0xEA, 0x72, 0x0A, 0x7B, 0x2B, 0x7B, 0x4B, 0x83, 0x6C, 0x8B, 0xAD, 0x8B, 0xCD, 0x93, 0x0E, 0x9C,
    0x2F, 0xA4, 0x6F, 0xA4, 0x90, 0xAC, 0xB0, 0xAC, 0xD1, 0xB4, 0xF2, 0xB4, 0xF2, 0xB4, 0x12, 0xBD,
    0x33, 0xBD, 0x33, 0xBD, 0x33, 0xBD, 0x33, 0xBD, 0x33, 0xBD, 0x33, 0xBD, 0x33, 0xBD, 0x12, 0xBD,
    0x12, 0xBD, 0xF2, 0xB4, 0xF1, 0xB4, 0xD1, 0xB4, 0xB1, 0xAC, 0x90, 0xAC, 0x90, 0xAC, 0x6F, 0xA4,
    0x4F, 0xA4, 0x2F, 0x9C, 0x0E, 0x9C, 0x0E, 0x9C, 0xEE, 0x93, 0xCE, 0x93, 0xCD, 0x93, 0xAD, 0x8B,
    0x8C, 0x8B, 0x6C, 0x8B, 0x6C, 0x83, 0x4B, 0x83, 0x2B, 0x83, 0x0B, 0x7B, 0xEA, 0x72, 0xEA, 0x72,
    0x89, 0x62, 0xE7, 0x49, 0x65, 0x31, 0x65, 0x31, 0x85, 0x31, 0x65, 0x31, 0x86, 0x31, 0x86, 0x31,
    0x65, 0x29, 0x65, 0x29, 0x65, 0x29, 0x65, 0x29, 0x65, 0x29, 0x65, 0x29, 0x65, 0x29, 0x65, 0x29,
    0x65, 0x29, 0x65, 0x29, 0x65, 0x29, 0x65, 0x29, 0x65, 0x29, 0x65, 0x29, 0x65, 0x29, 0x65, 0x29,
    0x65, 0x29, 0x65, 0x29, 0x65, 0x29, 0x65, 0x29, 0x65, 0x29, 0x65, 0x29, 0xA6, 0x31, 0xC7, 0x39,
    0x65, 0x29, 0x65, 0x29, 0x65, 0x29, 0x65, 0x29, 0x65, 0x29, 0x65, 0x29, 0x65, 0x29, 0x86, 0x31,
    0xC7, 0x39, 0x65, 0x29, 0x65, 0x29, 0x65, 0x29, 0x45, 0x29, 0xC7, 0x39, 0xC7, 0x39, 0xC7, 0x39,
    0x28, 0x42, 0xC7, 0x39, 0x86, 0x31, 0x65, 0x31, 0xA6, 0x31, 0xC7, 0x39, 0x86, 0x31, 0x65, 0x29,
    0x65, 0x29, 0x65, 0x29, 0x65, 0x29, 0x65, 0x29, 0x65, 0x29, 0x65, 0x29, 0x65, 0x29, 0x86, 0x31,
    0x85, 0x31, 0xE7, 0x39, 0xC6, 0x39, 0xC7, 0x39, 0xE7, 0x41, 0xE7, 0x41, 0xE7, 0x41, 0x28, 0x4A,
    0x08, 0x42, 0x86, 0x31, 0x65, 0x31, 0x65, 0x31, 0x86, 0x31, 0x86, 0x31, 0x08, 0x42, 0xE7, 0x41,
    0x28, 0x4A, 0x08, 0x4A, 0x48, 0x4A, 0x69, 0x52, 0xEB, 0x62, 0x0B, 0x63, 0xEB, 0x62, 0xEB, 0x62,
    0xCB, 0x62, 0xEB, 0x62, 0x8A, 0x5A, 0x49, 0x4A, 0x69, 0x52, 0x89, 0x5A, 0x8A, 0x5A, 0xAA, 0x5A,
    0xCB, 0x62, 0x8A, 0x5A, 0xAA, 0x62, 0xEB, 0x6A, 0x0B, 0x6B, 0xEB, 0x6A, 0xEB, 0x62, 0xEB, 0x62,
    0xCA, 0x62, 0xEB, 0x62, 0xEB, 0x62, 0xCB, 0x62, 0xEB, 0x62, 0x0C, 0x6B, 0x2C, 0x6B, 0x0C, 0x6B,
    0x0B, 0x6B, 0x6D, 0x73, 0x4C, 0x73, 0x4C, 0x73, 0x4C, 0x6B, 0x4C, 0x6B, 0x4C, 0x6B, 0x2C, 0x6B,
    0xEB, 0x62, 0xEB, 0x5A, 0x4D, 0x63, 0x4D, 0x63, 0x2C, 0x63, 0xAA, 0x52, 0xEB, 0x62, 0x49, 0x4A,
    0xE7, 0x41, 0x08, 0x42, 0x28, 0x4A, 0x49, 0x4A, 0x89, 0x52, 0x0C, 0x63, 0x2C, 0x6B, 0x0C, 0x63,
    0x6D, 0x63, 0x6D, 0x63, 0x6D, 0x63, 0x6D, 0x63, 0xEB, 0x5A, 0x2C, 0x5B, 0x2C, 0x63, 0x6D, 0x6B,
    0x4D, 0x63, 0x6D, 0x6B, 0x4D, 0x63, 0xEB, 0x5A, 0xCB, 0x52, 0xAA, 0x52, 0xEC, 0x5A, 0x0C, 0x63,
    0xAA, 0x52, 0x49, 0x4A, 0x28, 0x42, 0x49, 0x4A, 0x49, 0x4A, 0x08, 0x42, 0x49, 0x4A, 0x69, 0x4A,
    0xAA, 0x52, 0x28, 0x42, 0xC7, 0x39, 0xE7, 0x39, 0xC7, 0x39, 0xC7, 0x39, 0xA6, 0x31, 0xA6, 0x31,
    0xA6, 0x31, 0xA6, 0x31, 0xA6, 0x31, 0xA6, 0x31, 0x86, 0x31, 0x86, 0x31, 0x86, 0x31, 0x86, 0x31,
    0x85, 0x31, 0x85, 0x31, 0x85, 0x31, 0x85, 0x31, 0x85, 0x31, 0x65, 0x31, 0x65, 0x31, 0x65, 0x31,
    0x65, 0x31, 0x65, 0x31, 0x65, 0x31, 0x65, 0x31, 0x65, 0x31, 0x65, 0x29, 0x65, 0x29, 0x65, 0x29,
    0x65, 0x29, 0x65, 0x29, 0x65, 0x29, 0x65, 0x29, 0x65, 0x29, 0x65, 0x29, 0x65, 0x29, 0x65, 0x29,
    0x85, 0x29, 0x65, 0x29, 0x65, 0x29, 0x65, 0x29, 0x65, 0x29, 0x65, 0x29, 0x65, 0x29, 0x65, 0x29,
    0x65, 0x29, 0x65, 0x29, 0x65, 0x29, 0x45, 0x29, 0xE7, 0x39, 0xE7, 0x39, 0x86, 0x31, 0xC7, 0x39,
    0xE7, 0x39, 0x65, 0x29, 0x65, 0x29, 0x65, 0x29, 0x65, 0x29, 0x65, 0x29, 0x65, 0x29, 0x65, 0x29,
    0x65, 0x29, 0x65, 0x29, 0x65, 0x29, 0x86, 0x31, 0x86, 0x31, 0x66, 0x31, 0x66, 0x31, 0x86, 0x31,
    0x86, 0x31, 0x86, 0x31, 0x86, 0x31, 0x86, 0x31, 0x86, 0x31, 0x86, 0x31, 0x86, 0x31, 0x86, 0x31,
    0x86, 0x31, 0x86, 0x31, 0x86, 0x31, 0x86, 0x31, 0x86, 0x31, 0x86, 0x31, 0x86, 0x31, 0x86, 0x31,
    0x86, 0x39, 0x86, 0x39, 0xA6, 0x39, 0xA6, 0x39, 0xA6, 0x39, 0xC7, 0x41, 0xE7, 0x41, 0xE7, 0x49,
    0x07, 0x4A, 0x28, 0x52, 0x49, 0x5A, 0x69, 0x5A, 0x69, 0x5A, 0x69, 0x5A, 0x69, 0x62, 0x89, 0x62,
    0x89, 0x62, 0xA9, 0x62, 0xA9, 0x6A, 0xAA, 0x6A, 0xCA, 0x6A, 0xCA, 0x6A, 0xCA, 0x72, 0xCA, 0x72,
    0xCA, 0x72, 0xEA, 0x72, 0x0B, 0x7B, 0x0B, 0x7B, 0x4B, 0x83, 0x6C, 0x8B, 0x8C, 0x8B, 0xAD, 0x93,
    0xEE, 0x9B, 0x2E, 0x9C, 0x4F, 0xA4, 0x70, 0xAC, 0x90, 0xAC, 0xB1, 0xB4, 0xD1, 0xB4, 0xF2, 0xB4,
    0x12, 0xBD, 0x12, 0xBD, 0x12, 0xBD, 0x12, 0xBD, 0x12, 0xBD, 0x12, 0xBD, 0x12, 0xBD, 0xF2, 0xB4,
    0xF2, 0xB4, 0xD1, 0xB4, 0xB1, 0xB4, 0x90, 0xAC, 0x90, 0xAC, 0x6F, 0xA4, 0x4F, 0xA4, 0x2F, 0xA4,
    0x2E, 0x9C, 0x0E, 0x9C, 0xEE, 0x93, 0xCD, 0x93, 0xCD, 0x93, 0xAD, 0x8B, 0x8C, 0x8B, 0x6C, 0x83,
    0x4B, 0x83, 0x4B, 0x83, 0x0B, 0x7B, 0x0A, 0x7B, 0xCA, 0x72, 0xCA, 0x6A, 0x89, 0x62, 0x07, 0x4A,
    0x85, 0x39, 0x65, 0x31, 0x85, 0x31, 0x85, 0x29, 0x85, 0x29, 0x65, 0x29, 0x65, 0x29, 0x65, 0x29,
    0x65, 0x29, 0x65, 0x29, 0x65, 0x29, 0x86, 0x31, 0x65, 0x29, 0x65, 0x29, 0x65, 0x29, 0x65, 0x29,
    0x65, 0x29, 0x65, 0x29, 0x65, 0x29, 0x65, 0x29, 0x65, 0x29, 0x65, 0x29, 0x65, 0x29, 0x65, 0x29,
    0x65, 0x29, 0x65, 0x29, 0x65, 0x29, 0x65, 0x29, 0x65, 0x29, 0x65, 0x29, 0xA6, 0x31, 0xC7, 0x39,
    0x65, 0x29, 0x65, 0x29, 0x65, 0x29, 0x65, 0x29, 0x65, 0x29, 0x65, 0x29, 0x65, 0x29, 0x65, 0x29,
    0xA6, 0x31, 0x86, 0x31, 0x65, 0x29, 0x65, 0x29, 0x45, 0x29, 0xA6, 0x31, 0xE7, 0x39, 0xC7, 0x39,
    0x28, 0x42, 0xC7, 0x39, 0xA7, 0x31, 0x65, 0x29, 0x86, 0x31, 0xA6, 0x39, 0xE7, 0x39, 0x86, 0x31,
    0x65, 0x29, 0x65, 0x29, 0x65, 0x29, 0x65, 0x29, 0x65, 0x29, 0x86, 0x31, 0x86, 0x31, 0x86, 0x31,
    0x85, 0x31, 0xC6, 0x39, 0xE7, 0x41, 0xC6, 0x39, 0xE7, 0x41, 0xE7, 0x41, 0xE7, 0x41, 0x48, 0x4A,
    0x28, 0x4A, 0xA6, 0x39, 0x65, 0x31, 0x85, 0x31, 0x85, 0x31, 0x86, 0x31, 0x28, 0x4A, 0xE7, 0x41,
    0x28, 0x4A, 0x07, 0x42, 0x69, 0x52, 0x69, 0x52, 0xCA, 0x5A, 0xEB, 0x62, 0xCA, 0x5A, 0x0B, 0x63,
    0xCB, 0x62, 0xEB, 0x62, 0x8A, 0x5A, 0x28, 0x4A, 0x49, 0x52, 0x69, 0x5A, 0x89, 0x5A, 0x8A, 0x5A,
    0xAA, 0x62, 0x8A, 0x5A, 0xAA, 0x62, 0xEB, 0x6A, 0x0B, 0x6B, 0x0B, 0x6B, 0xEB, 0x62, 0xCB, 0x62,
    0xAA, 0x62, 0xEB, 0x62, 0xCB, 0x62, 0xCA, 0x62, 0x0B, 0x6B, 0x0C, 0x6B, 0x0C, 0x6B, 0x0C, 0x6B,
    0x0B, 0x6B, 0x6D, 0x73, 0x4C, 0x73, 0x4C, 0x73, 0x4C, 0x6B, 0x4C, 0x6B, 0x4C, 0x6B, 0x2C, 0x6B,
    0xCA, 0x5A, 0x0B, 0x5B, 0x4D, 0x6B, 0x6D, 0x6B, 0xEB, 0x5A, 0xAA, 0x5A, 0xCB, 0x5A, 0x07, 0x42,
    0xE7, 0x41, 0x08, 0x42, 0x28, 0x4A, 0x69, 0x52, 0xAA, 0x5A, 0x2C, 0x6B, 0x0C, 0x63, 0x2D, 0x6B,
    0x6D, 0x63, 0x6D, 0x63, 0x6D, 0x63, 0x6D, 0x63, 0x0C, 0x5B, 0x0C, 0x5B, 0x2C, 0x63, 0x4D, 0x63,
    0x4D, 0x63, 0x4D, 0x63, 0x4D, 0x63, 0x4D, 0x63, 0xEB, 0x5A, 0xAB, 0x52, 0x8A, 0x52, 0xCB, 0x52,
    0xEB, 0x5A, 0x69, 0x4A, 0x28, 0x42, 0x49, 0x4A, 0x29, 0x4A, 0x08, 0x42, 0x49, 0x42, 0x69, 0x4A,
    0xAA, 0x52, 0x8A, 0x4A, 0xC7, 0x31, 0xE7, 0x39, 0xC7, 0x39, 0xC7, 0x39, 0xC7, 0x39, 0xA6, 0x31,
    0xA6, 0x31, 0xA6, 0x31, 0xA6, 0x31, 0xA6, 0x31, 0x86, 0x31, 0x86, 0x31, 0x86, 0x31, 0x85, 0x31,
    0x85, 0x31, 0x85, 0x31, 0x85, 0x31, 0x85, 0x31, 0x85, 0x31, 0x65, 0x31, 0x65, 0x31, 0x65, 0x31,
    0x65, 0x29, 0x65, 0x29, 0x65, 0x29, 0x65, 0x29, 0x65, 0x29, 0x65, 0x29, 0x65, 0x29, 0x65, 0x29,
    0x65, 0x29, 0x65, 0x29, 0x65, 0x29, 0x65, 0x29, 0x65, 0x29, 0x65, 0x29, 0x65, 0x29, 0x65, 0x29,
    0x85, 0x29, 0x65, 0x29, 0x65, 0x29, 0x65, 0x29, 0x65, 0x29, 0x65, 0x29, 0x65, 0x29, 0x65, 0x29,
    0x65, 0x29, 0x65, 0x29, 0x65, 0x29, 0x45, 0x29, 0xC7, 0x39, 0x08, 0x42, 0x86, 0x31, 0xA7, 0x31,
    0xE7, 0x39, 0x86, 0x31, 0x65, 0x29, 0x65, 0x29, 0x65, 0x29, 0x65, 0x29, 0x65, 0x29, 0x65, 0x29,
    0x65, 0x29, 0x65, 0x29, 0x65, 0x29, 0x86, 0x31, 0x86, 0x31, 0x86, 0x31, 0x86, 0x31, 0x86, 0x31,
    0x86, 0x31, 0x86, 0x31, 0x86, 0x31, 0x86, 0x31, 0x86, 0x31, 0x86, 0x31, 0x86, 0x31, 0x86, 0x31,
    0x86, 0x31, 0x86, 0x31, 0x86, 0x31, 0x86, 0x31, 0x86, 0x31, 0x86, 0x31, 0x86, 0x31, 0x86, 0x31,
    0x86, 0x31, 0x86, 0x39, 0x86, 0x39, 0x86, 0x39, 0xA6, 0x39, 0xC7, 0x41, 0xE7, 0x41, 0xE7, 0x49,
    0x07, 0x4A, 0x08, 0x4A, 0x28, 0x52, 0x28, 0x52, 0x69, 0x5A, 0x69, 0x5A, 0x89, 0x62, 0x89, 0x62,
    0x89, 0x62, 0xA9, 0x62, 0xA9, 0x6A, 0xAA, 0x6A, 0xCA, 0x6A, 0xCA, 0x6A, 0xCA, 0x72, 0xCA, 0x72,
    0xCA, 0x72, 0xEA, 0x72, 0xEA, 0x7A, 0x0B, 0x7B, 0x2B, 0x7B, 0x2B, 0x83, 0x4C, 0x83, 0x8C, 0x8B,
    0xAD, 0x93, 0xCD, 0x93, 0x0E, 0x9C, 0x2F, 0xA4, 0x4F, 0xA4, 0x90, 0xAC, 0xB0, 0xAC, 0xB1, 0xB4,
    0xD1, 0xB4, 0xD1, 0xB4, 0xD1, 0xB4, 0xF1, 0xB4, 0xD1, 0xB4, 0xD1, 0xB4, 0xD1, 0xB4, 0xB1, 0xB4,
    0xB0, 0xB4, 0x90, 0xAC, 0x90, 0xAC, 0x6F, 0xA4, 0x4F, 0xA4, 0x2E, 0xA4, 0x0E, 0x9C, 0x0E, 0x9C,
    0xEE, 0x93, 0xCD, 0x93, 0xAD, 0x93, 0xAD, 0x8B, 0x8C, 0x8B, 0x6C, 0x83, 0x4B, 0x83, 0x2B, 0x7B,
    0x0A, 0x7B, 0x0A, 0x73, 0xEA, 0x72, 0xCA, 0x6A, 0x89, 0x62, 0x48, 0x52, 0x85, 0x39, 0x65, 0x31,
    0x65, 0x29, 0x86, 0x31, 0x86, 0x29, 0x85, 0x29, 0x85, 0x29, 0x65, 0x29, 0x65, 0x29, 0x65, 0x29,
    0x65, 0x29, 0x65, 0x29, 0x65, 0x29, 0x65, 0x29, 0x65, 0x29, 0x86, 0x31, 0x86, 0x31, 0x86, 0x31,
    0x86, 0x31, 0xA6, 0x31, 0xA6, 0x31, 0x86, 0x31, 0x65, 0x29, 0x65, 0x29, 0x65, 0x29, 0x65, 0x29,
    0x65, 0x29, 0x65, 0x29, 0x65, 0x29, 0x65, 0x29, 0x65, 0x29, 0x65, 0x29, 0x86, 0x31, 0xC7, 0x39,
    0x65, 0x29, 0x65, 0x29, 0x65, 0x29, 0x65, 0x29, 0x65, 0x29, 0x65, 0x29, 0x65, 0x29, 0x65, 0x29,
    0x65, 0x29, 0xA6, 0x31, 0x65, 0x29, 0x45, 0x29, 0x45, 0x29, 0x86, 0x31, 0xE7, 0x39, 0xA6, 0x39,
    0x28, 0x42, 0xE8, 0x39, 0xA7, 0x39, 0x86, 0x31, 0x86, 0x31, 0xA6, 0x39, 0xA6, 0x31, 0xE7, 0x39,
    0xA6, 0x31, 0x65, 0x29, 0x65, 0x29, 0x65, 0x29, 0x65, 0x29, 0x86, 0x31, 0x86, 0x31, 0x86, 0x31,
    0x86, 0x31, 0xC7, 0x39, 0xE7, 0x41, 0xA6, 0x39, 0xE7, 0x41, 0xE7, 0x41, 0xE7, 0x41, 0x28, 0x4A,
    0x49, 0x4A, 0xE7, 0x41, 0x65, 0x31, 0x86, 0x31, 0x85, 0x31, 0x86, 0x31, 0x08, 0x42, 0xE7, 0x41,
    0x28, 0x4A, 0x07, 0x4A, 0x69, 0x52, 0x89, 0x52, 0x8A, 0x5A, 0xEB, 0x62, 0xCA, 0x5A, 0x2C, 0x6B,
    0xEB, 0x6A, 0xEB, 0x62, 0xAA, 0x5A, 0x28, 0x4A, 0x48, 0x4A, 0x69, 0x52, 0x69, 0x52, 0x69, 0x5A,
    0x8A, 0x5A, 0xAA, 0x5A, 0xAA, 0x62, 0xEB, 0x6A, 0xEB, 0x6A, 0x0B, 0x6B, 0xCB, 0x62, 0xCB, 0x62,
    0xAA, 0x5A, 0xCB, 0x62, 0xCA, 0x62, 0xCA, 0x62, 0x0B, 0x6B, 0x0C, 0x6B, 0x0C, 0x6B, 0x2C, 0x6B,
    0xEB, 0x62, 0x4D, 0x73, 0x4C, 0x73, 0x2C, 0x6B, 0x4C, 0x6B, 0x4C, 0x6B, 0x2C, 0x6B, 0x0B, 0x63,
    0xCA, 0x5A, 0x2C, 0x63, 0x4D, 0x63, 0x6D, 0x6B, 0xCA, 0x52, 0xEB, 0x5A, 0x69, 0x52, 0xE7, 0x41,
    0x08, 0x42, 0x08, 0x42, 0x48, 0x4A, 0x89, 0x52, 0x0C, 0x63, 0x0C, 0x63, 0x0C, 0x63, 0x4D, 0x6B,
    0x6D, 0x63, 0x6D, 0x63, 0x6D, 0x63, 0x6D, 0x63, 0x2C, 0x63, 0xEB, 0x5A, 0x2C, 0x63, 0x2D, 0x63,
    0x6D, 0x6B, 0x4D, 0x63, 0x4D, 0x63, 0x4D, 0x63, 0x4D, 0x63, 0xCB, 0x5A, 0xCB, 0x52, 0xAA, 0x52,
    0x8A, 0x4A, 0x89, 0x4A, 0x28, 0x42, 0x49, 0x4A, 0x29, 0x4A, 0x08, 0x42, 0x48, 0x42, 0xAA, 0x52,
    0xAA, 0x52, 0xAA, 0x52, 0xE7, 0x39, 0xC7, 0x39, 0xE7, 0x39, 0xC7, 0x39, 0xE7, 0x39, 0xC7, 0x39,
    0xA6, 0x31, 0xA6, 0x31, 0xA6, 0x31, 0xA6, 0x31, 0x86, 0x31, 0x86, 0x31, 0x86, 0x31, 0x85, 0x31,
    0x85, 0x31, 0x85, 0x31, 0x85, 0x31, 0x85, 0x31, 0x85, 0x31, 0x65, 0x31, 0x65, 0x31, 0x65, 0x31,
    0x65, 0x29, 0x65, 0x29, 0x65, 0x29, 0x65, 0x29, 0x65, 0x29, 0x65, 0x29, 0x65, 0x29, 0x65, 0x29,
    0x65, 0x29, 0x65, 0x29, 0x65, 0x29, 0x65, 0x29, 0x65, 0x29, 0x65, 0x29, 0x65, 0x29, 0x65, 0x29,
    0x85, 0x29, 0x65, 0x29, 0x65, 0x29, 0x65, 0x29, 0x65, 0x29, 0x65, 0x29, 0x65, 0x29, 0x65, 0x29,
    0x65, 0x29, 0x65, 0x29, 0x65, 0x29, 0x45, 0x29, 0xA6, 0x31, 0x28, 0x42, 0x86, 0x31, 0xA7, 0x31,
    0xE7, 0x39, 0x86, 0x31, 0x65, 0x29, 0x65, 0x29, 0x65, 0x29, 0x65, 0x29, 0x65, 0x29, 0x65, 0x29,
    0x65, 0x29, 0x65, 0x29, 0x86, 0x31, 0x86, 0x31, 0x86, 0x31, 0x86, 0x31, 0x86, 0x31, 0x86, 0x31,
    0x86, 0x31, 0x86, 0x31, 0x86, 0x31, 0x86, 0x31, 0x86, 0x31, 0x86, 0x31, 0x86, 0x31, 0x86, 0x31,
    0x86, 0x31, 0x86, 0x31, 0x86, 0x31, 0x86, 0x31, 0x86, 0x31, 0x86, 0x31, 0x86, 0x31, 0x86, 0x31,
    0x86, 0x31, 0x86, 0x31, 0x86, 0x39, 0x86, 0x39, 0xA6, 0x39, 0xC7, 0x41, 0xE7, 0x41, 0xE7, 0x49,
    0xE7, 0x49, 0xE7, 0x49, 0x07, 0x4A, 0x07, 0x52, 0x28, 0x52, 0x69, 0x5A, 0x69, 0x62, 0x89, 0x62,
    0x89, 0x62, 0xA9, 0x62, 0xA9, 0x6A, 0xA9, 0x6A, 0xCA, 0x6A, 0xCA, 0x6A, 0xCA, 0x72, 0xCA, 0x72,
    0xCA, 0x72, 0xEA, 0x72, 0xEA, 0x72, 0xEB, 0x7A, 0x0B, 0x7B, 0x0B, 0x83, 0x2B, 0x83, 0x4C, 0x83,
    0x6C, 0x8B, 0x8C, 0x8B, 0xCD, 0x93, 0xEE, 0x9B, 0x2F, 0xA4, 0x4F, 0xA4, 0x70, 0xAC, 0x90, 0xAC,
    0x90, 0xAC, 0xB0, 0xAC, 0xB0, 0xAC, 0xB0, 0xAC, 0xB0, 0xAC, 0x90, 0xAC, 0x90, 0xAC, 0x90, 0xAC,
    0x90, 0xAC, 0x6F, 0xAC, 0x4F, 0xA4, 0x2E, 0xA4, 0x0E, 0x9C, 0xED, 0x9B, 0xCD, 0x93, 0xCD, 0x93,
    0xAD, 0x8B, 0x8C, 0x8B, 0x6C, 0x8B, 0x4B, 0x83, 0x4B, 0x83, 0x2A, 0x7B, 0x0A, 0x73, 0xEA, 0x72,
    0xEA, 0x72, 0xC9, 0x6A, 0x89, 0x5A, 0x27, 0x52, 0x48, 0x52, 0xC6, 0x39, 0x65, 0x29, 0x86, 0x29,
    0x65, 0x29, 0x65, 0x29, 0x65, 0x29, 0x66, 0x29, 0x65, 0x29, 0x65, 0x29, 0x65, 0x29, 0x65, 0x29,
    0x65, 0x29, 0x65, 0x29, 0x65, 0x29, 0x65, 0x29, 0x65, 0x29, 0x65, 0x29, 0x86, 0x31, 0x86, 0x31,
    0x85, 0x31, 0x85, 0x31, 0xA6, 0x31, 0xC7, 0x39, 0xC6, 0x39, 0x86, 0x31, 0x85, 0x31, 0x65, 0x29,
    0x65, 0x29, 0x65, 0x29, 0x65, 0x29, 0x65, 0x29, 0x65, 0x29, 0x65, 0x29, 0x86, 0x31, 0xE7, 0x39,
    0x65, 0x29, 0x65, 0x29, 0x65, 0x29, 0x65, 0x29, 0x65, 0x29, 0x65, 0x29, 0x65, 0x29, 0x65, 0x29,
    0x65, 0x29, 0x86, 0x31, 0x86, 0x31, 0x65, 0x29, 0x65, 0x29, 0x65, 0x31, 0xC7, 0x39, 0xA6, 0x39,
    0x08, 0x42, 0x08, 0x42, 0xA6, 0x31, 0x86, 0x31, 0x86, 0x31, 0xC7, 0x39, 0xA6, 0x31, 0x86, 0x31,
    0xE7, 0x39, 0x86, 0x31, 0x65, 0x29, 0x65, 0x29, 0x65, 0x29, 0x86, 0x31, 0x86, 0x31, 0x86, 0x31,
    0xA6, 0x31, 0xC7, 0x39, 0xE7, 0x39, 0xC7, 0x39, 0xE7, 0x41, 0xE7, 0x41, 0xE7, 0x41, 0x08, 0x42,
    0x69, 0x52, 0x08, 0x4A, 0x86, 0x31, 0x86, 0x31, 0x65, 0x31, 0xA6, 0x39, 0x08, 0x42, 0x07, 0x42,
    0x28, 0x4A, 0x28, 0x4A, 0x69, 0x52, 0x89, 0x52, 0x89, 0x52, 0xEB, 0x62, 0xAA, 0x5A, 0x0B, 0x63,
    0x0C, 0x6B, 0xCB, 0x62, 0xAA, 0x5A, 0x28, 0x4A, 0x28, 0x4A, 0x49, 0x52, 0x69, 0x52, 0x69, 0x5A,
    0x8A, 0x5A, 0xAA, 0x5A, 0xCA, 0x62, 0xEB, 0x62, 0xEB, 0x6A, 0x0B, 0x6B, 0xCB, 0x62, 0xAA, 0x62,
    0x8A, 0x5A, 0xCB, 0x62, 0xAA, 0x5A, 0xCB, 0x62, 0x0B, 0x6B, 0x0C, 0x6B, 0x0C, 0x6B, 0x0C, 0x6B,
    0x0B, 0x6B, 0x4D, 0x73, 0x4C, 0x73, 0x2C, 0x6B, 0x2C, 0x6B, 0x4C, 0x6B, 0x2C, 0x6B, 0xEB, 0x5A,
    0xCB, 0x5A, 0x4C, 0x63, 0x6D, 0x6B, 0x2C, 0x63, 0xCA, 0x52, 0xCA, 0x5A, 0xE7, 0x41, 0xE7, 0x41,
    0x08, 0x42, 0x28, 0x4A, 0x49, 0x52, 0xCA, 0x5A, 0x2C, 0x63, 0x0C, 0x63, 0x4D, 0x6B, 0x4D, 0x6B,
    0x6D, 0x6B, 0x6D, 0x6B, 0x6D, 0x6B, 0x4D, 0x63, 0x4D, 0x63, 0xEB, 0x5A, 0x2C, 0x63, 0x2C, 0x63,
    0x6D, 0x6B, 0x4D, 0x63, 0x4D, 0x63, 0x4D, 0x63, 0x4D, 0x63, 0x4D, 0x63, 0xCB, 0x52, 0xEB, 0x5A,
    0xAA, 0x52, 0x49, 0x42, 0x08, 0x42, 0x49, 0x4A, 0x48, 0x4A, 0x28, 0x42, 0x28, 0x42, 0xAA, 0x52,
    0xCA, 0x52, 0xCB, 0x5A, 0x28, 0x42, 0xC7, 0x39, 0xE7, 0x39, 0xC7, 0x39, 0xE7, 0x39, 0xE7, 0x39,
    0xA6, 0x31, 0xA6, 0x31, 0xA6, 0x31, 0xA6, 0x31, 0x86, 0x31, 0x86, 0x31, 0x86, 0x31, 0x86, 0x31,
    0x86, 0x31, 0x86, 0x31, 0x86, 0x31, 0x85, 0x31, 0x85, 0x31, 0x65, 0x29, 0x65, 0x29, 0x65, 0x29,
    0x65, 0x29, 0x65, 0x29, 0x65, 0x29, 0x65, 0x29, 0x65, 0x29, 0x65, 0x29, 0x65, 0x29, 0x65, 0x29,
    0x65, 0x29, 0x65, 0x29, 0x65, 0x29, 0x65, 0x29, 0x65, 0x29, 0x65, 0x29, 0x65, 0x29, 0x65, 0x29,
    0x65, 0x29, 0x65, 0x29, 0x65, 0x29, 0x65, 0x29, 0x65, 0x29, 0x65, 0x29, 0x65, 0x29, 0x65, 0x29,
    0x65, 0x29, 0x65, 0x29, 0x65, 0x29, 0x65, 0x29, 0x85, 0x31, 0x28, 0x42, 0xA6, 0x31, 0xA6, 0x31,
    0xE7, 0x39, 0xA6, 0x31, 0x65, 0x29, 0x85, 0x29, 0x85, 0x29, 0x65, 0x29, 0x65, 0x29, 0x65, 0x29,
    0x65, 0x29, 0x86, 0x31, 0x86, 0x31, 0x86, 0x31, 0x86, 0x31, 0x86, 0x31, 0x86, 0x31, 0x86, 0x31,
    0x86, 0x31, 0x86, 0x31, 0x86, 0x31, 0x86, 0x31, 0x86, 0x31, 0x86, 0x31, 0x86, 0x31, 0x86, 0x31,
    0x86, 0x31, 0x86, 0x31, 0x86, 0x31, 0x86, 0x31, 0x86, 0x31, 0x86, 0x31, 0x86, 0x31, 0x86, 0x31,
    0x86, 0x31, 0x86, 0x31, 0x86, 0x31, 0xA6, 0x39, 0xA6, 0x39, 0xC7, 0x41, 0xE7, 0x41, 0xE7, 0x49,
    0xE7, 0x49, 0xE7, 0x49, 0x07, 0x4A, 0x07, 0x4A, 0x08, 0x52, 0x28, 0x52, 0x69, 0x5A, 0x89, 0x62,
    0x89, 0x62, 0xA9, 0x62, 0xA9, 0x62, 0xA9, 0x6A, 0xCA, 0x6A, 0xAA, 0x6A, 0xCA, 0x72, 0xCA, 0x72,
    0xCA, 0x72, 0xEA, 0x72, 0xEA, 0x72, 0xEB, 0x7A, 0xEB, 0x7A, 0x0B, 0x7B, 0x0B, 0x7B, 0x2B, 0x83,
    0x4B, 0x83, 0x6C, 0x8B, 0x8C, 0x8B, 0xAD, 0x93, 0xED, 0x9B, 0x0E, 0x9C, 0x2F, 0xA4, 0x4F, 0xA4,
    0x6F, 0xAC, 0x70, 0xAC, 0x70, 0xAC, 0x6F, 0xAC, 0x6F, 0xAC, 0x6F, 0xA4, 0x4F, 0xA4, 0x4F, 0xA4,
    0x4F, 0xA4, 0x0E, 0xA4, 0x0E, 0x9C, 0xED, 0x9B, 0xCD, 0x93, 0xAD, 0x93, 0x8C, 0x8B, 0x6C, 0x8B,
    0x4B, 0x83, 0x2B, 0x83, 0x2B, 0x7B, 0x0A, 0x7B, 0x0A, 0x73, 0xEA, 0x72, 0xCA, 0x6A, 0xA9, 0x62,
    0x68, 0x5A, 0x27, 0x52, 0x27, 0x52, 0x48, 0x52, 0x48, 0x4A, 0x65, 0x31, 0x86, 0x31, 0x65, 0x29,
    0x65, 0x29, 0x65, 0x29, 0x65, 0x29, 0x65, 0x29, 0x65, 0x29, 0x65, 0x29, 0x65, 0x29, 0x65, 0x29,
    0x65, 0x29, 0x65, 0x29, 0x65, 0x29, 0x65, 0x29, 0x65, 0x29, 0x65, 0x29, 0x65, 0x29, 0x65, 0x31,
    0xA6, 0x31, 0xA6, 0x31, 0x86, 0x31, 0x85, 0x31, 0xA6, 0x31, 0xC6, 0x39, 0xC6, 0x39, 0xA6, 0x31,
    0x86, 0x31, 0x65, 0x29, 0x65, 0x29, 0x65, 0x29, 0x65, 0x29, 0x65, 0x29, 0x86, 0x31, 0xE7, 0x39,
    0x65, 0x29, 0x65, 0x29, 0x65, 0x29, 0x65, 0x29, 0x65, 0x29, 0x65, 0x29, 0x65, 0x29, 0x65, 0x29,
    0x65, 0x29, 0x65, 0x29, 0x65, 0x29, 0x65, 0x29, 0x65, 0x29, 0x65, 0x29, 0xC7, 0x39, 0xA6, 0x39,
    0xE8, 0x41, 0x28, 0x4A, 0xA6, 0x39, 0xA6, 0x39, 0x86, 0x31, 0xC7, 0x39, 0xA7, 0x39, 0x65, 0x31,
    0xA6, 0x31, 0xC7, 0x39, 0x86, 0x31, 0x65, 0x29, 0x86, 0x31, 0x86, 0x29, 0x86, 0x31, 0x86, 0x31,
    0xA7, 0x39, 0xA7, 0x39, 0xC7, 0x39, 0xC7, 0x39, 0xE7, 0x41, 0x07, 0x42, 0xE7, 0x41, 0xE7, 0x41,
    0x69, 0x52, 0x48, 0x4A, 0xA6, 0x39, 0x86, 0x31, 0x65, 0x31, 0xC7, 0x39, 0x07, 0x42, 0x28, 0x42,
    0x28, 0x4A, 0x28, 0x4A, 0x69, 0x52, 0x89, 0x52, 0x49, 0x52, 0xEB, 0x62, 0xAA, 0x5A, 0xEB, 0x62,
    0x2C, 0x6B, 0xEB, 0x62, 0xAA, 0x5A, 0x28, 0x4A, 0x28, 0x4A, 0x49, 0x52, 0x49, 0x52, 0x49, 0x52,
    0x69, 0x5A, 0xAA, 0x5A, 0xCB, 0x62, 0xCB, 0x62, 0xEB, 0x6A, 0x0B, 0x6B, 0xCB, 0x62, 0x8A, 0x5A,
    0x8A, 0x5A, 0xCA, 0x62, 0x8A, 0x5A, 0xEB, 0x62, 0xEB, 0x62, 0x0B, 0x6B, 0x0C, 0x6B, 0x2C, 0x6B,
    0x0B, 0x6B, 0x4C, 0x73, 0x4C, 0x73, 0x2C, 0x6B, 0x2C, 0x6B, 0x2C, 0x6B, 0x0C, 0x63, 0xCA, 0x5A,
    0xEB, 0x5A, 0x4C, 0x6B, 0x4D, 0x6B, 0xEB, 0x5A, 0xCB, 0x5A, 0x49, 0x4A, 0xC6, 0x39, 0xE7, 0x41,
    0x08, 0x4A, 0x28, 0x4A, 0x8A, 0x52, 0x0C, 0x63, 0x0C, 0x63, 0x2C, 0x63, 0x4D, 0x6B, 0x2C, 0x63,
    0x6D, 0x6B, 0x6D, 0x6B, 0x6D, 0x6B, 0x4D, 0x63, 0x6D, 0x6B, 0x0C, 0x5B, 0x0C, 0x5B, 0x0C, 0x5B,
    0x4D, 0x63, 0x6D, 0x6B, 0x4D, 0x63, 0x4D, 0x63, 0x4D, 0x63, 0x4D, 0x63, 0x2D, 0x63, 0xEB, 0x5A,
    0xEB, 0x5A, 0x8A, 0x52, 0xE8, 0x39, 0x08, 0x42, 0x49, 0x4A, 0x28, 0x42, 0x08, 0x42, 0xAA, 0x52,
    0xCB, 0x52, 0xCB, 0x5A, 0x69, 0x4A, 0xC7, 0x39, 0xE7, 0x39, 0xC7, 0x39, 0xE7, 0x39, 0xE7, 0x39,
    0xC7, 0x39, 0xA6, 0x31, 0xA6, 0x31, 0xA6, 0x31, 0xA6, 0x31, 0x86, 0x31, 0x86, 0x31, 0x86, 0x31,
    0x86, 0x31, 0x86, 0x31, 0x86, 0x31, 0x85, 0x31, 0x85, 0x31, 0x65, 0x29, 0x65, 0x29, 0x65, 0x29,
    0x65, 0x29, 0x65, 0x29, 0x65, 0x29, 0x65, 0x29, 0x65, 0x29, 0x65, 0x29, 0x65, 0x29, 0x65, 0x29,
    0x65, 0x29, 0x65, 0x29, 0x65, 0x29, 0x65, 0x29, 0x65, 0x29, 0x65, 0x29, 0x65, 0x29, 0x65, 0x29,
    0x65, 0x29, 0x65, 0x29, 0x65, 0x29, 0x65, 0x29, 0x65, 0x29, 0x65, 0x29, 0x65, 0x29, 0x65, 0x29,
    0x65, 0x29, 0x65, 0x29, 0x65, 0x29, 0x65, 0x29, 0x65, 0x29, 0x07, 0x42, 0xA6, 0x31, 0xA6, 0x31,
    0xE7, 0x39, 0xA6, 0x31, 0x65, 0x29, 0x65, 0x29, 0x65, 0x29, 0x65, 0x29, 0x65, 0x29, 0x65, 0x29,
    0x86, 0x31, 0x86, 0x31, 0x86, 0x31, 0x86, 0x31, 0x86, 0x31, 0x86, 0x31, 0x86, 0x31, 0x86, 0x31,
    0x86, 0x31, 0x86, 0x31, 0x86, 0x31, 0x86, 0x31, 0x86, 0x31, 0x86, 0x31, 0x86, 0x31, 0x86, 0x31,
    0x86, 0x31, 0x86, 0x31, 0x86, 0x31, 0x86, 0x31, 0x86, 0x31, 0x86, 0x31, 0x86, 0x31, 0x86, 0x31,
    0x86, 0x31, 0x86, 0x31, 0x86, 0x31, 0xA6, 0x39, 0xC6, 0x39, 0xE7, 0x41, 0xE7, 0x41, 0xE7, 0x49,
    0xE7, 0x49, 0x07, 0x4A, 0xE7, 0x49, 0x07, 0x4A, 0x08, 0x4A, 0x28, 0x52, 0x28, 0x52, 0x48, 0x5A,
    0x69, 0x5A, 0xA9, 0x62, 0xA9, 0x62, 0xA9, 0x6A, 0xAA, 0x6A, 0xAA, 0x6A, 0xCA, 0x72, 0xCA, 0x72,
    0xCA, 0x72, 0xCA, 0x72, 0xEA, 0x72, 0xEB, 0x7A, 0xEB, 0x7A, 0x0B, 0x7B, 0x0A, 0x7B, 0x0B, 0x7B,
    0x2B, 0x83, 0x2B, 0x83, 0x4B, 0x83, 0x6C, 0x8B, 0x8C, 0x8B, 0xCD, 0x93, 0xEE, 0x9B, 0x0E, 0x9C,
    0x0E, 0x9C, 0x2F, 0xA4, 0x2F, 0xA4, 0x2F, 0xA4, 0x2F, 0xA4, 0x0E, 0x9C, 0x0E, 0x9C, 0x0E, 0x9C,
    0xEE, 0x9B, 0xCD, 0x93, 0xAD, 0x93, 0x8C, 0x8B, 0x6C, 0x8B, 0x4C, 0x83, 0x2B, 0x83, 0x2B, 0x7B,
    0x0A, 0x7B, 0x0A, 0x7B, 0xEA, 0x72, 0xEA, 0x72, 0xCA, 0x6A, 0x89, 0x62, 0x48, 0x5A, 0x07, 0x52,
    0x07, 0x4A, 0x48, 0x5A, 0x48, 0x52, 0x69, 0x52, 0xC7, 0x41, 0x65, 0x29, 0x65, 0x29, 0x65, 0x29,
    0x65, 0x29, 0x65, 0x29, 0x65, 0x29, 0x65, 0x29, 0x65, 0x29, 0x65, 0x29, 0x65, 0x29, 0x65, 0x29,
    0x65, 0x29, 0x65, 0x29, 0x65, 0x29, 0x65, 0x29, 0x65, 0x29, 0x65, 0x29, 0x45, 0x29, 0x65, 0x29,
    0x65, 0x29, 0x86, 0x31, 0xC7, 0x39, 0xA6, 0x39, 0x85, 0x31, 0x86, 0x31, 0x86, 0x31, 0xA6, 0x39,
    0xC7, 0x39, 0xA6, 0x39, 0x86, 0x31, 0x65, 0x29, 0x65, 0x29, 0x65, 0x29, 0x86, 0x31, 0x08, 0x42,
    0x65, 0x29, 0x65, 0x29, 0x65, 0x29, 0x65, 0x29, 0x65, 0x29, 0x65, 0x29, 0x65, 0x29, 0x65, 0x29,
    0x65, 0x29, 0x65, 0x29, 0x65, 0x29, 0x65, 0x29, 0x65, 0x29, 0x45, 0x29, 0xA6, 0x39, 0xA7, 0x39,
    0xC7, 0x41, 0x29, 0x4A, 0xA7, 0x39, 0x86, 0x31, 0x86, 0x31, 0xC7, 0x39, 0xC7, 0x39, 0x86, 0x31,
    0x86, 0x31, 0x86, 0x31, 0xE7, 0x39, 0x86, 0x31, 0x65, 0x31, 0x86, 0x31, 0x86, 0x31, 0x86, 0x31,
    0xC7, 0x39, 0xA6, 0x39, 0xA7, 0x39, 0xE7, 0x41, 0xE7, 0x41, 0x08, 0x42, 0x07, 0x42, 0xE7, 0x41,
    0x49, 0x4A, 0x69, 0x52, 0xC7, 0x39, 0x86, 0x31, 0x65, 0x31, 0xE7, 0x41, 0x07, 0x42, 0x28, 0x4A,
    0x08, 0x4A, 0x28, 0x4A, 0x69, 0x52, 0x89, 0x5A, 0x28, 0x4A, 0xCA, 0x62, 0xAA, 0x5A, 0xCB, 0x62,
    0x2C, 0x6B, 0xCB, 0x62, 0x8A, 0x5A, 0x28, 0x4A, 0x28, 0x4A, 0x48, 0x52, 0x48, 0x52, 0x49, 0x52,
    0x69, 0x5A, 0xAA, 0x5A, 0xCB, 0x62, 0xCB, 0x62, 0xEB, 0x62, 0xEB, 0x6A, 0xCA, 0x62, 0x69, 0x52,
    0xAA, 0x5A, 0xAA, 0x5A, 0xAA, 0x5A, 0xEB, 0x62, 0xEB, 0x62, 0x0B, 0x6B, 0x0C, 0x6B, 0x2C, 0x6B,
    0x0B, 0x6B, 0x2C, 0x6B, 0x2C, 0x73, 0x0C, 0x6B, 0x2C, 0x6B, 0x2C, 0x63, 0xEB, 0x5A, 0xCA, 0x5A,
    0x2C, 0x63, 0x4D, 0x6B, 0x2C, 0x6B, 0xAA, 0x5A, 0xAA, 0x52, 0xE7, 0x41, 0xE7, 0x41, 0x07, 0x42,
    0x28, 0x4A, 0x49, 0x4A, 0xEB, 0x5A, 0x0C, 0x63, 0x2C, 0x63, 0x4D, 0x6B, 0x2C, 0x63, 0xCB, 0x5A,
    0x6D, 0x6B, 0x6D, 0x6B, 0x4D, 0x63, 0x6D, 0x6B, 0x6D, 0x6B, 0x4D, 0x63, 0x0C, 0x5B, 0x2C, 0x63,
    0x2C, 0x63, 0x6D, 0x6B, 0x4D, 0x63, 0x4D, 0x63, 0x4D, 0x63, 0x4D, 0x63, 0x6D, 0x6B, 0x0C, 0x5B,
    0x0C, 0x5B, 0xCB, 0x5A, 0x29, 0x42, 0x08, 0x3A, 0x49, 0x4A, 0x49, 0x42, 0x28, 0x42, 0x69, 0x4A,
    0xCB, 0x52, 0xCB, 0x5A, 0xCB, 0x52, 0xE7, 0x39, 0xE7, 0x39, 0xC7, 0x39, 0xC7, 0x39, 0xE7, 0x39,
    0xE7, 0x39, 0xC7, 0x39, 0xA6, 0x31, 0xA6, 0x31, 0xA6, 0x31, 0x86, 0x31, 0x86, 0x31, 0x86, 0x31,
    0x86, 0x31, 0x86, 0x31, 0x86, 0x31, 0x86, 0x31, 0x86, 0x31, 0x65, 0x29, 0x65, 0x29, 0x65, 0x29,
    0x65, 0x29, 0x65, 0x29, 0x65, 0x29, 0x65, 0x29, 0x65, 0x29, 0x65, 0x29, 0x65, 0x29, 0x65, 0x29,
    0x65, 0x29, 0x65, 0x29, 0x65, 0x29, 0x65, 0x29, 0x65, 0x29, 0x65, 0x29, 0x65, 0x29, 0x65, 0x29,
    0x65, 0x29, 0x65, 0x29, 0x65, 0x29, 0x65, 0x29, 0x65, 0x29, 0x65, 0x29, 0x65, 0x29, 0x65, 0x29,
    0x65, 0x29, 0x65, 0x29, 0x65, 0x29, 0x65, 0x29, 0x65, 0x29, 0x07, 0x42, 0xC7, 0x39, 0xA6, 0x31,
    0xE7, 0x39, 0xA6, 0x31, 0x65, 0x29, 0x86, 0x31, 0x65, 0x29, 0x65, 0x29, 0x65, 0x29, 0x66, 0x31,
    0x86, 0x31, 0x86, 0x31, 0x86, 0x31, 0x86, 0x31, 0x86, 0x31, 0x86, 0x31, 0x86, 0x31, 0x86, 0x31,
    0x86, 0x31, 0x86, 0x31, 0x86, 0x31, 0x86, 0x31, 0x86, 0x31, 0x86, 0x31, 0x86, 0x31, 0x86, 0x31,
    0x86, 0x31, 0x86, 0x31, 0x86, 0x31, 0x86, 0x31, 0x86, 0x31, 0x86, 0x31, 0x86, 0x31, 0x86, 0x31,
    0x86, 0x31, 0x86, 0x31, 0x86, 0x31, 0xA6, 0x39, 0xC6, 0x39, 0xE7, 0x41, 0xE7, 0x41, 0xE7, 0x41,
    0xE7, 0x49, 0xE7, 0x49, 0x07, 0x4A, 0xE7, 0x49, 0x08, 0x4A, 0x08, 0x4A, 0x28, 0x52, 0x28, 0x52,
    0x28, 0x52, 0x69, 0x5A, 0x89, 0x62, 0xAA, 0x6A, 0xAA, 0x6A, 0xAA, 0x6A, 0xCA, 0x6A, 0xCA, 0x6A,
    0xCA, 0x72, 0xCA, 0x72, 0xEA, 0x72, 0xEA, 0x7A, 0xEA, 0x7A, 0xEA, 0x7A, 0xEA, 0x7A, 0x0B, 0x7B,
    0x0B, 0x7B, 0x2B, 0x83, 0x2B, 0x83, 0x4B, 0x83, 0x6C, 0x8B, 0x8C, 0x8B, 0x8C, 0x93, 0xAD, 0x93,
    0xCD, 0x93, 0xCD, 0x93, 0xCD, 0x9B, 0xCD, 0x9B, 0xCD, 0x93, 0xCD, 0x93, 0xAD, 0x93, 0xAD, 0x93,
    0x8C, 0x8B, 0x6C, 0x8B, 0x4C, 0x83, 0x2B, 0x83, 0x2B, 0x7B, 0x0A, 0x7B, 0x0A, 0x7B, 0x0A, 0x73,
    0xEA, 0x72, 0xCA, 0x6A, 0xA9, 0x62, 0x68, 0x5A, 0x48, 0x52, 0x28, 0x52, 0x28, 0x52, 0x07, 0x52,
    0x89, 0x5A, 0x69, 0x5A, 0x48, 0x52, 0x69, 0x52, 0x65, 0x31, 0x65, 0x29, 0x65, 0x29, 0x65, 0x29,
    0x65, 0x29, 0x65, 0x29, 0x65, 0x29, 0x65, 0x29, 0x65, 0x29, 0x65, 0x29, 0x65, 0x29, 0x65, 0x29,
    0x65, 0x29, 0x65, 0x29, 0x65, 0x29, 0x65, 0x29, 0x65, 0x29, 0x65, 0x29, 0x65, 0x29, 0x65, 0x29,
    0x65, 0x29, 0x65, 0x29, 0x66, 0x31, 0xC7, 0x39, 0xC7, 0x39, 0x86, 0x31, 0x86, 0x31, 0x86, 0x31,
    0xA6, 0x31, 0xA6, 0x31, 0xC7, 0x39, 0xC6, 0x39, 0x86, 0x31, 0x65, 0x29, 0x86, 0x31, 0x08, 0x42,
    0x65, 0x29, 0x65, 0x29, 0x65, 0x29, 0x65, 0x29, 0x65, 0x29, 0x86, 0x31, 0x65, 0x29, 0x65, 0x29,
    0x65, 0x29, 0x65, 0x29, 0x65, 0x29, 0x65, 0x29, 0x65, 0x29, 0x65, 0x29, 0x86, 0x31, 0xA7, 0x39,
    0xA7, 0x39, 0x29, 0x4A, 0xC7, 0x39, 0x86, 0x31, 0xA6, 0x39, 0xC7, 0x39, 0xE7, 0x41, 0x86, 0x31,
    0x86, 0x31, 0x66, 0x31, 0x86, 0x31, 0xC7, 0x39, 0x86, 0x31, 0x86, 0x31, 0xA6, 0x31, 0xA6, 0x39,
    0xC7, 0x39, 0x86, 0x31, 0xA6, 0x39, 0xE7, 0x41, 0xC7, 0x39, 0x28, 0x4A, 0x08, 0x42, 0xE7, 0x41,
    0x48, 0x4A, 0x69, 0x52, 0xE7, 0x41, 0x86, 0x31, 0x86, 0x31, 0xE7, 0x41, 0x07, 0x42, 0x28, 0x4A,
    0x28, 0x4A, 0x07, 0x4A, 0x69, 0x52, 0x89, 0x5A, 0x08, 0x4A, 0xAA, 0x5A, 0x8A, 0x5A, 0xCA, 0x62,
    0x0C, 0x6B, 0xEB, 0x6A, 0x89, 0x5A, 0x08, 0x42, 0x28, 0x4A, 0x28, 0x52, 0x48, 0x52, 0x49, 0x52,
    0x69, 0x5A, 0xAA, 0x62, 0xCB, 0x62, 0xCB, 0x62, 0xCB, 0x62, 0xEB, 0x62, 0xAA, 0x5A, 0x69, 0x52,
    0xCA, 0x62, 0x8A, 0x5A, 0xCB, 0x62, 0xEB, 0x62, 0x0B, 0x6B, 0x0B, 0x6B, 0x0C, 0x6B, 0x2C, 0x6B,
    0x0B, 0x6B, 0x2C, 0x6B, 0x2C, 0x73, 0x2C, 0x6B, 0x2C, 0x6B, 0x0B, 0x63, 0xCB, 0x5A, 0xEB, 0x62,
    0x4C, 0x6B, 0x6D, 0x6B, 0xCB, 0x5A, 0xAA, 0x52, 0x28, 0x42, 0xE7, 0x39, 0xE7, 0x41, 0x07, 0x42,
    0x49, 0x4A, 0xAA, 0x52, 0x2C, 0x63, 0x0C, 0x63, 0x4D, 0x6B, 0x4C, 0x63, 0xCB, 0x5A, 0x8A, 0x52,
    0x6D, 0x6B, 0x6D, 0x6B, 0x6D, 0x6B, 0x6D, 0x6B, 0x6D, 0x6B, 0x6D, 0x6B, 0x0C, 0x5B, 0x2C, 0x63,
    0x0C, 0x5B, 0x4D, 0x63, 0x6D, 0x6B, 0x4D, 0x63, 0x4D, 0x63, 0x4D, 0x63, 0x6D, 0x6B, 0x2C, 0x63,
    0x0C, 0x5B, 0x0C, 0x5B, 0x8A, 0x4A, 0x08, 0x3A, 0x48, 0x42, 0x69, 0x4A, 0x28, 0x42, 0x49, 0x4A,
    0xAA, 0x52, 0xCA, 0x52, 0xCB, 0x5A, 0x28, 0x42, 0xC7, 0x39, 0xE7, 0x39, 0xC7, 0x39, 0xC7, 0x39,
    0xE7, 0x39, 0xC7, 0x39, 0xA6, 0x31, 0xA6, 0x31, 0xA6, 0x31, 0xA6, 0x31, 0xA6, 0x31, 0x86, 0x31,
    0x86, 0x31, 0x86, 0x31, 0x86, 0x31, 0x86, 0x31, 0x86, 0x31, 0x86, 0x31, 0x65, 0x29, 0x65, 0x29,
    0x65, 0x29, 0x65, 0x29, 0x65, 0x29, 0x65, 0x29, 0x65, 0x29, 0x65, 0x29, 0x65, 0x29, 0x65, 0x29,
    0x65, 0x29, 0x65, 0x29, 0x65, 0x29, 0x65, 0x29, 0x65, 0x29, 0x65, 0x29, 0x65, 0x29, 0x65, 0x29,
    0x65, 0x29, 0x65, 0x29, 0x65, 0x29, 0x65, 0x29, 0x65, 0x29, 0x65, 0x29, 0x65, 0x29, 0x65, 0x29,
    0x65, 0x29, 0x65, 0x29, 0x65, 0x29, 0x66, 0x29, 0x65, 0x29, 0xE7, 0x39, 0xC7, 0x39, 0x86, 0x31,
    0xE7, 0x39, 0xC7, 0x39, 0x65, 0x29, 0x86, 0x31, 0x86, 0x31, 0x65, 0x31, 0x86, 0x31, 0x86, 0x31,
    0x86, 0x31, 0x86, 0x31, 0x86, 0x31, 0x86, 0x31, 0x86, 0x31, 0x66, 0x31, 0x86, 0x31, 0x86, 0x31,
    0x86, 0x31, 0x86, 0x31, 0x86, 0x31, 0x86, 0x31, 0x86, 0x31, 0x86, 0x31, 0x86, 0x31, 0x86, 0x31,
    0x86, 0x31, 0x86, 0x31, 0x86, 0x31, 0x86, 0x31, 0x86, 0x31, 0x86, 0x31, 0x86, 0x31, 0x86, 0x31,
    0x86, 0x31, 0x86, 0x31, 0x86, 0x31, 0xA6, 0x39, 0xC6, 0x39, 0xE7, 0x41, 0xE7, 0x41, 0xE7, 0x41,
    0xE7, 0x41, 0xE7, 0x49, 0x07, 0x4A, 0xE7, 0x49, 0x08, 0x4A, 0x08, 0x4A, 0x28, 0x52, 0x28, 0x52,
    0x28, 0x52, 0x28, 0x52, 0x48, 0x5A, 0x69, 0x62, 0xAA, 0x62, 0xAA, 0x6A, 0xCA, 0x6A, 0xCA, 0x6A,
    0xCA, 0x6A, 0xCA, 0x72, 0xCA, 0x72, 0xEA, 0x72, 0xEA, 0x7A, 0xEA, 0x7A, 0xEA, 0x7A, 0xEA, 0x7A,
    0x0B, 0x7B, 0x0B, 0x7B, 0x0B, 0x7B, 0x2B, 0x83, 0x2B, 0x83, 0x4B, 0x83, 0x4C, 0x8B, 0x6C, 0x8B,
    0x6C, 0x8B, 0x6C, 0x8B, 0x6C, 0x8B, 0x6C, 0x8B, 0x6C, 0x8B, 0x4C, 0x8B, 0x4C, 0x83, 0x4C, 0x83,
    0x2B, 0x83, 0x2B, 0x83, 0x2B, 0x7B, 0x0B, 0x7B, 0xEB, 0x72, 0xEA, 0x72, 0xCA, 0x6A, 0x89, 0x62,
    0x69, 0x62, 0x48, 0x5A, 0x48, 0x52, 0x48, 0x52, 0x48, 0x52, 0x48, 0x52, 0x48, 0x52, 0xAA, 0x62,
    0xAA, 0x62, 0x28, 0x4A, 0x89, 0x5A, 0x07, 0x42, 0x65, 0x29, 0x65, 0x29, 0x65, 0x29, 0x65, 0x29,
    0x65, 0x29, 0x65, 0x29, 0x65, 0x29, 0x65, 0x29, 0x65, 0x29, 0x65, 0x29, 0x65, 0x29, 0x65, 0x29,
    0x65, 0x29, 0x65, 0x29, 0x65, 0x29, 0x65, 0x29, 0x65, 0x29, 0x65, 0x29, 0x65, 0x29, 0x65, 0x29,
    0x65, 0x29, 0x65, 0x29, 0x65, 0x29, 0x45, 0x29, 0x86, 0x31, 0xE7, 0x39, 0xC7, 0x39, 0x86, 0x31,
    0x86, 0x31, 0x86, 0x31, 0xA6, 0x31, 0xC7, 0x39, 0xC7, 0x39, 0xA6, 0x31, 0x66, 0x31, 0x08, 0x42,
    0x45, 0x29, 0x65, 0x31, 0x65, 0x29, 0x65, 0x29, 0x65, 0x29, 0x65, 0x29, 0xA6, 0x31, 0x65, 0x29,
    0x45, 0x29, 0x65, 0x29, 0x65, 0x29, 0x65, 0x29, 0x65, 0x29, 0x65, 0x29, 0x86, 0x31, 0xC7, 0x39,
    0xA7, 0x39, 0x49, 0x4A, 0xE7, 0x41, 0x86, 0x31, 0xA7, 0x39, 0xC7, 0x39, 0xE7, 0x41, 0x86, 0x31,
    0x86, 0x31, 0x86, 0x31, 0x66, 0x31, 0x86, 0x31, 0xA6, 0x39, 0x86, 0x31, 0x86, 0x31, 0xC7, 0x39,
    0xA6, 0x39, 0x86, 0x31, 0xA6, 0x39, 0xE7, 0x41, 0xC6, 0x39, 0x08, 0x42, 0x08, 0x42, 0xE7, 0x41,
    0x28, 0x4A, 0x69, 0x52, 0xE7, 0x41, 0x65, 0x31, 0x86, 0x39, 0x07, 0x42, 0x08, 0x4A, 0x28, 0x4A,
    0x28, 0x4A, 0xE7, 0x41, 0x69, 0x5A, 0x89, 0x5A, 0x07, 0x4A, 0xAA, 0x5A, 0x89, 0x5A, 0xCA, 0x5A,
    0x0B, 0x63, 0x0C, 0x6B, 0x69, 0x52, 0x07, 0x42, 0x08, 0x4A, 0x28, 0x52, 0x28, 0x52, 0x48, 0x52,
    0x69, 0x5A, 0xAA, 0x62, 0xCB, 0x62, 0xCA, 0x62, 0xCB, 0x62, 0xEB, 0x62, 0x89, 0x5A, 0x89, 0x5A,
    0xAA, 0x5A, 0xAA, 0x5A, 0xCB, 0x62, 0xEB, 0x62, 0x0B, 0x6B, 0x0B, 0x6B, 0x0C, 0x6B, 0x2C, 0x6B,
    0x0C, 0x6B, 0x2C, 0x6B, 0x2C, 0x6B, 0x2C, 0x6B, 0x2C, 0x6B, 0xEB, 0x5A, 0xCB, 0x5A, 0x0C, 0x63,
    0x4D, 0x6B, 0x2C, 0x63, 0x8A, 0x52, 0x49, 0x4A, 0xE7, 0x39, 0xE7, 0x41, 0x07, 0x42, 0x48, 0x4A,
    0x89, 0x52, 0x0B, 0x63, 0x0C, 0x63, 0x2C, 0x63, 0x4D, 0x6B, 0xEB, 0x5A, 0x69, 0x4A, 0xCB, 0x5A,
    0x6D, 0x6B, 0x6D, 0x6B, 0x6D, 0x6B, 0x6D, 0x6B, 0x6D, 0x6B, 0x6D, 0x6B, 0x4D, 0x63, 0x0C, 0x5B,
    0x2C, 0x63, 0x2C, 0x63, 0x6D, 0x6B, 0x4D, 0x63, 0x4D, 0x63, 0x4D, 0x63, 0x6D, 0x6B, 0x4D, 0x63,
    0x2C, 0x63, 0x2C, 0x63, 0xCB, 0x52, 0x28, 0x42, 0x48, 0x42, 0x69, 0x4A, 0x49, 0x4A, 0x28, 0x42,
    0xAA, 0x52, 0xAA, 0x52, 0xAA, 0x52, 0x69, 0x52, 0xC7, 0x39, 0x08, 0x42, 0xC7, 0x39, 0xC7, 0x39,
    0xC7, 0x39, 0xC7, 0x39, 0xC7, 0x39, 0xA6, 0x31, 0xA6, 0x31, 0xA6, 0x31, 0xA6, 0x31, 0xA6, 0x31,
    0x86, 0x31, 0x86, 0x31, 0x86, 0x31, 0x86, 0x31, 0x86, 0x31, 0x86, 0x31, 0x86, 0x31, 0x65, 0x29,
    0x65, 0x29, 0x65, 0x29, 0x65, 0x29, 0x65, 0x29, 0x65, 0x29, 0x65, 0x29, 0x65, 0x29, 0x65, 0x29,
    0x65, 0x29, 0x65, 0x29, 0x65, 0x29, 0x65, 0x29, 0x65, 0x29, 0x65, 0x29, 0x65, 0x29, 0x65, 0x29,
    0x65, 0x29, 0x65, 0x29, 0x65, 0x29, 0x65, 0x29, 0x65, 0x29, 0x65, 0x29, 0x65, 0x29, 0x65, 0x29,
    0x65, 0x29, 0x65, 0x29, 0x65, 0x29, 0x66, 0x29, 0x65, 0x29, 0xC7, 0x39, 0xE7, 0x39, 0x86, 0x31,
    0xE7, 0x39, 0xA7, 0x39, 0x65, 0x31, 0x86, 0x31, 0x86, 0x31, 0x86, 0x31, 0xA6, 0x31, 0x86, 0x31,
    0x86, 0x31, 0x86, 0x31, 0x86, 0x31, 0x86, 0x31, 0x86, 0x31, 0x66, 0x31, 0x66, 0x31, 0x86, 0x31,
    0x86, 0x31, 0x86, 0x31, 0x86, 0x31, 0x86, 0x31, 0x86, 0x31, 0x86, 0x31, 0x86, 0x31, 0xA6, 0x39,
    0xA6, 0x39, 0xA6, 0x39, 0xA6, 0x39, 0xA6, 0x39, 0xA6, 0x39, 0xA6, 0x39, 0xA6, 0x39, 0xA6, 0x39,
    0xA6, 0x39, 0x86, 0x31, 0xA6, 0x39, 0xA6, 0x39, 0xC6, 0x39, 0xE7, 0x41, 0xE7, 0x41, 0xE7, 0x41,
    0xE7, 0x41, 0x07, 0x4A, 0x08, 0x4A, 0xE8, 0x49, 0x08, 0x4A, 0x08, 0x4A, 0x08, 0x4A, 0x28, 0x52,
    0x48, 0x52, 0x48, 0x52, 0x48, 0x52, 0x48, 0x52, 0x48, 0x5A, 0x69, 0x62, 0xA9, 0x62, 0xCA, 0x6A,
    0xCA, 0x72, 0xCA, 0x72, 0xCA, 0x72, 0xCA, 0x72, 0xEA, 0x72, 0xEA, 0x7A, 0xEA, 0x7A, 0xEA, 0x7A,
    0xEA, 0x7A, 0xEB, 0x7A, 0x0B, 0x7B, 0x0A, 0x7B, 0x0B, 0x7B, 0x2B, 0x83, 0x2B, 0x83, 0x2B, 0x83,
    0x2B, 0x83, 0x2B, 0x83, 0x2B, 0x83, 0x2B, 0x83, 0x2B, 0x83, 0x2B, 0x83, 0x2B, 0x7B, 0x2B, 0x7B,
    0x0B, 0x7B, 0x0B, 0x73, 0xCA, 0x72, 0xAA, 0x6A, 0x89, 0x62, 0x69, 0x5A, 0x69, 0x5A, 0x48, 0x5A,
    0x48, 0x5A, 0x48, 0x5A, 0x48, 0x5A, 0x48, 0x5A, 0x48, 0x5A, 0x48, 0x5A, 0xEB, 0x6A, 0xEB, 0x6A,
    0x28, 0x52, 0x69, 0x52, 0x89, 0x5A, 0xA6, 0x39, 0x65, 0x29, 0x65, 0x29, 0x65, 0x29, 0x65, 0x29,
    0x65, 0x29, 0x65, 0x29, 0x65, 0x29, 0x65, 0x29, 0x65, 0x29, 0x65, 0x29, 0x65, 0x29, 0x65, 0x29,
    0x65, 0x29, 0x65, 0x29, 0x65, 0x29, 0x65, 0x29, 0x65, 0x29, 0x65, 0x29, 0x65, 0x29, 0x65, 0x29,
    0x65, 0x29, 0x65, 0x29, 0x65, 0x29, 0x65, 0x29, 0x65, 0x29, 0x86, 0x31, 0xA7, 0x31, 0xE7, 0x39,
    0xA6, 0x39, 0x66, 0x31, 0x86, 0x31, 0xA7, 0x39, 0xC7, 0x39, 0xC7, 0x39, 0xE7, 0x39, 0x08, 0x42,
    0x65, 0x29, 0x65, 0x31, 0x65, 0x29, 0x65, 0x29, 0x65, 0x29, 0x65, 0x29, 0x86, 0x31, 0xA6, 0x31,
    0x65, 0x29, 0x65, 0x29, 0x65, 0x29, 0x65, 0x29, 0x65, 0x29, 0x65, 0x29, 0x66, 0x31, 0xC7, 0x39,
    0xA6, 0x39, 0x28, 0x4A, 0x08, 0x42, 0x86, 0x31, 0xA6, 0x39, 0xC7, 0x39, 0xE7, 0x41, 0x86, 0x31,
    0x86, 0x31, 0x86, 0x31, 0x86, 0x31, 0x86, 0x31, 0x86, 0x31, 0xA7, 0x39, 0xA6, 0x39, 0xC7, 0x39,
    0x86, 0x31, 0xA6, 0x39, 0xA6, 0x39, 0xE7, 0x41, 0xC7, 0x39, 0x07, 0x42, 0x08, 0x42, 0xE7, 0x41,
    0x28, 0x4A, 0x69, 0x52, 0x08, 0x42, 0x86, 0x31, 0xA6, 0x39, 0xE7, 0x41, 0x28, 0x4A, 0x48, 0x4A,
    0x07, 0x42, 0xE7, 0x41, 0x69, 0x5A, 0x69, 0x52, 0x07, 0x4A, 0x8A, 0x5A, 0x69, 0x52, 0xAA, 0x5A,
    0xEB, 0x62, 0x0C, 0x6B, 0x48, 0x52, 0xE7, 0x41, 0x08, 0x4A, 0x28, 0x4A, 0x28, 0x52, 0x49, 0x52,
    0x8A, 0x5A, 0xCA, 0x62, 0xAA, 0x62, 0xAA, 0x5A, 0xCB, 0x62, 0xCB, 0x62, 0x69, 0x52, 0xAA, 0x5A,
    0x8A, 0x5A, 0xCA, 0x62, 0xEB, 0x62, 0xEB, 0x62, 0x0B, 0x6B, 0x0C, 0x6B, 0x0C, 0x6B, 0x2C, 0x6B,
    0x0C, 0x6B, 0x2C, 0x6B, 0x2C, 0x6B, 0x2C, 0x6B, 0x0B, 0x63, 0xCA, 0x5A, 0xEB, 0x62, 0x2C, 0x6B,
    0x2C, 0x6B, 0xCB, 0x5A, 0x69, 0x52, 0xE7, 0x41, 0xE7, 0x41, 0xE7, 0x41, 0x28, 0x42, 0x69, 0x4A,
    0xEB, 0x5A, 0x0C, 0x63, 0x2C, 0x63, 0x4D, 0x6B, 0xEB, 0x5A, 0x69, 0x4A, 0xAA, 0x52, 0xEB, 0x5A,
    0x6D, 0x6B, 0x6D, 0x6B, 0x6D, 0x6B, 0x6D, 0x6B, 0x6D, 0x6B, 0x6D, 0x6B, 0x6D, 0x6B, 0x0C, 0x5B,
    0x2C, 0x63, 0x0C, 0x5B, 0x4D, 0x63, 0x6D, 0x6B, 0x4D, 0x6B, 0x4D, 0x6B, 0x6D, 0x6B, 0x6D, 0x6B,
    0x2C, 0x63, 0x4D, 0x63, 0xEB, 0x5A, 0x49, 0x4A, 0x28, 0x42, 0x69, 0x4A, 0x8A, 0x4A, 0x28, 0x42,
    0xAA, 0x52, 0xEB, 0x5A, 0xEB, 0x5A, 0xCB, 0x5A, 0x28, 0x42, 0x07, 0x3A, 0xE7, 0x39, 0xC7, 0x39,
    0xE7, 0x39, 0xE7, 0x39, 0xC7, 0x39, 0xC7, 0x39, 0xA6, 0x31, 0xA6, 0x31, 0xA6, 0x31, 0xA6, 0x31,
    0x86, 0x31, 0xA6, 0x31, 0x86, 0x31, 0x86, 0x31, 0x86, 0x31, 0x86, 0x31, 0x86, 0x31, 0x86, 0x31,
    0x65, 0x29, 0x65, 0x29, 0x65, 0x29, 0x65, 0x29, 0x65, 0x29, 0x65, 0x29, 0x65, 0x29, 0x65, 0x29,
    0x65, 0x29, 0x65, 0x29, 0x65, 0x29, 0x65, 0x29, 0x65, 0x29, 0x65, 0x29, 0x65, 0x29, 0x65, 0x29,
    0x65, 0x29, 0x65, 0x29, 0x65, 0x29, 0x65, 0x29, 0x65, 0x29, 0x65, 0x29, 0x65, 0x29, 0x65, 0x29,
    0x85, 0x31, 0x65, 0x29, 0x65, 0x29, 0x65, 0x29, 0x65, 0x29, 0xA6, 0x31, 0xE7, 0x39, 0x86, 0x31,
    0xC7, 0x39, 0xA6, 0x39, 0x66, 0x31, 0x86, 0x31, 0x86, 0x31, 0x86, 0x31, 0x86, 0x31, 0x86, 0x31,
    0x86, 0x31, 0x86, 0x31, 0x86, 0x31, 0x86, 0x31, 0x86, 0x31, 0x86, 0x31, 0x86, 0x31, 0x86, 0x31,
    0x86, 0x31, 0x86, 0x31, 0x86, 0x31, 0x86, 0x31, 0x86, 0x31, 0x86, 0x31, 0x86, 0x31, 0xA6, 0x39,
    0xA6, 0x39, 0xA6, 0x39, 0xA6, 0x39, 0xA6, 0x39, 0xA6, 0x39, 0xA6, 0x39, 0xA6, 0x39, 0xA6, 0x39,
    0xA6, 0x39, 0xA6, 0x39, 0xA6, 0x39, 0xA6, 0x39, 0xC7, 0x39, 0xC7, 0x41, 0xE7, 0x41, 0xE7, 0x41,
    0xE7, 0x49, 0xE7, 0x49, 0xE7, 0x49, 0xE8, 0x49, 0x08, 0x4A, 0x08, 0x4A, 0x08, 0x52, 0x28, 0x52,
    0x28, 0x52, 0x28, 0x52, 0x28, 0x52, 0x48, 0x52, 0x48, 0x52, 0x48, 0x52, 0x48, 0x5A, 0x69, 0x5A,
    0x89, 0x62, 0xAA, 0x6A, 0xCA, 0x72, 0xEA, 0x72, 0xEA, 0x7A, 0xEA, 0x7A, 0xEB, 0x7A, 0xEB, 0x7A,
    0x0B, 0x7B, 0x0B, 0x7B, 0x0B, 0x7B, 0x0B, 0x7B, 0x0B, 0x7B, 0x0B, 0x83, 0x0B, 0x83, 0x2B, 0x83,
    0x0B, 0x83, 0x0B, 0x83, 0x0B, 0x7B, 0x0B, 0x7B, 0xEA, 0x7A, 0xEA, 0x72, 0xCA, 0x6A, 0xAA, 0x6A,
    0xAA, 0x6A, 0x89, 0x62, 0x89, 0x62, 0x89, 0x5A, 0x89, 0x5A, 0x69, 0x5A, 0x69, 0x5A, 0x69, 0x5A,
    0x69, 0x5A, 0x48, 0x5A, 0x68, 0x5A, 0x48, 0x5A, 0x69, 0x5A, 0x4C, 0x73, 0x4C, 0x73, 0x49, 0x52,
    0x48, 0x52, 0x8A, 0x5A, 0x48, 0x52, 0x65, 0x31, 0x66, 0x29, 0x66, 0x29, 0x65, 0x29, 0x65, 0x29,
    0x65, 0x29, 0x65, 0x29, 0x65, 0x29, 0x65, 0x29, 0x65, 0x29, 0x65, 0x29, 0x65, 0x29, 0x45, 0x29,
    0x65, 0x29, 0x65, 0x29, 0x65, 0x29, 0x65, 0x29, 0x65, 0x29, 0x65, 0x29, 0x65, 0x29, 0x65, 0x29,
    0x65, 0x29, 0x65, 0x29, 0x65, 0x29, 0x65, 0x29, 0x65, 0x29, 0x86, 0x31, 0xA6, 0x31, 0x86, 0x31,
    0xE7, 0x39, 0xC7, 0x39, 0x66, 0x31, 0x86, 0x31, 0xA6, 0x31, 0xA6, 0x39, 0xC7, 0x39, 0x28, 0x42,
    0x86, 0x31, 0x86, 0x31, 0x65, 0x29, 0x65, 0x29, 0x65, 0x29, 0x65, 0x29, 0x65, 0x29, 0x86, 0x31,
    0xA6, 0x31, 0x65, 0x29, 0x65, 0x29, 0x65, 0x29, 0x65, 0x29, 0x65, 0x29, 0x66, 0x31, 0xC7, 0x39,
    0xA6, 0x39, 0x08, 0x42, 0x08, 0x42, 0x86, 0x31, 0x86, 0x31, 0xC7, 0x39, 0xE7, 0x41, 0x86, 0x31,
    0x66, 0x31, 0x86, 0x31, 0x86, 0x31, 0x86, 0x31, 0x86, 0x31, 0x86, 0x31, 0xE7, 0x41, 0xC6, 0x39,
    0x86, 0x31, 0xA6, 0x39, 0x86, 0x39, 0xC7, 0x39, 0xC7, 0x39, 0xE7, 0x41, 0x28, 0x4A, 0xE7, 0x41,
    0x08, 0x4A, 0x49, 0x52, 0x28, 0x4A, 0x86, 0x31, 0xC7, 0x39, 0xE7, 0x41, 0x28, 0x4A, 0x28, 0x4A,
    0xC7, 0x41, 0x07, 0x4A, 0x69, 0x52, 0x69, 0x52, 0x07, 0x42, 0xAA, 0x5A, 0x69, 0x52, 0xAA, 0x5A,
    0xEB, 0x62, 0xEB, 0x62, 0x08, 0x4A, 0x07, 0x42, 0x28, 0x4A, 0x28, 0x4A, 0x28, 0x4A, 0x49, 0x52,
    0xAA, 0x5A, 0xAA, 0x62, 0xAA, 0x5A, 0xAA, 0x5A, 0xCA, 0x62, 0x8A, 0x5A, 0x69, 0x52, 0x8A, 0x5A,
    0xAA, 0x5A, 0xCB, 0x62, 0xEB, 0x62, 0x0B, 0x63, 0x0C, 0x6B, 0x0C, 0x6B, 0x2C, 0x6B, 0x2C, 0x6B,
    0x2C, 0x6B, 0x2C, 0x6B, 0x2C, 0x6B, 0x0C, 0x6B, 0xCB, 0x5A, 0xCB, 0x5A, 0x0C, 0x63, 0x4D, 0x6B,
    0xEB, 0x62, 0x69, 0x52, 0x07, 0x42, 0xE7, 0x41, 0xE7, 0x41, 0x07, 0x42, 0x69, 0x4A, 0xCB, 0x5A,
    0x0C, 0x63, 0x2C, 0x63, 0x4C, 0x6B, 0xEB, 0x5A, 0x69, 0x4A, 0xAA, 0x52, 0xEC, 0x5A, 0xCB, 0x5A,
    0x6D, 0x6B, 0x6D, 0x6B, 0x6D, 0x6B, 0x6D, 0x6B, 0x6D, 0x6B, 0x6D, 0x6B, 0x6D, 0x6B, 0x4D, 0x63,
    0x0C, 0x63, 0x0C, 0x63, 0x0C, 0x63, 0x4D, 0x6B, 0x4D, 0x6B, 0x4D, 0x6B, 0x6D, 0x6B, 0x6D, 0x6B,
    0x4C, 0x63, 0x4C, 0x63, 0x2C, 0x63, 0x89, 0x4A, 0x28, 0x42, 0x69, 0x4A, 0x8A, 0x52, 0x49, 0x4A,
    0x8A, 0x4A, 0x0C, 0x5B, 0x2C, 0x63, 0x2C, 0x63, 0xAA, 0x52, 0xE7, 0x39, 0x08, 0x42, 0xC7, 0x39,
    0xE7, 0x39, 0xC7, 0x39, 0xC7, 0x39, 0xC7, 0x39, 0xC7, 0x39, 0xC7, 0x39, 0xA7, 0x39, 0xA6, 0x31,
    0xA6, 0x31, 0xA6, 0x31, 0xA6, 0x31, 0x86, 0x31, 0x86, 0x31, 0x86, 0x31, 0x86, 0x31, 0x86, 0x31,
    0x65, 0x29, 0x65, 0x29, 0x65, 0x29, 0x65, 0x29, 0x65, 0x29, 0x65, 0x29, 0x65, 0x29, 0x65, 0x29,
    0x65, 0x29, 0x65, 0x29, 0x65, 0x29, 0x65, 0x29, 0x65, 0x29, 0x65, 0x29, 0x65, 0x29, 0x65, 0x29,
    0x65, 0x29, 0x65, 0x29, 0x65, 0x29, 0x65, 0x29, 0x65, 0x29, 0x65, 0x29, 0x65, 0x29, 0x65, 0x29,
    0x65, 0x29, 0x65, 0x29, 0x65, 0x29, 0x65, 0x29, 0x65, 0x29, 0xA6, 0x31, 0xE7, 0x39, 0x86, 0x31,
    0xC7, 0x39, 0xC7, 0x39, 0x86, 0x31, 0x86, 0x31, 0x86, 0x31, 0x86, 0x31, 0x86, 0x31, 0x86, 0x31,
    0x86, 0x31, 0x86, 0x31, 0x86, 0x31, 0x86, 0x31, 0x86, 0x31, 0x86, 0x31, 0x86, 0x31, 0x86, 0x31,
    0x86, 0x31, 0x86, 0x31, 0x86, 0x31, 0x86, 0x31, 0x86, 0x31, 0x86, 0x31, 0x86, 0x31, 0xA6, 0x39,
    0xA6, 0x39, 0xA6, 0x39, 0xA6, 0x39, 0xA6, 0x39, 0xA6, 0x39, 0xA6, 0x39, 0xA6, 0x39, 0xA6, 0x39,
    0xA6, 0x39, 0xA6, 0x39, 0xA6, 0x39, 0xA6, 0x39, 0xC7, 0x39, 0xC7, 0x41, 0xE7, 0x41, 0xE7, 0x41,
    0xE7, 0x49, 0xE7, 0x49, 0xE7, 0x49, 0xE7, 0x49, 0x08, 0x4A, 0x08, 0x4A, 0x08, 0x52, 0x28, 0x52,
    0x28, 0x52, 0x28, 0x52, 0x28, 0x52, 0x48, 0x52, 0x48, 0x52, 0x48, 0x52, 0x48, 0x52, 0x48, 0x5A,
    0x48, 0x5A, 0x69, 0x5A, 0x89, 0x62, 0xA9, 0x62, 0xA9, 0x6A, 0xCA, 0x6A, 0xCA, 0x72, 0xEA, 0x72,
    0xEA, 0x72, 0xEA, 0x72, 0xEA, 0x72, 0xEA, 0x72, 0xEA, 0x72, 0xEA, 0x72, 0xEA, 0x72, 0xEA, 0x72,
    0xCA, 0x72, 0xCA, 0x6A, 0xCA, 0x6A, 0xA9, 0x6A, 0xA9, 0x62, 0x89, 0x62, 0x89, 0x62, 0x89, 0x62,
    0x89, 0x62, 0x89, 0x62, 0x89, 0x62, 0x89, 0x62, 0x89, 0x5A, 0x89, 0x5A, 0x69, 0x5A, 0x69, 0x5A,
    0x69, 0x5A, 0x69, 0x5A, 0x48, 0x5A, 0xA9, 0x62, 0x8D, 0x7B, 0x8D, 0x83, 0xAA, 0x5A, 0x49, 0x52,
    0x89, 0x5A, 0x8A, 0x5A, 0xE7, 0x41, 0x65, 0x29, 0x66, 0x29, 0x66, 0x29, 0x65, 0x29, 0x65, 0x29,
    0x65, 0x29, 0x65, 0x29, 0x65, 0x29, 0x65, 0x29, 0x65, 0x29, 0x65, 0x29, 0x65, 0x29, 0x65, 0x29,
    0x65, 0x29, 0x65, 0x29, 0x65, 0x29, 0x65, 0x29, 0x65, 0x29, 0x65, 0x29, 0x65, 0x29, 0x65, 0x29,
    0x65, 0x29, 0x65, 0x29, 0x65, 0x29, 0x65, 0x29, 0x65, 0x29, 0x65, 0x29, 0xA6, 0x31, 0xA6, 0x31,
    0x65, 0x31, 0xC7, 0x39, 0xE7, 0x39, 0x86, 0x31, 0x65, 0x31, 0x86, 0x31, 0xA6, 0x39, 0x28, 0x42,
    0xE7, 0x39, 0xA6, 0x31, 0x86, 0x31, 0x86, 0x31, 0x66, 0x31, 0x65, 0x31, 0x65, 0x29, 0x65, 0x29,
    0xA6, 0x31, 0xA6, 0x31, 0x65, 0x29, 0x65, 0x29, 0x65, 0x29, 0x65, 0x29, 0x66, 0x31, 0xA7, 0x39,
    0xA6, 0x39, 0xE7, 0x41, 0x08, 0x42, 0x86, 0x31, 0x86, 0x31, 0xA7, 0x39, 0xE7, 0x41, 0x86, 0x31,
    0x66, 0x31, 0x86, 0x31, 0x86, 0x31, 0x86, 0x39, 0x86, 0x39, 0xA6, 0x39, 0xE7, 0x41, 0x86, 0x31,
    0xA6, 0x31, 0xA6, 0x39, 0x86, 0x39, 0xA6, 0x39, 0xC7, 0x39, 0xE7, 0x41, 0x08, 0x42, 0xE7, 0x41,
    0x07, 0x42, 0x48, 0x52, 0x28, 0x4A, 0xA6, 0x39, 0xC7, 0x41, 0x08, 0x4A, 0x49, 0x4A, 0x08, 0x42,
    0xC6, 0x41, 0x08, 0x4A, 0x69, 0x52, 0x48, 0x4A, 0x08, 0x42, 0x89, 0x5A, 0x69, 0x52, 0xAA, 0x5A,
    0xCB, 0x62, 0x8A, 0x5A, 0xE7, 0x41, 0x07, 0x42, 0x28, 0x4A, 0x28, 0x4A, 0x28, 0x52, 0x69, 0x52,
    0xAA, 0x62, 0xAA, 0x5A, 0xAA, 0x5A, 0x8A, 0x5A, 0xAA, 0x5A, 0x49, 0x52, 0x49, 0x52, 0xAA, 0x5A,
    0xCB, 0x62, 0xCA, 0x62, 0xEB, 0x62, 0x0B, 0x63, 0x0C, 0x6B, 0x2C, 0x6B, 0x2C, 0x6B, 0x2C, 0x6B,
    0x2C, 0x6B, 0x2C, 0x6B, 0x2C, 0x6B, 0xCB, 0x62, 0xAA, 0x5A, 0xEB, 0x62, 0x4C, 0x6B, 0x2C, 0x6B,
    0x8A, 0x52, 0x08, 0x42, 0xE7, 0x41, 0xE7, 0x41, 0x07, 0x42, 0x49, 0x4A, 0xCB, 0x5A, 0x0C, 0x63,
    0x2C, 0x63, 0x4C, 0x6B, 0xEB, 0x5A, 0x69, 0x4A, 0xCB, 0x52, 0xEC, 0x5A, 0xEB, 0x5A, 0x4D, 0x63,
    0x6D, 0x6B, 0x6D, 0x6B, 0x6D, 0x6B, 0x6D, 0x6B, 0x6D, 0x6B, 0x6D, 0x6B, 0x6D, 0x6B, 0x6D, 0x6B,
    0x2C, 0x63, 0x0C, 0x63, 0x0C, 0x63, 0x2D, 0x63, 0x6D, 0x6B, 0x4D, 0x6B, 0x6D, 0x6B, 0x6D, 0x6B,
    0x4D, 0x63, 0x4C, 0x63, 0x2C, 0x63, 0xCA, 0x52, 0x28, 0x42, 0x49, 0x4A, 0x8A, 0x52, 0x69, 0x4A,
    0x69, 0x4A, 0xEB, 0x5A, 0x2C, 0x63, 0x2C, 0x63, 0x0C, 0x5B, 0x48, 0x42, 0x08, 0x42, 0x07, 0x3A,
    0xC7, 0x39, 0xC7, 0x39, 0xC7, 0x39, 0xC7, 0x39, 0xC7, 0x39, 0xC7, 0x39, 0xC7, 0x39, 0xA6, 0x39,
    0xA6, 0x31, 0xA6, 0x31, 0xA6, 0x31, 0xA6, 0x31, 0x86, 0x31, 0x86, 0x31, 0x86, 0x31, 0x86, 0x31,
    0x86, 0x31, 0x65, 0x29, 0x65, 0x29, 0x65, 0x29, 0x65, 0x29, 0x65, 0x29, 0x65, 0x29, 0x65, 0x29,
    0x65, 0x29, 0x65, 0x29, 0x65, 0x29, 0x65, 0x29, 0x65, 0x29, 0x65, 0x29, 0x65, 0x29, 0x65, 0x29,
    0x65, 0x29, 0x65, 0x29, 0x65, 0x29, 0x65, 0x29, 0x65, 0x29, 0x65, 0x29, 0x65, 0x29, 0x65, 0x29,
    0x65, 0x29, 0x65, 0x29, 0x65, 0x29, 0x65, 0x29, 0x65, 0x29, 0x86, 0x31, 0xC7, 0x39, 0xA6, 0x31,
    0xC7, 0x39, 0xC7, 0x39, 0x86, 0x31, 0x86, 0x31, 0x86, 0x31, 0x86, 0x31, 0x86, 0x31, 0x86, 0x31,
    0x86, 0x31, 0x86, 0x31, 0x86, 0x31, 0x86, 0x31, 0x86, 0x31, 0x86, 0x31, 0x86, 0x31, 0x86, 0x31,
    0x86, 0x31, 0x86, 0x31, 0x86, 0x31, 0x86, 0x31, 0x86, 0x31, 0xA6, 0x39, 0xA6, 0x39, 0xA6, 0x39,
    0xA6, 0x39, 0xA6, 0x39, 0xA6, 0x39, 0xA6, 0x39, 0xA6, 0x39, 0xA6, 0x39, 0xA6, 0x39, 0xA6, 0x39,
    0xA6, 0x39, 0xA6, 0x39, 0xA6, 0x39, 0xA6, 0x39, 0xC7, 0x39, 0xC7, 0x41, 0xE7, 0x41, 0xE7, 0x41,
    0xE7, 0x41, 0xE7, 0x49, 0x07, 0x4A, 0x07, 0x4A, 0x08, 0x4A, 0x08, 0x4A, 0x08, 0x4A, 0x28, 0x52,
    0x28, 0x52, 0x28, 0x52, 0x28, 0x52, 0x28, 0x52, 0x48, 0x52, 0x48, 0x52, 0x48, 0x5A, 0x49, 0x5A,
    0x69, 0x5A, 0x69, 0x5A, 0x89, 0x5A, 0x89, 0x5A, 0x89, 0x5A, 0x89, 0x5A, 0x89, 0x62, 0x89, 0x62,
    0x89, 0x62, 0xA9, 0x62, 0xA9, 0x6A, 0xA9, 0x6A, 0xA9, 0x6A, 0xA9, 0x6A, 0xA9, 0x62, 0xA9, 0x62,
    0xA9, 0x62, 0xA9, 0x62, 0xA9, 0x62, 0xA9, 0x62, 0xA9, 0x62, 0xA9, 0x62, 0xA9, 0x62, 0xA9, 0x62,
    0x89, 0x62, 0x89, 0x62, 0x89, 0x62, 0x89, 0x62, 0x89, 0x62, 0x89, 0x62, 0x89, 0x62, 0x89, 0x62,
    0x69, 0x5A, 0x89, 0x62, 0x0B, 0x73, 0xCE, 0x8B, 0xCE, 0x8B, 0xEB, 0x6A, 0x69, 0x5A, 0x69, 0x5A,
    0xAA, 0x62, 0x69, 0x5A, 0xA6, 0x39, 0x65, 0x29, 0x66, 0x29, 0x66, 0x29, 0x65, 0x29, 0x65, 0x29,
    0x65, 0x29, 0x65, 0x29, 0x65, 0x29, 0x65, 0x29, 0x65, 0x29, 0x65, 0x29, 0x65, 0x29, 0x65, 0x29,
    0x65, 0x29, 0x65, 0x29, 0x65, 0x29, 0x65, 0x29, 0x65, 0x29, 0x65, 0x29, 0x65, 0x29, 0x65, 0x29,
    0x65, 0x29, 0x65, 0x29, 0x65, 0x29, 0x65, 0x29, 0x65, 0x29, 0x65, 0x29, 0x65, 0x29, 0xC7, 0x39,
    0xA6, 0x31, 0x65, 0x29, 0xA6, 0x31, 0xE7, 0x41, 0xA6, 0x31, 0x65, 0x31, 0x86, 0x31, 0x08, 0x42,
    0xC7, 0x39, 0xC7, 0x39, 0xC7, 0x39, 0xA6, 0x31, 0x66, 0x31, 0x66, 0x31, 0x66, 0x31, 0x65, 0x31,
    0x65, 0x29, 0xA7, 0x39, 0x86, 0x31, 0x45, 0x29, 0x65, 0x29, 0x65, 0x29, 0x86, 0x31, 0xA6, 0x39,
    0xA6, 0x39, 0xE7, 0x41, 0x08, 0x42, 0x86, 0x31, 0x86, 0x31, 0xA7, 0x39, 0xE7, 0x41, 0xA6, 0x31,
    0x66, 0x31, 0x86, 0x31, 0x86, 0x31, 0x86, 0x39, 0xA6, 0x39, 0xE7, 0x41, 0xC7, 0x41, 0x65, 0x31,
    0xA6, 0x39, 0xA6, 0x39, 0x86, 0x31, 0xA6, 0x39, 0xA6, 0x39, 0xE7, 0x41, 0x08, 0x42, 0xE7, 0x41,
    0x07, 0x42, 0x48, 0x4A, 0x28, 0x4A, 0xA6, 0x39, 0xE7, 0x41, 0x28, 0x4A, 0x28, 0x4A, 0xC7, 0x41,
    0xC6, 0x39, 0x08, 0x4A, 0x69, 0x52, 0x48, 0x4A, 0x08, 0x4A, 0x69, 0x52, 0x49, 0x52, 0xAA, 0x5A,
    0xAA, 0x62, 0x49, 0x52, 0xE7, 0x41, 0x07, 0x42, 0x28, 0x4A, 0x28, 0x4A, 0x28, 0x52, 0x8A, 0x5A,
    0xAA, 0x5A, 0xAA, 0x5A, 0x8A, 0x5A, 0xAA, 0x5A, 0x89, 0x5A, 0x49, 0x52, 0x8A, 0x5A, 0xCB, 0x62,
    0xCA, 0x62, 0xCB, 0x62, 0xEB, 0x62, 0x0C, 0x6B, 0x2C, 0x6B, 0x2C, 0x6B, 0x2C, 0x6B, 0x2C, 0x6B,
    0x2C, 0x6B, 0x2C, 0x6B, 0xEB, 0x62, 0xAA, 0x5A, 0xCB, 0x5A, 0x2C, 0x6B, 0x2C, 0x6B, 0xAA, 0x5A,
    0x48, 0x4A, 0xE7, 0x41, 0xE7, 0x41, 0x08, 0x42, 0x49, 0x4A, 0xCB, 0x5A, 0x0C, 0x63, 0x2C, 0x63,
    0x4D, 0x63, 0xCB, 0x5A, 0x69, 0x4A, 0xCB, 0x52, 0x0C, 0x5B, 0xEB, 0x5A, 0x4D, 0x63, 0x6D, 0x63,
    0x6D, 0x6B, 0x6D, 0x6B, 0x6D, 0x6B, 0x6D, 0x6B, 0x6D, 0x6B, 0x6D, 0x6B, 0x6D, 0x6B, 0x6D, 0x6B,
    0x4D, 0x6B, 0x0C, 0x63, 0x0C, 0x63, 0x0C, 0x63, 0x4D, 0x6B, 0x4D, 0x6B, 0x6D, 0x6B, 0x6D, 0x6B,
    0x4D, 0x63, 0x2C, 0x63, 0x4D, 0x63, 0xEB, 0x5A, 0x28, 0x42, 0x28, 0x42, 0x69, 0x4A, 0x8A, 0x52,
    0x69, 0x4A, 0xCB, 0x52, 0x4D, 0x63, 0x4C, 0x63, 0x2C, 0x63, 0xCB, 0x5A, 0x08, 0x3A, 0x28, 0x42,
    0xC7, 0x39, 0xC7, 0x39, 0xC7, 0x39, 0xC7, 0x39, 0xC7, 0x39, 0xC7, 0x39, 0xC7, 0x39, 0xA7, 0x39,
    0xA6, 0x31, 0xA6, 0x31, 0xA6, 0x31, 0xA6, 0x31, 0xA6, 0x31, 0x86, 0x31, 0x86, 0x31, 0x86, 0x31,
    0x86, 0x31, 0x86, 0x31, 0x65, 0x29, 0x65, 0x29, 0x65, 0x29, 0x65, 0x29, 0x65, 0x29, 0x65, 0x29,
    0x65, 0x29, 0x65, 0x29, 0x65, 0x29, 0x65, 0x29, 0x65, 0x29, 0x65, 0x29, 0x65, 0x29, 0x65, 0x29,
    0x65, 0x29, 0x65, 0x29, 0x65, 0x29, 0x65, 0x29, 0x65, 0x29, 0x86, 0x31, 0x86, 0x31, 0x86, 0x31,
    0x65, 0x29, 0x65, 0x29, 0x65, 0x29, 0x65, 0x29, 0x65, 0x29, 0x86, 0x31, 0xC7, 0x39, 0x86, 0x31,
    0xC7, 0x39, 0xC7, 0x39, 0x86, 0x31, 0x86, 0x31, 0x86, 0x31, 0x86, 0x31, 0x86, 0x31, 0x86, 0x31,
    0x86, 0x31, 0x86, 0x31, 0x86, 0x31, 0x86, 0x31, 0x86, 0x31, 0x86, 0x31, 0x86, 0x31, 0x86, 0x31,
    0x86, 0x31, 0x86, 0x31, 0x86, 0x31, 0x86, 0x31, 0x86, 0x31, 0xA6, 0x39, 0xA6, 0x39, 0xA6, 0x39,
    0xA6, 0x39, 0xA6, 0x39, 0xA6, 0x39, 0xA6, 0x39, 0xA6, 0x39, 0xA6, 0x39, 0xA6, 0x39, 0xA6, 0x39,
    0xA6, 0x39, 0xA6, 0x39, 0xA6, 0x39, 0xA6, 0x39, 0xC7, 0x39, 0xC7, 0x41, 0xE7, 0x41, 0xE7, 0x41,
    0xE7, 0x41, 0xE7, 0x49, 0x08, 0x4A, 0x08, 0x4A, 0x08, 0x4A, 0x08, 0x4A, 0x08, 0x4A, 0x28, 0x4A,
    0x28, 0x52, 0x28, 0x52, 0x28, 0x52, 0x28, 0x52, 0x28, 0x52, 0x48, 0x52, 0x48, 0x52, 0x49, 0x5A,
    0x49, 0x5A, 0x69, 0x5A, 0x89, 0x5A, 0x89, 0x5A, 0x89, 0x62, 0x89, 0x62, 0x89, 0x62, 0x89, 0x62,
    0xA9, 0x62, 0xA9, 0x62, 0xA9, 0x62, 0xA9, 0x62, 0xA9, 0x62, 0xA9, 0x62, 0xA9, 0x6A, 0xA9, 0x62,
    0xA9, 0x62, 0xA9, 0x62, 0xA9, 0x62, 0xA9, 0x62, 0xA9, 0x62, 0xA9, 0x62, 0xA9, 0x62, 0xA9, 0x62,
    0x89, 0x62, 0xA9, 0x62, 0x89, 0x62, 0x89, 0x62, 0x89, 0x62, 0x89, 0x62, 0x89, 0x62, 0x89, 0x62,
    0xCA, 0x6A, 0x6C, 0x7B, 0xEE, 0x93, 0xEE, 0x93, 0x4C, 0x7B, 0x89, 0x5A, 0x69, 0x52, 0xAA, 0x62,
    0xAA, 0x62, 0x48, 0x52, 0x85, 0x31, 0x65, 0x29, 0x66, 0x29, 0x66, 0x29, 0x65, 0x29, 0x65, 0x29,
    0x65, 0x29, 0x65, 0x29, 0x65, 0x29, 0x65, 0x29, 0x65, 0x29, 0x65, 0x29, 0x65, 0x29, 0x65, 0x29,
    0x65, 0x29, 0x65, 0x29, 0x65, 0x29, 0x65, 0x29, 0x65, 0x29, 0x45, 0x29, 0x65, 0x29, 0x65, 0x29,
    0x65, 0x29, 0x65, 0x29, 0x65, 0x29, 0x65, 0x29, 0x65, 0x29, 0x65, 0x29, 0x65, 0x29, 0x65, 0x29,
    0xC7, 0x39, 0xA6, 0x31, 0x66, 0x31, 0x86, 0x31, 0xE7, 0x39, 0xC7, 0x39, 0x86, 0x31, 0x08, 0x42,
    0xA6, 0x31, 0xA6, 0x39, 0xC7, 0x39, 0xC7, 0x39, 0xA6, 0x39, 0x86, 0x31, 0x86, 0x31, 0x65, 0x31,
    0x65, 0x31, 0x65, 0x31, 0xA7, 0x39, 0x86, 0x31, 0x65, 0x29, 0x65, 0x31, 0x66, 0x31, 0xA6, 0x39,
    0x86, 0x39, 0xE7, 0x41, 0x08, 0x42, 0x86, 0x31, 0x86, 0x31, 0xA6, 0x39, 0xE7, 0x41, 0xA6, 0x39,
    0x86, 0x31, 0x86, 0x31, 0x86, 0x31, 0xA6, 0x39, 0xA6, 0x39, 0x08, 0x42, 0xA6, 0x39, 0x85, 0x31,
    0xC6, 0x39, 0x86, 0x39, 0x86, 0x31, 0xA6, 0x39, 0xC7, 0x39, 0xE7, 0x41, 0x07, 0x42, 0xE7, 0x41,
    0x07, 0x42, 0x48, 0x4A, 0x28, 0x4A, 0xA6, 0x39, 0x08, 0x42, 0x49, 0x4A, 0x28, 0x4A, 0xA6, 0x39,
    0xC6, 0x39, 0x28, 0x4A, 0x49, 0x52, 0x48, 0x4A, 0x28, 0x4A, 0x69, 0x52, 0x49, 0x52, 0xAA, 0x5A,
    0x8A, 0x5A, 0x08, 0x4A, 0xE7, 0x41, 0x08, 0x4A, 0x48, 0x4A, 0x48, 0x4A, 0x49, 0x52, 0xAA, 0x5A,
    0x8A, 0x5A, 0x8A, 0x5A, 0x8A, 0x5A, 0x8A, 0x5A, 0x48, 0x52, 0x8A, 0x5A, 0xCB, 0x62, 0xCB, 0x62,
    0xAA, 0x5A, 0xCB, 0x62, 0x0B, 0x6B, 0x0C, 0x6B, 0x2C, 0x6B, 0x2C, 0x6B, 0x2C, 0x6B, 0x2C, 0x6B,
    0x2C, 0x6B, 0x0B, 0x63, 0xAA, 0x5A, 0xCB, 0x5A, 0x0C, 0x63, 0x4D, 0x6B, 0xCB, 0x5A, 0x49, 0x4A,
    0x07, 0x42, 0xE7, 0x41, 0x08, 0x42, 0x49, 0x4A, 0xCB, 0x5A, 0xEB, 0x5A, 0x2C, 0x63, 0x2C, 0x63,
    0xAA, 0x52, 0x69, 0x4A, 0xCB, 0x5A, 0x0B, 0x5B, 0xEB, 0x5A, 0x6D, 0x63, 0x6D, 0x63, 0x6D, 0x63,
    0x6D, 0x6B, 0x6D, 0x6B, 0x6D, 0x6B, 0x6D, 0x6B, 0x6D, 0x6B, 0x6D, 0x6B, 0x6D, 0x6B, 0x6D, 0x6B,
    0x6D, 0x6B, 0x4D, 0x63, 0x2C, 0x63, 0x0C, 0x63, 0x0C, 0x63, 0x6D, 0x6B, 0x6D, 0x6B, 0x6D, 0x6B,
    0x6D, 0x6B, 0x2C, 0x63, 0x4C, 0x63, 0x0C, 0x63, 0x69, 0x4A, 0x08, 0x42, 0x49, 0x4A, 0x69, 0x4A,
    0x69, 0x4A, 0xAA, 0x52, 0x0C, 0x5B, 0x4D, 0x63, 0x2C, 0x63, 0x2C, 0x63, 0x69, 0x4A, 0x28, 0x42,
    0x28, 0x42, 0xC7, 0x39, 0xC7, 0x39, 0xC7, 0x39, 0xC7, 0x39, 0xC7, 0x39, 0xC7, 0x39, 0xC7, 0x39,
    0xA7, 0x39, 0xA6, 0x31, 0xA6, 0x31, 0xA6, 0x31, 0xA6, 0x31, 0xA6, 0x31, 0x86, 0x31, 0x86, 0x31,
    0x86, 0x31, 0x86, 0x31, 0x86, 0x31, 0x86, 0x31, 0x86, 0x31, 0x86, 0x31, 0x86, 0x31, 0x86, 0x31,
    0x86, 0x31, 0x86, 0x31, 0x86, 0x31, 0x86, 0x31, 0x86, 0x31, 0x86, 0x31, 0x86, 0x31, 0x86, 0x31,
    0x86, 0x31, 0x86, 0x31, 0x86, 0x31, 0x65, 0x29, 0x65, 0x29, 0x86, 0x31, 0x86, 0x31, 0x86, 0x31,
    0x86, 0x31, 0x86, 0x31, 0x86, 0x31, 0x66, 0x31, 0x65, 0x31, 0x86, 0x31, 0xC7, 0x39, 0x86, 0x31,
    0xC7, 0x39, 0xA7, 0x39, 0x86, 0x31, 0x86, 0x31, 0x86, 0x31, 0x86, 0x31, 0x86, 0x31, 0x86, 0x31,
    0x86, 0x31, 0x86, 0x31, 0x86, 0x31, 0x86, 0x31, 0x86, 0x31, 0x86, 0x31, 0x86, 0x31, 0x86, 0x31,
    0x86, 0x31, 0x86, 0x31, 0x86, 0x31, 0x86, 0x31, 0x86, 0x39, 0xA6, 0x39, 0xA6, 0x39, 0xA6, 0x39,
    0xA6, 0x39, 0xA6, 0x39, 0xA6, 0x39, 0xA6, 0x39, 0xA6, 0x39, 0xA6, 0x39, 0xA6, 0x39, 0xA6, 0x39,
    0xA6, 0x39, 0xC6, 0x39, 0xA6, 0x39, 0xA6, 0x39, 0xA6, 0x39, 0xC7, 0x41, 0xC7, 0x41, 0xE7, 0x41,
    0xE7, 0x49, 0xE7, 0x49, 0x08, 0x4A, 0x08, 0x4A, 0x08, 0x4A, 0x08, 0x4A, 0x08, 0x4A, 0x28, 0x4A,
    0x28, 0x4A, 0x28, 0x52, 0x28, 0x52, 0x28, 0x52, 0x28, 0x52, 0x28, 0x52, 0x28, 0x52, 0x49, 0x52,
    0x28, 0x52, 0x89, 0x5A, 0x89, 0x5A, 0x89, 0x62, 0x89, 0x62, 0x89, 0x62, 0x89, 0x62, 0x89, 0x62,
    0xA9, 0x62, 0xA9, 0x62, 0xA9, 0x62, 0xA9, 0x62, 0xA9, 0x62, 0xA9, 0x62, 0xA9, 0x62, 0xA9, 0x62,
    0xA9, 0x62, 0xA9, 0x62, 0xAA, 0x62, 0xAA, 0x62, 0xAA, 0x62, 0xAA, 0x62, 0xA9, 0x62, 0xA9, 0x62,
    0xA9, 0x62, 0xA9, 0x6A, 0xA9, 0x6A, 0xA9, 0x6A, 0xAA, 0x6A, 0xA9, 0x6A, 0xAA, 0x6A, 0x4C, 0x7B,
    0xCE, 0x8B, 0x0F, 0x94, 0x0F, 0x94, 0x8D, 0x83, 0xEA, 0x6A, 0x69, 0x5A, 0xAA, 0x5A, 0xCB, 0x6A,
    0x8A, 0x5A, 0x07, 0x4A, 0x65, 0x29, 0x85, 0x29, 0x86, 0x29, 0x66, 0x29, 0x65, 0x29, 0x65, 0x29,
    0x65, 0x29, 0x65, 0x29, 0x65, 0x29, 0x65, 0x29, 0x65, 0x29, 0x65, 0x29, 0x65, 0x29, 0x65, 0x29,
    0x65, 0x29, 0x65, 0x29, 0x65, 0x29, 0x65, 0x29, 0x65, 0x29, 0x65, 0x29, 0x65, 0x29, 0x65, 0x29,
    0x65, 0x29, 0x65, 0x29, 0x65, 0x29, 0x65, 0x29, 0x65, 0x29, 0x65, 0x29, 0x65, 0x29, 0x65, 0x29,
    0x65, 0x29, 0xC7, 0x39, 0xA6, 0x39, 0x86, 0x31, 0x86, 0x31, 0xC6, 0x39, 0x28, 0x42, 0x48, 0x4A,
    0x86, 0x31, 0xA6, 0x39, 0xA6, 0x39, 0xC7, 0x39, 0xE7, 0x41, 0xC7, 0x39, 0x86, 0x31, 0x86, 0x31,
    0x66, 0x31, 0x65, 0x29, 0x86, 0x31, 0xC7, 0x39, 0x66, 0x31, 0x65, 0x31, 0x66, 0x31, 0xA6, 0x39,
    0x86, 0x39, 0xE7, 0x41, 0xE8, 0x41, 0x66, 0x31, 0x86, 0x31, 0xA7, 0x39, 0xC7, 0x41, 0x86, 0x31,
    0x86, 0x31, 0xA6, 0x39, 0xA6, 0x39, 0xA6, 0x39, 0xE7, 0x41, 0x08, 0x42, 0x65, 0x31, 0xA6, 0x39,
    0xA6, 0x39, 0x86, 0x31, 0x86, 0x31, 0xA6, 0x39, 0xC6, 0x39, 0xC7, 0x39, 0x07, 0x42, 0xC7, 0x39,
    0x07, 0x42, 0x48, 0x4A, 0x28, 0x4A, 0xC7, 0x41, 0x28, 0x4A, 0x28, 0x4A, 0xE7, 0x41, 0xA6, 0x39,
    0x07, 0x42, 0x07, 0x42, 0x69, 0x52, 0x28, 0x4A, 0x28, 0x4A, 0x49, 0x52, 0x69, 0x52, 0x8A, 0x5A,
    0x69, 0x52, 0xE7, 0x41, 0xE7, 0x41, 0x28, 0x4A, 0x48, 0x4A, 0x48, 0x52, 0x8A, 0x5A, 0xAA, 0x5A,
    0x89, 0x5A, 0x89, 0x5A, 0x8A, 0x5A, 0x48, 0x52, 0x69, 0x52, 0xAA, 0x5A, 0xCB, 0x62, 0xAB, 0x62,
    0xCA, 0x62, 0xEB, 0x62, 0x0C, 0x6B, 0x2C, 0x6B, 0x2C, 0x6B, 0x2C, 0x6B, 0x0C, 0x6B, 0x0C, 0x6B,
    0x0C, 0x6B, 0xAA, 0x5A, 0xAA, 0x5A, 0xEC, 0x62, 0x4D, 0x6B, 0xEC, 0x62, 0x69, 0x4A, 0x08, 0x42,
    0x07, 0x42, 0x08, 0x42, 0x69, 0x4A, 0xAB, 0x52, 0xEB, 0x5A, 0x0C, 0x5B, 0x0C, 0x5B, 0x8A, 0x4A,
    0x69, 0x4A, 0xEB, 0x5A, 0xEB, 0x5A, 0x0C, 0x5B, 0x6D, 0x63, 0x6D, 0x63, 0x6D, 0x63, 0x6D, 0x63,
    0x6D, 0x6B, 0x6D, 0x6B, 0x6D, 0x6B, 0x6D, 0x6B, 0x6D, 0x6B, 0x6D, 0x6B, 0x6D, 0x6B, 0x6D, 0x6B,
    0x6D, 0x6B, 0x4D, 0x6B, 0x2C, 0x63, 0x2C, 0x63, 0x0C, 0x63, 0x2C, 0x63, 0x6D, 0x6B, 0x4D, 0x6B,
    0x6D, 0x6B, 0x4D, 0x63, 0x4C, 0x63, 0x2C, 0x63, 0xAA, 0x52, 0x28, 0x42, 0x28, 0x42, 0x69, 0x4A,
    0x69, 0x4A, 0x8A, 0x4A, 0xEB, 0x5A, 0x4D, 0x63, 0x4D, 0x63, 0x2C, 0x63, 0xEB, 0x5A, 0x08, 0x42,
    0x49, 0x42, 0xE7, 0x39, 0xC7, 0x39, 0xC7, 0x39, 0xC7, 0x39, 0xC7, 0x39, 0xC7, 0x39, 0xC7, 0x39,
    0xC7, 0x39, 0xC7, 0x39, 0xC7, 0x39, 0xA6, 0x31, 0xA6, 0x31, 0xA6, 0x31, 0xA6, 0x31, 0xA6, 0x31,
    0x86, 0x31, 0x86, 0x31, 0x86, 0x31, 0x86, 0x31, 0x86, 0x31, 0x86, 0x31, 0x86, 0x31, 0x86, 0x31,
    0x86, 0x31, 0x86, 0x31, 0x86, 0x31, 0x86, 0x31, 0x86, 0x31, 0x66, 0x31, 0x86, 0x31, 0x86, 0x31,
    0x86, 0x31, 0x86, 0x31, 0x86, 0x31, 0x86, 0x31, 0x86, 0x31, 0x86, 0x31, 0x86, 0x31, 0x86, 0x31,
    0x86, 0x31, 0x86, 0x31, 0x86, 0x31, 0x86, 0x31, 0x66, 0x31, 0x86, 0x31, 0xC7, 0x39, 0x86, 0x31,
    0xC7, 0x39, 0xA7, 0x39, 0x86, 0x31, 0x86, 0x31, 0x86, 0x31, 0x86, 0x31, 0x86, 0x31, 0x86, 0x31,
    0x86, 0x31, 0x86, 0x31, 0x86, 0x31, 0x86, 0x31, 0x86, 0x31, 0x86, 0x31, 0x86, 0x31, 0x86, 0x31,
    0x86, 0x31, 0x86, 0x31, 0x86, 0x31, 0x86, 0x31, 0xA6, 0x31, 0xA6, 0x39, 0xA6, 0x39, 0xA6, 0x39,
    0xA6, 0x39, 0xA6, 0x39, 0xA6, 0x39, 0xA6, 0x39, 0xA6, 0x39, 0xA6, 0x39, 0xA6, 0x39, 0xA6, 0x39,
    0xC6, 0x39, 0xC7, 0x39, 0xA6, 0x39, 0x86, 0x39, 0x86, 0x39, 0xA6, 0x39, 0xC7, 0x41, 0xE7, 0x41,
    0xE7, 0x41, 0xE7, 0x49, 0x08, 0x4A, 0x08, 0x4A, 0x08, 0x4A, 0x08, 0x4A, 0x08, 0x4A, 0x08, 0x4A,
    0x28, 0x4A, 0x08, 0x4A, 0x28, 0x4A, 0x28, 0x52, 0x28, 0x4A, 0x08, 0x4A, 0x49, 0x52, 0x28, 0x52,
    0x69, 0x5A, 0x89, 0x5A, 0x89, 0x5A, 0x89, 0x5A, 0x89, 0x62, 0xA9, 0x62, 0xA9, 0x62, 0xA9, 0x62,
    0xA9, 0x62, 0xA9, 0x62, 0xA9, 0x62, 0xA9, 0x62, 0xA9, 0x62, 0xA9, 0x62, 0xA9, 0x62, 0xA9, 0x62,
    0xA9, 0x62, 0xA9, 0x62, 0xAA, 0x62, 0xAA, 0x62, 0xAA, 0x6A, 0xAA, 0x6A, 0xAA, 0x6A, 0xAA, 0x6A,
    0xAA, 0x6A, 0xAA, 0x6A, 0xAA, 0x6A, 0xCA, 0x6A, 0xCA, 0x6A, 0x0B, 0x73, 0xAD, 0x8B, 0x2F, 0x9C,
    0x2F, 0x9C, 0x2F, 0x9C, 0xEE, 0x93, 0x2B, 0x73, 0xA9, 0x62, 0x89, 0x5A, 0xEB, 0x6A, 0xCA, 0x62,
    0x89, 0x5A, 0xC7, 0x41, 0x65, 0x29, 0x86, 0x29, 0x86, 0x29, 0x65, 0x29, 0x65, 0x29, 0x65, 0x29,
    0x65, 0x29, 0x65, 0x29, 0x65, 0x29, 0x65, 0x29, 0x65, 0x29, 0x65, 0x29, 0x65, 0x29, 0x65, 0x29,
    0x65, 0x29, 0x65, 0x29, 0x65, 0x29, 0x65, 0x29, 0x65, 0x29, 0x65, 0x29, 0x65, 0x29, 0x65, 0x29,
    0x65, 0x29, 0x65, 0x29, 0x65, 0x29, 0x65, 0x29, 0x65, 0x29, 0x65, 0x29, 0x65, 0x29, 0x65, 0x29,
    0x65, 0x29, 0x65, 0x31, 0xC7, 0x39, 0xA6, 0x31, 0x66, 0x31, 0xC6, 0x39, 0x51, 0x8C, 0xCB, 0x5A,
    0x49, 0x4A, 0xC7, 0x39, 0x86, 0x31, 0xA6, 0x39, 0xC7, 0x39, 0xE7, 0x41, 0xC7, 0x39, 0xA6, 0x39,
    0x86, 0x31, 0x86, 0x31, 0x65, 0x31, 0x86, 0x31, 0xA7, 0x39, 0x65, 0x31, 0x65, 0x31, 0xA6, 0x39,
    0x86, 0x39, 0xE7, 0x41, 0xE8, 0x41, 0x86, 0x31, 0x86, 0x31, 0xC7, 0x39, 0xC7, 0x41, 0x86, 0x31,
    0x86, 0x31, 0x86, 0x39, 0xA6, 0x39, 0xC6, 0x39, 0x08, 0x4A, 0xA6, 0x39, 0xA6, 0x39, 0xC7, 0x39,
    0xA6, 0x31, 0x86, 0x31, 0x86, 0x39, 0xA6, 0x39, 0xC6, 0x39, 0xC7, 0x41, 0x07, 0x42, 0xC7, 0x39,
    0x07, 0x42, 0x48, 0x4A, 0x08, 0x4A, 0x08, 0x42, 0x48, 0x4A, 0x28, 0x4A, 0xA6, 0x39, 0xC6, 0x39,
    0x28, 0x4A, 0x07, 0x42, 0x48, 0x4A, 0x28, 0x4A, 0x48, 0x4A, 0x48, 0x4A, 0x69, 0x52, 0x89, 0x52,
    0x08, 0x4A, 0xC7, 0x41, 0x08, 0x42, 0x48, 0x4A, 0x48, 0x4A, 0x69, 0x52, 0xAA, 0x5A, 0x89, 0x52,
    0x89, 0x52, 0x8A, 0x5A, 0x49, 0x52, 0x48, 0x52, 0x8A, 0x5A, 0xAA, 0x5A, 0xCB, 0x62, 0xAA, 0x5A,
    0xEB, 0x62, 0xEB, 0x62, 0x2C, 0x6B, 0x2C, 0x6B, 0x2C, 0x6B, 0x2C, 0x6B, 0x0C, 0x6B, 0x0C, 0x6B,
    0xCB, 0x5A, 0xAA, 0x5A, 0xCB, 0x5A, 0x2C, 0x6B, 0xEC, 0x62, 0x69, 0x4A, 0x08, 0x42, 0x08, 0x42,
    0x28, 0x42, 0x49, 0x4A, 0xAA, 0x52, 0xEB, 0x5A, 0x0C, 0x5B, 0xEB, 0x5A, 0x69, 0x4A, 0x8A, 0x4A,
    0xEB, 0x5A, 0xCB, 0x5A, 0x0C, 0x5B, 0x6D, 0x63, 0x6D, 0x63, 0x6D, 0x63, 0x6D, 0x63, 0x6D, 0x63,
    0x6D, 0x6B, 0x6D, 0x6B, 0x6D, 0x6B, 0x6D, 0x6B, 0x6D, 0x6B, 0x6D, 0x6B, 0x6D, 0x6B, 0x6D, 0x6B,
    0x6D, 0x6B, 0x6D, 0x6B, 0x4D, 0x63, 0x2C, 0x63, 0x2C, 0x63, 0x0C, 0x5B, 0x4D, 0x63, 0x6D, 0x6B,
    0x4D, 0x63, 0x6D, 0x6B, 0x2C, 0x63, 0x4D, 0x63, 0xEB, 0x5A, 0x49, 0x42, 0x28, 0x42, 0x49, 0x4A,
    0x69, 0x4A, 0x6A, 0x4A, 0xCB, 0x52, 0x2C, 0x63, 0x6D, 0x63, 0x2C, 0x63, 0x2C, 0x63, 0xAA, 0x52,
    0x08, 0x42, 0x49, 0x4A, 0xC7, 0x31, 0xC7, 0x39, 0xC7, 0x39, 0xC7, 0x39, 0xC7, 0x39, 0xC7, 0x39,
    0xC7, 0x39, 0xA7, 0x39, 0xA7, 0x39, 0xA7, 0x39, 0xA6, 0x31, 0xA6, 0x31, 0xA6, 0x31, 0xA6, 0x31,
    0x86, 0x31, 0x86, 0x31, 0x86, 0x31, 0x86, 0x31, 0x86, 0x31, 0x86, 0x31, 0x86, 0x31, 0x86, 0x31,
    0x86, 0x31, 0x86, 0x31, 0x66, 0x31, 0x66, 0x31, 0x66, 0x31, 0x86, 0x31, 0x86, 0x31, 0x86, 0x31,
    0x86, 0x31, 0x86, 0x31, 0x66, 0x31, 0x86, 0x31, 0x86, 0x31, 0x86, 0x31, 0x85, 0x31, 0x85, 0x31,
    0x85, 0x31, 0x85, 0x31, 0x86, 0x31, 0x86, 0x31, 0x86, 0x31, 0x86, 0x31, 0xC7, 0x39, 0x86, 0x31,
    0xC7, 0x39, 0xA7, 0x39, 0x86, 0x31, 0x86, 0x31, 0x66, 0x31, 0x66, 0x31, 0x66, 0x31, 0x66, 0x31,
    0x86, 0x31, 0x86, 0x31, 0x86, 0x31, 0x86, 0x31, 0x86, 0x31, 0x86, 0x31, 0x86, 0x31, 0x86, 0x31,
    0x86, 0x31, 0x86, 0x31, 0x86, 0x31, 0x86, 0x31, 0xA6, 0x31, 0xA6, 0x39, 0xA6, 0x39, 0xA6, 0x39,
    0xA6, 0x39, 0xA6, 0x39, 0xA6, 0x39, 0xA6, 0x39, 0xA6, 0x39, 0xA6, 0x39, 0xC7, 0x39, 0xA6, 0x39,
    0xA6, 0x39, 0xA6, 0x39, 0xA6, 0x39, 0xA6, 0x39, 0x86, 0x31, 0x86, 0x39, 0xA6, 0x39, 0xC7, 0x41,
    0xE7, 0x41, 0x08, 0x4A, 0x08, 0x4A, 0x07, 0x4A, 0x08, 0x4A, 0x08, 0x4A, 0x08, 0x4A, 0x08, 0x4A,
    0x08, 0x4A, 0x08, 0x4A, 0x08, 0x4A, 0x08, 0x4A, 0x08, 0x4A, 0x49, 0x52, 0x08, 0x4A, 0x48, 0x52,
    0x89, 0x5A, 0x69, 0x5A, 0x89, 0x5A, 0x89, 0x5A, 0x89, 0x62, 0x89, 0x62, 0xA9, 0x62, 0xA9, 0x62,
    0xA9, 0x62, 0xA9, 0x62, 0xA9, 0x62, 0xAA, 0x62, 0xAA, 0x6A, 0xAA, 0x6A, 0xAA, 0x6A, 0xAA, 0x6A,
    0xAA, 0x6A, 0xAA, 0x6A, 0xCA, 0x6A, 0xAA, 0x6A, 0xCA, 0x6A, 0xCA, 0x6A, 0xCA, 0x6A, 0xCA, 0x6A,
    0xCA, 0x6A, 0xCA, 0x6A, 0xCA, 0x6A, 0x0A, 0x73, 0x8C, 0x83, 0x2F, 0x9C, 0x70, 0x9C, 0x4F, 0x9C,
    0x4F, 0x9C, 0x2F, 0x9C, 0x8C, 0x83, 0xEA, 0x6A, 0x89, 0x5A, 0xCA, 0x62, 0x0B, 0x6B, 0xAA, 0x62,
    0x69, 0x5A, 0xA6, 0x39, 0x65, 0x29, 0x86, 0x29, 0x65, 0x29, 0x65, 0x29, 0x65, 0x29, 0x65, 0x29,
    0x65, 0x29, 0x65, 0x29, 0x65, 0x29, 0x65, 0x29, 0x65, 0x29, 0x65, 0x29, 0x65, 0x29, 0x65, 0x29,
    0x65, 0x29, 0x65, 0x29, 0x65, 0x29, 0x65, 0x29, 0x65, 0x29, 0x65, 0x29, 0x65, 0x29, 0x65, 0x29,
    0x65, 0x29, 0x65, 0x29, 0x65, 0x29, 0x65, 0x29, 0x65, 0x29, 0x65, 0x29, 0x65, 0x29, 0x65, 0x29,
    0x65, 0x29, 0x65, 0x29, 0x65, 0x29, 0xC7, 0x39, 0xA6, 0x31, 0xA6, 0x31, 0x0C, 0x63, 0x4C, 0x6B,
    0xEF, 0x7B, 0xC6, 0x39, 0x86, 0x31, 0x86, 0x31, 0xA6, 0x39, 0xE7, 0x41, 0xE7, 0x41, 0xC7, 0x39,
    0xA6, 0x39, 0xA6, 0x39, 0x86, 0x31, 0x85, 0x31, 0xA6, 0x39, 0xA6, 0x39, 0x65, 0x31, 0xA6, 0x39,
    0x86, 0x39, 0xE7, 0x41, 0xE7, 0x41, 0x65, 0x31, 0x86, 0x39, 0xC7, 0x39, 0xC7, 0x41, 0x85, 0x31,
    0x86, 0x39, 0xA6, 0x39, 0xA6, 0x39, 0xE7, 0x41, 0xE7, 0x41, 0xA6, 0x39, 0xE7, 0x41, 0xA6, 0x39,
    0x86, 0x39, 0x86, 0x39, 0x86, 0x39, 0x86, 0x39, 0xC6, 0x39, 0xE7, 0x41, 0xE7, 0x41, 0xC7, 0x39,
    0x07, 0x42, 0x48, 0x4A, 0x08, 0x4A, 0x28, 0x4A, 0x48, 0x4A, 0xE7, 0x41, 0xA6, 0x39, 0xE7, 0x41,
    0x28, 0x4A, 0x07, 0x42, 0x28, 0x4A, 0x28, 0x4A, 0x49, 0x52, 0x48, 0x4A, 0x69, 0x52, 0x69, 0x52,
    0xE7, 0x41, 0xE7, 0x41, 0x28, 0x4A, 0x48, 0x4A, 0x48, 0x4A, 0x89, 0x52, 0x8A, 0x5A, 0x69, 0x52,
    0x8A, 0x5A, 0x49, 0x4A, 0x48, 0x4A, 0x8A, 0x5A, 0x89, 0x52, 0x89, 0x5A, 0xAA, 0x5A, 0xEB, 0x62,
    0xEB, 0x62, 0x0C, 0x6B, 0x2C, 0x6B, 0x2C, 0x6B, 0x2C, 0x6B, 0x2C, 0x6B, 0x0C, 0x6B, 0xEB, 0x62,
    0x8A, 0x52, 0xCA, 0x5A, 0x0C, 0x63, 0xEC, 0x62, 0x69, 0x52, 0x08, 0x42, 0xE8, 0x41, 0x08, 0x42,
    0x69, 0x4A, 0xCA, 0x52, 0xEB, 0x5A, 0xEB, 0x5A, 0xAA, 0x52, 0x49, 0x4A, 0xAA, 0x52, 0xEB, 0x5A,
    0xCB, 0x52, 0x2C, 0x63, 0x6D, 0x6B, 0x4D, 0x63, 0x6D, 0x63, 0x6D, 0x63, 0x6D, 0x63, 0x6D, 0x63,
    0x6D, 0x6B, 0x6D, 0x6B, 0x6D, 0x6B, 0x6D, 0x6B, 0x6D, 0x6B, 0x6D, 0x6B, 0x6D, 0x6B, 0x6D, 0x6B,
    0x4D, 0x63, 0x4D, 0x63, 0x4D, 0x63, 0x4D, 0x63, 0x2D, 0x63, 0x2D, 0x63, 0x0C, 0x5B, 0x4D, 0x63,
    0x6D, 0x6B, 0x6D, 0x6B, 0x4D, 0x63, 0x4D, 0x63, 0x2C, 0x63, 0x8A, 0x4A, 0x28, 0x42, 0x28, 0x42,
    0x69, 0x4A, 0x69, 0x4A, 0xAA, 0x52, 0x0C, 0x5B, 0x6D, 0x63, 0x4D, 0x63, 0x2C, 0x63, 0x0C, 0x63,
    0x69, 0x4A, 0x49, 0x4A, 0x28, 0x42, 0xA7, 0x31, 0xC7, 0x39, 0xC7, 0x39, 0xC7, 0x39, 0xC7, 0x39,
    0xC7, 0x39, 0xC7, 0x39, 0xC7, 0x39, 0xA7, 0x39, 0xA7, 0x39, 0xA6, 0x39, 0xA6, 0x31, 0xA6, 0x39,
    0xA6, 0x31, 0xA6, 0x31, 0xA6, 0x31, 0x86, 0x31, 0x86, 0x31, 0x86, 0x31, 0x86, 0x31, 0x86, 0x31,
    0x86, 0x31, 0x86, 0x31, 0x86, 0x31, 0x86, 0x31, 0x86, 0x31, 0x86, 0x31, 0x86, 0x31, 0x86, 0x31,
    0x86, 0x31, 0x86, 0x31, 0x86, 0x31, 0x86, 0x31, 0x86, 0x31, 0x86, 0x31, 0x85, 0x31, 0x85, 0x31,
    0x86, 0x31, 0x86, 0x31, 0x86, 0x31, 0x86, 0x31, 0x86, 0x31, 0x86, 0x31, 0xA6, 0x39, 0x86, 0x31,
    0xA6, 0x39, 0xA6, 0x39, 0x66, 0x31, 0x66, 0x31, 0x66, 0x31, 0x66, 0x31, 0x66, 0x31, 0x66, 0x31,
    0x66, 0x31, 0x86, 0x31, 0x86, 0x31, 0x86, 0x31, 0x86, 0x31, 0x86, 0x31, 0x86, 0x31, 0x86, 0x31,
    0x86, 0x31, 0x86, 0x31, 0x86, 0x31, 0xA6, 0x31, 0xA6, 0x31, 0xA6, 0x39, 0xA6, 0x39, 0xA6, 0x39,
    0xA6, 0x39, 0xA6, 0x39, 0xA6, 0x39, 0xA6, 0x39, 0xA6, 0x39, 0xA6, 0x39, 0xC7, 0x39, 0xC7, 0x39,
    0xC7, 0x39, 0xA6, 0x39, 0xA6, 0x39, 0xA6, 0x39, 0xA6, 0x39, 0xA6, 0x39, 0x86, 0x39, 0x86, 0x39,
    0xA6, 0x39, 0xC7, 0x41, 0xE7, 0x41, 0x07, 0x4A, 0x07, 0x4A, 0x08, 0x4A, 0x08, 0x4A, 0x08, 0x4A,
    0x08, 0x4A, 0x07, 0x4A, 0xE7, 0x41, 0xE7, 0x41, 0x28, 0x52, 0x07, 0x4A, 0x28, 0x4A, 0x89, 0x5A,
    0x89, 0x5A, 0x89, 0x5A, 0x89, 0x5A, 0x89, 0x62, 0xA9, 0x62, 0xA9, 0x62, 0xA9, 0x62, 0xA9, 0x62,
    0xA9, 0x62, 0xAA, 0x62, 0xAA, 0x62, 0xCA, 0x6A, 0xCA, 0x6A, 0xCA, 0x6A, 0xCA, 0x6A, 0xCA, 0x6A,
    0xCA, 0x6A, 0xCA, 0x6A, 0xCA, 0x6A, 0xCA, 0x6A, 0xEA, 0x6A, 0xEA, 0x6A, 0xEA, 0x6A, 0xEA, 0x72,
    0xEA, 0x6A, 0xEB, 0x72, 0x8C, 0x83, 0x2F, 0x9C, 0x90, 0xA4, 0x90, 0xA4, 0x70, 0x9C, 0x70, 0x9C,
    0x70, 0x9C, 0xEE, 0x8B, 0x2B, 0x73, 0xA9, 0x62, 0xA9, 0x62, 0x0B, 0x73, 0xEB, 0x6A, 0xAA, 0x62,
    0x48, 0x52, 0x85, 0x31, 0x65, 0x29, 0x65, 0x29, 0x65, 0x29, 0x65, 0x29, 0x65, 0x29, 0x65, 0x29,
    0x65, 0x29, 0x65, 0x29, 0x65, 0x29, 0x65, 0x29, 0x65, 0x29, 0x65, 0x29, 0x65, 0x29, 0x65, 0x29,
    0x65, 0x29, 0x65, 0x29, 0x65, 0x29, 0x65, 0x29, 0x65, 0x29, 0x65, 0x29, 0x65, 0x29, 0x65, 0x29,
    0x65, 0x29, 0x65, 0x29, 0x65, 0x29, 0x65, 0x29, 0x86, 0x31, 0x86, 0x31, 0x65, 0x29, 0x65, 0x29,
    0x65, 0x29, 0x65, 0x29, 0x65, 0x29, 0x65, 0x31, 0x86, 0x31, 0xC7, 0x39, 0xE7, 0x39, 0x2C, 0x63,
    0x8E, 0x73, 0xA6, 0x31, 0x86, 0x31, 0x86, 0x31, 0x86, 0x31, 0xC6, 0x39, 0xC6, 0x39, 0xC7, 0x39,
    0xC7, 0x39, 0xC6, 0x39, 0xA6, 0x39, 0xA6, 0x39, 0x86, 0x31, 0x86, 0x39, 0xA6, 0x39, 0xA6, 0x39,
    0x86, 0x39, 0xE7, 0x41, 0xE7, 0x41, 0x86, 0x31, 0xA6, 0x39, 0xC7, 0x41, 0xC6, 0x39, 0x85, 0x31,
    0xA6, 0x39, 0xA6, 0x39, 0xC7, 0x39, 0xE7, 0x41, 0xA6, 0x39, 0xE7, 0x41, 0xC7, 0x41, 0xA6, 0x39,
    0xA6, 0x39, 0xA6, 0x39, 0xA6, 0x39, 0xA6, 0x39, 0xC6, 0x39, 0xE7, 0x41, 0xE7, 0x41, 0xC7, 0x39,
    0x08, 0x42, 0x28, 0x4A, 0x28, 0x4A, 0x28, 0x4A, 0x08, 0x4A, 0xC7, 0x41, 0xA6, 0x39, 0xE7, 0x41,
    0x08, 0x4A, 0x07, 0x42, 0x28, 0x4A, 0x48, 0x4A, 0x49, 0x52, 0x28, 0x4A, 0x69, 0x52, 0x28, 0x4A,
    0xE7, 0x41, 0x07, 0x42, 0x28, 0x4A, 0x48, 0x4A, 0x69, 0x52, 0x69, 0x52, 0x69, 0x52, 0x8A, 0x52,
    0x49, 0x4A, 0x29, 0x4A, 0x8A, 0x5A, 0x89, 0x52, 0x69, 0x52, 0xAA, 0x5A, 0xEB, 0x62, 0x0C, 0x6B,
    0x0C, 0x6B, 0x0C, 0x6B, 0x2C, 0x6B, 0x0C, 0x6B, 0x0C, 0x6B, 0x0C, 0x6B, 0xEB, 0x62, 0xAA, 0x5A,
    0xAA, 0x5A, 0xEB, 0x62, 0xEB, 0x62, 0x49, 0x4A, 0x08, 0x42, 0x08, 0x42, 0x28, 0x42, 0x69, 0x52,
    0xCB, 0x5A, 0x0B, 0x63, 0xCB, 0x5A, 0x69, 0x4A, 0x69, 0x4A, 0xCB, 0x5A, 0xCB, 0x5A, 0xEB, 0x5A,
    0x4D, 0x63, 0x6D, 0x6B, 0x6D, 0x63, 0x6D, 0x63, 0x6D, 0x63, 0x6D, 0x63, 0x6D, 0x63, 0x6D, 0x63,
    0x6D, 0x6B, 0x6D, 0x6B, 0x4D, 0x63, 0x6D, 0x6B, 0x6D, 0x6B, 0x6D, 0x6B, 0x6D, 0x6B, 0x6D, 0x6B,
    0x6D, 0x6B, 0x4D, 0x63, 0x4D, 0x63, 0x4D, 0x63, 0x4D, 0x63, 0x4D, 0x63, 0x2D, 0x63, 0xEC, 0x5A,
    0x4D, 0x63, 0x6D, 0x6B, 0x4D, 0x63, 0x2D, 0x63, 0x4D, 0x63, 0xEB, 0x5A, 0x49, 0x4A, 0x28, 0x42,
    0x49, 0x4A, 0x69, 0x4A, 0x69, 0x4A, 0xEB, 0x5A, 0x4D, 0x63, 0x4D, 0x63, 0x2D, 0x63, 0x2C, 0x63,
    0x0C, 0x63, 0x28, 0x42, 0x49, 0x4A, 0xE7, 0x39, 0xC6, 0x39, 0xC7, 0x39, 0xC7, 0x39, 0xC7, 0x39,
    0xC7, 0x39, 0xC7, 0x39, 0xC7, 0x39, 0xC7, 0x39, 0xA7, 0x39, 0xA7, 0x39, 0xA6, 0x39, 0xA6, 0x31,
    0xA6, 0x39, 0xA6, 0x39, 0xA6, 0x39, 0xA6, 0x31, 0xA6, 0x31, 0xA6, 0x31, 0x86, 0x31, 0x86, 0x31,
    0x86, 0x31, 0x86, 0x31, 0x86, 0x31, 0x86, 0x31, 0x86, 0x31, 0x86, 0x31, 0x86, 0x31, 0x86, 0x31,
    0x86, 0x31, 0x86, 0x31, 0x86, 0x31, 0x86, 0x31, 0x86, 0x31, 0x86, 0x31, 0x86, 0x31, 0x85, 0x31,
    0x86, 0x31, 0x86, 0x31, 0x86, 0x31, 0x86, 0x31, 0x86, 0x31, 0x86, 0x31, 0xA6, 0x39, 0x86, 0x31,
    0x86, 0x31, 0x86, 0x31, 0x86, 0x31, 0x86, 0x31, 0x86, 0x31, 0x86, 0x31, 0x66, 0x31, 0x86, 0x31,
    0x86, 0x31, 0x86, 0x31, 0x86, 0x31, 0x86, 0x31, 0x86, 0x31, 0x86, 0x31, 0x86, 0x31, 0x86, 0x31,
    0x86, 0x31, 0x86, 0x31, 0xA6, 0x39, 0xA6, 0x39, 0xA6, 0x39, 0xA6, 0x39, 0xA6, 0x39, 0xA6, 0x39,
    0xA6, 0x39, 0xA6, 0x39, 0xA6, 0x39, 0xA6, 0x39, 0xA6, 0x39, 0xA6, 0x39, 0xA6, 0x39, 0xC7, 0x39,
    0xC7, 0x39, 0xC7, 0x39, 0xC7, 0x39, 0xA6, 0x39, 0xA6, 0x39, 0xA6, 0x39, 0xC6, 0x39, 0xA6, 0x39,
    0x86, 0x39, 0x86, 0x39, 0x86, 0x39, 0xA6, 0x39, 0xC7, 0x41, 0xC7, 0x41, 0xC7, 0x41, 0xC7, 0x41,
    0xC7, 0x41, 0xC7, 0x41, 0xE7, 0x41, 0x08, 0x4A, 0xE7, 0x49, 0x08, 0x4A, 0x89, 0x5A, 0x89, 0x5A,
    0x89, 0x5A, 0x89, 0x5A, 0x89, 0x5A, 0x89, 0x62, 0xA9, 0x62, 0xAA, 0x62, 0xA9, 0x62, 0xA9, 0x62,
    0xA9, 0x62, 0xAA, 0x62, 0xCA, 0x62, 0xCA, 0x6A, 0xCA, 0x6A, 0xCA, 0x6A, 0xCA, 0x6A, 0xCA, 0x6A,
    0xCA, 0x6A, 0xEA, 0x6A, 0xEA, 0x72, 0xEA, 0x72, 0xEA, 0x72, 0x0B, 0x73, 0x0A, 0x73, 0x0B, 0x73,
    0x6C, 0x83, 0x2F, 0x94, 0xB1, 0xA4, 0xB1, 0xA4, 0x90, 0xA4, 0x90, 0xA4, 0x90, 0xA4, 0x70, 0xA4,
    0x4F, 0x9C, 0x8D, 0x83, 0xCA, 0x6A, 0x89, 0x62, 0x0B, 0x6B, 0x0B, 0x73, 0xEB, 0x6A, 0xAA, 0x62,
    0x28, 0x4A, 0x65, 0x31, 0x65, 0x29, 0x85, 0x29, 0x85, 0x31, 0x65, 0x31, 0x65, 0x29, 0x65, 0x29,
    0x65, 0x29, 0x65, 0x29, 0x65, 0x29, 0x65, 0x29, 0x65, 0x29, 0x65, 0x29, 0x65, 0x29, 0x65, 0x29,
    0x65, 0x29, 0x65, 0x29, 0x65, 0x29, 0x65, 0x29, 0x65, 0x29, 0x65, 0x29, 0x65, 0x29, 0x65, 0x29,
    0x65, 0x29, 0x65, 0x29, 0x65, 0x29, 0x65, 0x31, 0x86, 0x31, 0x66, 0x31, 0x86, 0x31, 0x66, 0x31,
    0x65, 0x29, 0x65, 0x29, 0x65, 0x31, 0x65, 0x31, 0x65, 0x31, 0xA7, 0x39, 0x49, 0x4A, 0x0C, 0x63,
    0x2C, 0x6B, 0xE7, 0x41, 0xC6, 0x39, 0x86, 0x31, 0x86, 0x31, 0xC7, 0x39, 0xA6, 0x39, 0xA6, 0x39,
    0xC7, 0x39, 0xE7, 0x41, 0xC7, 0x39, 0xC6, 0x39, 0xA6, 0x39, 0xA6, 0x39, 0xA6, 0x39, 0xA7, 0x39,
    0xA6, 0x39, 0xE7, 0x41, 0xE7, 0x39, 0x86, 0x39, 0xC7, 0x39, 0xC7, 0x41, 0xA6, 0x39, 0xA6, 0x39,
    0xC7, 0x39, 0xC7, 0x39, 0xC7, 0x41, 0xC7, 0x39, 0xE7, 0x41, 0xE7, 0x41, 0xA6, 0x39, 0xA6, 0x39,
    0xA6, 0x39, 0xA6, 0x39, 0xA6, 0x39, 0xA6, 0x39, 0xC6, 0x39, 0xE7, 0x41, 0xE7, 0x41, 0xC7, 0x39,
    0x08, 0x4A, 0x28, 0x4A, 0x48, 0x4A, 0x28, 0x4A, 0xE7, 0x41, 0xC6, 0x39, 0xC6, 0x39, 0x07, 0x42,
    0x07, 0x42, 0x07, 0x42, 0x28, 0x4A, 0x48, 0x4A, 0x48, 0x4A, 0x28, 0x4A, 0x48, 0x4A, 0xE7, 0x41,
    0xE7, 0x41, 0x28, 0x4A, 0x28, 0x4A, 0x48, 0x4A, 0x69, 0x52, 0x69, 0x52, 0x69, 0x52, 0x49, 0x4A,
    0x49, 0x4A, 0xAA, 0x5A, 0x8A, 0x5A, 0x69, 0x52, 0xAA, 0x5A, 0xAA, 0x5A, 0x0B, 0x63, 0x2C, 0x6B,
    0x0C, 0x6B, 0x2C, 0x6B, 0x2C, 0x6B, 0x0B, 0x63, 0x0B, 0x63, 0xCB, 0x62, 0xAA, 0x5A, 0xAA, 0x5A,
    0xEB, 0x62, 0xCB, 0x5A, 0x28, 0x4A, 0x08, 0x42, 0x08, 0x42, 0x28, 0x4A, 0x89, 0x52, 0xEB, 0x62,
    0xEB, 0x5A, 0x8A, 0x52, 0x49, 0x4A, 0xAA, 0x52, 0xCB, 0x5A, 0xCB, 0x52, 0x0C, 0x5B, 0x6D, 0x6B,
    0x6D, 0x63, 0x4D, 0x63, 0x6D, 0x63, 0x4D, 0x63, 0x4D, 0x63, 0x4D, 0x63, 0x4D, 0x63, 0x6D, 0x6B,
    0x6D, 0x6B, 0x6D, 0x6B, 0x6D, 0x6B, 0x6D, 0x6B, 0x6D, 0x6B, 0x6D, 0x6B, 0x6D, 0x6B, 0x6D, 0x6B,
    0x6D, 0x6B, 0x4D, 0x63, 0x4D, 0x63, 0x4D, 0x63, 0x4D, 0x63, 0x4D, 0x63, 0x4D, 0x63, 0x2D, 0x63,
    0xEC, 0x5A, 0x2C, 0x63, 0x6D, 0x6B, 0x2D, 0x63, 0x4D, 0x63, 0x2C, 0x63, 0x8A, 0x4A, 0x28, 0x42,
    0x28, 0x42, 0x69, 0x4A, 0x69, 0x4A, 0xAB, 0x52, 0x2D, 0x63, 0x4D, 0x63, 0x4D, 0x63, 0x2D, 0x63,
    0x2D, 0x63, 0xCB, 0x5A, 0x08, 0x42, 0x49, 0x4A, 0xC7, 0x39, 0xC7, 0x39, 0xC7, 0x39, 0xC7, 0x39,
    0xC7, 0x39, 0xC7, 0x39, 0xC7, 0x39, 0xC7, 0x39, 0xA7, 0x39, 0xA7, 0x39, 0xA7, 0x39, 0xA6, 0x39,
    0xA6, 0x39, 0xA6, 0x39, 0xA6, 0x39, 0xA6, 0x39, 0xA6, 0x39, 0xA6, 0x39, 0xA6, 0x39, 0x86, 0x31,
    0x86, 0x31, 0x86, 0x31, 0x86, 0x31, 0x86, 0x31, 0x86, 0x31, 0x86, 0x31, 0x86, 0x31, 0x86, 0x31,
    0x86, 0x31, 0x86, 0x31, 0x86, 0x31, 0x86, 0x31, 0x86, 0x31, 0x86, 0x31, 0x86, 0x31, 0x86, 0x31,
    0x86, 0x31, 0x86, 0x31, 0x86, 0x31, 0x86, 0x31, 0x86, 0x31, 0x86, 0x31, 0x86, 0x31, 0x86, 0x31,
    0x86, 0x31, 0x86, 0x31, 0x86, 0x31, 0x86, 0x31, 0x86, 0x31, 0x86, 0x31, 0x86, 0x31, 0x86, 0x31,
    0x86, 0x31, 0x86, 0x31, 0x86, 0x31, 0x86, 0x31, 0x86, 0x31, 0x86, 0x31, 0x86, 0x31, 0x86, 0x31,
    0x86, 0x31, 0x86, 0x31, 0xA6, 0x39, 0xA6, 0x39, 0xA6, 0x39, 0xA6, 0x39, 0xA6, 0x39, 0xA6, 0x39,
    0xA6, 0x39, 0xA6, 0x39, 0xA6, 0x39, 0xA6, 0x39, 0xA6, 0x39, 0xA6, 0x39, 0xA6, 0x39, 0xA6, 0x39,
    0xC7, 0x39, 0xC7, 0x39, 0xC7, 0x41, 0xC7, 0x41, 0xC7, 0x41, 0xC7, 0x41, 0xC7, 0x39, 0xA7, 0x39,
    0xC7, 0x41, 0xC7, 0x41, 0xC7, 0x41, 0xC6, 0x41, 0xC6, 0x41, 0xC6, 0x41, 0xC7, 0x41, 0xE7, 0x41,
    0xE7, 0x49, 0x08, 0x4A, 0x07, 0x4A, 0xE7, 0x49, 0x28, 0x52, 0x89, 0x5A, 0x69, 0x5A, 0x89, 0x5A,
    0x89, 0x5A, 0x89, 0x5A, 0x89, 0x62, 0xA9, 0x62, 0xAA, 0x62, 0xAA, 0x62, 0xAA, 0x62, 0xAA, 0x62,
    0xCA, 0x62, 0xCA, 0x6A, 0xCA, 0x6A, 0xCA, 0x6A, 0xEA, 0x6A, 0xCA, 0x6A, 0xEA, 0x6A, 0xEA, 0x72,
    0xEA, 0x72, 0xEB, 0x72, 0x0B, 0x73, 0x0B, 0x73, 0x0B, 0x73, 0x0B, 0x73, 0x6C, 0x7B, 0x0F, 0x94,
    0xB1, 0xAC, 0xD1, 0xAC, 0xB1, 0xAC, 0xB1, 0xA4, 0x90, 0xA4, 0x90, 0xA4, 0x90, 0xA4, 0x70, 0xA4,
    0xEE, 0x8B, 0x2B, 0x73, 0x89, 0x62, 0xCA, 0x6A, 0x2B, 0x73, 0x0B, 0x73, 0xEB, 0x6A, 0xAA, 0x62,
    0x07, 0x4A, 0x65, 0x29, 0x85, 0x29, 0x85, 0x29, 0x65, 0x29, 0x65, 0x29, 0x65, 0x29, 0x65, 0x29,
    0x65, 0x29, 0x65, 0x29, 0x65, 0x29, 0x65, 0x29, 0x65, 0x29, 0x65, 0x29, 0x65, 0x29, 0x65, 0x29,
    0x65, 0x29, 0x65, 0x29, 0x65, 0x29, 0x65, 0x29, 0x65, 0x29, 0x65, 0x29, 0x65, 0x29, 0x65, 0x29,
    0x65, 0x29, 0x65, 0x29, 0x86, 0x31, 0x66, 0x31, 0x66, 0x31, 0x66, 0x31, 0x66, 0x31, 0x65, 0x31,
    0x65, 0x29, 0x65, 0x31, 0x65, 0x31, 0x65, 0x31, 0x65, 0x31, 0x86, 0x31, 0x69, 0x4A, 0x8E, 0x73,
    0x8A, 0x5A, 0xA6, 0x39, 0xE7, 0x41, 0xE7, 0x41, 0xA6, 0x39, 0xA6, 0x39, 0x86, 0x31, 0x86, 0x31,
    0xA6, 0x39, 0xC7, 0x39, 0xC7, 0x39, 0xC7, 0x39, 0xC7, 0x39, 0xC7, 0x39, 0xC7, 0x39, 0xC7, 0x41,
    0xA6, 0x39, 0x07, 0x42, 0xE7, 0x39, 0xA7, 0x39, 0xC7, 0x41, 0xC7, 0x41, 0xC6, 0x39, 0xC6, 0x39,
    0xC7, 0x41, 0xC7, 0x41, 0xC7, 0x41, 0xE7, 0x41, 0xE7, 0x41, 0xC7, 0x39, 0xA6, 0x39, 0xA6, 0x39,
    0xA6, 0x39, 0xA6, 0x39, 0xA6, 0x39, 0xA6, 0x39, 0xC6, 0x39, 0xE7, 0x41, 0xC7, 0x39, 0xE7, 0x41,
    0x28, 0x4A, 0x48, 0x4A, 0x48, 0x4A, 0x07, 0x42, 0xE7, 0x41, 0xC6, 0x39, 0xE7, 0x41, 0x07, 0x42,
    0x07, 0x42, 0x07, 0x42, 0x28, 0x4A, 0x48, 0x4A, 0x28, 0x4A, 0x28, 0x4A, 0x07, 0x42, 0xE7, 0x41,
    0x08, 0x4A, 0x28, 0x4A, 0x48, 0x4A, 0x48, 0x4A, 0x69, 0x52, 0x69, 0x52, 0x28, 0x4A, 0x49, 0x52,
    0xAA, 0x5A, 0x8A, 0x52, 0x8A, 0x52, 0xCA, 0x62, 0xCB, 0x62, 0xCA, 0x5A, 0x0B, 0x63, 0x2C, 0x6B,
    0x2C, 0x6B, 0x2C, 0x6B, 0x0C, 0x6B, 0xEB, 0x62, 0xCB, 0x5A, 0x8A, 0x52, 0xAA, 0x5A, 0xEB, 0x62,
    0xAA, 0x5A, 0x28, 0x4A, 0x08, 0x42, 0x28, 0x4A, 0x49, 0x4A, 0xAA, 0x52, 0x0B, 0x63, 0xCA, 0x5A,
    0x69, 0x4A, 0x69, 0x4A, 0xCB, 0x5A, 0xCB, 0x52, 0xEB, 0x5A, 0x4D, 0x63, 0x6D, 0x6B, 0x4D, 0x63,
    0x6D, 0x63, 0x6D, 0x63, 0x6D, 0x63, 0x4D, 0x63, 0x4D, 0x63, 0x4D, 0x63, 0x4D, 0x63, 0x4D, 0x63,
    0x6D, 0x6B, 0x6D, 0x6B, 0x6D, 0x6B, 0x6D, 0x6B, 0x6D, 0x6B, 0x6D, 0x6B, 0x6D, 0x6B, 0x6D, 0x6B,
    0x6D, 0x6B, 0x6D, 0x6B, 0x4D, 0x63, 0x4D, 0x63, 0x4D, 0x63, 0x4D, 0x63, 0x4D, 0x63, 0x4D, 0x63,
    0x4D, 0x63, 0x0C, 0x5B, 0x0C, 0x5B, 0x4D, 0x63, 0x2C, 0x63, 0x2D, 0x63, 0xCB, 0x5A, 0x28, 0x42,
    0x28, 0x4A, 0x48, 0x4A, 0x69, 0x4A, 0x6A, 0x4A, 0xEC, 0x5A, 0x4D, 0x63, 0x4D, 0x63, 0x4D, 0x63,
    0x2C, 0x63, 0x2C, 0x63, 0xAB, 0x52, 0x28, 0x42, 0x49, 0x4A, 0xA6, 0x31, 0xC7, 0x39, 0xC7, 0x39,
    0xC7, 0x39, 0xC7, 0x39, 0xC7, 0x39, 0xC7, 0x39, 0xC7, 0x39, 0xA7, 0x39, 0xA7, 0x39, 0xA7, 0x39,
    0xA7, 0x39, 0xA7, 0x39, 0xA6, 0x39, 0xA6, 0x39, 0xA6, 0x39, 0xA6, 0x39, 0xA6, 0x39, 0xA6, 0x39,
    0xA6, 0x39, 0xA6, 0x39, 0xA6, 0x39, 0x86, 0x31, 0x86, 0x31, 0x86, 0x31, 0x86, 0x31, 0x86, 0x31,
    0x86, 0x31, 0x86, 0x31, 0x86, 0x31, 0x86, 0x31, 0x86, 0x31, 0x86, 0x31, 0x86, 0x31, 0x86, 0x31,
    0x86, 0x31, 0x86, 0x31, 0x86, 0x31, 0x86, 0x31, 0x86, 0x31, 0x86, 0x31, 0x86, 0x31, 0x86, 0x31,
    0x86, 0x31, 0x86, 0x31, 0x86, 0x31, 0x86, 0x31, 0x86, 0x31, 0x86, 0x31, 0x86, 0x31, 0x86, 0x31,
    0x86, 0x31, 0x86, 0x31, 0x86, 0x31, 0x86, 0x31, 0x86, 0x31, 0x86, 0x31, 0x86, 0x31, 0x86, 0x31,
    0x86, 0x39, 0x86, 0x39, 0xA6, 0x39, 0xA6, 0x39, 0xA6, 0x39, 0xA6, 0x39, 0xA6, 0x39, 0xA6, 0x39,
    0xA6, 0x39, 0xA6, 0x39, 0xA6, 0x39, 0xA6, 0x39, 0xA6, 0x39, 0xA6, 0x39, 0xA6, 0x39, 0xA6, 0x39,
    0xC7, 0x39, 0xC7, 0x39, 0xC7, 0x41, 0xC7, 0x41, 0xC7, 0x39, 0xC7, 0x41, 0xE7, 0x41, 0xE7, 0x41,
    0xC7, 0x41, 0xC7, 0x41, 0xC7, 0x41, 0xC7, 0x41, 0xE7, 0x41, 0xE7, 0x49, 0xE7, 0x49, 0x07, 0x4A,
    0xE7, 0x41, 0xE7, 0x49, 0x08, 0x4A, 0x49, 0x52, 0x69, 0x5A, 0x69, 0x5A, 0x69, 0x5A, 0x89, 0x5A,
    0x89, 0x5A, 0x89, 0x5A, 0x89, 0x62, 0xA9, 0x62, 0xAA, 0x62, 0xCA, 0x62, 0xCA, 0x62, 0xCA, 0x6A,
    0xCA, 0x6A, 0xCA, 0x6A, 0xCA, 0x6A, 0xEA, 0x6A, 0xEA, 0x6A, 0xEA, 0x72, 0xEB, 0x72, 0x0B, 0x73,
    0x0B, 0x73, 0x0B, 0x73, 0x2B, 0x73, 0x2B, 0x7B, 0x6C, 0x7B, 0x0E, 0x94, 0xB1, 0xA4, 0xF2, 0xAC,
    0xF2, 0xAC, 0xF2, 0xAC, 0xD1, 0xAC, 0xB1, 0xAC, 0xB1, 0xA4, 0x91, 0xA4, 0x90, 0xA4, 0x4F, 0x9C,
    0x8D, 0x83, 0xEA, 0x6A, 0xAA, 0x62, 0x2B, 0x73, 0x2B, 0x73, 0x2B, 0x7B, 0xEB, 0x72, 0xCA, 0x62,
    0xE7, 0x41, 0x65, 0x29, 0x85, 0x29, 0x85, 0x29, 0x65, 0x29, 0x65, 0x29, 0x65, 0x29, 0x65, 0x29,
    0x65, 0x29, 0x65, 0x29, 0x65, 0x29, 0x65, 0x29, 0x65, 0x29, 0x65, 0x29, 0x65, 0x29, 0x65, 0x29,
    0x65, 0x29, 0x65, 0x29, 0x65, 0x29, 0x65, 0x29, 0x65, 0x29, 0x65, 0x29, 0x65, 0x29, 0x65, 0x29,
    0x65, 0x29, 0x86, 0x31, 0xA6, 0x31, 0x66, 0x31, 0x66, 0x31, 0x86, 0x31, 0x65, 0x31, 0x65, 0x31,
    0x65, 0x31, 0x65, 0x31, 0x65, 0x31, 0x65, 0x31, 0x65, 0x31, 0x86, 0x31, 0x8A, 0x52, 0x8A, 0x52,
    0xE7, 0x41, 0xA6, 0x39, 0xA6, 0x39, 0xC7, 0x39, 0xE7, 0x41, 0xE7, 0x41, 0x86, 0x31, 0x86, 0x31,
    0x86, 0x31, 0xA6, 0x39, 0xA6, 0x39, 0xC6, 0x39, 0xC7, 0x39, 0xC7, 0x41, 0xC7, 0x41, 0xC7, 0x41,
    0xC7, 0x41, 0x08, 0x42, 0xE7, 0x39, 0xE7, 0x41, 0xE7, 0x41, 0xE7, 0x41, 0xE7, 0x41, 0xE7, 0x41,
    0xE7, 0x41, 0xE7, 0x41, 0xE7, 0x41, 0xE7, 0x41, 0xC7, 0x41, 0xA6, 0x39, 0xC7, 0x39, 0xA6, 0x39,
    0xA6, 0x39, 0xA6, 0x39, 0xA6, 0x39, 0xC6, 0x41, 0xC6, 0x39, 0x07, 0x42, 0xC7, 0x41, 0x08, 0x42,
    0x28, 0x4A, 0x69, 0x52, 0x28, 0x4A, 0x07, 0x42, 0xE7, 0x41, 0xE7, 0x41, 0xE7, 0x41, 0x07, 0x42,
    0x08, 0x4A, 0x07, 0x42, 0x48, 0x4A, 0x28, 0x4A, 0x28, 0x4A, 0x07, 0x42, 0xE7, 0x41, 0x07, 0x42,
    0x28, 0x4A, 0x48, 0x4A, 0x48, 0x4A, 0x48, 0x4A, 0x49, 0x52, 0x28, 0x4A, 0x49, 0x52, 0xAA, 0x5A,
    0x8A, 0x52, 0x8A, 0x52, 0xCB, 0x62, 0xEB, 0x62, 0xCB, 0x62, 0xCA, 0x5A, 0x0B, 0x63, 0x2C, 0x6B,
    0x2C, 0x6B, 0x0C, 0x63, 0xCB, 0x62, 0xAA, 0x5A, 0x8A, 0x5A, 0xCA, 0x5A, 0xEB, 0x62, 0xAA, 0x5A,
    0x28, 0x4A, 0x28, 0x4A, 0x49, 0x4A, 0x89, 0x52, 0xCB, 0x5A, 0xEB, 0x5A, 0x89, 0x52, 0x69, 0x4A,
    0xAA, 0x52, 0xCB, 0x5A, 0xCB, 0x52, 0x2C, 0x63, 0x6D, 0x6B, 0x6D, 0x6B, 0x6D, 0x6B, 0x6D, 0x63,
    0x6D, 0x63, 0x6D, 0x63, 0x6D, 0x63, 0x4D, 0x63, 0x4D, 0x63, 0x6D, 0x6B, 0x4D, 0x63, 0x4D, 0x63,
    0x6D, 0x6B, 0x6D, 0x6B, 0x6D, 0x6B, 0x6D, 0x6B, 0x6D, 0x6B, 0x6D, 0x6B, 0x6D, 0x6B, 0x6D, 0x6B,
    0x6D, 0x6B, 0x6D, 0x6B, 0x6D, 0x6B, 0x6D, 0x6B, 0x4D, 0x63, 0x4D, 0x63, 0x4D, 0x63, 0x4D, 0x63,
    0x4D, 0x63, 0x4D, 0x63, 0x0C, 0x5B, 0x0C, 0x5B, 0x4D, 0x63, 0x2D, 0x63, 0x0C, 0x63, 0x8A, 0x4A,
    0x28, 0x42, 0x49, 0x4A, 0x69, 0x4A, 0x69, 0x4A, 0xAA, 0x52, 0x2C, 0x63, 0x4D, 0x63, 0x4D, 0x63,
    0x2C, 0x63, 0x2C, 0x63, 0x0C, 0x63, 0x8A, 0x52, 0x29, 0x42, 0x28, 0x42, 0xA6, 0x31, 0xC7, 0x39,
    0xA7, 0x39, 0xC7, 0x39, 0xC7, 0x39, 0xC7, 0x39, 0xC7, 0x39, 0xC7, 0x39, 0xC7, 0x39, 0xC7, 0x39,
    0xA7, 0x39, 0xA7, 0x39, 0xA7, 0x39, 0xA6, 0x39, 0xA6, 0x39, 0xA6, 0x39, 0xA6, 0x39, 0xA6, 0x39,
    0xA6, 0x39, 0xA6, 0x39, 0xA6, 0x39, 0xA6, 0x39, 0xA6, 0x39, 0x86, 0x31, 0x86, 0x31, 0x86, 0x31,
    0x86, 0x31, 0x86, 0x31, 0x86, 0x31, 0x86, 0x31, 0x86, 0x31, 0x86, 0x31, 0x86, 0x31, 0x86, 0x31,
    0x86, 0x31, 0x86, 0x31, 0x86, 0x31, 0x86, 0x31, 0x86, 0x31, 0x86, 0x31, 0x86, 0x31, 0x86, 0x31,
    0x86, 0x31, 0x86, 0x31, 0x86, 0x31, 0x86, 0x31, 0x86, 0x31, 0x86, 0x31, 0x86, 0x31, 0x86, 0x31,
    0x86, 0x31, 0x86, 0x31, 0x86, 0x31, 0x86, 0x31, 0x86, 0x31, 0x86, 0x31, 0x86, 0x31, 0xA6, 0x39,
    0xA6, 0x39, 0xA6, 0x39, 0xA6, 0x39, 0xA6, 0x39, 0xA6, 0x39, 0xA6, 0x39, 0xA6, 0x39, 0xA6, 0x39,
    0xA6, 0x39, 0xA6, 0x39, 0xA6, 0x39, 0xA6, 0x39, 0xA6, 0x39, 0xA6, 0x39, 0xA6, 0x39, 0xA6, 0x39,
    0xC7, 0x39, 0xC7, 0x39, 0xC7, 0x41, 0xC7, 0x41, 0xE7, 0x41, 0xE7, 0x41, 0xE7, 0x41, 0xE7, 0x41,
    0x07, 0x4A, 0x07, 0x4A, 0x08, 0x4A, 0x07, 0x4A, 0x07, 0x4A, 0xE7, 0x49, 0xE7, 0x49, 0x08, 0x4A,
    0x08, 0x52, 0x48, 0x52, 0x69, 0x5A, 0x69, 0x5A, 0x69, 0x5A, 0x69, 0x5A, 0x69, 0x5A, 0x89, 0x5A,
    0x8A, 0x62, 0x8A, 0x62, 0xAA, 0x62, 0xAA, 0x62, 0xAA, 0x62, 0xCA, 0x62, 0xCA, 0x6A, 0xCA, 0x6A,
    0xCA, 0x6A, 0xCA, 0x6A, 0xEA, 0x6A, 0xEB, 0x72, 0xEB, 0x72, 0x0B, 0x73, 0x0B, 0x73, 0x2B, 0x7B,
    0x2B, 0x7B, 0x2B, 0x7B, 0x6C, 0x83, 0xEE, 0x8B, 0x90, 0xA4, 0xF2, 0xB4, 0xF2, 0xB4, 0x12, 0xB5,
    0x12, 0xB5, 0xF2, 0xAC, 0xD1, 0xAC, 0xB1, 0xAC, 0xB1, 0xA4, 0xB0, 0xA4, 0x90, 0xA4, 0xEE, 0x93,
    0x2C, 0x7B, 0xAA, 0x62, 0x0B, 0x6B, 0x4C, 0x7B, 0x4C, 0x7B, 0x2C, 0x7B, 0x0B, 0x73, 0xAA, 0x62,
    0xC6, 0x39, 0x65, 0x29, 0x85, 0x29, 0x65, 0x29, 0x65, 0x29, 0x65, 0x29, 0x65, 0x29, 0x65, 0x29,
    0x65, 0x29, 0x65, 0x29, 0x65, 0x29, 0x65, 0x29, 0x65, 0x29, 0x65, 0x29, 0x65, 0x29, 0x65, 0x29,
    0x65, 0x29, 0x65, 0x29, 0x65, 0x29, 0x65, 0x29, 0x65, 0x29, 0x65, 0x29, 0x65, 0x29, 0x65, 0x29,
    0x65, 0x29, 0xA6, 0x31, 0x86, 0x31, 0x65, 0x29, 0x86, 0x31, 0x86, 0x31, 0x65, 0x31, 0x65, 0x31,
    0x65, 0x31, 0x65, 0x31, 0x65, 0x31, 0x65, 0x31, 0x66, 0x31, 0x65, 0x31, 0x69, 0x52, 0x08, 0x42,
    0x86, 0x31, 0xA6, 0x39, 0xA6, 0x39, 0xA6, 0x39, 0xA6, 0x39, 0xC7, 0x41, 0xC7, 0x41, 0xA6, 0x39,
    0x86, 0x31, 0x86, 0x31, 0xA6, 0x31, 0xA6, 0x39, 0xA6, 0x39, 0xC6, 0x39, 0xC7, 0x41, 0xE7, 0x41,
    0xE7, 0x41, 0x28, 0x4A, 0x07, 0x42, 0x07, 0x42, 0x07, 0x42, 0xE7, 0x41, 0x07, 0x42, 0xE7, 0x41,
    0x07, 0x42, 0x07, 0x42, 0x07, 0x42, 0xE7, 0x41, 0xC7, 0x41, 0xC7, 0x41, 0xC7, 0x39, 0xC7, 0x39,
    0xC7, 0x39, 0xA6, 0x39, 0xC6, 0x39, 0xC6, 0x39, 0xC7, 0x41, 0x07, 0x42, 0xE7, 0x41, 0x28, 0x4A,
    0x48, 0x4A, 0x48, 0x4A, 0x08, 0x4A, 0x07, 0x42, 0xE7, 0x41, 0xE7, 0x41, 0xE7, 0x41, 0x08, 0x4A,
    0x08, 0x4A, 0x07, 0x4A, 0x28, 0x4A, 0x28, 0x4A, 0x07, 0x4A, 0xE7, 0x41, 0xE7, 0x41, 0x28, 0x4A,
    0x28, 0x4A, 0x28, 0x4A, 0x48, 0x4A, 0x28, 0x4A, 0x28, 0x4A, 0x69, 0x52, 0xAA, 0x5A, 0x89, 0x5A,
    0xAA, 0x5A, 0xEB, 0x62, 0xEB, 0x62, 0xEB, 0x62, 0xCB, 0x62, 0xAA, 0x5A, 0x0B, 0x63, 0x2C, 0x6B,
    0x0B, 0x63, 0xCA, 0x5A, 0xAA, 0x5A, 0xAA, 0x5A, 0xCB, 0x5A, 0xCB, 0x5A, 0x69, 0x52, 0x08, 0x4A,
    0x28, 0x4A, 0x49, 0x52, 0x8A, 0x52, 0xCA, 0x5A, 0xAA, 0x5A, 0x89, 0x52, 0xAA, 0x52, 0xCB, 0x5A,
    0xCB, 0x52, 0xEB, 0x5A, 0x4D, 0x6B, 0x6D, 0x6B, 0x6D, 0x6B, 0x6D, 0x6B, 0x6D, 0x63, 0x6D, 0x63,
    0x6D, 0x63, 0x6D, 0x63, 0x6D, 0x63, 0x4D, 0x63, 0x4D, 0x63, 0x4D, 0x63, 0x4D, 0x63, 0x4D, 0x63,
    0x6D, 0x6B, 0x6D, 0x6B, 0x6D, 0x6B, 0x6D, 0x6B, 0x6D, 0x6B, 0x6D, 0x6B, 0x6D, 0x6B, 0x6D, 0x6B,
    0x6D, 0x6B, 0x6D, 0x6B, 0x6D, 0x6B, 0x6D, 0x6B, 0x6D, 0x6B, 0x4D, 0x63, 0x4D, 0x63, 0x4D, 0x63,
    0x4D, 0x63, 0x4D, 0x63, 0x4D, 0x63, 0x2C, 0x63, 0x0C, 0x5B, 0x2D, 0x63, 0x2C, 0x63, 0xCB, 0x5A,
    0x49, 0x42, 0x49, 0x4A, 0x49, 0x4A, 0x89, 0x4A, 0x69, 0x4A, 0xEB, 0x5A, 0x2D, 0x63, 0x4D, 0x63,
    0x2D, 0x63, 0x2C, 0x63, 0x2D, 0x63, 0x0C, 0x63, 0x69, 0x4A, 0x28, 0x42, 0x08, 0x42, 0xC7, 0x31,
    0xC7, 0x39, 0xC7, 0x39, 0xC7, 0x39, 0xC7, 0x39, 0xC7, 0x39, 0xC7, 0x39, 0xC7, 0x39, 0xC7, 0x39,
    0xA7, 0x39, 0xA7, 0x39, 0xA7, 0x39, 0xA6, 0x39, 0xA6, 0x39, 0xA6, 0x39, 0xA6, 0x39, 0xA6, 0x39,
    0xA6, 0x39, 0xA6, 0x39, 0xA6, 0x39, 0xA6, 0x39, 0xA6, 0x39, 0xA6, 0x39, 0xA6, 0x39, 0x86, 0x31,
    0xA6, 0x39, 0x86, 0x31, 0x86, 0x31, 0x86, 0x31, 0x86, 0x31, 0x86, 0x31, 0x86, 0x31, 0x86, 0x31,
    0x86, 0x31, 0x86, 0x31, 0x86, 0x31, 0x86, 0x31, 0x86, 0x31, 0x86, 0x31, 0x86, 0x31, 0x86, 0x31,
    0x86, 0x31, 0x86, 0x31, 0x86, 0x31, 0x86, 0x31, 0x86, 0x31, 0x86, 0x31, 0x86, 0x31, 0x86, 0x31,
    0x86, 0x31, 0x86, 0x31, 0x86, 0x31, 0x86, 0x31, 0x86, 0x31, 0x86, 0x31, 0xA6, 0x39, 0xA6, 0x39,
    0xA6, 0x39, 0xA6, 0x39, 0xA6, 0x39, 0xA6, 0x39, 0xA6, 0x39, 0xA6, 0x39, 0xA6, 0x39, 0xA6, 0x39,
    0xA6, 0x39, 0xA6, 0x39, 0xA6, 0x39, 0xA6, 0x39, 0xA6, 0x39, 0xA6, 0x39, 0xA6, 0x39, 0xA7, 0x39,
    0xC7, 0x39, 0xC7, 0x39, 0xC7, 0x41, 0xC7, 0x41, 0xE7, 0x41, 0xE7, 0x41, 0xE7, 0x41, 0xE7, 0x41,
    0xE7, 0x49, 0x07, 0x4A, 0x08, 0x4A, 0x08, 0x4A, 0x28, 0x4A, 0x28, 0x4A, 0x28, 0x52, 0x28, 0x52,
    0x48, 0x52, 0x49, 0x5A, 0x49, 0x5A, 0x69, 0x5A, 0x69, 0x5A, 0x69, 0x5A, 0x69, 0x5A, 0x8A, 0x5A,
    0x8A, 0x62, 0xAA, 0x62, 0xAA, 0x62, 0xCA, 0x62, 0xCA, 0x62, 0xCA, 0x62, 0xCA, 0x6A, 0xCA, 0x6A,
    0xCA, 0x6A, 0xEB, 0x72, 0x0B, 0x73, 0x0B, 0x73, 0x0B, 0x73, 0x2B, 0x7B, 0x2B, 0x7B, 0x4B, 0x7B,
    0x6C, 0x83, 0xCD, 0x8B, 0x70, 0xA4, 0xD1, 0xAC, 0xF2, 0xB4, 0x12, 0xB5, 0x12, 0xB5, 0x12, 0xB5,
    0x12, 0xB5, 0xF2, 0xB4, 0xD1, 0xAC, 0xD1, 0xAC, 0xB1, 0xA4, 0xB1, 0xAC, 0x4F, 0x9C, 0x8D, 0x83,
    0xEB, 0x72, 0xEB, 0x6A, 0x4C, 0x7B, 0x6C, 0x7B, 0x6C, 0x83, 0x4C, 0x7B, 0x0B, 0x73, 0xAA, 0x5A,
    0xA6, 0x39, 0x65, 0x29, 0x85, 0x29, 0x65, 0x29, 0x65, 0x29, 0x65, 0x29, 0x65, 0x29, 0x65, 0x29,
    0x65, 0x29, 0x65, 0x29, 0x65, 0x29, 0x65, 0x29, 0x65, 0x29, 0x65, 0x29, 0x65, 0x29, 0x65, 0x29,
    0x65, 0x29, 0x65, 0x29, 0x65, 0x29, 0x65, 0x29, 0x65, 0x29, 0x65, 0x29, 0x65, 0x29, 0x65, 0x29,
    0x86, 0x31, 0xA6, 0x31, 0x86, 0x31, 0x86, 0x31, 0xA6, 0x31, 0x65, 0x31, 0x65, 0x31, 0x65, 0x31,
    0x65, 0x31, 0x65, 0x31, 0x65, 0x31, 0x65, 0x31, 0x66, 0x31, 0x66, 0x31, 0x86, 0x31, 0x86, 0x31,
    0x86, 0x39, 0x85, 0x39, 0x86, 0x39, 0x86, 0x39, 0xA6, 0x39, 0xA6, 0x39, 0xA6, 0x39, 0xC7, 0x41,
    0xC7, 0x39, 0xA6, 0x39, 0x86, 0x31, 0x86, 0x31, 0xA6, 0x39, 0xA6, 0x39, 0xC6, 0x39, 0xC7, 0x41,
    0xE7, 0x41, 0x08, 0x4A, 0x28, 0x4A, 0x48, 0x4A, 0x28, 0x4A, 0x28, 0x4A, 0x08, 0x4A, 0x07, 0x4A,
    0x07, 0x42, 0x07, 0x42, 0xE7, 0x41, 0xE7, 0x41, 0xC7, 0x41, 0xC7, 0x41, 0xC7, 0x41, 0xC7, 0x39,
    0xC7, 0x39, 0xC7, 0x39, 0xC7, 0x39, 0xC6, 0x39, 0xE7, 0x41, 0x07, 0x42, 0x28, 0x4A, 0x28, 0x4A,
    0x48, 0x4A, 0x28, 0x4A, 0x08, 0x4A, 0x07, 0x42, 0xE7, 0x41, 0xE7, 0x41, 0xE7, 0x41, 0x08, 0x4A,
    0x07, 0x4A, 0x07, 0x4A, 0x08, 0x4A, 0x08, 0x4A, 0xE7, 0x41, 0xE7, 0x41, 0x08, 0x4A, 0x28, 0x4A,
    0x08, 0x4A, 0x28, 0x4A, 0x28, 0x4A, 0x28, 0x4A, 0x89, 0x52, 0x8A, 0x5A, 0x89, 0x52, 0xCA, 0x62,
    0x0B, 0x6B, 0xEB, 0x6A, 0xEB, 0x62, 0xEB, 0x62, 0xCB, 0x62, 0xAA, 0x5A, 0x0B, 0x63, 0xEB, 0x62,
    0xCA, 0x5A, 0xAA, 0x5A, 0xCA, 0x5A, 0xCB, 0x5A, 0x8A, 0x52, 0x48, 0x4A, 0x28, 0x4A, 0x28, 0x4A,
    0x69, 0x52, 0x8A, 0x52, 0xAA, 0x5A, 0xAA, 0x52, 0xAA, 0x52, 0xCA, 0x5A, 0xCA, 0x52, 0xEB, 0x5A,
    0x4C, 0x63, 0x6D, 0x6B, 0x6D, 0x6B, 0x6D, 0x6B, 0x6D, 0x6B, 0x6D, 0x63, 0x6D, 0x63, 0x6D, 0x63,
    0x6D, 0x63, 0x6D, 0x63, 0x6D, 0x63, 0x4D, 0x63, 0x4D, 0x63, 0x6D, 0x6B, 0x6D, 0x6B, 0x6D, 0x6B,
    0x6D, 0x6B, 0x6D, 0x6B, 0x6D, 0x6B, 0x6D, 0x6B, 0x6D, 0x6B, 0x6D, 0x6B, 0x6D, 0x6B, 0x6D, 0x6B,
    0x6D, 0x6B, 0x6D, 0x6B, 0x6D, 0x6B, 0x6D, 0x6B, 0x6D, 0x6B, 0x6D, 0x6B, 0x4D, 0x63, 0x4D, 0x63,
    0x4D, 0x63, 0x4D, 0x63, 0x4D, 0x63, 0x4D, 0x63, 0x2C, 0x63, 0x0C, 0x5B, 0x2C, 0x63, 0x0C, 0x63,
    0x8A, 0x52, 0x49, 0x42, 0x49, 0x4A, 0x69, 0x4A, 0x69, 0x4A, 0x8A, 0x4A, 0x0C, 0x5B, 0x4D, 0x63,
    0x2D, 0x63, 0x2C, 0x63, 0x2C, 0x63, 0x2C, 0x63, 0xEC, 0x5A, 0x49, 0x4A, 0x08, 0x42, 0x08, 0x42,
    0xC7, 0x39, 0xC7, 0x39, 0xC7, 0x39, 0xC7, 0x39, 0xC7, 0x39, 0xC7, 0x39, 0xC7, 0x39, 0xC7, 0x39,
    0xA7, 0x39, 0xA7, 0x39, 0xA7, 0x39, 0xA6, 0x39, 0xA6, 0x39, 0xA6, 0x39, 0xA6, 0x39, 0xA6, 0x39,
    0xA6, 0x39, 0xA6, 0x39, 0xA6, 0x39, 0xA6, 0x39, 0xA6, 0x39, 0xA6, 0x39, 0xA6, 0x39, 0xA6, 0x39,
    0xA6, 0x39, 0x86, 0x31, 0x86, 0x31, 0x86, 0x31, 0x86, 0x31, 0x86, 0x31, 0x86, 0x31, 0x86, 0x31,
    0x86, 0x31, 0x86, 0x31, 0x86, 0x31, 0x86, 0x31, 0x86, 0x31, 0x86, 0x31, 0x86, 0x31, 0x86, 0x31,
    0x86, 0x31, 0x86, 0x31, 0x86, 0x31, 0x86, 0x31, 0x86, 0x31, 0x86, 0x31, 0x86, 0x31, 0x86, 0x31,
    0x86, 0x31, 0x86, 0x31, 0x86, 0x31, 0x86, 0x31, 0x86, 0x31, 0x86, 0x31, 0xA6, 0x39, 0xA6, 0x39,
    0xA6, 0x39, 0xA6, 0x39, 0xA6, 0x39, 0xA6, 0x39, 0xA6, 0x39, 0xA6, 0x39, 0xA6, 0x39, 0xA6, 0x39,
    0xA6, 0x39, 0xA6, 0x39, 0xA6, 0x39, 0xA6, 0x39, 0xA6, 0x39, 0xA6, 0x39, 0xA6, 0x39, 0xC7, 0x39,
    0xA7, 0x39, 0xC7, 0x39, 0xC7, 0x39, 0xC7, 0x41, 0xE7, 0x41, 0xE7, 0x41, 0xE7, 0x41, 0xE7, 0x41,
    0xE7, 0x49, 0x07, 0x4A, 0x08, 0x4A, 0x08, 0x4A, 0x08, 0x4A, 0x28, 0x4A, 0x28, 0x52, 0x28, 0x52,
    0x48, 0x52, 0x49, 0x52, 0x49, 0x5A, 0x69, 0x5A, 0x69, 0x5A, 0x69, 0x5A, 0x8A, 0x5A, 0x8A, 0x62,
    0xAA, 0x62, 0xAA, 0x62, 0xAA, 0x62, 0xCA, 0x62, 0xCA, 0x6A, 0xCA, 0x6A, 0xCA, 0x6A, 0xEA, 0x72,
    0x0A, 0x73, 0x0B, 0x73, 0x0B, 0x73, 0x2B, 0x7B, 0x2B, 0x7B, 0x2B, 0x7B, 0x6C, 0x83, 0xCD, 0x8B,
    0x4F, 0x9C, 0xD1, 0xAC, 0x12, 0xB5, 0x12, 0xB5, 0x12, 0xB5, 0x12, 0xB5, 0x12, 0xB5, 0x33, 0xB5,
    0x12, 0xB5, 0xF2, 0xB4, 0xF2, 0xAC, 0xD1, 0xAC, 0xB1, 0xAC, 0x91, 0xA4, 0xEE, 0x93, 0x2B, 0x7B,
    0xEA, 0x72, 0x4C, 0x7B, 0x4C, 0x7B, 0x6D, 0x83, 0x8D, 0x83, 0x6C, 0x83, 0x0B, 0x73, 0x89, 0x5A,
    0x85, 0x31, 0x65, 0x29, 0x85, 0x29, 0x65, 0x29, 0x65, 0x29, 0x65, 0x29, 0x65, 0x29, 0x65, 0x29,
    0x65, 0x29, 0x65, 0x29, 0x65, 0x29, 0x65, 0x29, 0x65, 0x29, 0x65, 0x29, 0x65, 0x29, 0x65, 0x29,
    0x65, 0x29, 0x65, 0x29, 0x65, 0x29, 0x65, 0x29, 0x65, 0x29, 0x65, 0x29, 0x65, 0x29, 0x65, 0x29,
    0xA6, 0x31, 0x86, 0x31, 0x65, 0x29, 0xA6, 0x31, 0x86, 0x31, 0x65, 0x31, 0x65, 0x31, 0x65, 0x31,
    0x65, 0x31, 0x65, 0x31, 0x65, 0x31, 0x66, 0x31, 0x86, 0x31, 0x86, 0x31, 0x85, 0x31, 0x85, 0x31,
    0x86, 0x31, 0xA6, 0x39, 0x86, 0x39, 0x86, 0x39, 0xA6, 0x39, 0x86, 0x39, 0x86, 0x39, 0x86, 0x39,
    0xA6, 0x39, 0xC7, 0x39, 0xC6, 0x39, 0x86, 0x31, 0x86, 0x39, 0xA6, 0x39, 0xC6, 0x39, 0xC7, 0x41,
    0x07, 0x42, 0x07, 0x42, 0xE7, 0x41, 0x08, 0x4A, 0x28, 0x4A, 0x28, 0x52, 0x28, 0x52, 0x28, 0x4A,
    0x28, 0x4A, 0x28, 0x4A, 0x28, 0x4A, 0x08, 0x4A, 0x08, 0x42, 0xE7, 0x41, 0xE7, 0x41, 0xE7, 0x41,
    0xE7, 0x41, 0xE7, 0x41, 0xE7, 0x41, 0xE7, 0x41, 0x07, 0x42, 0x28, 0x4A, 0x28, 0x4A, 0x28, 0x4A,
    0x28, 0x4A, 0x28, 0x4A, 0x07, 0x42, 0x07, 0x42, 0xE7, 0x41, 0xE7, 0x41, 0xE7, 0x49, 0x08, 0x4A,
    0xE7, 0x41, 0x08, 0x4A, 0x07, 0x4A, 0xE7, 0x41, 0xE7, 0x41, 0x07, 0x4A, 0x28, 0x4A, 0x08, 0x4A,
    0x08, 0x4A, 0x28, 0x4A, 0x28, 0x4A, 0x89, 0x52, 0x69, 0x52, 0x69, 0x52, 0xEB, 0x62, 0x0C, 0x6B,
    0x0B, 0x6B, 0xEB, 0x62, 0xEB, 0x62, 0xEB, 0x62, 0xCB, 0x62, 0x8A, 0x5A, 0xCA, 0x62, 0xCA, 0x5A,
    0xCA, 0x5A, 0xCA, 0x5A, 0xAA, 0x5A, 0x69, 0x52, 0x28, 0x4A, 0x28, 0x4A, 0x49, 0x4A, 0x69, 0x52,
    0xAA, 0x5A, 0xAA, 0x5A, 0xAA, 0x5A, 0xAA, 0x52, 0xAA, 0x52, 0xCB, 0x5A, 0x2C, 0x63, 0x6D, 0x6B,
    0x4D, 0x63, 0x4D, 0x63, 0x6D, 0x6B, 0x6D, 0x6B, 0x6D, 0x6B, 0x6D, 0x63, 0x6D, 0x63, 0x6D, 0x63,
    0x6D, 0x63, 0x6D, 0x63, 0x6D, 0x63, 0x6D, 0x6B, 0x6D, 0x6B, 0x6D, 0x6B, 0x6D, 0x6B, 0x6D, 0x6B,
    0x6D, 0x6B, 0x6D, 0x6B, 0x6D, 0x6B, 0x6D, 0x6B, 0x6D, 0x6B, 0x6D, 0x6B, 0x6D, 0x6B, 0x6D, 0x6B,
    0x6D, 0x6B, 0x6D, 0x6B, 0x6D, 0x6B, 0x6D, 0x6B, 0x6D, 0x6B, 0x6D, 0x6B, 0x6D, 0x6B, 0x6D, 0x6B,
    0x6D, 0x6B, 0x4D, 0x63, 0x4D, 0x63, 0x4D, 0x63, 0x4D, 0x63, 0x2C, 0x63, 0x0C, 0x63, 0x2C, 0x63,
    0xEC, 0x5A, 0x49, 0x4A, 0x69, 0x4A, 0x69, 0x4A, 0x69, 0x4A, 0x6A, 0x4A, 0xAA, 0x52, 0x2C, 0x63,
    0x2C, 0x63, 0x2C, 0x63, 0x2C, 0x63, 0x2C, 0x63, 0x2C, 0x63, 0xEB, 0x5A, 0x49, 0x4A, 0x07, 0x3A,
    0xE7, 0x39, 0xC7, 0x39, 0xC7, 0x39, 0xA7, 0x39, 0xC7, 0x39, 0xC7, 0x39, 0xC7, 0x39, 0xC7, 0x39,
    0xA7, 0x39, 0xA6, 0x39, 0xA6, 0x39, 0xA6, 0x39, 0xA6, 0x39, 0xA6, 0x39, 0xA6, 0x39, 0xA6, 0x39,
    0xA6, 0x39, 0xA6, 0x39, 0xA6, 0x39, 0xA6, 0x39, 0xA6, 0x39, 0xA6, 0x39, 0xA6, 0x39, 0xA6, 0x39,
    0xA6, 0x39, 0xA6, 0x39, 0x86, 0x31, 0x86, 0x31, 0x86, 0x31, 0x86, 0x31, 0x86, 0x31, 0x86, 0x31,
    0x86, 0x31, 0x86, 0x31, 0x86, 0x31, 0x86, 0x31, 0x86, 0x31, 0x86, 0x31, 0x86, 0x31, 0x86, 0x31,
    0x86, 0x31, 0x86, 0x31, 0x86, 0x31, 0x86, 0x31, 0x86, 0x31, 0x86, 0x31, 0x86, 0x31, 0x86, 0x31,
    0x86, 0x31, 0x86, 0x31, 0x86, 0x31, 0x86, 0x31, 0x86, 0x31, 0x86, 0x31, 0xA6, 0x39, 0xA6, 0x39,
    0xA6, 0x39, 0xA6, 0x39, 0xA6, 0x39, 0xA6, 0x39, 0xA6, 0x39, 0xA6, 0x39, 0xA6, 0x39, 0xA6, 0x39,
    0xA6, 0x39, 0xA6, 0x39, 0xA6, 0x39, 0xA6, 0x39, 0xA6, 0x39, 0xA6, 0x39, 0xA6, 0x39, 0xC7, 0x39,
    0xC7, 0x39, 0xC7, 0x39, 0xC7, 0x39, 0xC7, 0x39, 0xE7, 0x41, 0xE7, 0x41, 0xE7, 0x41, 0xE7, 0x41,
    0xE7, 0x41, 0x07, 0x4A, 0x08, 0x4A, 0x08, 0x4A, 0x08, 0x4A, 0x28, 0x4A, 0x28, 0x52, 0x28, 0x52,
    0x48, 0x52, 0x49, 0x52, 0x49, 0x5A, 0x69, 0x5A, 0x69, 0x5A, 0x69, 0x5A, 0x89, 0x5A, 0x8A, 0x62,
    0xAA, 0x62, 0xAA, 0x62, 0xCA, 0x6A, 0xCA, 0x6A, 0xCA, 0x6A, 0xEA, 0x6A, 0xEA, 0x72, 0xEB, 0x72,
    0x0B, 0x73, 0x2B, 0x7B, 0x2B, 0x7B, 0x4B, 0x7B, 0x6C, 0x83, 0xAD, 0x8B, 0x2F, 0x9C, 0xB1, 0xAC,
    0x12, 0xB5, 0x32, 0xB5, 0x33, 0xB5, 0x33, 0xB5, 0x33, 0xB5, 0x33, 0xB5, 0x33, 0xB5, 0x33, 0xB5,
    0x12, 0xB5, 0xF2, 0xB4, 0xF2, 0xAC, 0xD1, 0xAC, 0xB1, 0xAC, 0x70, 0x9C, 0x8D, 0x83, 0x0B, 0x73,
    0x2B, 0x7B, 0x6C, 0x83, 0x6D, 0x83, 0xAD, 0x83, 0xAD, 0x8B, 0x6C, 0x83, 0x0B, 0x73, 0x69, 0x5A,
    0x65, 0x31, 0x65, 0x29, 0x85, 0x29, 0x65, 0x29, 0x65, 0x29, 0x65, 0x29, 0x65, 0x29, 0x65, 0x29,
    0x65, 0x29, 0x65, 0x29, 0x65, 0x29, 0x65, 0x29, 0x65, 0x29, 0x65, 0x29, 0x65, 0x29, 0x65, 0x29,
    0x65, 0x29, 0x65, 0x29, 0x65, 0x29, 0x65, 0x29, 0x65, 0x29, 0x65, 0x29, 0x65, 0x29, 0xA6, 0x31,
    0xA6, 0x31, 0x65, 0x29, 0x86, 0x31, 0xA6, 0x39, 0x66, 0x31, 0x65, 0x31, 0x65, 0x31, 0x65, 0x31,
    0x66, 0x31, 0x65, 0x31, 0x86, 0x31, 0x86, 0x31, 0xA6, 0x39, 0xA6, 0x39, 0xA6, 0x39, 0x86, 0x31,
    0x86, 0x31, 0xA6, 0x39, 0x86, 0x39, 0x86, 0x39, 0xA6, 0x39, 0x86, 0x39, 0x86, 0x39, 0x86, 0x39,
    0xA6, 0x39, 0xA6, 0x39, 0xC6, 0x39, 0xC6, 0x39, 0xA6, 0x39, 0xA6, 0x39, 0xC6, 0x39, 0x07, 0x42,
    0x08, 0x4A, 0x07, 0x42, 0x07, 0x42, 0x08, 0x4A, 0x28, 0x4A, 0x28, 0x4A, 0x28, 0x4A, 0x07, 0x4A,
    0x07, 0x42, 0x07, 0x42, 0x07, 0x42, 0x08, 0x42, 0x08, 0x42, 0x07, 0x42, 0x07, 0x42, 0x07, 0x42,
    0x07, 0x42, 0x07, 0x42, 0x07, 0x42, 0x07, 0x42, 0x08, 0x4A, 0x28, 0x4A, 0x28, 0x4A, 0x28, 0x4A,
    0x07, 0x42, 0xE7, 0x41, 0xE7, 0x41, 0xE7, 0x41, 0x07, 0x42, 0x07, 0x42, 0x07, 0x4A, 0x07, 0x4A,
    0x07, 0x4A, 0xE7, 0x41, 0xE7, 0x41, 0xE7, 0x41, 0xE7, 0x41, 0x08, 0x4A, 0x08, 0x4A, 0x08, 0x4A,
    0x28, 0x4A, 0x28, 0x4A, 0x49, 0x52, 0x69, 0x52, 0x89, 0x5A, 0xEB, 0x6A, 0x0C, 0x6B, 0x0C, 0x6B,
    0x0B, 0x6B, 0xEB, 0x62, 0xEB, 0x62, 0xEB, 0x62, 0xAA, 0x5A, 0x8A, 0x5A, 0xAA, 0x5A, 0xCA, 0x5A,
    0xAA, 0x5A, 0x89, 0x52, 0x69, 0x52, 0x49, 0x4A, 0x69, 0x52, 0x69, 0x52, 0xAA, 0x5A, 0xCA, 0x5A,
    0xAA, 0x5A, 0x8A, 0x52, 0xAA, 0x52, 0xCB, 0x5A, 0x2C, 0x63, 0x6D, 0x6B, 0x6D, 0x6B, 0x4D, 0x6B,
    0x4D, 0x63, 0x6D, 0x6B, 0x6D, 0x6B, 0x6D, 0x6B, 0x6D, 0x6B, 0x6D, 0x6B, 0x6D, 0x6B, 0x6D, 0x6B,
    0x6D, 0x6B, 0x6D, 0x6B, 0x6D, 0x6B, 0x6D, 0x6B, 0x6D, 0x6B, 0x6D, 0x6B, 0x6D, 0x6B, 0x6D, 0x6B,
    0x6D, 0x6B, 0x6D, 0x6B, 0x6D, 0x6B, 0x6D, 0x6B, 0x6D, 0x6B, 0x6D, 0x6B, 0x6D, 0x6B, 0x6D, 0x6B,
    0x6D, 0x6B, 0x6D, 0x6B, 0x6D, 0x6B, 0x6D, 0x6B, 0x6D, 0x6B, 0x6D, 0x6B, 0x6D, 0x6B, 0x6D, 0x6B,
    0x6D, 0x6B, 0x6D, 0x6B, 0x6D, 0x6B, 0x4D, 0x63, 0x4D, 0x63, 0x4D, 0x63, 0x2D, 0x63, 0x2C, 0x63,
    0x0C, 0x63, 0xCB, 0x5A, 0x49, 0x4A, 0x89, 0x4A, 0x8A, 0x4A, 0x8A, 0x4A, 0x6A, 0x4A, 0xCB, 0x52,
    0x2C, 0x63, 0x2C, 0x63, 0x2C, 0x63, 0x2C, 0x63, 0x2C, 0x63, 0x2C, 0x63, 0x0B, 0x5B, 0x49, 0x4A,
    0xE7, 0x39, 0xE7, 0x39, 0xC7, 0x39, 0xC7, 0x39, 0xC7, 0x39, 0xC7, 0x39, 0xA7, 0x39, 0xA6, 0x39,
    0xA6, 0x39, 0xA6, 0x39, 0xA6, 0x39, 0xA6, 0x39, 0xA6, 0x39, 0xA6, 0x39, 0xA6, 0x39, 0xA6, 0x39,
    0xA6, 0x39, 0xA6, 0x39, 0xA6, 0x39, 0xA6, 0x39, 0xA6, 0x39, 0xA6, 0x39, 0xA6, 0x39, 0xA6, 0x39,
    0xA6, 0x39, 0xA6, 0x39, 0xA6, 0x39, 0x86, 0x31, 0x86, 0x31, 0x86, 0x31, 0x86, 0x31, 0x86, 0x31,
    0x86, 0x31, 0x86, 0x31, 0x86, 0x31, 0x86, 0x31, 0x86, 0x31, 0x86, 0x31, 0x86, 0x31, 0x86, 0x31,
    0x86, 0x31, 0x86, 0x31, 0x86, 0x31, 0x86, 0x31, 0x86, 0x31, 0x86, 0x31, 0x86, 0x31, 0x86, 0x31,
    0x86, 0x31, 0x86, 0x31, 0x86, 0x31, 0x86, 0x31, 0x86, 0x31, 0x86, 0x31, 0x86, 0x31, 0xA6, 0x39,
    0xA6, 0x39, 0xA6, 0x39, 0xA6, 0x39, 0xA6, 0x39, 0xA6, 0x39, 0xA6, 0x39, 0xA6, 0x39, 0xA6, 0x39,
    0xA6, 0x39, 0xA6, 0x39, 0xA6, 0x39, 0xA6, 0x39, 0xA6, 0x39, 0xA6, 0x39, 0xA6, 0x39, 0xC7, 0x39,
    0xC7, 0x39, 0xC7, 0x39, 0xC7, 0x39, 0xC7, 0x39, 0xC6, 0x41, 0xE7, 0x41, 0xE7, 0x41, 0xE7, 0x41,
    0xE7, 0x41, 0x07, 0x4A, 0x08, 0x4A, 0x08, 0x4A, 0x08, 0x4A, 0x28, 0x4A, 0x28, 0x52, 0x28, 0x52,
    0x48, 0x52, 0x49, 0x5A, 0x69, 0x5A, 0x69, 0x5A, 0x69, 0x5A, 0x89, 0x5A, 0x89, 0x62, 0xAA, 0x62,
    0xAA, 0x62, 0xAA, 0x62, 0xAA, 0x6A, 0xCA, 0x6A, 0xEA, 0x6A, 0xEA, 0x6A, 0x0B, 0x73, 0x0B, 0x7B,
    0x0B, 0x7B, 0x2B, 0x7B, 0x6B, 0x83, 0xAD, 0x8B, 0x0E, 0x9C, 0xB0, 0xAC, 0x12, 0xB5, 0xB1, 0xAC,
    0x12, 0xB5, 0x53, 0xBD, 0x33, 0xBD, 0x33, 0xBD, 0x33, 0xBD, 0x33, 0xBD, 0x33, 0xBD, 0x12, 0xB5,
    0x12, 0xB5, 0xF2, 0xB4, 0xD2, 0xAC, 0xB1, 0xAC, 0x90, 0xA4, 0x0E, 0x94, 0x4B, 0x7B, 0x2B, 0x7B,
    0x4C, 0x83, 0x6D, 0x83, 0xAE, 0x8B, 0xCE, 0x8B, 0xCE, 0x8B, 0x6C, 0x83, 0x0B, 0x73, 0x69, 0x52,
    0x65, 0x31, 0x65, 0x31, 0x85, 0x29, 0x65, 0x29, 0x65, 0x29, 0x65, 0x29, 0x65, 0x29, 0x65, 0x29,
    0x65, 0x29, 0x65, 0x29, 0x65, 0x29, 0x65, 0x29, 0x65, 0x29, 0x65, 0x29, 0x65, 0x29, 0x65, 0x29,
    0x65, 0x29, 0x65, 0x29, 0x65, 0x29, 0x65, 0x29, 0x65, 0x29, 0x65, 0x29, 0x65, 0x29, 0xC7, 0x39,
    0x65, 0x29, 0x86, 0x31, 0xA6, 0x31, 0x86, 0x31, 0x65, 0x31, 0x65, 0x31, 0x65, 0x31, 0x65, 0x31,
    0x65, 0x31, 0x65, 0x31, 0x86, 0x31, 0xA6, 0x39, 0xC7, 0x39, 0xC7, 0x39, 0xC7, 0x39, 0xC7, 0x39,
    0xC6, 0x39, 0xC6, 0x39, 0xA6, 0x39, 0x86, 0x39, 0x86, 0x39, 0x86, 0x39, 0x86, 0x39, 0x86, 0x39,
    0xA6, 0x39, 0xA6, 0x39, 0xA6, 0x31, 0xC6, 0x39, 0xC6, 0x41, 0xE7, 0x41, 0x07, 0x42, 0x28, 0x4A,
    0x08, 0x4A, 0x28, 0x4A, 0x48, 0x4A, 0x48, 0x4A, 0x28, 0x4A, 0x07, 0x42, 0xE7, 0x41, 0xE7, 0x41,
    0xE7, 0x41, 0x07, 0x42, 0x07, 0x42, 0xE7, 0x41, 0xE7, 0x41, 0xE7, 0x41, 0xE7, 0x41, 0xE7, 0x41,
    0xE7, 0x41, 0xE7, 0x41, 0xE7, 0x41, 0xE7, 0x41, 0xE7, 0x41, 0x07, 0x42, 0xE7, 0x41, 0xE7, 0x41,
    0xE7, 0x41, 0xE7, 0x41, 0xE7, 0x41, 0xE7, 0x41, 0x07, 0x42, 0x07, 0x42, 0x07, 0x4A, 0x07, 0x4A,
    0x07, 0x4A, 0xE7, 0x41, 0xE7, 0x41, 0xE7, 0x41, 0x07, 0x4A, 0x28, 0x4A, 0x28, 0x4A, 0x48, 0x52,
    0x28, 0x4A, 0x28, 0x4A, 0x69, 0x52, 0xAA, 0x5A, 0x0B, 0x6B, 0x0C, 0x6B, 0x0C, 0x6B, 0x0C, 0x6B,
    0x0C, 0x6B, 0xEB, 0x62, 0xCA, 0x5A, 0xAA, 0x5A, 0x8A, 0x5A, 0xAA, 0x5A, 0x8A, 0x5A, 0x89, 0x52,
    0x89, 0x52, 0x69, 0x52, 0x89, 0x52, 0xAA, 0x5A, 0xAA, 0x5A, 0xCA, 0x5A, 0x8A, 0x5A, 0x69, 0x52,
    0x8A, 0x52, 0xEB, 0x5A, 0x2C, 0x63, 0x4D, 0x6B, 0x4D, 0x6B, 0x4D, 0x6B, 0x4D, 0x6B, 0x4D, 0x6B,
    0x6D, 0x6B, 0x6D, 0x6B, 0x6D, 0x6B, 0x6D, 0x6B, 0x6D, 0x6B, 0x6D, 0x6B, 0x6D, 0x6B, 0x6D, 0x6B,
    0x6D, 0x6B, 0x6D, 0x6B, 0x6D, 0x6B, 0x6D, 0x6B, 0x6D, 0x6B, 0x6D, 0x6B, 0x6D, 0x6B, 0x6D, 0x6B,
    0x6D, 0x6B, 0x6D, 0x6B, 0x6D, 0x6B, 0x6D, 0x6B, 0x6D, 0x6B, 0x6D, 0x6B, 0x6D, 0x6B, 0x6D, 0x6B,
    0x6D, 0x6B, 0x6D, 0x6B, 0x6D, 0x6B, 0x6D, 0x6B, 0x6D, 0x6B, 0x6D, 0x6B, 0x6D, 0x6B, 0x6D, 0x6B,
    0x6D, 0x6B, 0x6D, 0x6B, 0x6D, 0x6B, 0x6D, 0x6B, 0x4D, 0x63, 0x4D, 0x63, 0x4D, 0x63, 0x4D, 0x63,
    0x2D, 0x63, 0x2C, 0x63, 0xAA, 0x52, 0x69, 0x4A, 0x8A, 0x52, 0x8A, 0x4A, 0x8A, 0x4A, 0x6A, 0x4A,
    0xCB, 0x52, 0x2C, 0x63, 0x2C, 0x63, 0x2C, 0x63, 0x2C, 0x63, 0x2C, 0x63, 0x2C, 0x63, 0xEC, 0x5A,
    0x49, 0x4A, 0xC7, 0x39, 0xE7, 0x41, 0xE7, 0x39, 0xC7, 0x39, 0xC7, 0x39, 0xA7, 0x39, 0xA7, 0x39,
    0xA6, 0x39, 0xA6, 0x39, 0xA6, 0x39, 0xA6, 0x39, 0xA6, 0x39, 0xA6, 0x39, 0xA6, 0x39, 0xA6, 0x39,
    0xA6, 0x39, 0xA6, 0x39, 0xA6, 0x39, 0xA6, 0x39, 0xA6, 0x39, 0xA6, 0x39, 0xA6, 0x39, 0xA6, 0x39,
    0xA6, 0x39, 0xA6, 0x39, 0xA6, 0x39, 0x86, 0x31, 0x86, 0x31, 0x86, 0x31, 0x86, 0x31, 0x86, 0x31,
    0x86, 0x31, 0x86, 0x31, 0x86, 0x31, 0x86, 0x31, 0x86, 0x31, 0x86, 0x31, 0x86, 0x31, 0x86, 0x31,
    0x86, 0x31, 0x86, 0x31, 0x86, 0x31, 0x86, 0x31, 0x86, 0x31, 0x86, 0x31, 0x86, 0x31, 0x86, 0x31,
    0x86, 0x31, 0x86, 0x31, 0x86, 0x31, 0x86, 0x31, 0x86, 0x31, 0x86, 0x31, 0x86, 0x31, 0x86, 0x31,
    0xA6, 0x39, 0xA6, 0x39, 0xA6, 0x39, 0xA6, 0x39, 0xA6, 0x39, 0xA6, 0x39, 0xA6, 0x39, 0xA6, 0x39,
    0xA6, 0x39, 0xA6, 0x39, 0xA6, 0x39, 0xA6, 0x39, 0xA6, 0x39, 0xA6, 0x39, 0xC6, 0x39, 0xC6, 0x39,
    0xC7, 0x39, 0xC7, 0x39, 0xC7, 0x39, 0xC7, 0x41, 0xC7, 0x41, 0xC7, 0x41, 0xC7, 0x41, 0xE7, 0x41,
    0xE7, 0x49, 0x07, 0x4A, 0x08, 0x4A, 0x28, 0x4A, 0x28, 0x4A, 0x28, 0x4A, 0x28, 0x52, 0x28, 0x52,
    0x48, 0x52, 0x49, 0x52, 0x69, 0x5A, 0x69, 0x5A, 0x69, 0x5A, 0x89, 0x5A, 0x8A, 0x62, 0xAA, 0x62,
    0xAA, 0x62, 0xAA, 0x6A, 0xCA, 0x6A, 0xCA, 0x6A, 0xEA, 0x72, 0x0B, 0x73, 0x0B, 0x73, 0x0B, 0x7B,
    0x2B, 0x7B, 0x6C, 0x83, 0xEE, 0x93, 0x90, 0xA4, 0xF2, 0xB4, 0x12, 0xB5, 0x33, 0xBD, 0xB1, 0xAC,
    0xD1, 0xAC, 0x54, 0xBD, 0x33, 0xBD, 0x53, 0xBD, 0x53, 0xBD, 0x33, 0xBD, 0x33, 0xBD, 0x13, 0xB5,
    0x12, 0xB5, 0xF2, 0xB4, 0xD1, 0xAC, 0xB1, 0xAC, 0x70, 0xA4, 0xAD, 0x8B, 0x2B, 0x7B, 0x4C, 0x7B,
    0x8D, 0x83, 0xCE, 0x8B, 0xEE, 0x93, 0x0F, 0x94, 0xCE, 0x8B, 0x6C, 0x83, 0x0B, 0x73, 0x48, 0x52,
    0x65, 0x29, 0x86, 0x31, 0x85, 0x31, 0x65, 0x29, 0x85, 0x29, 0x65, 0x29, 0x65, 0x29, 0x65, 0x29,
    0x65, 0x29, 0x65, 0x29, 0x65, 0x29, 0x65, 0x29, 0x65, 0x29, 0x65, 0x29, 0x65, 0x29, 0x65, 0x29,
    0x65, 0x29, 0x65, 0x29, 0x65, 0x29, 0x65, 0x29, 0x65, 0x29, 0x65, 0x29, 0xA6, 0x31, 0x86, 0x31,
    0x65, 0x29, 0xA6, 0x31, 0xA6, 0x39, 0x65, 0x31, 0x65, 0x31, 0x65, 0x31, 0x65, 0x31, 0x65, 0x31,
    0x66, 0x31, 0x65, 0x31, 0x65, 0x31, 0x65, 0x31, 0x65, 0x31, 0x86, 0x31, 0xA6, 0x39, 0xA6, 0x39,
    0xC6, 0x39, 0xC7, 0x39, 0xE7, 0x41, 0xE7, 0x41, 0xC7, 0x39, 0xC6, 0x39, 0xA6, 0x39, 0xA6, 0x39,
    0xC6, 0x39, 0xE7, 0x41, 0x07, 0x42, 0x08, 0x42, 0x28, 0x4A, 0x28, 0x4A, 0x48, 0x4A, 0x48, 0x4A,
    0x48, 0x4A, 0x48, 0x4A, 0x28, 0x4A, 0xE7, 0x41, 0xC7, 0x41, 0xE7, 0x41, 0x07, 0x42, 0x28, 0x4A,
    0x28, 0x4A, 0x28, 0x4A, 0x07, 0x4A, 0x07, 0x42, 0x07, 0x42, 0xE7, 0x41, 0xE7, 0x41, 0xE7, 0x41,
    0xE7, 0x41, 0xE7, 0x41, 0xE7, 0x41, 0xE7, 0x41, 0xE7, 0x41, 0xE7, 0x41, 0xE7, 0x41, 0xE7, 0x41,
    0xE7, 0x41, 0xE7, 0x41, 0x07, 0x42, 0x07, 0x42, 0x07, 0x42, 0x07, 0x42, 0x07, 0x42, 0x07, 0x42,
    0x07, 0x42, 0xE7, 0x41, 0xE7, 0x41, 0x08, 0x4A, 0x28, 0x4A, 0x28, 0x4A, 0x28, 0x4A, 0x07, 0x4A,
    0x07, 0x4A, 0x48, 0x52, 0xAA, 0x5A, 0x0B, 0x6B, 0x0C, 0x6B, 0x2C, 0x6B, 0x0C, 0x6B, 0xEB, 0x62,
    0xAA, 0x5A, 0x8A, 0x5A, 0x89, 0x5A, 0x89, 0x5A, 0x89, 0x5A, 0x89, 0x52, 0xAA, 0x5A, 0xCA, 0x5A,
    0xCA, 0x5A, 0xCA, 0x5A, 0xCA, 0x5A, 0xAA, 0x5A, 0x89, 0x52, 0x69, 0x52, 0x8A, 0x52, 0x0B, 0x63,
    0x4C, 0x6B, 0x4D, 0x6B, 0x4C, 0x6B, 0x4D, 0x63, 0x4D, 0x6B, 0x4D, 0x6B, 0x4D, 0x6B, 0x6D, 0x6B,
    0x6D, 0x6B, 0x6D, 0x6B, 0x6D, 0x6B, 0x6D, 0x6B, 0x6D, 0x6B, 0x6D, 0x6B, 0x6D, 0x6B, 0x6D, 0x6B,
    0x6D, 0x6B, 0x6D, 0x6B, 0x6D, 0x6B, 0x6D, 0x6B, 0x6D, 0x6B, 0x6D, 0x6B, 0x6D, 0x6B, 0x6D, 0x6B,
    0x6D, 0x6B, 0x6D, 0x6B, 0x6D, 0x6B, 0x6D, 0x6B, 0x6D, 0x6B, 0x6D, 0x6B, 0x6D, 0x6B, 0x6D, 0x6B,
    0x6D, 0x6B, 0x6D, 0x6B, 0x6D, 0x6B, 0x6D, 0x6B, 0x6D, 0x6B, 0x6D, 0x6B, 0x6D, 0x6B, 0x6D, 0x6B,
    0x6D, 0x6B, 0x6D, 0x6B, 0x6D, 0x6B, 0x6D, 0x6B, 0x4D, 0x63, 0x4D, 0x63, 0x4D, 0x63, 0x4D, 0x63,
    0x4D, 0x63, 0x2D, 0x63, 0x0C, 0x63, 0x6A, 0x4A, 0x6A, 0x4A, 0x8A, 0x52, 0x8A, 0x52, 0x8A, 0x4A,
    0x8A, 0x4A, 0xCB, 0x52, 0x2C, 0x63, 0x2C, 0x63, 0x2C, 0x63, 0x2C, 0x63, 0x2D, 0x63, 0x4D, 0x63,
    0xEC, 0x5A, 0x29, 0x42, 0xC7, 0x39, 0xE7, 0x39, 0x08, 0x42, 0xE7, 0x39, 0xC7, 0x39, 0xA7, 0x39,
    0xA6, 0x39, 0xA6, 0x39, 0xA6, 0x39, 0xA6, 0x39, 0xA6, 0x39, 0xA6, 0x39, 0xA6, 0x39, 0xA6, 0x39,
    0xA6, 0x39, 0xA6, 0x39, 0xA6, 0x39, 0xA6, 0x39, 0xA6, 0x39, 0xA6, 0x39, 0xA6, 0x39, 0xA6, 0x39,
    0xA6, 0x39, 0xA6, 0x39, 0xA6, 0x39, 0xA6, 0x39, 0x86, 0x31, 0x86, 0x31, 0x86, 0x31, 0x86, 0x31,
    0x86, 0x31, 0x86, 0x31, 0x86, 0x31, 0x86, 0x31, 0x86, 0x31, 0x86, 0x31, 0x86, 0x31, 0x86, 0x31,
    0x86, 0x31, 0x86, 0x31, 0x86, 0x31, 0x86, 0x31, 0x86, 0x31, 0x86, 0x31, 0x86, 0x31, 0x86, 0x31,
    0x86, 0x31, 0x86, 0x31, 0x86, 0x31, 0x86, 0x31, 0x86, 0x31, 0x86, 0x31, 0x86, 0x31, 0x86, 0x31,
    0x86, 0x31, 0x86, 0x31, 0x86, 0x31, 0x86, 0x31, 0xA6, 0x39, 0x86, 0x31, 0xA6, 0x39, 0xA6, 0x39,
    0xA6, 0x39, 0xA6, 0x39, 0xA6, 0x39, 0xA6, 0x39, 0xA6, 0x39, 0xA6, 0x39, 0xC6, 0x39, 0xC6, 0x39,
    0xC7, 0x39, 0xC7, 0x39, 0xC7, 0x41, 0xC7, 0x41, 0xC7, 0x41, 0xC7, 0x41, 0xC7, 0x41, 0xE7, 0x41,
    0xE7, 0x49, 0x07, 0x4A, 0x08, 0x4A, 0x08, 0x4A, 0x28, 0x4A, 0x28, 0x4A, 0x28, 0x52, 0x28, 0x52,
    0x48, 0x52, 0x49, 0x52, 0x69, 0x5A, 0x69, 0x5A, 0x89, 0x5A, 0x89, 0x5A, 0xAA, 0x62, 0xAA, 0x62,
    0xAA, 0x62, 0xCA, 0x6A, 0xCA, 0x6A, 0xEA, 0x6A, 0xEB, 0x72, 0x0B, 0x73, 0x0B, 0x73, 0x2C, 0x7B,
    0x6C, 0x83, 0x0F, 0x9C, 0xD1, 0xAC, 0x12, 0xB5, 0x12, 0xB5, 0x12, 0xB5, 0x33, 0xBD, 0xF1, 0xB4,
    0x6F, 0xA4, 0x73, 0xBD, 0x53, 0xBD, 0x53, 0xBD, 0x53, 0xBD, 0x53, 0xBD, 0x33, 0xBD, 0x13, 0xB5,
    0x12, 0xB5, 0xF2, 0xB4, 0xD1, 0xAC, 0xB1, 0xAC, 0x0E, 0x94, 0x6C, 0x83, 0x4C, 0x7B, 0x8D, 0x83,
    0xCE, 0x8B, 0x0F, 0x94, 0x2F, 0x9C, 0x4F, 0x9C, 0xEE, 0x93, 0x6C, 0x83, 0x0B, 0x73, 0x28, 0x4A,
    0x65, 0x29, 0x86, 0x31, 0x86, 0x31, 0x86, 0x31, 0x65, 0x29, 0x65, 0x29, 0x65, 0x29, 0x65, 0x29,
    0x65, 0x29, 0x65, 0x29, 0x65, 0x29, 0x65, 0x29, 0x65, 0x29, 0x65, 0x29, 0x65, 0x29, 0x65, 0x29,
    0x65, 0x29, 0x65, 0x29, 0x65, 0x29, 0x65, 0x29, 0x65, 0x29, 0x86, 0x31, 0xA6, 0x39, 0x66, 0x31,
    0x86, 0x31, 0xA7, 0x39, 0xA6, 0x31, 0x65, 0x31, 0x65, 0x31, 0x65, 0x31, 0x65, 0x31, 0x65, 0x31,
    0x66, 0x31, 0x65, 0x31, 0x65, 0x31, 0x65, 0x31, 0x65, 0x31, 0x65, 0x31, 0x65, 0x31, 0x65, 0x31,
    0x86, 0x31, 0xA6, 0x39, 0xC7, 0x39, 0xE7, 0x41, 0x07, 0x42, 0x28, 0x4A, 0x28, 0x4A, 0x28, 0x4A,
    0x48, 0x4A, 0x28, 0x4A, 0x48, 0x4A, 0x48, 0x4A, 0x48, 0x4A, 0x48, 0x4A, 0x48, 0x4A, 0x28, 0x4A,
    0x07, 0x42, 0xE7, 0x41, 0xE7, 0x41, 0x07, 0x42, 0x28, 0x4A, 0x48, 0x4A, 0x48, 0x4A, 0x28, 0x4A,
    0x28, 0x4A, 0x28, 0x4A, 0x08, 0x4A, 0x07, 0x42, 0x07, 0x42, 0xE7, 0x41, 0xE7, 0x41, 0xE7, 0x41,
    0xE7, 0x41, 0xE7, 0x41, 0xE7, 0x41, 0xE7, 0x41, 0xE7, 0x41, 0xE7, 0x41, 0xE7, 0x41, 0x07, 0x42,
    0x07, 0x42, 0x07, 0x42, 0x07, 0x42, 0x07, 0x42, 0x07, 0x42, 0x07, 0x42, 0x07, 0x42, 0x07, 0x42,
    0xE7, 0x41, 0x07, 0x4A, 0x28, 0x4A, 0x08, 0x4A, 0x07, 0x4A, 0xE7, 0x41, 0xE7, 0x41, 0x07, 0x4A,
    0x28, 0x4A, 0x69, 0x52, 0xCA, 0x62, 0xEB, 0x62, 0xCA, 0x62, 0xAA, 0x5A, 0xAA, 0x5A, 0xAA, 0x5A,
    0xAA, 0x5A, 0xCA, 0x62, 0xAA, 0x5A, 0xAA, 0x5A, 0xAA, 0x5A, 0xCA, 0x5A, 0xCA, 0x5A, 0xCA, 0x5A,
    0xAA, 0x5A, 0xAA, 0x5A, 0xAA, 0x5A, 0xCA, 0x5A, 0x0B, 0x63, 0x0C, 0x63, 0x2C, 0x6B, 0x4C, 0x6B,
    0x2C, 0x63, 0x4C, 0x63, 0x4D, 0x6B, 0x4D, 0x6B, 0x4D, 0x6B, 0x4D, 0x6B, 0x4D, 0x63, 0x6D, 0x6B,
    0x6D, 0x6B, 0x6D, 0x6B, 0x6D, 0x6B, 0x6D, 0x6B, 0x6D, 0x6B, 0x6D, 0x6B, 0x6D, 0x6B, 0x6D, 0x6B,
    0x6D, 0x6B, 0x6D, 0x6B, 0x6D, 0x6B, 0x6D, 0x6B, 0x6D, 0x6B, 0x6D, 0x6B, 0x6D, 0x6B, 0x6D, 0x6B,
    0x6D, 0x6B, 0x6D, 0x6B, 0x6D, 0x6B, 0x6D, 0x6B, 0x6D, 0x6B, 0x6D, 0x6B, 0x6D, 0x6B, 0x6D, 0x6B,
    0x6D, 0x6B, 0x6D, 0x6B, 0x6D, 0x6B, 0x6D, 0x6B, 0x6D, 0x6B, 0x6D, 0x6B, 0x6D, 0x6B, 0x6D, 0x6B,
    0x6D, 0x6B, 0x6D, 0x6B, 0x6D, 0x6B, 0x6D, 0x6B, 0x6D, 0x6B, 0x4D, 0x63, 0x4D, 0x63, 0x4D, 0x63,
    0x4D, 0x63, 0x4D, 0x63, 0x2D, 0x63, 0x0C, 0x5B, 0x6A, 0x4A, 0x8A, 0x52, 0x8A, 0x52, 0x8A, 0x52,
    0x8A, 0x4A, 0x8A, 0x4A, 0xCB, 0x52, 0x2C, 0x63, 0x2C, 0x63, 0x2C, 0x63, 0x2C, 0x63, 0x2D, 0x63,
    0x4D, 0x6B, 0xCB, 0x5A, 0x29, 0x42, 0xC7, 0x39, 0xE8, 0x39, 0x08, 0x42, 0xE8, 0x41, 0xC7, 0x39,
    0xC7, 0x39, 0xA6, 0x39, 0xA6, 0x39, 0xA6, 0x39, 0xA6, 0x39, 0xA6, 0x39, 0xA6, 0x39, 0xA6, 0x39,
    0xA6, 0x39, 0xA6, 0x39, 0xA6, 0x39, 0xA6, 0x39, 0xA6, 0x39, 0xA6, 0x39, 0xA6, 0x39, 0xA6, 0x39,
    0xA6, 0x39, 0xA6, 0x39, 0xA6, 0x39, 0xA6, 0x39, 0xA6, 0x39, 0x86, 0x31, 0x86, 0x31, 0x86, 0x31,
    0x86, 0x31, 0x86, 0x31, 0x86, 0x31, 0x86, 0x31, 0x86, 0x31, 0x86, 0x31, 0x86, 0x31, 0x86, 0x31,
    0x86, 0x31, 0x86, 0x31, 0x86, 0x31, 0x86, 0x31, 0x86, 0x31, 0x86, 0x31, 0x86, 0x31, 0x86, 0x31,
    0x86, 0x31, 0x86, 0x31, 0x86, 0x31, 0x86, 0x31, 0x86, 0x31, 0x86, 0x31, 0x86, 0x31, 0x86, 0x31,
    0x86, 0x31, 0x86, 0x31, 0x86, 0x31, 0x86, 0x31, 0x86, 0x31, 0x86, 0x31, 0x86, 0x31, 0xA6, 0x39,
    0xA6, 0x39, 0xA6, 0x39, 0xA6, 0x39, 0x86, 0x39, 0xA6, 0x39, 0xA6, 0x39, 0xC6, 0x39, 0xC6, 0x39,
    0xC6, 0x39, 0xC7, 0x39, 0xC7, 0x41, 0xC7, 0x41, 0xC7, 0x41, 0xC6, 0x41, 0xC7, 0x41, 0xC7, 0x41,
    0xE7, 0x41, 0xE7, 0x49, 0x08, 0x4A, 0x08, 0x4A, 0x08, 0x4A, 0x28, 0x4A, 0x28, 0x52, 0x28, 0x52,
    0x49, 0x52, 0x49, 0x52, 0x69, 0x5A, 0x69, 0x5A, 0x89, 0x5A, 0x89, 0x5A, 0x8A, 0x62, 0xAA, 0x62,
    0xCA, 0x6A, 0xCA, 0x6A, 0xEA, 0x6A, 0xEB, 0x72, 0xEA, 0x72, 0x0B, 0x73, 0x4C, 0x7B, 0xAD, 0x8B,
    0xCD, 0x8B, 0x90, 0xA4, 0x12, 0xB5, 0x12, 0xB5, 0x12, 0xB5, 0x33, 0xBD, 0x33, 0xBD, 0x32, 0xB5,
    0x4F, 0x9C, 0x33, 0xBD, 0x53, 0xBD, 0x53, 0xBD, 0x53, 0xBD, 0x53, 0xBD, 0x33, 0xBD, 0x33, 0xBD,
    0x12, 0xB5, 0xF2, 0xB4, 0xD1, 0xAC, 0x70, 0xA4, 0xAD, 0x8B, 0x4C, 0x7B, 0x8D, 0x83, 0xCE, 0x8B,
    0x2F, 0x9C, 0x50, 0x9C, 0x70, 0xA4, 0x50, 0x9C, 0xEE, 0x93, 0x6C, 0x83, 0x0C, 0x73, 0x28, 0x4A,
    0x65, 0x29, 0x66, 0x31, 0x66, 0x31, 0x86, 0x31, 0x65, 0x29, 0x65, 0x29, 0x65, 0x29, 0x65, 0x29,
    0x65, 0x29, 0x65, 0x29, 0x65, 0x29, 0x65, 0x29, 0x65, 0x29, 0x65, 0x29, 0x65, 0x29, 0x65, 0x29,
    0x65, 0x29, 0x65, 0x29, 0x65, 0x29, 0x65, 0x29, 0x65, 0x29, 0xA7, 0x39, 0x86, 0x31, 0x86, 0x31,
    0xA6, 0x31, 0xA7, 0x39, 0x86, 0x31, 0x65, 0x31, 0x65, 0x31, 0x65, 0x31, 0x65, 0x31, 0x65, 0x31,
    0x65, 0x31, 0x65, 0x31, 0x65, 0x31, 0x65, 0x31, 0x65, 0x31, 0x65, 0x31, 0x65, 0x31, 0x86, 0x31,
    0x86, 0x31, 0x86, 0x39, 0x86, 0x39, 0x86, 0x39, 0xA6, 0x39, 0xA6, 0x39, 0xC6, 0x39, 0xE7, 0x41,
    0x07, 0x42, 0x48, 0x4A, 0x69, 0x52, 0x49, 0x52, 0x48, 0x4A, 0x48, 0x4A, 0x48, 0x4A, 0x48, 0x4A,
    0x69, 0x52, 0x69, 0x52, 0x69, 0x52, 0x69, 0x52, 0x69, 0x52, 0x48, 0x4A, 0x28, 0x4A, 0x28, 0x4A,
    0x28, 0x4A, 0x28, 0x4A, 0x28, 0x4A, 0x08, 0x4A, 0x07, 0x42, 0x07, 0x42, 0xE7, 0x41, 0xE7, 0x41,
    0xE7, 0x41, 0xE7, 0x41, 0xE7, 0x41, 0xE7, 0x41, 0x07, 0x42, 0x07, 0x42, 0x07, 0x42, 0x07, 0x42,
    0x07, 0x42, 0x07, 0x42, 0x07, 0x42, 0x07, 0x42, 0x07, 0x42, 0x07, 0x42, 0x07, 0x42, 0x07, 0x42,
    0x28, 0x4A, 0x28, 0x4A, 0xE7, 0x41, 0xE7, 0x41, 0xE7, 0x41, 0xE7, 0x41, 0x08, 0x4A, 0x28, 0x4A,
    0x48, 0x4A, 0x69, 0x52, 0x8A, 0x5A, 0xAA, 0x5A, 0xAA, 0x62, 0xCB, 0x62, 0xEB, 0x62, 0x0B, 0x6B,
    0x0B, 0x6B, 0x0C, 0x6B, 0xAA, 0x5A, 0xAA, 0x5A, 0xAA, 0x5A, 0x89, 0x5A, 0x89, 0x52, 0xCA, 0x5A,
    0xCB, 0x5A, 0xEB, 0x62, 0x0C, 0x63, 0x2C, 0x6B, 0x4C, 0x6B, 0x2C, 0x6B, 0x2C, 0x6B, 0x2C, 0x6B,
    0x4C, 0x6B, 0x4C, 0x6B, 0x4D, 0x6B, 0x4D, 0x6B, 0x4D, 0x6B, 0x4D, 0x63, 0x4D, 0x63, 0x6D, 0x6B,
    0x6D, 0x6B, 0x6D, 0x6B, 0x6D, 0x6B, 0x6D, 0x6B, 0x6D, 0x6B, 0x6D, 0x6B, 0x6D, 0x6B, 0x6D, 0x6B,
    0x6D, 0x6B, 0x6D, 0x6B, 0x6D, 0x6B, 0x6D, 0x6B, 0x6D, 0x6B, 0x6D, 0x6B, 0x6D, 0x6B, 0x6D, 0x6B,
    0x6D, 0x6B, 0x6D, 0x6B, 0x6D, 0x6B, 0x6D, 0x6B, 0x6D, 0x6B, 0x6D, 0x6B, 0x6D, 0x6B, 0x6D, 0x6B,
    0x6D, 0x6B, 0x6D, 0x6B, 0x6D, 0x6B, 0x6D, 0x6B, 0x6D, 0x6B, 0x6D, 0x6B, 0x6D, 0x6B, 0x6D, 0x6B,
    0x6D, 0x6B, 0x6D, 0x6B, 0x6D, 0x6B, 0x6D, 0x6B, 0x6D, 0x6B, 0x6D, 0x6B, 0x4D, 0x63, 0x4D, 0x63,
    0x4D, 0x63, 0x4D, 0x63, 0x2D, 0x63, 0x2D, 0x63, 0xCB, 0x52, 0x8A, 0x4A, 0xAA, 0x52, 0x8A, 0x52,
    0x8A, 0x52, 0x8A, 0x52, 0x8A, 0x52, 0xAB, 0x52, 0x0C, 0x63, 0x2D, 0x63, 0x2C, 0x63, 0x2C, 0x63,
    0x4D, 0x63, 0x4D, 0x63, 0xCB, 0x52, 0x08, 0x42, 0xE8, 0x39, 0x08, 0x42, 0x08, 0x42, 0x08, 0x42,
    0xE7, 0x41, 0xC7, 0x39, 0xA7, 0x39, 0xA6, 0x31, 0xA6, 0x39, 0xA6, 0x39, 0xA6, 0x39, 0xA6, 0x39,
    0xA6, 0x39, 0xA6, 0x39, 0xA6, 0x39, 0xA6, 0x39, 0xA6, 0x39, 0xA6, 0x39, 0xA6, 0x39, 0xA6, 0x39,
    0xA6, 0x39, 0xA6, 0x39, 0xA6, 0x39, 0xA6, 0x39, 0xA6, 0x39, 0xA6, 0x39, 0xA6, 0x39, 0x86, 0x31,
    0x86, 0x31, 0x86, 0x31, 0x86, 0x31, 0x86, 0x31, 0x86, 0x31, 0x86, 0x31, 0x86, 0x31, 0x86, 0x31,
    0x86, 0x31, 0x86, 0x31, 0x86, 0x31, 0x86, 0x31, 0x86, 0x31, 0x86, 0x31, 0x86, 0x31, 0x86, 0x31,
    0x86, 0x31, 0x86, 0x31, 0x86, 0x31, 0x86, 0x31, 0x86, 0x31, 0x86, 0x31, 0x86, 0x31, 0x86, 0x31,
    0x86, 0x31, 0x86, 0x31, 0x86, 0x31, 0x86, 0x31, 0x86, 0x31, 0x86, 0x31, 0x86, 0x31, 0xA6, 0x39,
    0xA6, 0x39, 0xA6, 0x39, 0xA6, 0x39, 0xA6, 0x39, 0xA6, 0x39, 0xA6, 0x39, 0xC6, 0x39, 0xC6, 0x39,
    0xC6, 0x39, 0xC6, 0x39, 0xC7, 0x41, 0xC7, 0x41, 0xC7, 0x41, 0xC6, 0x41, 0xC6, 0x41, 0xC7, 0x41,
    0xE7, 0x41, 0xE7, 0x49, 0x07, 0x4A, 0x08, 0x4A, 0x08, 0x4A, 0x28, 0x52, 0x28, 0x52, 0x28, 0x52,
    0x49, 0x52, 0x49, 0x52, 0x69, 0x5A, 0x69, 0x5A, 0x89, 0x5A, 0x8A, 0x5A, 0xAA, 0x62, 0xAA, 0x62,
    0xCA, 0x6A, 0xCA, 0x6A, 0xEA, 0x6A, 0xEA, 0x72, 0x2C, 0x7B, 0x8D, 0x83, 0xCD, 0x8B, 0xCD, 0x8B,
    0xCD, 0x8B, 0xB1, 0xAC, 0x12, 0xB5, 0x12, 0xB5, 0x33, 0xB5, 0x33, 0xB5, 0x12, 0xB5, 0x53, 0xBD,
    0x4F, 0x9C, 0xB1, 0xAC, 0x74, 0xBD, 0x53, 0xBD, 0x53, 0xBD, 0x53, 0xBD, 0x33, 0xBD, 0x33, 0xBD,
    0x12, 0xB5, 0xD2, 0xAC, 0xB1, 0xAC, 0x0F, 0x94, 0x6C, 0x83, 0x6D, 0x83, 0xCE, 0x8B, 0x2F, 0x9C,
    0x70, 0xA4, 0x90, 0xA4, 0x90, 0xA4, 0x70, 0x9C, 0xEE, 0x93, 0x6C, 0x83, 0x0C, 0x73, 0x28, 0x4A,
    0x65, 0x31, 0x86, 0x31, 0x86, 0x31, 0x86, 0x31, 0x65, 0x29, 0x65, 0x29, 0x65, 0x29, 0x65, 0x29,
    0x65, 0x29, 0x65, 0x29, 0x65, 0x29, 0x65, 0x29, 0x65, 0x29, 0x65, 0x29, 0x65, 0x29, 0x65, 0x29,
    0x65, 0x29, 0x65, 0x29, 0x65, 0x29, 0x45, 0x29, 0xA6, 0x31, 0xA6, 0x39, 0x86, 0x31, 0x86, 0x31,
    0xA6, 0x39, 0x86, 0x31, 0x65, 0x31, 0x65, 0x31, 0x65, 0x31, 0x65, 0x31, 0x65, 0x31, 0x65, 0x31,
    0x65, 0x31, 0x65, 0x31, 0x65, 0x31, 0x85, 0x31, 0x86, 0x31, 0xA6, 0x39, 0xC6, 0x39, 0xE7, 0x41,
    0xE7, 0x41, 0xE7, 0x41, 0x07, 0x42, 0x07, 0x42, 0x28, 0x4A, 0x28, 0x4A, 0x28, 0x4A, 0x28, 0x4A,
    0x08, 0x4A, 0x07, 0x42, 0xE7, 0x41, 0xE7, 0x41, 0x08, 0x4A, 0x28, 0x4A, 0x48, 0x4A, 0x49, 0x52,
    0x69, 0x52, 0x69, 0x52, 0x69, 0x52, 0x69, 0x52, 0x69, 0x52, 0x49, 0x52, 0x48, 0x4A, 0x48, 0x4A,
    0x28, 0x4A, 0x28, 0x4A, 0x28, 0x4A, 0x28, 0x4A, 0x08, 0x42, 0x08, 0x42, 0xE7, 0x41, 0xE7, 0x41,
    0xE7, 0x41, 0xE7, 0x41, 0xE7, 0x41, 0x07, 0x42, 0x07, 0x42, 0x07, 0x42, 0x07, 0x42, 0x07, 0x42,
    0x07, 0x42, 0x07, 0x42, 0x07, 0x42, 0x07, 0x42, 0x07, 0x42, 0x07, 0x42, 0x07, 0x42, 0x28, 0x4A,
    0x08, 0x4A, 0xE7, 0x41, 0xE7, 0x41, 0xE7, 0x41, 0x07, 0x4A, 0x07, 0x4A, 0x28, 0x4A, 0x28, 0x4A,
    0x69, 0x52, 0x89, 0x5A, 0x0C, 0x6B, 0x0C, 0x6B, 0x0C, 0x6B, 0x0C, 0x6B, 0x0C, 0x6B, 0x0B, 0x6B,
    0x0B, 0x6B, 0x0C, 0x6B, 0x8A, 0x5A, 0xCA, 0x62, 0xEB, 0x62, 0xAA, 0x5A, 0x0B, 0x63, 0x2C, 0x6B,
    0x0C, 0x63, 0x0C, 0x63, 0x0C, 0x63, 0x2C, 0x6B, 0x2C, 0x6B, 0x2C, 0x6B, 0x2C, 0x63, 0x2C, 0x6B,
    0x4C, 0x6B, 0x4C, 0x6B, 0x4D, 0x6B, 0x4D, 0x6B, 0x4D, 0x6B, 0x4D, 0x6B, 0x6D, 0x6B, 0x6D, 0x6B,
    0x6D, 0x6B, 0x6D, 0x6B, 0x6D, 0x6B, 0x6D, 0x6B, 0x6D, 0x6B, 0x6D, 0x6B, 0x6D, 0x6B, 0x6D, 0x6B,
    0x6D, 0x6B, 0x6D, 0x6B, 0x6D, 0x6B, 0x6D, 0x6B, 0x6D, 0x6B, 0x6D, 0x6B, 0x6D, 0x6B, 0x6D, 0x6B,
    0x6D, 0x6B, 0x6D, 0x6B, 0x6D, 0x6B, 0x6D, 0x6B, 0x6D, 0x6B, 0x6D, 0x6B, 0x6D, 0x6B, 0x6D, 0x6B,
    0x6D, 0x6B, 0x6D, 0x6B, 0x6D, 0x6B, 0x6D, 0x6B, 0x6D, 0x6B, 0x6D, 0x6B, 0x6D, 0x6B, 0x6D, 0x6B,
    0x6D, 0x6B, 0x6D, 0x6B, 0x6D, 0x6B, 0x6D, 0x6B, 0x6D, 0x6B, 0x6D, 0x6B, 0x4D, 0x63, 0x4D, 0x63,
    0x4D, 0x63, 0x4D, 0x63, 0x4D, 0x63, 0x2D, 0x63, 0x2C, 0x63, 0xAA, 0x52, 0x8A, 0x52, 0xAA, 0x52,
    0xAA, 0x52, 0x8A, 0x52, 0xAA, 0x52, 0x8A, 0x52, 0x8A, 0x52, 0xEB, 0x5A, 0x2C, 0x63, 0x2C, 0x63,
    0x2C, 0x63, 0x4D, 0x63, 0x2C, 0x63, 0x8A, 0x52, 0x08, 0x42, 0x08, 0x42, 0x28, 0x42, 0x28, 0x42,
    0x08, 0x42, 0xE7, 0x41, 0xE8, 0x41, 0xE7, 0x41, 0xC7, 0x39, 0xA7, 0x39, 0xA7, 0x39, 0xA7, 0x39,
    0xA6, 0x39, 0xA6, 0x39, 0xA6, 0x39, 0xA6, 0x39, 0xA6, 0x39, 0xA6, 0x39, 0xA6, 0x39, 0xA6, 0x39,
    0xA6, 0x39, 0xA6, 0x39, 0xA6, 0x39, 0xA6, 0x39, 0xA6, 0x39, 0xA6, 0x39, 0xA6, 0x39, 0xA6, 0x39,
    0xA6, 0x39, 0xA6, 0x39, 0xA6, 0x39, 0x86, 0x31, 0x86, 0x31, 0x86, 0x31, 0x86, 0x31, 0x86, 0x31,
    0x86, 0x31, 0x86, 0x31, 0x86, 0x31, 0x86, 0x31, 0x86, 0x31, 0x86, 0x31, 0x86, 0x31, 0x86, 0x31,
    0x86, 0x31, 0x86, 0x31, 0x86, 0x31, 0x86, 0x31, 0x86, 0x31, 0x86, 0x31, 0x86, 0x31, 0x86, 0x31,
    0x86, 0x31, 0x86, 0x31, 0x86, 0x31, 0x86, 0x31, 0x86, 0x31, 0x86, 0x31, 0x86, 0x31, 0x86, 0x31,
    0x86, 0x31, 0x86, 0x31, 0xA6, 0x39, 0xA6, 0x39, 0xA6, 0x39, 0xA6, 0x39, 0xC6, 0x39, 0xC6, 0x39,
    0xC6, 0x39, 0xC6, 0x39, 0xC7, 0x41, 0xE7, 0x41, 0xE7, 0x41, 0xE7, 0x41, 0xC7, 0x41, 0xC7, 0x41,
    0xC7, 0x41, 0xE7, 0x41, 0xE7, 0x49, 0xE7, 0x49, 0x08, 0x4A, 0x08, 0x4A, 0x28, 0x52, 0x28, 0x52,
    0x48, 0x52, 0x49, 0x52, 0x69, 0x5A, 0x69, 0x5A, 0x8A, 0x5A, 0x8A, 0x62, 0xAA, 0x62, 0xCA, 0x62,
    0xCA, 0x6A, 0xEA, 0x6A, 0xEA, 0x72, 0x4C, 0x7B, 0x8D, 0x83, 0xCE, 0x8B, 0xCE, 0x8B, 0x4B, 0x7B,
    0xCD, 0x8B, 0xD1, 0xAC, 0x33, 0xBD, 0x33, 0xB5, 0x33, 0xB5, 0x33, 0xB5, 0x33, 0xB5, 0x32, 0xBD,
    0xB1, 0xAC, 0x0E, 0x94, 0x33, 0xBD, 0x53, 0xBD, 0x53, 0xBD, 0x53, 0xBD, 0x33, 0xBD, 0x32, 0xBD,
    0xF2, 0xB4, 0xD1, 0xAC, 0x70, 0xA4, 0xAD, 0x8B, 0x6C, 0x83, 0xAE, 0x8B, 0x0F, 0x94, 0x70, 0xA4,
    0xB1, 0xA4, 0xB1, 0xAC, 0xB0, 0xA4, 0x70, 0xA4, 0xEE, 0x93, 0x6C, 0x83, 0x2C, 0x73, 0x08, 0x4A,
    0x65, 0x31, 0x86, 0x31, 0x86, 0x31, 0x86, 0x31, 0x66, 0x31, 0x65, 0x29, 0x65, 0x29, 0x65, 0x29,
    0x65, 0x29, 0x65, 0x29, 0x65, 0x29, 0x65, 0x29, 0x65, 0x29, 0x65, 0x29, 0x65, 0x29, 0x65, 0x29,
    0x65, 0x29, 0x65, 0x31, 0x65, 0x29, 0x86, 0x31, 0xA6, 0x39, 0x86, 0x31, 0xA6, 0x39, 0xA6, 0x39,
    0xA6, 0x39, 0x66, 0x31, 0x65, 0x31, 0x65, 0x31, 0x65, 0x31, 0x65, 0x31, 0x66, 0x31, 0x66, 0x31,
    0x65, 0x31, 0x65, 0x31, 0x86, 0x31, 0xA6, 0x39, 0xC6, 0x39, 0xC7, 0x41, 0xE7, 0x41, 0xE7, 0x41,
    0xE7, 0x41, 0xC7, 0x41, 0xE7, 0x41, 0xE7, 0x41, 0xC6, 0x39, 0xC6, 0x39, 0xA6, 0x39, 0xA6, 0x39,
    0x86, 0x39, 0x85, 0x31, 0x85, 0x31, 0xA6, 0x39, 0xC6, 0x39, 0xC7, 0x41, 0xE7, 0x41, 0xE7, 0x41,
    0xE7, 0x41, 0xE7, 0x41, 0x07, 0x42, 0x07, 0x42, 0x07, 0x42, 0x07, 0x42, 0xE7, 0x41, 0xE7, 0x41,
    0xE7, 0x41, 0xE7, 0x41, 0xE7, 0x41, 0xE7, 0x41, 0xE7, 0x41, 0xE7, 0x41, 0xE7, 0x41, 0xE7, 0x41,
    0xE7, 0x41, 0xE7, 0x41, 0xE7, 0x41, 0x07, 0x42, 0x07, 0x42, 0x07, 0x42, 0x07, 0x42, 0x07, 0x42,
    0x07, 0x42, 0x07, 0x42, 0x07, 0x42, 0x07, 0x42, 0xE7, 0x41, 0x07, 0x42, 0x28, 0x4A, 0x07, 0x42,
    0xE7, 0x41, 0xE7, 0x41, 0xE7, 0x41, 0x28, 0x4A, 0x28, 0x4A, 0x28, 0x4A, 0x48, 0x52, 0x28, 0x4A,
    0x69, 0x52, 0xCA, 0x62, 0x2C, 0x6B, 0x0C, 0x6B, 0x0C, 0x6B, 0x0C, 0x6B, 0x0B, 0x6B, 0x0B, 0x6B,
    0x0C, 0x6B, 0xEB, 0x62, 0xAA, 0x5A, 0xEB, 0x62, 0xEB, 0x62, 0xCA, 0x5A, 0x0B, 0x63, 0x2C, 0x6B,
    0x0B, 0x63, 0x0C, 0x63, 0x2C, 0x6B, 0x2C, 0x6B, 0x4C, 0x6B, 0x0C, 0x63, 0x2C, 0x6B, 0x4C, 0x6B,
    0x4C, 0x6B, 0x4D, 0x6B, 0x4D, 0x6B, 0x4D, 0x6B, 0x4D, 0x6B, 0x6D, 0x6B, 0x6D, 0x6B, 0x6D, 0x6B,
    0x6D, 0x6B, 0x6D, 0x6B, 0x6D, 0x6B, 0x6D, 0x6B, 0x6D, 0x6B, 0x6D, 0x6B, 0x6D, 0x6B, 0x6D, 0x6B,
    0x6D, 0x6B, 0x6D, 0x6B, 0x6D, 0x6B, 0x6D, 0x6B, 0x6D, 0x6B, 0x6D, 0x6B, 0x6D, 0x6B, 0x6D, 0x6B,
    0x6D, 0x6B, 0x6D, 0x6B, 0x6D, 0x6B, 0x6D, 0x6B, 0x6D, 0x6B, 0x6D, 0x6B, 0x6D, 0x6B, 0x6D, 0x6B,
    0x6D, 0x6B, 0x6D, 0x6B, 0x6D, 0x6B, 0x6D, 0x6B, 0x6D, 0x6B, 0x6D, 0x6B, 0x6D, 0x6B, 0x6D, 0x6B,
    0x6D, 0x6B, 0x6D, 0x6B, 0x6D, 0x6B, 0x6D, 0x6B, 0x6D, 0x6B, 0x6D, 0x6B, 0x4D, 0x6B, 0x4D, 0x6B,
    0x4D, 0x6B, 0x4D, 0x63, 0x4D, 0x63, 0x4D, 0x63, 0x2D, 0x63, 0x0C, 0x63, 0x8A, 0x52, 0x8A, 0x52,
    0xAB, 0x52, 0xAA, 0x52, 0x8A, 0x52, 0xAA, 0x52, 0x8A, 0x52, 0x8A, 0x4A, 0xCB, 0x52, 0x0C, 0x63,
    0x2C, 0x63, 0x2C, 0x63, 0x2C, 0x63, 0x0C, 0x63, 0x8A, 0x4A, 0xE8, 0x39, 0x28, 0x42, 0x28, 0x42,
    0x28, 0x42, 0x08, 0x42, 0xE8, 0x39, 0x08, 0x42, 0x28, 0x4A, 0x08, 0x42, 0xC7, 0x39, 0xA6, 0x39,
    0xC7, 0x39, 0xA7, 0x39, 0xA7, 0x39, 0xA6, 0x39, 0xA6, 0x39, 0xA6, 0x39, 0xA6, 0x39, 0xA6, 0x39,
    0xA6, 0x39, 0xA6, 0x39, 0xA6, 0x39, 0xA6, 0x39, 0xA6, 0x39, 0xA6, 0x39, 0xA6, 0x39, 0x86, 0x31,
    0xA6, 0x39, 0xA6, 0x39, 0xA6, 0x39, 0xA6, 0x39, 0x86, 0x31, 0x86, 0x31, 0x86, 0x31, 0x86, 0x31,
    0x86, 0x31, 0x86, 0x31, 0x86, 0x31, 0x86, 0x31, 0x86, 0x31, 0x86, 0x31, 0x86, 0x31, 0x86, 0x31,
    0x86, 0x31, 0x86, 0x31, 0x86, 0x31, 0x86, 0x31, 0x86, 0x31, 0x86, 0x31, 0x86, 0x31, 0x86, 0x31,
    0x86, 0x31, 0x86, 0x31, 0x86, 0x31, 0x86, 0x31, 0x86, 0x31, 0x86, 0x31, 0x86, 0x31, 0x86, 0x31,
    0x86, 0x31, 0x86, 0x31, 0xA6, 0x39, 0xA6, 0x39, 0xA6, 0x39, 0xA6, 0x39, 0xA6, 0x39, 0xC6, 0x39,
    0xC6, 0x39, 0xC6, 0x39, 0xC7, 0x41, 0xE7, 0x41, 0xE7, 0x41, 0xE7, 0x49, 0x07, 0x4A, 0xE7, 0x41,
    0xC7, 0x41, 0xC7, 0x41, 0xE7, 0x49, 0xE7, 0x49, 0x08, 0x4A, 0x08, 0x4A, 0x08, 0x52, 0x28, 0x52,
    0x48, 0x52, 0x49, 0x52, 0x69, 0x5A, 0x69, 0x5A, 0x8A, 0x5A, 0xAA, 0x62, 0xAA, 0x62, 0xAA, 0x62,
    0xCA, 0x6A, 0x0B, 0x73, 0x6C, 0x7B, 0x8D, 0x83, 0xCE, 0x8B, 0xEF, 0x93, 0x2B, 0x7B, 0x0A, 0x73,
    0x0E, 0x94, 0xF2, 0xB4, 0x33, 0xBD, 0x33, 0xBD, 0x33, 0xBD, 0x33, 0xBD, 0x33, 0xB5, 0x32, 0xB5,
    0x12, 0xB5, 0xCD, 0x8B, 0x70, 0xA4, 0x53, 0xBD, 0x33, 0xBD, 0x33, 0xBD, 0x33, 0xBD, 0x12, 0xBD,
    0xD1, 0xAC, 0xB0, 0xAC, 0x0F, 0x94, 0x6C, 0x83, 0x8D, 0x83, 0x0F, 0x94, 0x70, 0x9C, 0xB1, 0xAC,
    0xD1, 0xAC, 0xD1, 0xAC, 0xD1, 0xAC, 0x90, 0xA4, 0xEE, 0x93, 0x6C, 0x83, 0x2C, 0x73, 0x08, 0x4A,
    0x65, 0x31, 0x86, 0x31, 0x86, 0x31, 0x86, 0x31, 0x66, 0x31, 0x65, 0x31, 0x65, 0x29, 0x65, 0x29,
    0x65, 0x29, 0x65, 0x29, 0x65, 0x29, 0x65, 0x29, 0x65, 0x29, 0x65, 0x29, 0x65, 0x29, 0x65, 0x29,
    0x86, 0x31, 0x65, 0x29, 0x65, 0x31, 0xA6, 0x31, 0x86, 0x31, 0x86, 0x31, 0xA6, 0x39, 0xA6, 0x39,
    0x86, 0x31, 0x66, 0x31, 0x65, 0x31, 0x65, 0x31, 0x65, 0x31, 0x65, 0x31, 0x65, 0x31, 0x86, 0x31,
    0x65, 0x31, 0x86, 0x31, 0xA6, 0x39, 0xC6, 0x39, 0xC6, 0x39, 0xC6, 0x39, 0xA6, 0x39, 0xA6, 0x39,
    0xA6, 0x39, 0xA6, 0x39, 0xA6, 0x39, 0x86, 0x39, 0x86, 0x39, 0x86, 0x39, 0x86, 0x39, 0x86, 0x39,
    0x86, 0x39, 0x86, 0x39, 0xA6, 0x39, 0xC6, 0x39, 0xC6, 0x39, 0xC6, 0x39, 0xC6, 0x39, 0xC6, 0x39,
    0xC6, 0x39, 0xC6, 0x39, 0xC7, 0x41, 0xC7, 0x41, 0xC7, 0x41, 0xC7, 0x39, 0xC6, 0x39, 0xC6, 0x39,
    0xC6, 0x39, 0xC7, 0x39, 0xC7, 0x39, 0xC7, 0x39, 0xC7, 0x41, 0xE7, 0x41, 0xE7, 0x41, 0xE7, 0x41,
    0xE7, 0x41, 0xE7, 0x41, 0x07, 0x42, 0x07, 0x42, 0x07, 0x42, 0x07, 0x42, 0x07, 0x42, 0x07, 0x42,
    0x07, 0x42, 0x07, 0x42, 0xE7, 0x41, 0xE7, 0x41, 0x28, 0x4A, 0x28, 0x4A, 0xE7, 0x41, 0xE7, 0x41,
    0xE7, 0x41, 0xE7, 0x41, 0x08, 0x4A, 0x28, 0x4A, 0x08, 0x4A, 0x48, 0x52, 0x28, 0x4A, 0x48, 0x52,
    0x69, 0x52, 0x0B, 0x6B, 0x2C, 0x6B, 0x0C, 0x6B, 0x0C, 0x6B, 0x0B, 0x6B, 0x0B, 0x6B, 0x0B, 0x6B,
    0x0C, 0x6B, 0xEB, 0x62, 0xAA, 0x5A, 0xEB, 0x62, 0xCB, 0x62, 0xAA, 0x5A, 0x2C, 0x6B, 0x2C, 0x6B,
    0x0B, 0x63, 0x2C, 0x63, 0x2C, 0x6B, 0x4D, 0x6B, 0x2C, 0x6B, 0x0B, 0x63, 0x2C, 0x6B, 0x4C, 0x6B,
    0x4D, 0x6B, 0x4D, 0x6B, 0x4D, 0x6B, 0x4D, 0x6B, 0x4D, 0x6B, 0x6D, 0x6B, 0x6D, 0x6B, 0x6D, 0x6B,
    0x6D, 0x6B, 0x6D, 0x6B, 0x6D, 0x6B, 0x6D, 0x6B, 0x6D, 0x6B, 0x6D, 0x6B, 0x6D, 0x6B, 0x6D, 0x6B,
    0x6D, 0x6B, 0x6D, 0x6B, 0x6D, 0x6B, 0x6D, 0x6B, 0x6D, 0x6B, 0x6D, 0x6B, 0x6D, 0x6B, 0x6D, 0x6B,
    0x6D, 0x6B, 0x6D, 0x6B, 0x6D, 0x6B, 0x6D, 0x6B, 0x6D, 0x6B, 0x6D, 0x6B, 0x6D, 0x6B, 0x6D, 0x6B,
    0x6D, 0x6B, 0x6D, 0x6B, 0x6D, 0x6B, 0x6D, 0x6B, 0x6D, 0x6B, 0x6D, 0x6B, 0x6D, 0x6B, 0x6D, 0x6B,
    0x6D, 0x6B, 0x6D, 0x6B, 0x6D, 0x6B, 0x6D, 0x6B, 0x6D, 0x6B, 0x6D, 0x6B, 0x6D, 0x6B, 0x4D, 0x6B,
    0x4D, 0x6B, 0x4D, 0x6B, 0x4D, 0x63, 0x4D, 0x63, 0x4D, 0x63, 0x4D, 0x63, 0x0C, 0x5B, 0x8A, 0x4A,
    0x8A, 0x52, 0xCB, 0x5A, 0xAA, 0x52, 0x8A, 0x52, 0xAB, 0x52, 0x8A, 0x52, 0x6A, 0x4A, 0x8A, 0x52,
    0xEB, 0x5A, 0x0C, 0x63, 0x0C, 0x63, 0x0C, 0x63, 0x0B, 0x5B, 0x8A, 0x4A, 0x07, 0x42, 0x08, 0x42,
    0x29, 0x42, 0x29, 0x42, 0x08, 0x42, 0xE7, 0x39, 0xE7, 0x39, 0x28, 0x4A, 0x49, 0x4A, 0xE7, 0x39,
    0xA7, 0x39, 0xC7, 0x39, 0xC7, 0x39, 0xA7, 0x39, 0xA6, 0x39, 0xA6, 0x39, 0xA6, 0x39, 0xA6, 0x39,
    0xA6, 0x39, 0xA6, 0x39, 0xA6, 0x39, 0xA6, 0x39, 0xA6, 0x39, 0xA6, 0x39, 0xA6, 0x39, 0xA6, 0x39,
    0xA6, 0x39, 0xA6, 0x39, 0xA6, 0x39, 0xA6, 0x39, 0x86, 0x31, 0x86, 0x31, 0x86, 0x31, 0x86, 0x31,
    0x86, 0x31, 0x86, 0x31, 0x86, 0x31, 0x86, 0x31, 0x86, 0x31, 0x86, 0x31, 0x86, 0x31, 0x86, 0x31,
    0x86, 0x31, 0x86, 0x31, 0x86, 0x31, 0x86, 0x31, 0x86, 0x31, 0x86, 0x31, 0x86, 0x31, 0x86, 0x31,
    0x86, 0x31, 0x86, 0x31, 0x86, 0x31, 0x86, 0x31, 0x86, 0x31, 0x86, 0x31, 0x86, 0x31, 0x86, 0x31,
    0x86, 0x31, 0x86, 0x31, 0xA6, 0x39, 0xA6, 0x39, 0xA6, 0x39, 0xA6, 0x39, 0xA6, 0x39, 0xC6, 0x39,
    0xC6, 0x39, 0xC6, 0x41, 0xC7, 0x41, 0xE7, 0x41, 0xE7, 0x49, 0x07, 0x4A, 0x08, 0x4A, 0x08, 0x4A,
    0x08, 0x4A, 0xE7, 0x49, 0xE7, 0x49, 0xE7, 0x49, 0xE7, 0x49, 0x08, 0x4A, 0x08, 0x4A, 0x28, 0x52,
    0x28, 0x52, 0x48, 0x52, 0x49, 0x52, 0x69, 0x5A, 0x89, 0x5A, 0x89, 0x5A, 0x89, 0x5A, 0xA9, 0x62,
    0x0B, 0x6B, 0x4C, 0x73, 0x6C, 0x83, 0xCD, 0x8B, 0xEE, 0x8B, 0x4C, 0x7B, 0xA9, 0x6A, 0x4B, 0x7B,
    0x4F, 0x9C, 0x12, 0xB5, 0x32, 0xB5, 0x33, 0xBD, 0x33, 0xBD, 0x53, 0xBD, 0x33, 0xBD, 0x12, 0xB5,
    0x13, 0xB5, 0x4F, 0x9C, 0xCD, 0x8B, 0xD1, 0xAC, 0x53, 0xBD, 0x33, 0xBD, 0x33, 0xBD, 0xF2, 0xB4,
    0xB1, 0xAC, 0x70, 0xA4, 0xCD, 0x8B, 0x6C, 0x83, 0xCE, 0x8B, 0x4F, 0x9C, 0xB1, 0xA4, 0xF2, 0xAC,
    0x12, 0xB5, 0xF2, 0xAC, 0xD1, 0xAC, 0x90, 0xA4, 0x0E, 0x94, 0x8C, 0x83, 0x2C, 0x73, 0x08, 0x4A,
    0x65, 0x31, 0x86, 0x31, 0x86, 0x31, 0x86, 0x31, 0x66, 0x31, 0x66, 0x31, 0x65, 0x29, 0x65, 0x29,
    0x65, 0x29, 0x65, 0x29, 0x86, 0x31, 0x86, 0x31, 0x86, 0x31, 0x86, 0x31, 0x65, 0x29, 0x86, 0x31,
    0x86, 0x31, 0x86, 0x31, 0x86, 0x31, 0xA6, 0x31, 0xA6, 0x31, 0xA6, 0x39, 0xA6, 0x39, 0x86, 0x31,
    0x66, 0x31, 0x66, 0x31, 0x66, 0x31, 0x86, 0x31, 0x86, 0x31, 0x85, 0x31, 0x85, 0x31, 0x65, 0x31,
    0x86, 0x31, 0x86, 0x39, 0xA6, 0x39, 0x86, 0x39, 0x86, 0x39, 0xA6, 0x39, 0xA6, 0x39, 0xA6, 0x39,
    0xA6, 0x39, 0xA6, 0x39, 0xA6, 0x39, 0xA6, 0x39, 0xA6, 0x39, 0xA6, 0x39, 0x86, 0x39, 0x86, 0x39,
    0x86, 0x39, 0xA6, 0x39, 0xC6, 0x39, 0xC7, 0x41, 0xC6, 0x39, 0xC6, 0x39, 0xC6, 0x39, 0xA6, 0x39,
    0xA6, 0x39, 0xC6, 0x39, 0xC6, 0x39, 0xC7, 0x39, 0xC7, 0x39, 0xC7, 0x39, 0xC7, 0x39, 0xA7, 0x39,
    0xA6, 0x39, 0xC7, 0x39, 0xC7, 0x39, 0xC7, 0x39, 0xC7, 0x41, 0xE7, 0x41, 0xE7, 0x41, 0xE7, 0x41,
    0xE7, 0x41, 0x07, 0x42, 0x07, 0x42, 0x07, 0x42, 0x07, 0x42, 0x07, 0x42, 0x07, 0x42, 0x07, 0x42,
    0x07, 0x42, 0xE7, 0x41, 0x07, 0x42, 0x28, 0x4A, 0x08, 0x42, 0xE7, 0x41, 0xE7, 0x41, 0xE7, 0x41,
    0xE7, 0x41, 0x07, 0x42, 0x28, 0x4A, 0x28, 0x4A, 0x07, 0x4A, 0x49, 0x52, 0x28, 0x4A, 0x48, 0x4A,
    0xAA, 0x62, 0x2C, 0x6B, 0x0C, 0x6B, 0x0B, 0x6B, 0xEB, 0x6A, 0x0B, 0x6B, 0x0B, 0x6B, 0x0B, 0x6B,
    0x0C, 0x6B, 0xEB, 0x62, 0xCA, 0x62, 0xCB, 0x62, 0xCA, 0x62, 0xAA, 0x5A, 0x2C, 0x63, 0x0C, 0x63,
    0x0C, 0x63, 0x2C, 0x63, 0x2C, 0x6B, 0x4D, 0x6B, 0x2C, 0x6B, 0x0B, 0x63, 0x4C, 0x6B, 0x4D, 0x6B,
    0x4D, 0x6B, 0x4D, 0x6B, 0x4D, 0x6B, 0x6D, 0x6B, 0x6D, 0x6B, 0x6D, 0x6B, 0x6D, 0x6B, 0x6D, 0x6B,
    0x6D, 0x6B, 0x6D, 0x6B, 0x6D, 0x6B, 0x6D, 0x6B, 0x6D, 0x6B, 0x6D, 0x6B, 0x6D, 0x6B, 0x6D, 0x6B,
    0x6D, 0x6B, 0x6D, 0x6B, 0x6D, 0x6B, 0x6D, 0x6B, 0x6D, 0x6B, 0x6D, 0x6B, 0x6D, 0x6B, 0x6D, 0x6B,
    0x6D, 0x6B, 0x6D, 0x6B, 0x6D, 0x6B, 0x6D, 0x6B, 0x6D, 0x6B, 0x6D, 0x6B, 0x6D, 0x6B, 0x6D, 0x6B,
    0x6D, 0x6B, 0x6D, 0x6B, 0x6D, 0x6B, 0x6D, 0x6B, 0x6D, 0x6B, 0x6D, 0x6B, 0x6D, 0x6B, 0x6D, 0x6B,
    0x6D, 0x6B, 0x6D, 0x6B, 0x6D, 0x6B, 0x6D, 0x6B, 0x6D, 0x6B, 0x6D, 0x6B, 0x6D, 0x6B, 0x6D, 0x6B,
    0x6D, 0x6B, 0x4D, 0x6B, 0x4D, 0x6B, 0x4D, 0x63, 0x4D, 0x63, 0x2D, 0x63, 0x4D, 0x63, 0xEB, 0x5A,
    0x8A, 0x52, 0xAA, 0x52, 0xEB, 0x5A, 0xAB, 0x52, 0xAA, 0x52, 0xCB, 0x5A, 0xCB, 0x5A, 0x8A, 0x4A,
    0x6A, 0x4A, 0xAA, 0x52, 0xEB, 0x5A, 0x0C, 0x5B, 0x0C, 0x5B, 0x0B, 0x5B, 0x69, 0x4A, 0x08, 0x42,
    0x08, 0x42, 0x49, 0x4A, 0x28, 0x42, 0x28, 0x42, 0xE8, 0x41, 0xE7, 0x39, 0x08, 0x42, 0x29, 0x4A,
    0xE7, 0x41, 0xC7, 0x39, 0xC7, 0x39, 0xC7, 0x39, 0xA7, 0x39, 0xA6, 0x39, 0xA6, 0x39, 0xA6, 0x39,
    0xA6, 0x39, 0xA6, 0x39, 0xA6, 0x39, 0xA6, 0x39, 0xA6, 0x39, 0xA6, 0x39, 0xA6, 0x39, 0xA6, 0x39,
    0xA6, 0x39, 0xA6, 0x39, 0xA6, 0x39, 0xA6, 0x39, 0xA6, 0x39, 0xA6, 0x39, 0x86, 0x31, 0x86, 0x31,
    0x86, 0x31, 0x86, 0x31, 0x86, 0x31, 0x86, 0x31, 0x86, 0x31, 0x86, 0x31, 0x86, 0x31, 0x86, 0x31,
    0x86, 0x31, 0x86, 0x31, 0x86, 0x31, 0x86, 0x31, 0x86, 0x31, 0x86, 0x31, 0x86, 0x31, 0x86, 0x31,
    0x86, 0x31, 0x86, 0x31, 0x86, 0x31, 0x86, 0x31, 0x86, 0x31, 0x86, 0x31, 0x86, 0x31, 0x86, 0x31,
    0x86, 0x31, 0x86, 0x31, 0xA6, 0x39, 0xA6, 0x39, 0xA6, 0x39, 0xA6, 0x39, 0xA6, 0x39, 0xC6, 0x39,
    0xC6, 0x39, 0xC6, 0x41, 0xC7, 0x41, 0xE7, 0x41, 0xE7, 0x49, 0x08, 0x4A, 0x08, 0x4A, 0x28, 0x4A,
    0x28, 0x52, 0x28, 0x52, 0x08, 0x4A, 0x08, 0x4A, 0x08, 0x4A, 0x08, 0x4A, 0x28, 0x52, 0x49, 0x52,
    0x48, 0x52, 0x49, 0x52, 0x49, 0x52, 0x69, 0x5A, 0x69, 0x5A, 0x69, 0x5A, 0xA9, 0x62, 0xEB, 0x6A,
    0x4C, 0x7B, 0x8D, 0x83, 0xCE, 0x8B, 0xAD, 0x83, 0x0B, 0x73, 0xA9, 0x62, 0xCA, 0x6A, 0xAD, 0x8B,
    0x90, 0xA4, 0x32, 0xB5, 0x32, 0xB5, 0x33, 0xBD, 0x33, 0xBD, 0x33, 0xBD, 0x33, 0xBD, 0xF2, 0xB4,
    0xF2, 0xB4, 0x91, 0xAC, 0xCD, 0x8B, 0x2E, 0x94, 0xF1, 0xAC, 0x33, 0xBD, 0xF2, 0xB4, 0xB1, 0xAC,
    0x90, 0xAC, 0x0E, 0x9C, 0x6C, 0x83, 0x8D, 0x83, 0x0F, 0x94, 0x90, 0xA4, 0xF2, 0xAC, 0x12, 0xB5,
    0x12, 0xB5, 0x12, 0xB5, 0xF2, 0xAC, 0x90, 0xA4, 0x0E, 0x94, 0x8C, 0x83, 0x2C, 0x73, 0x08, 0x4A,
    0x65, 0x31, 0x86, 0x31, 0x86, 0x31, 0x86, 0x31, 0x66, 0x31, 0x66, 0x31, 0x65, 0x29, 0x65, 0x29,
    0xA6, 0x31, 0x65, 0x29, 0x86, 0x31, 0xC7, 0x39, 0x86, 0x31, 0x86, 0x31, 0x86, 0x31, 0x86, 0x31,
    0x86, 0x31, 0xA6, 0x31, 0xA6, 0x31, 0xA6, 0x39, 0xA6, 0x39, 0xA6, 0x39, 0xA6, 0x31, 0x86, 0x31,
    0x86, 0x31, 0x86, 0x31, 0x86, 0x31, 0x86, 0x31, 0x86, 0x31, 0x86, 0x31, 0x86, 0x31, 0x86, 0x31,
    0x86, 0x31, 0x86, 0x39, 0xA6, 0x39, 0xA6, 0x39, 0xA6, 0x39, 0xA6, 0x39, 0xA6, 0x39, 0xA6, 0x39,
    0xA6, 0x39, 0xA6, 0x39, 0xA6, 0x39, 0xA6, 0x39, 0xA6, 0x39, 0xA6, 0x39, 0xA6, 0x39, 0xA6, 0x39,
    0xA6, 0x39, 0xC6, 0x39, 0xE7, 0x41, 0xE7, 0x41, 0xC6, 0x39, 0xA6, 0x39, 0xA6, 0x39, 0xA6, 0x39,
    0xA6, 0x39, 0xA6, 0x39, 0xA6, 0x39, 0xA6, 0x39, 0xA6, 0x39, 0xA6, 0x39, 0xA6, 0x39, 0xA6, 0x39,
    0xA6, 0x39, 0xC7, 0x39, 0xC7, 0x39, 0xC7, 0x39, 0xC7, 0x39, 0xC7, 0x41, 0xE7, 0x41, 0xE7, 0x41,
    0xE7, 0x41, 0xE7, 0x41, 0x07, 0x42, 0x07, 0x42, 0x07, 0x42, 0x07, 0x42, 0x07, 0x42, 0x07, 0x42,
    0x07, 0x42, 0x28, 0x4A, 0x28, 0x4A, 0xE7, 0x41, 0xE7, 0x41, 0xE7, 0x41, 0xE7, 0x41, 0xE7, 0x41,
    0x07, 0x4A, 0x08, 0x42, 0x28, 0x4A, 0x07, 0x42, 0x28, 0x4A, 0x48, 0x4A, 0x28, 0x4A, 0x69, 0x52,
    0x0B, 0x6B, 0x2C, 0x6B, 0x0C, 0x6B, 0xEB, 0x6A, 0xEB, 0x6A, 0xEB, 0x6A, 0x0B, 0x6B, 0x0B, 0x6B,
    0x0C, 0x6B, 0xCA, 0x62, 0xCA, 0x62, 0xEB, 0x62, 0xAA, 0x5A, 0xCB, 0x5A, 0x2C, 0x63, 0x0B, 0x63,
    0x0C, 0x63, 0x2C, 0x6B, 0x2C, 0x6B, 0x4C, 0x6B, 0x0C, 0x63, 0x2C, 0x63, 0x4C, 0x6B, 0x4D, 0x6B,
    0x4D, 0x6B, 0x4D, 0x6B, 0x4D, 0x6B, 0x6D, 0x6B, 0x6D, 0x6B, 0x6D, 0x6B, 0x6D, 0x6B, 0x6D, 0x6B,
    0x6D, 0x6B, 0x6D, 0x6B, 0x6D, 0x6B, 0x6D, 0x6B, 0x6D, 0x6B, 0x6D, 0x6B, 0x6D, 0x6B, 0x6D, 0x6B,
    0x6D, 0x6B, 0x6D, 0x6B, 0x6D, 0x6B, 0x6D, 0x6B, 0x6D, 0x6B, 0x6D, 0x6B, 0x6D, 0x6B, 0x6D, 0x6B,
    0x6D, 0x6B, 0x6D, 0x6B, 0x6D, 0x6B, 0x6D, 0x6B, 0x6D, 0x6B, 0x6D, 0x6B, 0x6D, 0x6B, 0x6D, 0x6B,
    0x6D, 0x6B, 0x6D, 0x6B, 0x6D, 0x6B, 0x6D, 0x6B, 0x6D, 0x6B, 0x6D, 0x6B, 0x6D, 0x6B, 0x6D, 0x6B,
    0x6D, 0x6B, 0x6D, 0x6B, 0x6D, 0x6B, 0x6D, 0x6B, 0x6D, 0x6B, 0x6D, 0x6B, 0x6D, 0x6B, 0x6D, 0x6B,
    0x6D, 0x6B, 0x4D, 0x6B, 0x4D, 0x6B, 0x4D, 0x63, 0x4D, 0x63, 0x4D, 0x63, 0x4D, 0x63, 0x2D, 0x63,
    0xCB, 0x5A, 0x8A, 0x52, 0xAA, 0x52, 0xEB, 0x5A, 0xAB, 0x52, 0xAA, 0x52, 0xCB, 0x5A, 0xEB, 0x5A,
    0xAB, 0x52, 0x8A, 0x4A, 0x8A, 0x4A, 0xAA, 0x52, 0xEB, 0x52, 0xEB, 0x5A, 0xEB, 0x5A, 0x89, 0x4A,
    0x08, 0x42, 0x08, 0x42, 0x49, 0x4A, 0x28, 0x42, 0x08, 0x42, 0x08, 0x42, 0xE7, 0x39, 0xE7, 0x41,
    0x08, 0x42, 0xC7, 0x39, 0xC7, 0x39, 0xC7, 0x39, 0xA7, 0x39, 0xA7, 0x39, 0xA6, 0x39, 0xA6, 0x39,
    0xA6, 0x39, 0xA6, 0x39, 0xA6, 0x39, 0xA6, 0x39, 0xA6, 0x39, 0xA6, 0x39, 0xA6, 0x39, 0xA6, 0x39,
    0xA6, 0x39, 0xA6, 0x39, 0xA6, 0x39, 0xA6, 0x39, 0xA6, 0x39, 0xA6, 0x39, 0x86, 0x31, 0x86, 0x31,
    0x86, 0x31, 0x86, 0x31, 0x86, 0x31, 0x86, 0x31, 0x86, 0x31, 0x86, 0x31, 0x86, 0x31, 0x86, 0x31,
    0x86, 0x31, 0x86, 0x31, 0x86, 0x31, 0x86, 0x31, 0x86, 0x31, 0x86, 0x31, 0x86, 0x31, 0x86, 0x31,
    0x86, 0x31, 0x86, 0x31, 0x86, 0x31, 0x86, 0x31, 0x86, 0x31, 0x86, 0x31, 0x86, 0x31, 0x86, 0x31,
    0x86, 0x31, 0xA6, 0x39, 0xA6, 0x39, 0xA6, 0x39, 0xA6, 0x39, 0xA6, 0x39, 0xA6, 0x39, 0xC6, 0x39,
    0xC6, 0x39, 0xC6, 0x41, 0xC7, 0x41, 0xE7, 0x41, 0xE7, 0x49, 0x08, 0x4A, 0x08, 0x4A, 0x28, 0x4A,
    0x28, 0x52, 0x28, 0x52, 0x49, 0x52, 0x49, 0x52, 0x49, 0x52, 0x49, 0x52, 0x49, 0x52, 0x69, 0x5A,
    0x89, 0x5A, 0xAA, 0x5A, 0xAA, 0x62, 0xAA, 0x62, 0xCB, 0x6A, 0x0B, 0x6B, 0x2C, 0x73, 0x6C, 0x7B,
    0x8D, 0x83, 0x8D, 0x83, 0x4C, 0x7B, 0xCA, 0x6A, 0x89, 0x5A, 0x89, 0x62, 0x2B, 0x73, 0x2F, 0x9C,
    0xB1, 0xAC, 0x32, 0xBD, 0x33, 0xBD, 0x33, 0xBD, 0x53, 0xBD, 0x33, 0xBD, 0x33, 0xBD, 0x12, 0xB5,
    0xB1, 0xAC, 0xD2, 0xAC, 0x0E, 0x94, 0xED, 0x8B, 0x2E, 0x94, 0xD1, 0xAC, 0xB1, 0xAC, 0x90, 0xA4,
    0x70, 0xA4, 0xCD, 0x8B, 0x6C, 0x83, 0xCE, 0x8B, 0x50, 0x9C, 0xB1, 0xA4, 0x12, 0xB5, 0x32, 0xB5,
    0x12, 0xB5, 0x12, 0xB5, 0xF2, 0xAC, 0x90, 0xA4, 0x0E, 0x94, 0x8D, 0x83, 0x2C, 0x73, 0x28, 0x4A,
    0x66, 0x31, 0x86, 0x31, 0x86, 0x31, 0x86, 0x31, 0x66, 0x31, 0x65, 0x31, 0x65, 0x31, 0x65, 0x29,
    0xA6, 0x31, 0xA7, 0x39, 0x65, 0x29, 0xA6, 0x31, 0x08, 0x42, 0xA6, 0x31, 0x86, 0x31, 0xA6, 0x31,
    0xA6, 0x31, 0xA6, 0x39, 0xA7, 0x39, 0xC7, 0x39, 0xC7, 0x39, 0xA7, 0x39, 0x86, 0x31, 0x66, 0x31,
    0x66, 0x31, 0x86, 0x31, 0x86, 0x31, 0x86, 0x31, 0x86, 0x31, 0x86, 0x31, 0x86, 0x31, 0x86, 0x31,
    0x86, 0x39, 0xA6, 0x39, 0xA6, 0x39, 0xA6, 0x39, 0xA6, 0x39, 0xA6, 0x39, 0xA6, 0x39, 0xA6, 0x39,
    0xA6, 0x39, 0xA6, 0x39, 0xA6, 0x39, 0xA6, 0x39, 0x86, 0x39, 0xA6, 0x39, 0xA6, 0x39, 0xC6, 0x39,
    0xC6, 0x39, 0xE7, 0x41, 0xE7, 0x41, 0xE7, 0x41, 0xC6, 0x39, 0xA6, 0x39, 0xA6, 0x39, 0xA6, 0x39,
    0xA6, 0x39, 0xA6, 0x39, 0xA6, 0x39, 0xA6, 0x39, 0xA6, 0x39, 0xA6, 0x39, 0xA6, 0x39, 0xA6, 0x39,
    0xA6, 0x39, 0xA6, 0x39, 0xC7, 0x39, 0xC7, 0x39, 0xC7, 0x41, 0xC7, 0x41, 0xE7, 0x41, 0xE7, 0x41,
    0xE7, 0x41, 0xE7, 0x41, 0xE7, 0x41, 0x07, 0x42, 0x07, 0x42, 0x07, 0x42, 0x07, 0x42, 0x08, 0x4A,
    0x28, 0x4A, 0x07, 0x42, 0xC7, 0x41, 0xC7, 0x41, 0xE7, 0x41, 0x07, 0x42, 0x07, 0x42, 0xE7, 0x49,
    0x07, 0x4A, 0x28, 0x4A, 0x48, 0x4A, 0xE7, 0x41, 0x48, 0x4A, 0x28, 0x4A, 0x28, 0x4A, 0xAA, 0x5A,
    0x0C, 0x6B, 0x0C, 0x6B, 0x0B, 0x6B, 0xEB, 0x62, 0xEB, 0x6A, 0xEB, 0x62, 0xEB, 0x62, 0x0B, 0x6B,
    0x0C, 0x6B, 0xAA, 0x62, 0xCB, 0x62, 0xEB, 0x62, 0xAA, 0x5A, 0xEB, 0x62, 0x2C, 0x63, 0x0B, 0x63,
    0x0B, 0x63, 0x2C, 0x6B, 0x4C, 0x6B, 0x4C, 0x6B, 0x0C, 0x63, 0x2C, 0x63, 0x4D, 0x6B, 0x4D, 0x6B,
    0x4D, 0x6B, 0x4D, 0x6B, 0x4D, 0x6B, 0x6D, 0x6B, 0x6D, 0x6B, 0x6D, 0x6B, 0x6D, 0x6B, 0x6D, 0x6B,
    0x6D, 0x6B, 0x6D, 0x6B, 0x6D, 0x6B, 0x6D, 0x6B, 0x6D, 0x6B, 0x6D, 0x6B, 0x6D, 0x6B, 0x6D, 0x6B,
    0x6D, 0x6B, 0x6D, 0x6B, 0x6D, 0x6B, 0x6D, 0x6B, 0x6D, 0x6B, 0x6D, 0x6B, 0x6D, 0x6B, 0x6D, 0x6B,
    0x6D, 0x6B, 0x6D, 0x6B, 0x6D, 0x6B, 0x6D, 0x6B, 0x6D, 0x6B, 0x6D, 0x6B, 0x6D, 0x6B, 0x6D, 0x6B,
    0x6D, 0x6B, 0x6D, 0x6B, 0x6D, 0x6B, 0x6D, 0x6B, 0x6D, 0x6B, 0x6D, 0x6B, 0x6D, 0x6B, 0x6D, 0x6B,
    0x6D, 0x6B, 0x6D, 0x6B, 0x6D, 0x6B, 0x6D, 0x6B, 0x6D, 0x6B, 0x6D, 0x6B, 0x6D, 0x6B, 0x6D, 0x6B,
    0x6D, 0x6B, 0x6D, 0x6B, 0x6D, 0x6B, 0x4D, 0x63, 0x4D, 0x63, 0x4D, 0x63, 0x4D, 0x63, 0x4D, 0x63,
    0x2C, 0x63, 0xAB, 0x52, 0x8A, 0x52, 0xAA, 0x52, 0xEC, 0x5A, 0xCB, 0x5A, 0xAA, 0x52, 0xCB, 0x5A,
    0xEC, 0x5A, 0xEB, 0x5A, 0xAA, 0x52, 0x89, 0x4A, 0x8A, 0x4A, 0xAA, 0x52, 0xAA, 0x52, 0xAA, 0x52,
    0x69, 0x4A, 0x08, 0x42, 0x08, 0x42, 0x49, 0x4A, 0x29, 0x4A, 0x08, 0x42, 0x08, 0x42, 0xE8, 0x41,
    0xE7, 0x41, 0xE7, 0x41, 0xC7, 0x39, 0xC7, 0x39, 0xC7, 0x39, 0xC7, 0x39, 0xA7, 0x39, 0xA7, 0x39,
    0xA6, 0x39, 0xA6, 0x39, 0xA6, 0x39, 0xA6, 0x39, 0xA6, 0x39, 0xA6, 0x39, 0xA6, 0x39, 0xA6, 0x39,
    0xA6, 0x39, 0xA6, 0x39, 0xA6, 0x39, 0xA6, 0x39, 0xA6, 0x39, 0xA6, 0x39, 0xA6, 0x39, 0x86, 0x31,
    0x86, 0x31, 0xA6, 0x39, 0x86, 0x31, 0x86, 0x31, 0x86, 0x31, 0x86, 0x31, 0x86, 0x31, 0x86, 0x31,
    0x86, 0x31, 0x86, 0x31, 0x86, 0x31, 0x86, 0x31, 0x86, 0x31, 0x86, 0x31, 0x86, 0x31, 0x86, 0x31,
    0x86, 0x31, 0x86, 0x31, 0x86, 0x31, 0x86, 0x31, 0x86, 0x31, 0x86, 0x31, 0x86, 0x31, 0x86, 0x31,
    0x86, 0x31, 0xA6, 0x39, 0xA6, 0x39, 0xA6, 0x39, 0xA6, 0x39, 0xA6, 0x39, 0xA6, 0x39, 0xC6, 0x39,
    0xC6, 0x39, 0xC7, 0x41, 0xE7, 0x41, 0xE7, 0x41, 0x07, 0x4A, 0x08, 0x4A, 0x28, 0x4A, 0x28, 0x4A,
    0x28, 0x52, 0x28, 0x52, 0x49, 0x52, 0x69, 0x52, 0x69, 0x5A, 0x69, 0x5A, 0x69, 0x5A, 0x69, 0x5A,
    0x69, 0x5A, 0x89, 0x5A, 0x8A, 0x5A, 0xAA, 0x62, 0xEB, 0x6A, 0xEB, 0x6A, 0x0B, 0x73, 0x0B, 0x73,
    0x2B, 0x73, 0xEA, 0x6A, 0x89, 0x62, 0x89, 0x5A, 0x89, 0x5A, 0xA9, 0x62, 0xEE, 0x8B, 0x2F, 0x9C,
    0xF1, 0xB4, 0x32, 0xB5, 0x33, 0xBD, 0x33, 0xBD, 0x53, 0xBD, 0x53, 0xBD, 0x33, 0xBD, 0x33, 0xB5,
    0x70, 0xA4, 0xD1, 0xAC, 0x50, 0x9C, 0xCE, 0x8B, 0xCD, 0x8B, 0xEE, 0x93, 0x4F, 0x9C, 0x70, 0xA4,
    0x0E, 0x94, 0x6C, 0x83, 0x8C, 0x83, 0x0F, 0x94, 0x91, 0xA4, 0xF2, 0xAC, 0x12, 0xB5, 0x33, 0xB5,
    0x32, 0xB5, 0x12, 0xB5, 0xF2, 0xAC, 0x70, 0xA4, 0x0E, 0x94, 0xAD, 0x83, 0x4C, 0x73, 0x28, 0x4A,
    0x66, 0x31, 0x86, 0x31, 0x86, 0x31, 0x86, 0x31, 0x66, 0x31, 0x65, 0x31, 0x65, 0x31, 0x65, 0x31,
    0x65, 0x29, 0xC7, 0x39, 0xA6, 0x31, 0x66, 0x31, 0xC7, 0x39, 0x08, 0x42, 0xA6, 0x31, 0xA6, 0x39,
    0xA6, 0x39, 0xA6, 0x39, 0xA6, 0x39, 0xA6, 0x39, 0xC7, 0x39, 0xC7, 0x39, 0xA6, 0x39, 0xA6, 0x39,
    0xA6, 0x31, 0x86, 0x31, 0x86, 0x31, 0x86, 0x31, 0x86, 0x31, 0xA6, 0x39, 0xA6, 0x39, 0xA6, 0x39,
    0xA6, 0x39, 0xA6, 0x39, 0xC7, 0x39, 0xC7, 0x39, 0xA6, 0x39, 0xA6, 0x39, 0xA6, 0x39, 0xA6, 0x39,
    0xA6, 0x39, 0xA6, 0x39, 0xA6, 0x39, 0xA6, 0x39, 0xA6, 0x39, 0xC6, 0x39, 0xE7, 0x41, 0xE7, 0x41,
    0xE7, 0x41, 0xE7, 0x41, 0xC7, 0x41, 0xC6, 0x39, 0xA6, 0x39, 0xA6, 0x39, 0xA6, 0x39, 0xA6, 0x39,
    0xA6, 0x39, 0xA6, 0x39, 0xA6, 0x39, 0xA6, 0x39, 0xA6, 0x39, 0xA6, 0x39, 0xA6, 0x39, 0xA6, 0x39,
    0xC6, 0x39, 0xC6, 0x39, 0xC7, 0x39, 0xC7, 0x39, 0xC7, 0x39, 0xC7, 0x41, 0xE7, 0x41, 0xE7, 0x41,
    0xE7, 0x41, 0xE7, 0x41, 0xE7, 0x41, 0x07, 0x42, 0x07, 0x42, 0x07, 0x42, 0x08, 0x4A, 0x08, 0x4A,
    0xE7, 0x41, 0xC6, 0x39, 0xE7, 0x41, 0xE7, 0x41, 0x07, 0x42, 0x07, 0x42, 0x07, 0x4A, 0x07, 0x4A,
    0x07, 0x4A, 0x48, 0x4A, 0x07, 0x42, 0x08, 0x42, 0x49, 0x4A, 0x08, 0x4A, 0x49, 0x52, 0xEB, 0x6A,
    0x0C, 0x6B, 0x0B, 0x6B, 0xEB, 0x6A, 0xCB, 0x62, 0xEB, 0x62, 0xCB, 0x62, 0xEB, 0x62, 0x0B, 0x6B,
    0xEB, 0x6A, 0xAA, 0x5A, 0xCB, 0x62, 0xEB, 0x62, 0xAA, 0x5A, 0x0B, 0x63, 0x0B, 0x63, 0x0B, 0x63,
    0x0C, 0x63, 0x2C, 0x6B, 0x4C, 0x6B, 0x2C, 0x6B, 0x0C, 0x63, 0x4C, 0x6B, 0x4D, 0x6B, 0x4D, 0x6B,
    0x4D, 0x6B, 0x4D, 0x6B, 0x4D, 0x6B, 0x6D, 0x6B, 0x6D, 0x6B, 0x6D, 0x6B, 0x6D, 0x6B, 0x6D, 0x6B,
    0x6D, 0x6B, 0x6D, 0x6B, 0x6D, 0x6B, 0x6D, 0x6B, 0x6D, 0x6B, 0x6D, 0x6B, 0x6D, 0x6B, 0x6D, 0x6B,
    0x6D, 0x6B, 0x6D, 0x6B, 0x6D, 0x6B, 0x6D, 0x6B, 0x6D, 0x6B, 0x6D, 0x6B, 0x6D, 0x6B, 0x6D, 0x6B,
    0x6D, 0x6B, 0x6D, 0x6B, 0x6D, 0x6B, 0x6D, 0x6B, 0x6D, 0x6B, 0x6D, 0x6B, 0x6D, 0x6B, 0x6D, 0x6B,
    0x6D, 0x6B, 0x6D, 0x6B, 0x6D, 0x6B, 0x6D, 0x6B, 0x6D, 0x6B, 0x6D, 0x6B, 0x6D, 0x6B, 0x6D, 0x6B,
    0x6D, 0x6B, 0x6D, 0x6B, 0x6D, 0x6B, 0x6D, 0x6B, 0x6D, 0x6B, 0x6D, 0x6B, 0x6D, 0x6B, 0x6D, 0x6B,
    0x6D, 0x6B, 0x6D, 0x6B, 0x6D, 0x6B, 0x6D, 0x6B, 0x4D, 0x63, 0x4D, 0x63, 0x4D, 0x63, 0x4D, 0x63,
    0x2D, 0x63, 0x2C, 0x63, 0xCB, 0x52, 0x8A, 0x52, 0xAA, 0x52, 0xEC, 0x5A, 0xEB, 0x5A, 0xAA, 0x52,
    0xCB, 0x5A, 0x0C, 0x63, 0x0C, 0x63, 0xEB, 0x5A, 0xCA, 0x52, 0x8A, 0x52, 0x8A, 0x52, 0x69, 0x4A,
    0x8A, 0x52, 0x69, 0x4A, 0x28, 0x42, 0x08, 0x42, 0x08, 0x42, 0x28, 0x42, 0x08, 0x42, 0x08, 0x42,
    0xE8, 0x41, 0xE7, 0x41, 0xE7, 0x41, 0xC7, 0x39, 0xC7, 0x39, 0xC7, 0x39, 0xC7, 0x39, 0xC7, 0x39,
    0xA7, 0x39, 0xA7, 0x39, 0xA6, 0x39, 0xA6, 0x39, 0xA6, 0x39, 0xA6, 0x39, 0xA6, 0x39, 0xA6, 0x39,
    0xA6, 0x39, 0xA6, 0x39, 0xA6, 0x39, 0xA6, 0x39, 0xA6, 0x39, 0xA6, 0x39, 0xA6, 0x39, 0xA6, 0x39,
    0x86, 0x31, 0xA6, 0x39, 0x86, 0x31, 0x86, 0x31, 0x86, 0x31, 0x86, 0x31, 0x86, 0x31, 0x86, 0x31,
    0x86, 0x31, 0x86, 0x31, 0x86, 0x31, 0x86, 0x31, 0x86, 0x31, 0x86, 0x31, 0x86, 0x31, 0x86, 0x31,
    0x86, 0x31, 0x86, 0x31, 0x86, 0x31, 0x86, 0x31, 0x86, 0x31, 0x86, 0x31, 0x86, 0x31, 0x86, 0x31,
    0x86, 0x31, 0xA6, 0x39, 0xA6, 0x39, 0xA6, 0x39, 0xA6, 0x39, 0xA6, 0x39, 0xA6, 0x39, 0xC6, 0x39,
    0xC6, 0x41, 0xC7, 0x41, 0xE7, 0x41, 0xE7, 0x41, 0x08, 0x4A, 0x08, 0x4A, 0x28, 0x4A, 0x28, 0x52,
    0x28, 0x52, 0x28, 0x52, 0x49, 0x52, 0x49, 0x52, 0x69, 0x5A, 0x69, 0x5A, 0x69, 0x5A, 0x69, 0x5A,
    0x69, 0x5A, 0x69, 0x5A, 0x69, 0x5A, 0x89, 0x5A, 0x89, 0x62, 0xAA, 0x62, 0xAA, 0x62, 0xAA, 0x62,
    0x89, 0x5A, 0x69, 0x5A, 0x69, 0x5A, 0x89, 0x5A, 0x69, 0x5A, 0x6C, 0x7B, 0x4F, 0x9C, 0x4F, 0xA4,
    0x12, 0xB5, 0x32, 0xB5, 0x33, 0xBD, 0x53, 0xBD, 0x53, 0xBD, 0x53, 0xBD, 0x33, 0xB5, 0x33, 0xBD,
    0x91, 0xA4, 0x50, 0x9C, 0xB1, 0xA4, 0x0F, 0x94, 0xAD, 0x8B, 0x8D, 0x83, 0xAD, 0x8B, 0xEE, 0x93,
    0xAD, 0x8B, 0x4C, 0x7B, 0xAD, 0x8B, 0x50, 0x9C, 0xB1, 0xA4, 0xF2, 0xAC, 0x12, 0xB5, 0x33, 0xB5,
    0x32, 0xB5, 0x12, 0xB5, 0xF2, 0xAC, 0x70, 0xA4, 0x0E, 0x94, 0xAD, 0x8B, 0x4C, 0x73, 0x28, 0x4A,
    0x66, 0x31, 0x86, 0x31, 0x86, 0x31, 0x86, 0x31, 0x66, 0x31, 0x66, 0x31, 0x66, 0x31, 0x66, 0x31,
    0x65, 0x29, 0x86, 0x31, 0xE7, 0x39, 0x86, 0x31, 0x86, 0x31, 0xE7, 0x39, 0x28, 0x42, 0xA6, 0x31,
    0xA6, 0x39, 0xA6, 0x39, 0xA6, 0x39, 0xA6, 0x39, 0xA6, 0x39, 0xA6, 0x39, 0xA6, 0x39, 0xA6, 0x39,
    0xC7, 0x41, 0xE7, 0x41, 0xC7, 0x39, 0xA7, 0x39, 0xC7, 0x39, 0xC7, 0x39, 0xC7, 0x39, 0xC7, 0x41,
    0xC7, 0x41, 0xC7, 0x41, 0xC7, 0x41, 0xC7, 0x41, 0xC7, 0x41, 0xC7, 0x39, 0xC6, 0x39, 0xC6, 0x39,
    0xC6, 0x39, 0xC6, 0x39, 0xC6, 0x39, 0xE7, 0x41, 0x07, 0x42, 0xE7, 0x41, 0xE7, 0x41, 0xE7, 0x41,
    0xE7, 0x41, 0xC6, 0x39, 0xC6, 0x39, 0xC7, 0x41, 0xC6, 0x39, 0xA6, 0x39, 0xA6, 0x39, 0xA6, 0x39,
    0xA6, 0x39, 0xA6, 0x39, 0xA6, 0x39, 0xA6, 0x39, 0xA6, 0x39, 0xA6, 0x39, 0xA6, 0x39, 0xA6, 0x39,
    0xC6, 0x39, 0xC7, 0x39, 0xC7, 0x39, 0xC7, 0x39, 0xE7, 0x41, 0xE7, 0x41, 0xE7, 0x41, 0xE7, 0x41,
    0xE7, 0x41, 0xE7, 0x41, 0xE7, 0x41, 0xE7, 0x41, 0x07, 0x42, 0x07, 0x42, 0x07, 0x42, 0xC7, 0x41,
    0xE7, 0x41, 0xE7, 0x41, 0xE7, 0x41, 0x07, 0x42, 0x07, 0x42, 0x07, 0x42, 0x07, 0x4A, 0x07, 0x4A,
    0x08, 0x4A, 0x28, 0x4A, 0xE7, 0x41, 0x49, 0x4A, 0x28, 0x4A, 0x08, 0x4A, 0xAA, 0x5A, 0x0C, 0x6B,
    0xEB, 0x62, 0xEB, 0x6A, 0xCB, 0x62, 0xCB, 0x62, 0xCB, 0x62, 0xCB, 0x62, 0xEB, 0x62, 0x0B, 0x6B,
    0xEB, 0x6A, 0xAA, 0x5A, 0xCB, 0x62, 0xCB, 0x62, 0xAA, 0x5A, 0x0B, 0x63, 0xEB, 0x62, 0x0B, 0x63,
    0xEB, 0x62, 0x2C, 0x6B, 0x4D, 0x6B, 0x2C, 0x63, 0x2C, 0x63, 0x4D, 0x6B, 0x4D, 0x6B, 0x4D, 0x6B,
    0x4D, 0x6B, 0x4D, 0x6B, 0x6D, 0x6B, 0x6D, 0x6B, 0x6D, 0x6B, 0x6D, 0x6B, 0x6D, 0x6B, 0x6D, 0x6B,
    0x6D, 0x6B, 0x6D, 0x6B, 0x6D, 0x6B, 0x6D, 0x6B, 0x6D, 0x6B, 0x6D, 0x6B, 0x6D, 0x6B, 0x6D, 0x6B,
    0x6D, 0x6B, 0x6D, 0x6B, 0x6D, 0x6B, 0x6D, 0x6B, 0x6D, 0x6B, 0x6D, 0x6B, 0x6D, 0x6B, 0x6D, 0x6B,
    0x6D, 0x6B, 0x6D, 0x6B, 0x6D, 0x6B, 0x6D, 0x6B, 0x6D, 0x6B, 0x6D, 0x6B, 0x6D, 0x6B, 0x6D, 0x6B,
    0x6D, 0x6B, 0x6D, 0x6B, 0x6D, 0x6B, 0x6D, 0x6B, 0x6D, 0x6B, 0x6D, 0x6B, 0x6D, 0x6B, 0x6D, 0x6B,
    0x6D, 0x6B, 0x6D, 0x6B, 0x6D, 0x6B, 0x6D, 0x6B, 0x6D, 0x6B, 0x6D, 0x6B, 0x6D, 0x6B, 0x6D, 0x6B,
    0x6D, 0x6B, 0x6D, 0x6B, 0x6D, 0x6B, 0x4D, 0x6B, 0x4D, 0x6B, 0x4D, 0x63, 0x4D, 0x63, 0x4D, 0x63,
    0x2C, 0x63, 0x4D, 0x63, 0x2C, 0x63, 0xEB, 0x5A, 0xAA, 0x52, 0xAA, 0x52, 0xEB, 0x5A, 0xEC, 0x5A,
    0xAB, 0x52, 0xCB, 0x52, 0x0C, 0x5B, 0x2C, 0x63, 0x2C, 0x63, 0x0C, 0x5B, 0xCB, 0x5A, 0xAA, 0x52,
    0x69, 0x4A, 0x69, 0x4A, 0x69, 0x4A, 0x28, 0x42, 0x08, 0x42, 0x08, 0x42, 0x08, 0x42, 0xE7, 0x41,
    0xE7, 0x41, 0xE7, 0x41, 0xE7, 0x39, 0xE7, 0x39, 0xC7, 0x39, 0xC7, 0x39, 0xC7, 0x39, 0xC7, 0x39,
    0xC7, 0x39, 0xA7, 0x39, 0xA7, 0x39, 0xA7, 0x39, 0xA6, 0x39, 0xA6, 0x39, 0xA6, 0x39, 0xA6, 0x39,
    0xA6, 0x39, 0xA6, 0x39, 0xA6, 0x39, 0xA6, 0x39, 0xA6, 0x39, 0xA6, 0x39, 0xA6, 0x39, 0xA6, 0x39,
    0xA6, 0x39, 0xA6, 0x39, 0xA6, 0x39, 0x86, 0x31, 0x86, 0x31, 0x86, 0x31, 0x86, 0x31, 0x86, 0x31,
    0x86, 0x31, 0x86, 0x31, 0x86, 0x31, 0x86, 0x31, 0x86, 0x31, 0x86, 0x31, 0x86, 0x31, 0x86, 0x31,
    0x86, 0x31, 0x86, 0x31, 0x86, 0x31, 0x86, 0x31, 0x86, 0x31, 0x86, 0x39, 0x86, 0x39, 0x86, 0x39,
    0x86, 0x39, 0xA6, 0x39, 0xA6, 0x39, 0xA6, 0x39, 0xA6, 0x39, 0xA6, 0x39, 0xA6, 0x39, 0xA6, 0x39,
    0xC7, 0x41, 0xE7, 0x41, 0xE7, 0x41, 0x07, 0x4A, 0x08, 0x4A, 0x28, 0x4A, 0x28, 0x4A, 0x28, 0x52,
    0x28, 0x52, 0x48, 0x52, 0x49, 0x52, 0x49, 0x52, 0x69, 0x52, 0x69, 0x5A, 0x69, 0x5A, 0x69, 0x5A,
    0x89, 0x5A, 0x89, 0x5A, 0x89, 0x5A, 0x89, 0x5A, 0xAA, 0x62, 0xAA, 0x62, 0x89, 0x5A, 0x89, 0x5A,
    0x89, 0x5A, 0x89, 0x5A, 0x69, 0x5A, 0x69, 0x5A, 0x4C, 0x7B, 0x2F, 0x9C, 0x4F, 0x9C, 0xB1, 0xAC,
    0x12, 0xB5, 0x33, 0xB5, 0x33, 0xBD, 0x53, 0xBD, 0x53, 0xBD, 0x53, 0xBD, 0x33, 0xBD, 0x33, 0xBD,
    0xF2, 0xB4, 0x0E, 0x94, 0x90, 0xA4, 0x4F, 0x94, 0xAD, 0x83, 0x4C, 0x7B, 0x6C, 0x7B, 0x4C, 0x7B,
    0x2B, 0x7B, 0x6C, 0x7B, 0xEE, 0x8B, 0x70, 0x9C, 0xB1, 0xAC, 0x12, 0xB5, 0x13, 0xB5, 0x33, 0xB5,
    0x33, 0xB5, 0x12, 0xB5, 0xD2, 0xAC, 0x70, 0x9C, 0x0E, 0x94, 0xCD, 0x8B, 0x4C, 0x73, 0x28, 0x4A,
    0x86, 0x31, 0x86, 0x31, 0x86, 0x31, 0x86, 0x31, 0x86, 0x31, 0x66, 0x31, 0x66, 0x31, 0x66, 0x31,
    0x65, 0x31, 0x65, 0x31, 0xC7, 0x39, 0xE7, 0x41, 0x86, 0x31, 0x86, 0x31, 0x07, 0x42, 0x28, 0x4A,
    0xA6, 0x39, 0xA6, 0x39, 0xA6, 0x39, 0xA6, 0x39, 0xA6, 0x39, 0xA6, 0x39, 0xA6, 0x39, 0xA6, 0x39,
    0xA6, 0x39, 0xC7, 0x41, 0x08, 0x42, 0x08, 0x42, 0xE7, 0x41, 0xE7, 0x41, 0xE7, 0x41, 0xE7, 0x41,
    0xE7, 0x41, 0xE7, 0x41, 0xE7, 0x41, 0xE7, 0x41, 0xE7, 0x41, 0xE7, 0x41, 0xE7, 0x41, 0xE7, 0x41,
    0xE7, 0x41, 0x07, 0x42, 0x07, 0x42, 0x07, 0x42, 0xE7, 0x41, 0xE7, 0x41, 0xE7, 0x41, 0xE7, 0x41,
    0xC7, 0x41, 0xA6, 0x39, 0xE7, 0x41, 0x08, 0x42, 0xA6, 0x39, 0xA6, 0x39, 0xA6, 0x39, 0xA6, 0x39,
    0xA6, 0x39, 0xA6, 0x39, 0xA6, 0x39, 0xA6, 0x39, 0xA6, 0x39, 0xA6, 0x39, 0xA6, 0x39, 0xA6, 0x39,
    0xA7, 0x39, 0xC7, 0x39, 0xC7, 0x39, 0xE7, 0x41, 0xE7, 0x41, 0xC7, 0x41, 0xC7, 0x41, 0xC7, 0x41,
    0xC7, 0x41, 0xE7, 0x41, 0x07, 0x42, 0x08, 0x42, 0x08, 0x42, 0xE7, 0x41, 0xC7, 0x41, 0xE7, 0x41,
    0xC7, 0x41, 0xE7, 0x41, 0x08, 0x4A, 0xE7, 0x41, 0xE7, 0x41, 0x07, 0x42, 0x07, 0x42, 0x07, 0x42,
    0x28, 0x4A, 0x07, 0x42, 0xE7, 0x41, 0x48, 0x4A, 0x08, 0x42, 0x49, 0x52, 0x0B, 0x63, 0xEB, 0x62,
    0xCB, 0x62, 0xEB, 0x62, 0xCA, 0x62, 0xCA, 0x62, 0xCA, 0x62, 0xCA, 0x62, 0xCB, 0x62, 0x0C, 0x6B,
    0xCB, 0x62, 0xAA, 0x5A, 0xCB, 0x62, 0xCB, 0x62, 0xAA, 0x5A, 0xEB, 0x62, 0x0B, 0x63, 0x0B, 0x63,
    0x0B, 0x63, 0x2C, 0x6B, 0x4C, 0x6B, 0x0C, 0x63, 0x2C, 0x63, 0x4D, 0x6B, 0x4D, 0x6B, 0x4D, 0x6B,
    0x4D, 0x63, 0x6D, 0x6B, 0x6D, 0x6B, 0x6D, 0x6B, 0x6D, 0x6B, 0x6D, 0x6B, 0x6D, 0x6B, 0x6D, 0x6B,
    0x6D, 0x6B, 0x6D, 0x6B, 0x6D, 0x6B, 0x6D, 0x6B, 0x6D, 0x6B, 0x6D, 0x6B, 0x6D, 0x6B, 0x6D, 0x6B,
    0x6D, 0x6B, 0x6D, 0x6B, 0x6D, 0x6B, 0x6D, 0x6B, 0x6D, 0x6B, 0x6D, 0x6B, 0x6D, 0x6B, 0x6D, 0x6B,
    0x6D, 0x6B, 0x6D, 0x6B, 0x6D, 0x6B, 0x6D, 0x6B, 0x6D, 0x6B, 0x6D, 0x6B, 0x6D, 0x6B, 0x6D, 0x6B,
    0x6D, 0x6B, 0x6D, 0x6B, 0x6D, 0x6B, 0x6D, 0x6B, 0x6D, 0x6B, 0x6D, 0x6B, 0x6D, 0x6B, 0x6D, 0x6B,
    0x6D, 0x6B, 0x6D, 0x6B, 0x6D, 0x6B, 0x6D, 0x6B, 0x6D, 0x6B, 0x6D, 0x6B, 0x6D, 0x6B, 0x6D, 0x6B,
    0x6D, 0x6B, 0x6D, 0x6B, 0x6D, 0x6B, 0x4D, 0x6B, 0x4D, 0x6B, 0x4D, 0x63, 0x4D, 0x63, 0x4D, 0x63,
    0x4D, 0x63, 0x4C, 0x63, 0x4C, 0x63, 0x2C, 0x63, 0xEB, 0x5A, 0xAA, 0x52, 0xAA, 0x52, 0xCB, 0x52,
    0xEB, 0x5A, 0xAB, 0x52, 0xAB, 0x52, 0xEB, 0x5A, 0x2C, 0x63, 0x2C, 0x63, 0x2C, 0x63, 0x0C, 0x63,
    0xEB, 0x5A, 0xAA, 0x52, 0x69, 0x4A, 0x69, 0x4A, 0x28, 0x42, 0x08, 0x42, 0x08, 0x42, 0x08, 0x42,
    0x08, 0x42, 0xE8, 0x41, 0xE7, 0x41, 0xE7, 0x39, 0xE7, 0x39, 0xC7, 0x39, 0xC7, 0x39, 0xC7, 0x39,
    0xC7, 0x39, 0xC7, 0x39, 0xC7, 0x39, 0xC7, 0x39, 0xA7, 0x39, 0xA7, 0x39, 0xA6, 0x39, 0xA6, 0x39,
    0xA6, 0x39, 0xA6, 0x39, 0xA6, 0x39, 0xA6, 0x39, 0xA6, 0x39, 0xA6, 0x39, 0xA6, 0x39, 0xA6, 0x39,
    0xA6, 0x39, 0xA6, 0x39, 0xA6, 0x39, 0xA6, 0x39, 0x86, 0x31, 0x86, 0x31, 0x86, 0x31, 0x86, 0x31,
    0x86, 0x31, 0x86, 0x31, 0x86, 0x31, 0x86, 0x31, 0x86, 0x31, 0x86, 0x31, 0x86, 0x31, 0x86, 0x31,
    0x86, 0x31, 0x86, 0x31, 0x86, 0x31, 0x86, 0x31, 0x86, 0x31, 0x86, 0x39, 0x86, 0x39, 0xA6, 0x39,
    0xA6, 0x39, 0xA6, 0x39, 0xA6, 0x39, 0xC6, 0x39, 0xC6, 0x39, 0xA6, 0x39, 0xA6, 0x39, 0xC7, 0x41,
    0xE7, 0x41, 0xE7, 0x41, 0x07, 0x4A, 0x08, 0x4A, 0x28, 0x4A, 0x28, 0x4A, 0x28, 0x52, 0x28, 0x52,
    0x28, 0x52, 0x48, 0x52, 0x49, 0x52, 0x48, 0x52, 0x49, 0x52, 0x49, 0x52, 0x69, 0x52, 0x69, 0x52,
    0x69, 0x5A, 0x69, 0x5A, 0x69, 0x5A, 0x89, 0x5A, 0x89, 0x5A, 0x89, 0x5A, 0x89, 0x5A, 0x89, 0x5A,
    0x69, 0x5A, 0x48, 0x52, 0x68, 0x5A, 0x0B, 0x73, 0x0E, 0x94, 0x70, 0xA4, 0x70, 0xA4, 0xF2, 0xB4,
    0x12, 0xB5, 0x33, 0xB5, 0x33, 0xB5, 0x33, 0xB5, 0x53, 0xBD, 0x53, 0xBD, 0x33, 0xBD, 0x32, 0xB5,
    0x33, 0xBD, 0x6F, 0x9C, 0xED, 0x8B, 0x4F, 0x9C, 0xAD, 0x8B, 0x2B, 0x73, 0xEA, 0x6A, 0x2B, 0x73,
    0x0B, 0x73, 0x0B, 0x73, 0xEE, 0x93, 0x70, 0x9C, 0xB1, 0xA4, 0xF1, 0xAC, 0x12, 0xB5, 0x32, 0xB5,
    0x32, 0xB5, 0x12, 0xB5, 0xD1, 0xAC, 0x4F, 0x9C, 0x0E, 0x94, 0xCE, 0x8B, 0x4C, 0x73, 0x28, 0x4A,
    0x86, 0x31, 0xA6, 0x31, 0x86, 0x31, 0x86, 0x31, 0x86, 0x31, 0x86, 0x31, 0x66, 0x31, 0x86, 0x31,
    0x86, 0x31, 0xA6, 0x39, 0x86, 0x31, 0xE7, 0x41, 0xC7, 0x39, 0xA6, 0x39, 0x86, 0x31, 0x08, 0x42,
    0x08, 0x42, 0xA6, 0x39, 0xC6, 0x39, 0xA6, 0x39, 0xA6, 0x39, 0xA6, 0x39, 0xA6, 0x39, 0xA6, 0x39,
    0xA6, 0x39, 0xA6, 0x39, 0xC7, 0x39, 0xE7, 0x41, 0x08, 0x4A, 0x08, 0x42, 0xE7, 0x41, 0xE7, 0x41,
    0x07, 0x42, 0x07, 0x42, 0x07, 0x42, 0xE7, 0x41, 0xE7, 0x49, 0x07, 0x42, 0x07, 0x42, 0x07, 0x42,
    0xE7, 0x41, 0xE7, 0x41, 0xE7, 0x41, 0x07, 0x42, 0x28, 0x4A, 0x28, 0x4A, 0x28, 0x4A, 0x07, 0x42,
    0xC7, 0x39, 0xC7, 0x41, 0x08, 0x4A, 0x08, 0x4A, 0xC7, 0x39, 0xA6, 0x39, 0xA6, 0x39, 0xA6, 0x39,
    0xA6, 0x39, 0xA6, 0x39, 0xA6, 0x39, 0xA6, 0x39, 0xA6, 0x39, 0xA6, 0x39, 0xC7, 0x39, 0xC7, 0x39,
    0xC7, 0x39, 0xC7, 0x41, 0xE7, 0x41, 0xE7, 0x41, 0xC7, 0x39, 0xC7, 0x39, 0xC7, 0x41, 0xE7, 0x41,
    0xE7, 0x41, 0xE7, 0x41, 0xE7, 0x41, 0xE7, 0x41, 0xC7, 0x41, 0xC7, 0x41, 0xE7, 0x41, 0xE7, 0x41,
    0xE7, 0x41, 0x08, 0x42, 0x08, 0x4A, 0xE7, 0x41, 0xE7, 0x41, 0x07, 0x42, 0x07, 0x42, 0x07, 0x42,
    0x28, 0x4A, 0xE7, 0x41, 0x08, 0x42, 0x08, 0x42, 0x08, 0x4A, 0xCB, 0x5A, 0xEB, 0x62, 0xAA, 0x5A,
    0xCB, 0x62, 0xCA, 0x62, 0xAA, 0x62, 0xAA, 0x62, 0xAA, 0x62, 0xAA, 0x62, 0xCB, 0x62, 0x0C, 0x6B,
    0xCA, 0x62, 0xAA, 0x62, 0xCB, 0x62, 0xAB, 0x62, 0xAA, 0x5A, 0xEB, 0x62, 0x0C, 0x63, 0x0B, 0x63,
    0x0C, 0x63, 0x2C, 0x6B, 0x2C, 0x6B, 0x0C, 0x63, 0x2C, 0x6B, 0x4D, 0x6B, 0x4D, 0x6B, 0x4D, 0x6B,
    0x6D, 0x6B, 0x6D, 0x6B, 0x6D, 0x6B, 0x6D, 0x6B, 0x6D, 0x6B, 0x6D, 0x6B, 0x6D, 0x6B, 0x6D, 0x6B,
    0x6D, 0x6B, 0x6D, 0x6B, 0x6D, 0x6B, 0x6D, 0x6B, 0x6D, 0x6B, 0x6D, 0x6B, 0x6D, 0x6B, 0x6D, 0x6B,
    0x6D, 0x6B, 0x6D, 0x6B, 0x6D, 0x6B, 0x6D, 0x6B, 0x6D, 0x6B, 0x6D, 0x6B, 0x6D, 0x6B, 0x6D, 0x6B,
    0x6D, 0x6B, 0x6D, 0x6B, 0x6D, 0x6B, 0x6D, 0x6B, 0x6D, 0x6B, 0x6D, 0x6B, 0x6D, 0x6B, 0x6D, 0x6B,
    0x6D, 0x6B, 0x6D, 0x6B, 0x6D, 0x6B, 0x6D, 0x6B, 0x6D, 0x6B, 0x6D, 0x6B, 0x6D, 0x6B, 0x6D, 0x6B,
    0x6D, 0x6B, 0x6D, 0x6B, 0x6D, 0x6B, 0x6D, 0x6B, 0x6D, 0x6B, 0x6D, 0x6B, 0x6D, 0x6B, 0x6D, 0x6B,
    0x6D, 0x6B, 0x6D, 0x6B, 0x6D, 0x6B, 0x6D, 0x6B, 0x4D, 0x6B, 0x4D, 0x6B, 0x4D, 0x63, 0x4D, 0x63,
    0x4D, 0x6B, 0x4D, 0x6B, 0x4C, 0x63, 0x4C, 0x63, 0x4C, 0x63, 0x0C, 0x63, 0xAB, 0x52, 0x8A, 0x52,
    0xAA, 0x52, 0xCB, 0x5A, 0xAB, 0x52, 0x8A, 0x52, 0xCB, 0x52, 0x0C, 0x5B, 0x2C, 0x63, 0x2C, 0x63,
    0x2C, 0x63, 0x2C, 0x63, 0x0C, 0x63, 0xCB, 0x5A, 0x8A, 0x52, 0x49, 0x4A, 0x08, 0x42, 0x28, 0x42,
    0x08, 0x42, 0x08, 0x42, 0xE8, 0x41, 0xE7, 0x41, 0xE7, 0x39, 0xE7, 0x39, 0xC7, 0x39, 0xC7, 0x39,
    0xC7, 0x39, 0xC7, 0x39, 0xC7, 0x39, 0xC7, 0x39, 0xA7, 0x39, 0xA7, 0x39, 0xA6, 0x39, 0xA6, 0x39,
    0xA6, 0x39, 0xA6, 0x39, 0xA6, 0x39, 0xA6, 0x39, 0xA6, 0x39, 0xA6, 0x39, 0xA6, 0x39, 0xA6, 0x39,
    0xA6, 0x39, 0xA6, 0x39, 0xA6, 0x39, 0xA6, 0x39, 0x86, 0x31, 0x86, 0x31, 0x86, 0x31, 0x86, 0x31,
    0x86, 0x31, 0x86, 0x31, 0x86, 0x31, 0x86, 0x31, 0x86, 0x31, 0x86, 0x31, 0x86, 0x31, 0x86, 0x31,
    0x86, 0x31, 0x86, 0x31, 0x86, 0x31, 0xA6, 0x39, 0xA6, 0x39, 0x86, 0x39, 0x86, 0x39, 0xA6, 0x39,
    0xA6, 0x39, 0xA6, 0x39, 0xA6, 0x39, 0xC6, 0x39, 0xC6, 0x39, 0xC6, 0x39, 0xC7, 0x41, 0xE7, 0x41,
    0xE7, 0x41, 0x08, 0x4A, 0x28, 0x4A, 0x28, 0x4A, 0x28, 0x4A, 0x28, 0x52, 0x28, 0x52, 0x48, 0x52,
    0x48, 0x52, 0x49, 0x52, 0x49, 0x52, 0x49, 0x52, 0x49, 0x52, 0x49, 0x52, 0x49, 0x52, 0x49, 0x52,
    0x49, 0x52, 0x49, 0x52, 0x49, 0x52, 0x49, 0x52, 0x49, 0x52, 0x48, 0x52, 0x49, 0x52, 0x69, 0x5A,
    0x68, 0x5A, 0xA9, 0x62, 0x4C, 0x7B, 0xEE, 0x93, 0x50, 0x9C, 0x50, 0x9C, 0xD1, 0xAC, 0xF2, 0xAC,
    0x12, 0xB5, 0x33, 0xB5, 0x33, 0xB5, 0x53, 0xBD, 0x53, 0xBD, 0x33, 0xBD, 0x32, 0xB5, 0x32, 0xB5,
    0x12, 0xB5, 0xF2, 0xB4, 0x0E, 0x94, 0xCD, 0x8B, 0xCD, 0x8B, 0x6C, 0x7B, 0xCA, 0x6A, 0xAA, 0x62,
    0xCA, 0x6A, 0xCA, 0x6A, 0x2B, 0x73, 0xCD, 0x8B, 0x70, 0x9C, 0xB0, 0xA4, 0xD1, 0xAC, 0xF1, 0xAC,
    0xF2, 0xB4, 0xF1, 0xAC, 0xB1, 0xA4, 0x2F, 0x94, 0x0E, 0x94, 0xEE, 0x8B, 0x2C, 0x73, 0x28, 0x52,
    0x86, 0x31, 0xA6, 0x31, 0x86, 0x31, 0x86, 0x31, 0x86, 0x31, 0x86, 0x31, 0x86, 0x39, 0xA6, 0x39,
    0xA6, 0x39, 0xA6, 0x39, 0x86, 0x39, 0x86, 0x31, 0xE7, 0x41, 0xC7, 0x39, 0xA6, 0x39, 0xA6, 0x39,
    0x28, 0x4A, 0x07, 0x42, 0xA6, 0x39, 0xC6, 0x39, 0xC6, 0x39, 0xA6, 0x39, 0xA6, 0x39, 0xC7, 0x39,
    0xC7, 0x39, 0xC7, 0x41, 0xC7, 0x41, 0xC7, 0x41, 0xE7, 0x41, 0xE7, 0x41, 0xE7, 0x41, 0x08, 0x42,
    0x07, 0x42, 0x07, 0x42, 0x07, 0x42, 0x07, 0x4A, 0xE7, 0x41, 0xE7, 0x41, 0xE7, 0x41, 0xE7, 0x41,
    0x07, 0x42, 0x28, 0x4A, 0x48, 0x4A, 0x48, 0x4A, 0x07, 0x4A, 0x08, 0x4A, 0x07, 0x4A, 0xC7, 0x41,
    0xC7, 0x39, 0x08, 0x42, 0x28, 0x4A, 0x08, 0x4A, 0xC7, 0x41, 0xA6, 0x39, 0xA6, 0x39, 0xA6, 0x39,
    0xA6, 0x39, 0xA6, 0x39, 0xA6, 0x39, 0xC7, 0x39, 0xC7, 0x39, 0xC7, 0x41, 0xC7, 0x41, 0xE7, 0x41,
    0xE7, 0x41, 0xE7, 0x41, 0xE7, 0x41, 0xC7, 0x41, 0xE7, 0x41, 0xE7, 0x41, 0xC7, 0x41, 0xC7, 0x39,
    0xC7, 0x39, 0xC7, 0x39, 0xC7, 0x39, 0xC7, 0x41, 0xE7, 0x41, 0xE7, 0x41, 0xE7, 0x41, 0xE7, 0x41,
    0xE7, 0x41, 0x28, 0x4A, 0xE7, 0x41, 0xE7, 0x41, 0xE7, 0x41, 0xE7, 0x41, 0xE7, 0x41, 0x28, 0x4A,
    0x07, 0x42, 0xE7, 0x41, 0x08, 0x42, 0x07, 0x42, 0x89, 0x52, 0xEB, 0x62, 0xAA, 0x5A, 0xAA, 0x62,
    0xCB, 0x62, 0xAA, 0x5A, 0xAA, 0x62, 0xAA, 0x5A, 0xAA, 0x5A, 0xAA, 0x62, 0xEB, 0x62, 0x0B, 0x6B,
    0xAA, 0x5A, 0xAA, 0x5A, 0xCB, 0x62, 0xAB, 0x62, 0xCB, 0x5A, 0x0B, 0x63, 0x2C, 0x63, 0x0C, 0x63,
    0x2C, 0x6B, 0x4C, 0x6B, 0x2C, 0x63, 0x2C, 0x63, 0x4D, 0x6B, 0x4D, 0x6B, 0x4D, 0x6B, 0x4D, 0x6B,
    0x6D, 0x6B, 0x6D, 0x6B, 0x6D, 0x6B, 0x6D, 0x6B, 0x6D, 0x6B, 0x6D, 0x6B, 0x6D, 0x6B, 0x6D, 0x6B,
    0x6D, 0x6B, 0x6D, 0x6B, 0x6D, 0x6B, 0x6D, 0x6B, 0x6D, 0x6B, 0x6D, 0x6B, 0x6D, 0x6B, 0x6D, 0x6B,
    0x6D, 0x6B, 0x6D, 0x6B, 0x6D, 0x6B, 0x6D, 0x6B, 0x6D, 0x6B, 0x6D, 0x6B, 0x6D, 0x6B, 0x6D, 0x6B,
    0x6D, 0x6B, 0x6D, 0x6B, 0x6D, 0x6B, 0x6D, 0x6B, 0x6D, 0x6B, 0x6D, 0x6B, 0x6D, 0x6B, 0x6D, 0x6B,
    0x6D, 0x6B, 0x6D, 0x6B, 0x6D, 0x6B, 0x6D, 0x6B, 0x6D, 0x6B, 0x6D, 0x6B, 0x6D, 0x6B, 0x6D, 0x6B,
    0x6D, 0x6B, 0x6D, 0x6B, 0x6D, 0x6B, 0x6D, 0x6B, 0x6D, 0x6B, 0x6D, 0x6B, 0x6D, 0x6B, 0x6D, 0x6B,
    0x6D, 0x6B, 0x6D, 0x6B, 0x6D, 0x6B, 0x6D, 0x6B, 0x6D, 0x6B, 0x4D, 0x6B, 0x4D, 0x6B, 0x4D, 0x6B,
    0x4D, 0x6B, 0x4D, 0x6B, 0x4D, 0x63, 0x4C, 0x63, 0x2C, 0x63, 0x2C, 0x63, 0x2C, 0x63, 0xCB, 0x52,
    0xAA, 0x52, 0xAA, 0x52, 0xAA, 0x52, 0xCB, 0x52, 0xAB, 0x52, 0xAB, 0x52, 0xEB, 0x52, 0x0C, 0x5B,
    0x0C, 0x63, 0x2C, 0x63, 0x2D, 0x63, 0x2D, 0x63, 0x2C, 0x63, 0xEC, 0x5A, 0xAB, 0x52, 0x49, 0x4A,
    0x08, 0x42, 0x28, 0x42, 0x08, 0x42, 0x08, 0x42, 0xE7, 0x41, 0xE7, 0x39, 0xE7, 0x39, 0xC7, 0x39,
    0xC7, 0x39, 0xC7, 0x39, 0xC7, 0x39, 0xC7, 0x39, 0xC7, 0x39, 0xA7, 0x39, 0xC7, 0x39, 0xA7, 0x39,
    0xA7, 0x39, 0xA6, 0x39, 0xA6, 0x39, 0xA6, 0x39, 0xA6, 0x39, 0xA6, 0x39, 0xA6, 0x39, 0xA6, 0x39,
    0xA6, 0x39, 0xA6, 0x39, 0xA6, 0x39, 0xA6, 0x39, 0xA6, 0x39, 0xA6, 0x39, 0x86, 0x31, 0x86, 0x31,
    0x86, 0x31, 0x86, 0x31, 0x86, 0x31, 0x86, 0x31, 0x86, 0x31, 0x86, 0x31, 0x86, 0x31, 0xA6, 0x39,
    0xA6, 0x39, 0xA6, 0x39, 0xA6, 0x39, 0xA6, 0x39, 0xA6, 0x39, 0x86, 0x39, 0xA6, 0x39, 0xA6, 0x39,
    0xA6, 0x39, 0xA7, 0x39, 0xC6, 0x39, 0xC6, 0x39, 0xC6, 0x39, 0xC7, 0x41, 0xE7, 0x41, 0x07, 0x4A,
    0x08, 0x4A, 0x28, 0x4A, 0x28, 0x4A, 0x28, 0x4A, 0x48, 0x52, 0x48, 0x52, 0x48, 0x52, 0x49, 0x52,
    0x49, 0x52, 0x49, 0x52, 0x49, 0x52, 0x49, 0x52, 0x49, 0x52, 0x49, 0x52, 0x49, 0x52, 0x49, 0x52,
    0x49, 0x52, 0x69, 0x52, 0x49, 0x52, 0x69, 0x52, 0x69, 0x5A, 0x89, 0x5A, 0xA9, 0x62, 0xCA, 0x62,
    0x0B, 0x73, 0x6C, 0x83, 0xCE, 0x93, 0x2F, 0x9C, 0x4F, 0x9C, 0x91, 0xA4, 0xD2, 0xAC, 0xF2, 0xB4,
    0x12, 0xB5, 0x33, 0xB5, 0x33, 0xB5, 0x33, 0xB5, 0x53, 0xBD, 0x33, 0xB5, 0xD1, 0xAC, 0x12, 0xB5,
    0x12, 0xB5, 0xF2, 0xB4, 0x90, 0xA4, 0xAC, 0x83, 0x6C, 0x7B, 0x8D, 0x83, 0x2B, 0x73, 0xAA, 0x62,
    0x89, 0x62, 0xEA, 0x6A, 0x0B, 0x6B, 0xEA, 0x72, 0x2B, 0x7B, 0xAD, 0x83, 0x0E, 0x94, 0x4F, 0x9C,
    0x70, 0x9C, 0x90, 0xA4, 0x70, 0x9C, 0x0E, 0x94, 0x0E, 0x94, 0xEE, 0x8B, 0x2C, 0x73, 0x28, 0x4A,
    0x86, 0x31, 0xA6, 0x39, 0xA6, 0x39, 0xA7, 0x39, 0xC7, 0x39, 0xA6, 0x39, 0xA6, 0x39, 0xA6, 0x39,
    0xA6, 0x39, 0xA6, 0x39, 0xA6, 0x39, 0xA6, 0x39, 0xA6, 0x39, 0xC7, 0x39, 0xC7, 0x39, 0xC7, 0x39,
    0xC7, 0x39, 0x08, 0x42, 0xE7, 0x41, 0xC6, 0x39, 0xC6, 0x39, 0xC7, 0x39, 0xC7, 0x39, 0xC7, 0x39,
    0xC7, 0x39, 0xC7, 0x39, 0xC7, 0x41, 0xE7, 0x41, 0xE7, 0x41, 0xE7, 0x41, 0xE7, 0x41, 0xE7, 0x41,
    0x07, 0x42, 0x07, 0x42, 0x07, 0x42, 0x07, 0x4A, 0xE7, 0x41, 0xE7, 0x41, 0x07, 0x42, 0x28, 0x4A,
    0x48, 0x4A, 0x28, 0x4A, 0x07, 0x4A, 0x07, 0x4A, 0x28, 0x4A, 0x08, 0x4A, 0xC7, 0x41, 0xC7, 0x41,
    0xE7, 0x41, 0x28, 0x4A, 0x08, 0x4A, 0x08, 0x42, 0xC7, 0x41, 0xC7, 0x39, 0xC7, 0x39, 0xC7, 0x39,
    0xC7, 0x39, 0xC7, 0x41, 0xC7, 0x41, 0xE7, 0x41, 0xC7, 0x41, 0xE7, 0x41, 0xE7, 0x41, 0xE7, 0x41,
    0xE7, 0x41, 0xE7, 0x41, 0xE7, 0x41, 0xC7, 0x41, 0xA6, 0x39, 0xA6, 0x39, 0xA6, 0x39, 0xA6, 0x39,
    0xA6, 0x39, 0xC7, 0x39, 0xE7, 0x41, 0xE7, 0x41, 0x08, 0x42, 0x08, 0x42, 0xE7, 0x41, 0xE7, 0x41,
    0x08, 0x42, 0x28, 0x4A, 0xE7, 0x41, 0xE7, 0x41, 0xE7, 0x41, 0xE7, 0x41, 0x08, 0x42, 0x08, 0x4A,
    0xE7, 0x41, 0x07, 0x42, 0xE7, 0x41, 0x69, 0x52, 0xCB, 0x62, 0xAA, 0x5A, 0x8A, 0x5A, 0xAA, 0x5A,
    0xAA, 0x5A, 0x8A, 0x5A, 0xAA, 0x5A, 0xAA, 0x5A, 0xAA, 0x5A, 0xAA, 0x5A, 0x0B, 0x6B, 0xEB, 0x62,
    0xAA, 0x5A, 0xAA, 0x5A, 0xCB, 0x62, 0xAB, 0x62, 0xCB, 0x62, 0x0C, 0x63, 0x0C, 0x63, 0x0B, 0x63,
    0x2C, 0x63, 0x2C, 0x6B, 0x2C, 0x63, 0x2C, 0x63, 0x4D, 0x6B, 0x4D, 0x6B, 0x4D, 0x6B, 0x4D, 0x6B,
    0x6D, 0x6B, 0x6D, 0x6B, 0x6D, 0x6B, 0x6D, 0x6B, 0x6D, 0x6B, 0x6D, 0x6B, 0x6D, 0x6B, 0x6D, 0x6B,
    0x6D, 0x6B, 0x6D, 0x6B, 0x6D, 0x6B, 0x6D, 0x6B, 0x6D, 0x6B, 0x6D, 0x6B, 0x6D, 0x6B, 0x6D, 0x6B,
    0x6D, 0x6B, 0x6D, 0x6B, 0x6D, 0x6B, 0x6D, 0x6B, 0x6D, 0x6B, 0x6D, 0x6B, 0x6D, 0x6B, 0x6D, 0x6B,
    0x6D, 0x6B, 0x6D, 0x6B, 0x6D, 0x6B, 0x6D, 0x6B, 0x6D, 0x6B, 0x6D, 0x6B, 0x6D, 0x6B, 0x6D, 0x6B,
    0x6D, 0x6B, 0x6D, 0x6B, 0x6D, 0x6B, 0x6D, 0x6B, 0x6D, 0x6B, 0x6D, 0x6B, 0x6D, 0x6B, 0x6D, 0x6B,
    0x6D, 0x6B, 0x6D, 0x6B, 0x6D, 0x6B, 0x6D, 0x6B, 0x6D, 0x6B, 0x6D, 0x6B, 0x6D, 0x6B, 0x6D, 0x6B,
    0x6D, 0x6B, 0x6D, 0x6B, 0x6D, 0x6B, 0x6D, 0x6B, 0x6D, 0x6B, 0x4D, 0x6B, 0x4D, 0x6B, 0x4D, 0x6B,
    0x4D, 0x6B, 0x4D, 0x6B, 0x4D, 0x6B, 0x4D, 0x6B, 0x4D, 0x63, 0x4D, 0x63, 0x4C, 0x63, 0x2C, 0x63,
    0xEB, 0x5A, 0xAA, 0x52, 0xAA, 0x52, 0xAA, 0x52, 0xAB, 0x52, 0xCB, 0x52, 0xCB, 0x52, 0xCB, 0x52,
    0xCB, 0x5A, 0xEB, 0x5A, 0x0C, 0x5B, 0x2C, 0x63, 0x2D, 0x63, 0x2D, 0x63, 0x2D, 0x63, 0x0C, 0x63,
    0xCB, 0x5A, 0x69, 0x4A, 0x29, 0x42, 0x28, 0x4A, 0x08, 0x42, 0x08, 0x42, 0xE7, 0x41, 0xE7, 0x39,
    0xE7, 0x39, 0xE7, 0x39, 0xC7, 0x39, 0xC7, 0x39, 0xC7, 0x39, 0xC7, 0x39, 0xA7, 0x39, 0xA7, 0x39,
    0xA7, 0x39, 0xA7, 0x39, 0xA7, 0x39, 0xA7, 0x39, 0xA6, 0x39, 0xA6, 0x39, 0xA6, 0x39, 0xA6, 0x39,
    0xA6, 0x39, 0xA6, 0x39, 0xA6, 0x39, 0xA6, 0x39, 0xA6, 0x39, 0xA6, 0x39, 0xA6, 0x39, 0x86, 0x31,
    0x86, 0x31, 0x86, 0x31, 0x86, 0x31, 0x86, 0x31, 0x86, 0x31, 0x86, 0x31, 0xA6, 0x39, 0xA6, 0x39,
    0xA6, 0x39, 0xA6, 0x39, 0xA6, 0x39, 0xA6, 0x39, 0xA6, 0x39, 0xA6, 0x39, 0xA6, 0x39, 0xC7, 0x39,
    0xC7, 0x39, 0xC7, 0x41, 0xC7, 0x41, 0xE7, 0x41, 0xE7, 0x41, 0xE7, 0x41, 0x07, 0x4A, 0x08, 0x4A,
    0x28, 0x4A, 0x28, 0x4A, 0x28, 0x4A, 0x28, 0x4A, 0x48, 0x52, 0x49, 0x52, 0x49, 0x52, 0x49, 0x52,
    0x49, 0x52, 0x49, 0x52, 0x49, 0x52, 0x49, 0x52, 0x69, 0x52, 0x69, 0x52, 0x69, 0x52, 0x69, 0x5A,
    0x69, 0x5A, 0x89, 0x5A, 0x8A, 0x62, 0xAA, 0x62, 0xCA, 0x62, 0xEA, 0x6A, 0x0B, 0x73, 0x4C, 0x7B,
    0x8C, 0x83, 0xCD, 0x8B, 0x0E, 0x9C, 0x4F, 0x9C, 0x70, 0xA4, 0xD1, 0xAC, 0xD1, 0xAC, 0xF2, 0xB4,
    0x12, 0xB5, 0x33, 0xB5, 0x33, 0xB5, 0x33, 0xB5, 0x33, 0xB5, 0x33, 0xBD, 0x90, 0xA4, 0xF1, 0xAC,
    0x12, 0xB5, 0xF1, 0xAC, 0xB0, 0xA4, 0x2F, 0x9C, 0x2B, 0x73, 0xEA, 0x6A, 0x2B, 0x73, 0xCA, 0x6A,
    0xCA, 0x62, 0xEA, 0x6A, 0x0A, 0x6B, 0x0B, 0x73, 0x0B, 0x73, 0x0B, 0x73, 0x2B, 0x73, 0x4C, 0x7B,
    0x6C, 0x7B, 0x6C, 0x7B, 0x8D, 0x7B, 0x8C, 0x7B, 0x8C, 0x83, 0x6C, 0x83, 0xEB, 0x6A, 0x48, 0x52,
    0xE7, 0x41, 0xE7, 0x41, 0xE7, 0x41, 0xC7, 0x41, 0xC6, 0x39, 0xC6, 0x39, 0xC6, 0x39, 0xA6, 0x39,
    0xA6, 0x39, 0xA6, 0x39, 0xA6, 0x39, 0xC6, 0x39, 0xC6, 0x39, 0xC7, 0x39, 0xE7, 0x41, 0xC7, 0x39,
    0xC7, 0x39, 0xC7, 0x39, 0x08, 0x42, 0xE7, 0x41, 0xC7, 0x39, 0xC7, 0x39, 0xC7, 0x39, 0xC7, 0x39,
    0xE7, 0x41, 0xE7, 0x41, 0xE7, 0x41, 0xE7, 0x41, 0xE7, 0x41, 0xE7, 0x41, 0xE7, 0x41, 0xE7, 0x41,
    0x07, 0x42, 0x07, 0x42, 0x07, 0x42, 0xE7, 0x41, 0x08, 0x4A, 0x48, 0x4A, 0x48, 0x4A, 0x48, 0x4A,
    0x28, 0x4A, 0x28, 0x4A, 0x28, 0x4A, 0x28, 0x4A, 0x07, 0x4A, 0xE7, 0x41, 0xE7, 0x41, 0xE7, 0x41,
    0x08, 0x4A, 0x08, 0x4A, 0x08, 0x42, 0xE7, 0x41, 0xE7, 0x41, 0xC7, 0x41, 0xC7, 0x41, 0xC7, 0x41,
    0xC7, 0x41, 0xE7, 0x41, 0xE7, 0x41, 0xE7, 0x41, 0xE7, 0x41, 0xE7, 0x41, 0xE7, 0x41, 0xE7, 0x41,
    0xC7, 0x41, 0xC6, 0x39, 0xA6, 0x39, 0xA6, 0x39, 0xA6, 0x39, 0xA6, 0x39, 0xA6, 0x39, 0xA6, 0x39,
    0xC7, 0x39, 0xE7, 0x41, 0x08, 0x42, 0x08, 0x42, 0x08, 0x42, 0x08, 0x42, 0x08, 0x42, 0xE7, 0x41,
    0x28, 0x4A, 0x28, 0x4A, 0xE7, 0x41, 0xE7, 0x41, 0xE7, 0x41, 0xE7, 0x41, 0x08, 0x42, 0xE7, 0x41,
    0xE7, 0x41, 0xE7, 0x41, 0x49, 0x4A, 0xAA, 0x5A, 0x8A, 0x5A, 0x89, 0x5A, 0x8A, 0x5A, 0x8A, 0x5A,
    0x8A, 0x5A, 0x8A, 0x5A, 0x8A, 0x5A, 0x8A, 0x5A, 0x8A, 0x5A, 0xCA, 0x62, 0x0C, 0x6B, 0xCA, 0x62,
    0xAA, 0x5A, 0xAA, 0x5A, 0xCB, 0x62, 0xAB, 0x5A, 0xCB, 0x62, 0x0C, 0x6B, 0x0B, 0x63, 0x2C, 0x63,
    0x2C, 0x63, 0x2C, 0x63, 0x2C, 0x63, 0x4C, 0x6B, 0x4D, 0x6B, 0x4D, 0x6B, 0x4D, 0x6B, 0x4D, 0x6B,
    0x6D, 0x6B, 0x6D, 0x6B, 0x6D, 0x6B, 0x6D, 0x6B, 0x6D, 0x6B, 0x6D, 0x6B, 0x6D, 0x6B, 0x6D, 0x6B,
    0x6D, 0x6B, 0x6D, 0x6B, 0x6D, 0x6B, 0x6D, 0x6B, 0x6D, 0x6B, 0x6D, 0x6B, 0x6D, 0x6B, 0x6D, 0x6B,
    0x6D, 0x6B, 0x6D, 0x6B, 0x6D, 0x6B, 0x6D, 0x6B, 0x6D, 0x6B, 0x6D, 0x6B, 0x6D, 0x6B, 0x6D, 0x6B,
    0x6D, 0x6B, 0x6D, 0x6B, 0x6D, 0x6B, 0x6D, 0x6B, 0x6D, 0x6B, 0x6D, 0x6B, 0x6D, 0x6B, 0x6D, 0x6B,
    0x6D, 0x6B, 0x6D, 0x6B, 0x6D, 0x6B, 0x6D, 0x6B, 0x6D, 0x6B, 0x6D, 0x6B, 0x6D, 0x6B, 0x6D, 0x6B,
    0x6D, 0x6B, 0x6D, 0x6B, 0x6D, 0x6B, 0x6D, 0x6B, 0x6D, 0x6B, 0x6D, 0x6B, 0x6D, 0x6B, 0x6D, 0x6B,
    0x6D, 0x6B, 0x6D, 0x6B, 0x6D, 0x6B, 0x6D, 0x6B, 0x6D, 0x6B, 0x6D, 0x6B, 0x4D, 0x6B, 0x4D, 0x6B,
    0x4D, 0x6B, 0x4D, 0x6B, 0x4D, 0x6B, 0x4D, 0x6B, 0x4D, 0x6B, 0x4D, 0x63, 0x4D, 0x63, 0x4D, 0x63,
    0x2D, 0x63, 0x0C, 0x63, 0xCB, 0x5A, 0xAA, 0x52, 0xAA, 0x52, 0xAA, 0x52, 0xAA, 0x52, 0xCB, 0x5A,
    0xCB, 0x5A, 0xCB, 0x5A, 0xEB, 0x5A, 0xEB, 0x5A, 0xEB, 0x5A, 0xEB, 0x5A, 0x0C, 0x63, 0x0C, 0x63,
    0x0C, 0x63, 0x0C, 0x63, 0xAA, 0x52, 0x69, 0x4A, 0x28, 0x42, 0x28, 0x42, 0x08, 0x42, 0xE7, 0x41,
    0xE7, 0x39, 0xE7, 0x39, 0xE7, 0x39, 0xE7, 0x39, 0xE7, 0x39, 0xE7, 0x39, 0xE7, 0x41, 0xC7, 0x39,
    0xC7, 0x39, 0xA7, 0x39, 0xA7, 0x39, 0xA7, 0x39, 0xA7, 0x39, 0xA6, 0x39, 0xA6, 0x39, 0xA6, 0x39,
    0xA6, 0x39, 0xA6, 0x39, 0xA6, 0x39, 0xA6, 0x39, 0xA6, 0x39, 0xA6, 0x39, 0xA6, 0x39, 0x86, 0x39,
    0x86, 0x39, 0x86, 0x39, 0x86, 0x39, 0x86, 0x39, 0x86, 0x39, 0x86, 0x39, 0x86, 0x39, 0x86, 0x39,
    0xA6, 0x39, 0xA6, 0x39, 0xA6, 0x39, 0xA6, 0x39, 0xA6, 0x39, 0xA6, 0x39, 0xC6, 0x41, 0xC7, 0x41,
    0xC7, 0x41, 0xE7, 0x41, 0xE7, 0x41, 0xE7, 0x41, 0xE7, 0x41, 0x07, 0x4A, 0x08, 0x4A, 0x28, 0x4A,
    0x28, 0x4A, 0x28, 0x4A, 0x48, 0x52, 0x48, 0x52, 0x49, 0x52, 0x49, 0x52, 0x49, 0x52, 0x49, 0x52,
    0x49, 0x52, 0x69, 0x52, 0x69, 0x52, 0x69, 0x52, 0x69, 0x52, 0x69, 0x5A, 0x69, 0x5A, 0x69, 0x5A,
    0x89, 0x5A, 0xAA, 0x62, 0xCA, 0x62, 0xEA, 0x6A, 0x0B, 0x73, 0x2B, 0x7B, 0x4C, 0x7B, 0x6C, 0x83,
    0xAD, 0x8B, 0xEE, 0x93, 0x4F, 0x9C, 0x70, 0xA4, 0x91, 0xA4, 0xD1, 0xAC, 0xF2, 0xAC, 0xF2, 0xB4,
    0x12, 0xB5, 0x33, 0xB5, 0x33, 0xB5, 0x33, 0xB5, 0x33, 0xB5, 0x53, 0xBD, 0xD1, 0xAC, 0x6F, 0x9C,
    0xF2, 0xB4, 0xD1, 0xAC, 0xB1, 0xA4, 0x2F, 0x9C, 0xAD, 0x83, 0xEA, 0x6A, 0x89, 0x5A, 0xAA, 0x62,
    0xA9, 0x62, 0xEA, 0x6A, 0x0A, 0x6B, 0xEA, 0x6A, 0xEA, 0x6A, 0xEA, 0x6A, 0xEA, 0x6A, 0x0A, 0x6B,
    0x0B, 0x6B, 0x0B, 0x6B, 0xEA, 0x6A, 0xCA, 0x6A, 0xCA, 0x62, 0xA9, 0x62, 0x69, 0x5A, 0x49, 0x52,
    0x28, 0x4A, 0x08, 0x4A, 0x07, 0x4A, 0xE7, 0x41, 0xE7, 0x41, 0xE7, 0x41, 0xE7, 0x41, 0xE7, 0x41,
    0xC6, 0x41, 0xC7, 0x39, 0xC7, 0x41, 0xC7, 0x41, 0xC7, 0x41, 0xC7, 0x39, 0xC7, 0x39, 0xC6, 0x39,
    0xC7, 0x39, 0xC7, 0x39, 0xC7, 0x39, 0xE7, 0x41, 0xE7, 0x41, 0xC7, 0x39, 0xC7, 0x39, 0xE7, 0x41,
    0xE7, 0x41, 0xE7, 0x41, 0xE7, 0x41, 0xE7, 0x41, 0xE7, 0x41, 0xE7, 0x41, 0xE7, 0x41, 0xE7, 0x41,
    0x07, 0x42, 0x07, 0x42, 0x07, 0x4A, 0x28, 0x52, 0x49, 0x52, 0x28, 0x4A, 0x28, 0x4A, 0x48, 0x4A,
    0x28, 0x4A, 0x28, 0x4A, 0x28, 0x4A, 0xE7, 0x41, 0xE7, 0x41, 0xE7, 0x41, 0xE7, 0x41, 0x07, 0x4A,
    0x08, 0x4A, 0x08, 0x4A, 0x07, 0x42, 0xE7, 0x41, 0xE7, 0x41, 0xE7, 0x41, 0xE7, 0x41, 0xE7, 0x41,
    0xE7, 0x41, 0xE7, 0x41, 0xE7, 0x41, 0xE7, 0x41, 0xE7, 0x41, 0xC7, 0x41, 0xC7, 0x39, 0xA6, 0x39,
    0x86, 0x39, 0xA6, 0x39, 0xA6, 0x39, 0xA6, 0x39, 0xA6, 0x39, 0xA6, 0x39, 0xC6, 0x39, 0xC7, 0x41,
    0x07, 0x42, 0x08, 0x42, 0x08, 0x42, 0x08, 0x42, 0x08, 0x4A, 0x07, 0x42, 0xE7, 0x41, 0x07, 0x42,
    0x49, 0x4A, 0x08, 0x42, 0xE7, 0x41, 0xE7, 0x41, 0xE7, 0x41, 0x07, 0x42, 0x08, 0x42, 0xE7, 0x41,
    0xE7, 0x41, 0x49, 0x4A, 0xCB, 0x5A, 0xAA, 0x5A, 0x69, 0x52, 0x8A, 0x5A, 0x89, 0x5A, 0x89, 0x5A,
    0x89, 0x5A, 0x89, 0x5A, 0x8A, 0x5A, 0x8A, 0x5A, 0x8A, 0x5A, 0xEB, 0x62, 0xEB, 0x62, 0xAA, 0x5A,
    0xAA, 0x5A, 0xAA, 0x5A, 0xCB, 0x62, 0xAA, 0x5A, 0xEB, 0x62, 0x0C, 0x63, 0xEB, 0x62, 0x2C, 0x63,
    0x2C, 0x63, 0x2C, 0x63, 0x2C, 0x63, 0x4D, 0x6B, 0x4D, 0x6B, 0x4D, 0x6B, 0x4D, 0x6B, 0x4D, 0x6B,
    0x6D, 0x6B, 0x6D, 0x6B, 0x6D, 0x6B, 0x6D, 0x6B, 0x6D, 0x6B, 0x6D, 0x6B, 0x6D, 0x6B, 0x6D, 0x6B,
    0x6D, 0x6B, 0x6D, 0x6B, 0x6D, 0x6B, 0x6D, 0x6B, 0x6D, 0x6B, 0x6D, 0x6B, 0x6D, 0x6B, 0x6D, 0x6B,
    0x6D, 0x6B, 0x6D, 0x6B, 0x6D, 0x6B, 0x6D, 0x6B, 0x6D, 0x6B, 0x6D, 0x6B, 0x6D, 0x6B, 0x6D, 0x6B,
    0x6D, 0x6B, 0x6D, 0x6B, 0x6D, 0x6B, 0x6D, 0x6B, 0x6D, 0x6B, 0x6D, 0x6B, 0x6D, 0x6B, 0x6D, 0x6B,
    0x6D, 0x6B, 0x6D, 0x6B, 0x6D, 0x6B, 0x6D, 0x6B, 0x6D, 0x6B, 0x6D, 0x6B, 0x6D, 0x6B, 0x6D, 0x6B,
    0x6D, 0x6B, 0x6D, 0x6B, 0x6D, 0x6B, 0x6D, 0x6B, 0x6D, 0x6B, 0x6D, 0x6B, 0x6D, 0x6B, 0x6D, 0x6B,
    0x6D, 0x6B, 0x6D, 0x6B, 0x6D, 0x6B, 0x6D, 0x6B, 0x6D, 0x6B, 0x6D, 0x6B, 0x6D, 0x6B, 0x4D, 0x6B,
    0x4D, 0x6B, 0x4D, 0x6B, 0x4D, 0x6B, 0x4D, 0x6B, 0x4D, 0x6B, 0x4D, 0x6B, 0x4D, 0x6B, 0x4D, 0x63,
    0x2D, 0x63, 0x2D, 0x63, 0x2D, 0x63, 0x0C, 0x63, 0xCB, 0x5A, 0xAA, 0x52, 0xAA, 0x52, 0xAA, 0x52,
    0xAA, 0x52, 0xCA, 0x52, 0xCB, 0x52, 0xEB, 0x5A, 0xEB, 0x5A, 0xEB, 0x5A, 0xEB, 0x5A, 0xEB, 0x5A,
    0xEB, 0x5A, 0xEB, 0x5A, 0x0B, 0x5B, 0xEB, 0x5A, 0xAA, 0x52, 0x69, 0x4A, 0x28, 0x4A, 0x08, 0x42,
    0xE7, 0x39, 0xE7, 0x39, 0xE7, 0x39, 0xE7, 0x39, 0xE7, 0x39, 0xC7, 0x39, 0xE7, 0x39, 0x08, 0x42,
    0x08, 0x42, 0xE7, 0x41, 0xC7, 0x39, 0xC7, 0x39, 0xA7, 0x39, 0xA6, 0x39, 0xA6, 0x39, 0xA6, 0x39,
    0xA6, 0x39, 0xA6, 0x39, 0xA6, 0x39, 0xA6, 0x39, 0xA6, 0x39, 0xA6, 0x39, 0xA6, 0x39, 0xA6, 0x39,
    0xA6, 0x39, 0xA6, 0x39, 0xA6, 0x39, 0xA6, 0x39, 0xA6, 0x39, 0xA6, 0x39, 0xA6, 0x39, 0x86, 0x39,
    0xA6, 0x39, 0xA6, 0x39, 0xA6, 0x39, 0x86, 0x39, 0x86, 0x39, 0xC6, 0x41, 0xE7, 0x41, 0xE7, 0x41,
    0xE7, 0x41, 0xE7, 0x41, 0xE7, 0x41, 0xE7, 0x41, 0x07, 0x4A, 0x07, 0x4A, 0x08, 0x4A, 0x28, 0x4A,
    0x28, 0x4A, 0x28, 0x4A, 0x48, 0x52, 0x49, 0x52, 0x49, 0x52, 0x49, 0x52, 0x49, 0x52, 0x49, 0x52,
    0x49, 0x52, 0x69, 0x52, 0x69, 0x52, 0x69, 0x52, 0x69, 0x5A, 0x69, 0x5A, 0x69, 0x5A, 0x69, 0x5A,
    0x8A, 0x5A, 0xAA, 0x62, 0xCA, 0x62, 0xEB, 0x6A, 0x0B, 0x73, 0x2B, 0x7B, 0x6C, 0x83, 0xAD, 0x8B,
    0xEE, 0x93, 0x2F, 0x9C, 0x50, 0xA4, 0x70, 0xA4, 0x91, 0xA4, 0xB1, 0xAC, 0xF2, 0xAC, 0x12, 0xB5,
    0x12, 0xB5, 0x33, 0xB5, 0x33, 0xB5, 0x33, 0xB5, 0x32, 0xB5, 0x33, 0xB5, 0x12, 0xB5, 0x0E, 0x94,
    0x6F, 0xA4, 0xB1, 0xA4, 0x70, 0x9C, 0x2F, 0x94, 0xCE, 0x8B, 0x6C, 0x7B, 0x89, 0x62, 0x48, 0x52,
    0x89, 0x5A, 0xA9, 0x5A, 0xC9, 0x62, 0xEA, 0x6A, 0xEA, 0x6A, 0xEA, 0x6A, 0xEA, 0x6A, 0xCA, 0x62,
    0xA9, 0x62, 0xA9, 0x62, 0xA9, 0x62, 0x89, 0x5A, 0x89, 0x5A, 0x69, 0x52, 0x28, 0x52, 0x28, 0x52,
    0x28, 0x4A, 0x08, 0x4A, 0x07, 0x4A, 0xE7, 0x41, 0xE7, 0x41, 0xE7, 0x41, 0xE7, 0x41, 0xE7, 0x41,
    0xE7, 0x41, 0xE7, 0x41, 0xE7, 0x41, 0xC7, 0x41, 0xC7, 0x39, 0xC7, 0x39, 0xC7, 0x39, 0xC7, 0x39,
    0xC7, 0x39, 0xC7, 0x39, 0xC7, 0x39, 0xC7, 0x39, 0xE7, 0x41, 0xE7, 0x41, 0xE7, 0x41, 0xE7, 0x41,
    0xE7, 0x41, 0xE7, 0x41, 0xE7, 0x41, 0xE7, 0x41, 0xE7, 0x41, 0xE7, 0x41, 0xE7, 0x41, 0xE7, 0x41,
    0xE7, 0x41, 0x07, 0x4A, 0x07, 0x4A, 0x49, 0x52, 0x69, 0x52, 0x49, 0x52, 0x28, 0x4A, 0x48, 0x52,
    0x48, 0x52, 0x08, 0x4A, 0xE7, 0x41, 0xE7, 0x41, 0xE7, 0x41, 0x07, 0x4A, 0x08, 0x4A, 0x28, 0x4A,
    0x28, 0x4A, 0x08, 0x4A, 0x07, 0x42, 0xE7, 0x41, 0xE7, 0x41, 0xE7, 0x41, 0xE7, 0x41, 0xE7, 0x41,
    0xE7, 0x41, 0xE7, 0x41, 0xC7, 0x41, 0xC7, 0x39, 0xA6, 0x39, 0x86, 0x39, 0x86, 0x39, 0x86, 0x39,
    0xA6, 0x39, 0xA6, 0x39, 0xA6, 0x39, 0xA6, 0x39, 0xA6, 0x39, 0xC6, 0x39, 0xE7, 0x41, 0x07, 0x42,
    0x07, 0x42, 0x08, 0x4A, 0x28, 0x4A, 0x28, 0x4A, 0x07, 0x42, 0xE7, 0x41, 0xE7, 0x41, 0x28, 0x4A,
    0x69, 0x52, 0xE7, 0x41, 0xE7, 0x41, 0xE7, 0x41, 0xE7, 0x41, 0x08, 0x42, 0x08, 0x42, 0xE7, 0x41,
    0x49, 0x4A, 0xAA, 0x5A, 0xAA, 0x5A, 0x69, 0x52, 0x8A, 0x5A, 0x69, 0x5A, 0x69, 0x52, 0x69, 0x52,
    0x69, 0x52, 0x89, 0x5A, 0x8A, 0x5A, 0x8A, 0x5A, 0xAA, 0x5A, 0xEB, 0x62, 0xCB, 0x62, 0xAA, 0x5A,
    0x8A, 0x52, 0xCB, 0x5A, 0xAA, 0x5A, 0xCB, 0x62, 0x0C, 0x6B, 0xEB, 0x62, 0x0C, 0x63, 0x2C, 0x63,
    0x2C, 0x63, 0x2C, 0x63, 0x4D, 0x6B, 0x4D, 0x6B, 0x4D, 0x6B, 0x4D, 0x6B, 0x6D, 0x6B, 0x6D, 0x6B,
    0x6D, 0x6B, 0x6D, 0x6B, 0x6D, 0x6B, 0x6D, 0x6B, 0x6D, 0x6B, 0x6E, 0x6B, 0x6D, 0x6B, 0x6D, 0x6B,
    0x6D, 0x6B, 0x6D, 0x6B, 0x6D, 0x6B, 0x6D, 0x6B, 0x6D, 0x6B, 0x6D, 0x6B, 0x6D, 0x6B, 0x6D, 0x6B,
    0x6D, 0x6B, 0x6D, 0x6B, 0x6D, 0x6B, 0x6D, 0x6B, 0x6D, 0x6B, 0x6D, 0x6B, 0x6D, 0x6B, 0x6D, 0x6B,
    0x6D, 0x6B, 0x6D, 0x6B, 0x6D, 0x6B, 0x6D, 0x6B, 0x6D, 0x6B, 0x6D, 0x6B, 0x6D, 0x6B, 0x6D, 0x6B,
    0x6D, 0x6B, 0x6D, 0x6B, 0x6D, 0x6B, 0x6D, 0x6B, 0x6D, 0x6B, 0x6D, 0x6B, 0x6D, 0x6B, 0x6D, 0x6B,
    0x6D, 0x6B, 0x6D, 0x6B, 0x6D, 0x6B, 0x6D, 0x6B, 0x6D, 0x6B, 0x6D, 0x6B, 0x6D, 0x6B, 0x6D, 0x6B,
    0x6D, 0x6B, 0x6D, 0x6B, 0x6D, 0x6B, 0x6D, 0x6B, 0x6D, 0x6B, 0x6D, 0x6B, 0x6D, 0x6B, 0x6D, 0x6B,
    0x4D, 0x6B, 0x4D, 0x6B, 0x4D, 0x6B, 0x4D, 0x6B, 0x4D, 0x6B, 0x4D, 0x6B, 0x4D, 0x6B, 0x4D, 0x6B,
    0x4D, 0x6B, 0x4D, 0x63, 0x4D, 0x63, 0x4D, 0x63, 0x4C, 0x63, 0x2C, 0x63, 0xEB, 0x5A, 0xCA, 0x52,
    0xAA, 0x52, 0xAA, 0x52, 0xAA, 0x52, 0xAA, 0x52, 0xAA, 0x52, 0xCB, 0x5A, 0xCB, 0x5A, 0xCB, 0x5A,
    0xCB, 0x5A, 0xEB, 0x5A, 0xEB, 0x5A, 0xEB, 0x5A, 0xEB, 0x5A, 0xEB, 0x5A, 0xCB, 0x5A, 0x69, 0x4A,
    0x08, 0x42, 0xE7, 0x39, 0x08, 0x42, 0x08, 0x42, 0x08, 0x42, 0x08, 0x42, 0x08, 0x42, 0x08, 0x42,
    0x08, 0x42, 0x08, 0x42, 0xE8, 0x41, 0xC7, 0x39, 0xC7, 0x39, 0xC7, 0x39, 0xA6, 0x39, 0xA6, 0x39,
    0xA6, 0x39, 0xA6, 0x39, 0xA6, 0x39, 0xA6, 0x39, 0xA6, 0x39, 0xA6, 0x39, 0xA6, 0x39, 0xA6, 0x39,
    0xA6, 0x39, 0xA6, 0x39, 0xA6, 0x39, 0xA6, 0x39, 0xA6, 0x39, 0xA6, 0x39, 0xA6, 0x39, 0xA6, 0x39,
    0xA6, 0x39, 0xA6, 0x39, 0xA6, 0x39, 0xA6, 0x39, 0xA6, 0x39, 0xC7, 0x41, 0xE7, 0x41, 0xE7, 0x41,
    0xE7, 0x41, 0xE7, 0x41, 0x07, 0x4A, 0x07, 0x4A, 0x08, 0x4A, 0x08, 0x4A, 0x28, 0x4A, 0x28, 0x4A,
    0x28, 0x4A, 0x48, 0x52, 0x49, 0x52, 0x49, 0x52, 0x49, 0x52, 0x49, 0x52, 0x49, 0x52, 0x69, 0x52,
    0x69, 0x52, 0x69, 0x52, 0x69, 0x5A, 0x69, 0x5A, 0x69, 0x5A, 0x69, 0x5A, 0x89, 0x5A, 0x89, 0x5A,
    0x8A, 0x5A, 0xAA, 0x62, 0xCA, 0x6A, 0x0B, 0x73, 0x2B, 0x7B, 0x4C, 0x83, 0x8D, 0x8B, 0xCE, 0x93,
    0x0F, 0x94, 0x2F, 0x9C, 0x50, 0x9C, 0x70, 0xA4, 0xB1, 0xAC, 0xD1, 0xAC, 0xF2, 0xAC, 0x12, 0xB5,
    0x12, 0xB5, 0x13, 0xB5, 0x33, 0xB5, 0x33, 0xB5, 0x33, 0xB5, 0x12, 0xB5, 0xF1, 0xAC, 0x70, 0xA4,
    0xCD, 0x8B, 0x4F, 0x9C, 0x0E, 0x94, 0xEE, 0x93, 0x0F, 0x94, 0x4C, 0x73, 0xCA, 0x62, 0x89, 0x5A,
    0x69, 0x52, 0x68, 0x52, 0x89, 0x5A, 0x89, 0x5A, 0xA9, 0x62, 0xEA, 0x6A, 0x2B, 0x6B, 0x0B, 0x6B,
    0xEA, 0x62, 0xCA, 0x62, 0xAA, 0x62, 0x89, 0x5A, 0x69, 0x52, 0x48, 0x52, 0x28, 0x4A, 0x08, 0x4A,
    0x07, 0x4A, 0xE7, 0x41, 0xE7, 0x41, 0xC7, 0x41, 0xC7, 0x41, 0xC7, 0x41, 0xC6, 0x39, 0xC7, 0x41,
    0xC7, 0x41, 0xC7, 0x41, 0xE7, 0x41, 0xC7, 0x41, 0xC7, 0x41, 0xC7, 0x41, 0xC7, 0x41, 0xC7, 0x41,
    0xC7, 0x39, 0xC7, 0x39, 0xC7, 0x39, 0xC7, 0x41, 0xE7, 0x41, 0xE7, 0x41, 0xE7, 0x41, 0xE7, 0x41,
    0xE7, 0x41, 0xE7, 0x41, 0x08, 0x42, 0x08, 0x42, 0x08, 0x42, 0x08, 0x42, 0xE7, 0x41, 0x07, 0x42,
    0x08, 0x4A, 0x07, 0x42, 0x07, 0x4A, 0x08, 0x4A, 0x49, 0x52, 0x49, 0x52, 0x28, 0x4A, 0x28, 0x4A,
    0x69, 0x52, 0x08, 0x4A, 0x07, 0x4A, 0x07, 0x4A, 0x08, 0x4A, 0x28, 0x4A, 0x28, 0x4A, 0x28, 0x4A,
    0x08, 0x4A, 0x08, 0x4A, 0x07, 0x42, 0xE7, 0x41, 0xE7, 0x41, 0xE7, 0x41, 0xE7, 0x41, 0xC7, 0x41,
    0xC6, 0x39, 0xC6, 0x39, 0xA6, 0x39, 0xA6, 0x39, 0xA6, 0x39, 0xA6, 0x39, 0xA6, 0x39, 0xA6, 0x39,
    0xA6, 0x39, 0xA6, 0x39, 0xA6, 0x39, 0xA6, 0x39, 0xC6, 0x39, 0xE7, 0x41, 0x08, 0x42, 0x08, 0x4A,
    0x08, 0x4A, 0x28, 0x4A, 0x28, 0x4A, 0xE7, 0x41, 0xE7, 0x41, 0x07, 0x42, 0x08, 0x42, 0x89, 0x52,
    0x28, 0x4A, 0xE7, 0x41, 0xE7, 0x41, 0xE7, 0x41, 0x08, 0x4A, 0x08, 0x42, 0xE7, 0x41, 0x49, 0x4A,
    0xCB, 0x5A, 0xAA, 0x5A, 0x49, 0x52, 0x89, 0x5A, 0x89, 0x5A, 0x69, 0x52, 0x69, 0x52, 0x69, 0x52,
    0x69, 0x52, 0x89, 0x5A, 0x89, 0x5A, 0x89, 0x52, 0xCA, 0x5A, 0xEB, 0x62, 0xAA, 0x5A, 0x8A, 0x52,
    0x8A, 0x5A, 0xCB, 0x5A, 0xAA, 0x5A, 0xEB, 0x62, 0x0B, 0x63, 0xCB, 0x5A, 0x2C, 0x63, 0x2C, 0x63,
    0x2C, 0x63, 0x4C, 0x6B, 0x4D, 0x6B, 0x4D, 0x6B, 0x4D, 0x6B, 0x4D, 0x6B, 0x6D, 0x6B, 0x6D, 0x6B,
    0x6D, 0x6B, 0x6D, 0x6B, 0x6D, 0x6B, 0x6D, 0x6B, 0x6D, 0x6B, 0x6E, 0x6B, 0x6D, 0x6B, 0x6D, 0x6B,
    0x6D, 0x6B, 0x6D, 0x6B, 0x6D, 0x6B, 0x6D, 0x6B, 0x6D, 0x6B, 0x6D, 0x6B, 0x6D, 0x6B, 0x6D, 0x6B,
    0x6D, 0x6B, 0x6D, 0x6B, 0x6D, 0x6B, 0x6D, 0x6B, 0x6D, 0x6B, 0x6D, 0x6B, 0x6D, 0x6B, 0x6D, 0x6B,
    0x6D, 0x6B, 0x6D, 0x6B, 0x6D, 0x6B, 0x6D, 0x6B, 0x6D, 0x6B, 0x6D, 0x6B, 0x6D, 0x6B, 0x6D, 0x6B,
    0x6D, 0x6B, 0x6D, 0x6B, 0x6D, 0x6B, 0x6D, 0x6B, 0x6D, 0x6B, 0x6D, 0x6B, 0x6D, 0x6B, 0x6D, 0x6B,
    0x6D, 0x6B, 0x6D, 0x6B, 0x6D, 0x6B, 0x6D, 0x6B, 0x6D, 0x6B, 0x6D, 0x6B, 0x6D, 0x6B, 0x6D, 0x6B,
    0x6D, 0x6B, 0x6D, 0x6B, 0x6D, 0x6B, 0x6D, 0x6B, 0x6D, 0x6B, 0x6D, 0x6B, 0x6D, 0x6B, 0x6D, 0x6B,
    0x6D, 0x6B, 0x4D, 0x6B, 0x4D, 0x6B, 0x4D, 0x6B, 0x4D, 0x6B, 0x4D, 0x6B, 0x4D, 0x6B, 0x4D, 0x6B,
    0x4D, 0x6B, 0x4D, 0x6B, 0x4D, 0x63, 0x4D, 0x63, 0x4D, 0x63, 0x4D, 0x63, 0x4D, 0x63, 0x2C, 0x63,
    0x0C, 0x63, 0xEB, 0x5A, 0xCB, 0x5A, 0xCA, 0x52, 0xAA, 0x52, 0xAA, 0x52, 0xCA, 0x52, 0xCB, 0x52,
    0xCB, 0x52, 0xCB, 0x5A, 0xCB, 0x5A, 0xCB, 0x5A, 0xEB, 0x5A, 0xEB, 0x5A, 0xEB, 0x5A, 0xEB, 0x5A,
    0xAA, 0x52, 0x28, 0x42, 0x08, 0x42, 0x08, 0x42, 0x08, 0x42, 0x08, 0x42, 0x28, 0x42, 0x49, 0x4A,
    0x28, 0x42, 0x28, 0x4A, 0x28, 0x42, 0x08, 0x42, 0xE7, 0x41, 0xC7, 0x39, 0xC7, 0x39, 0xC7, 0x39,
    0xC6, 0x39, 0xC6, 0x39, 0xC6, 0x39, 0xA6, 0x39, 0xA6, 0x39, 0xA6, 0x39, 0xA6, 0x39, 0xA6, 0x39,
    0xA6, 0x39, 0xA6, 0x39, 0xA6, 0x39, 0xA6, 0x39, 0xA6, 0x39, 0xA6, 0x39, 0xA6, 0x39, 0xA6, 0x39,
    0xA6, 0x39, 0xA6, 0x39, 0xA6, 0x39, 0xA6, 0x39, 0xC6, 0x41, 0xE7, 0x41, 0xE7, 0x41, 0xE7, 0x41,
    0x07, 0x4A, 0x07, 0x4A, 0x07, 0x4A, 0x07, 0x4A, 0x08, 0x4A, 0x28, 0x4A, 0x28, 0x4A, 0x28, 0x4A,
    0x28, 0x52, 0x48, 0x52, 0x49, 0x52, 0x49, 0x52, 0x49, 0x52, 0x49, 0x52, 0x69, 0x52, 0x69, 0x52,
    0x69, 0x52, 0x69, 0x5A, 0x69, 0x5A, 0x69, 0x5A, 0x69, 0x5A, 0x89, 0x5A, 0x89, 0x5A, 0x89, 0x5A,
    0x8A, 0x5A, 0xAA, 0x62, 0xEB, 0x6A, 0x0B, 0x73, 0x2B, 0x7B, 0x6C, 0x83, 0xAD, 0x8B, 0xCE, 0x93,
    0x0E, 0x94, 0x2F, 0x9C, 0x4F, 0xA4, 0x70, 0xA4, 0xB1, 0xAC, 0xD1, 0xAC, 0xF2, 0xAC, 0x12, 0xB5,
    0x12, 0xB5, 0x13, 0xB5, 0x33, 0xB5, 0x33, 0xB5, 0x32, 0xB5, 0x12, 0xB5, 0xB1, 0xA4, 0xB0, 0xA4,
    0xEE, 0x93, 0x6C, 0x83, 0x8D, 0x83, 0xCE, 0x8B, 0x0F, 0x94, 0x2B, 0x73, 0xAA, 0x62, 0x8A, 0x5A,
    0x0B, 0x6B, 0xCA, 0x62, 0x89, 0x5A, 0x89, 0x5A, 0x69, 0x5A, 0x89, 0x5A, 0x89, 0x5A, 0xAA, 0x62,
    0xAA, 0x62, 0xAA, 0x62, 0x89, 0x5A, 0x69, 0x52, 0x49, 0x52, 0x28, 0x4A, 0x07, 0x4A, 0x07, 0x42,
    0xE7, 0x41, 0xE7, 0x41, 0xE7, 0x41, 0xC7, 0x41, 0xC7, 0x41, 0xC7, 0x41, 0xC7, 0x39, 0xC7, 0x41,
    0xC7, 0x41, 0xE7, 0x41, 0xC7, 0x41, 0xC7, 0x41, 0xE7, 0x41, 0xC7, 0x41, 0xC7, 0x41, 0xC7, 0x41,
    0xE7, 0x41, 0x07, 0x42, 0x07, 0x42, 0x28, 0x4A, 0x08, 0x4A, 0x07, 0x42, 0x07, 0x42, 0x07, 0x42,
    0x28, 0x4A, 0x08, 0x4A, 0x28, 0x4A, 0x08, 0x4A, 0x08, 0x4A, 0x08, 0x4A, 0x28, 0x4A, 0x28, 0x4A,
    0xE7, 0x41, 0xE7, 0x41, 0x08, 0x42, 0x08, 0x4A, 0x28, 0x4A, 0x49, 0x52, 0x49, 0x52, 0x28, 0x4A,
    0x48, 0x52, 0x69, 0x52, 0x28, 0x4A, 0x28, 0x4A, 0x48, 0x52, 0x48, 0x52, 0x28, 0x4A, 0x08, 0x4A,
    0x08, 0x4A, 0x08, 0x4A, 0x07, 0x42, 0xE7, 0x41, 0xE7, 0x41, 0xE7, 0x41, 0xE7, 0x41, 0xC7, 0x41,
    0xC6, 0x39, 0xC6, 0x39, 0xC6, 0x39, 0xC6, 0x39, 0xA6, 0x39, 0xA6, 0x39, 0xA6, 0x39, 0xA6, 0x39,
    0xA6, 0x39, 0xA6, 0x39, 0xC7, 0x39, 0xE7, 0x41, 0x08, 0x4A, 0x08, 0x4A, 0x28, 0x4A, 0x28, 0x4A,
    0x28, 0x4A, 0x08, 0x42, 0xC7, 0x41, 0xE7, 0x39, 0x07, 0x42, 0x08, 0x42, 0x49, 0x4A, 0x69, 0x52,
    0xE7, 0x41, 0xE7, 0x41, 0xE7, 0x41, 0x08, 0x42, 0x08, 0x4A, 0xE7, 0x41, 0x69, 0x52, 0xCA, 0x5A,
    0xAA, 0x5A, 0x49, 0x52, 0x89, 0x5A, 0x89, 0x52, 0x69, 0x52, 0x49, 0x52, 0x69, 0x52, 0x69, 0x52,
    0x69, 0x52, 0x89, 0x52, 0x89, 0x52, 0x89, 0x52, 0xEB, 0x62, 0xCB, 0x62, 0xAA, 0x5A, 0x69, 0x52,
    0xAA, 0x5A, 0xAA, 0x5A, 0xCA, 0x5A, 0x0B, 0x63, 0xEB, 0x62, 0xEB, 0x62, 0x2C, 0x63, 0x2C, 0x63,
    0x2C, 0x63, 0x4D, 0x6B, 0x4D, 0x6B, 0x4D, 0x6B, 0x4D, 0x6B, 0x6D, 0x6B, 0x6D, 0x6B, 0x6D, 0x6B,
    0x6D, 0x6B, 0x6D, 0x6B, 0x6D, 0x6B, 0x6D, 0x6B, 0x6D, 0x6B, 0x6E, 0x6B, 0x6D, 0x6B, 0x6D, 0x6B,
    0x6D, 0x6B, 0x6D, 0x6B, 0x6D, 0x6B, 0x6D, 0x6B, 0x6D, 0x6B, 0x6D, 0x6B, 0x6D, 0x6B, 0x6D, 0x6B,
    0x6D, 0x6B, 0x6D, 0x6B, 0x6D, 0x6B, 0x6D, 0x6B, 0x6D, 0x6B, 0x6D, 0x6B, 0x6D, 0x6B, 0x6D, 0x6B,
    0x6D, 0x6B, 0x6D, 0x6B, 0x6D, 0x6B, 0x6D, 0x6B, 0x6D, 0x6B, 0x6D, 0x6B, 0x6D, 0x6B, 0x6D, 0x6B,
    0x6D, 0x6B, 0x6D, 0x6B, 0x6D, 0x6B, 0x6D, 0x6B, 0x6D, 0x6B, 0x6D, 0x6B, 0x6D, 0x6B, 0x6D, 0x6B,
    0x6D, 0x6B, 0x6D, 0x6B, 0x6D, 0x6B, 0x6D, 0x6B, 0x6D, 0x6B, 0x6D, 0x6B, 0x6D, 0x6B, 0x6D, 0x6B,
    0x6D, 0x6B, 0x6D, 0x6B, 0x6D, 0x6B, 0x6D, 0x6B, 0x6D, 0x6B, 0x6D, 0x6B, 0x6D, 0x6B, 0x6D, 0x6B,
    0x6D, 0x6B, 0x6D, 0x6B, 0x6D, 0x6B, 0x4D, 0x6B, 0x4D, 0x6B, 0x4D, 0x6B, 0x4D, 0x6B, 0x4D, 0x6B,
    0x4D, 0x6B, 0x4D, 0x6B, 0x4D, 0x6B, 0x4D, 0x63, 0x4D, 0x63, 0x4D, 0x63, 0x4D, 0x63, 0x4D, 0x63,
    0x6D, 0x6B, 0x4D, 0x6B, 0x4C, 0x63, 0x2C, 0x63, 0x0C, 0x63, 0x0B, 0x5B, 0xEB, 0x5A, 0xEB, 0x5A,
    0xEB, 0x5A, 0xEB, 0x5A, 0xEB, 0x5A, 0xEB, 0x5A, 0xEB, 0x5A, 0xEB, 0x5A, 0x0B, 0x5B, 0x0B, 0x5B,
    0x0B, 0x5B, 0xAA, 0x52, 0x48, 0x42, 0x28, 0x42, 0x28, 0x42, 0x28, 0x42, 0x08, 0x42, 0x49, 0x4A,
    0x8A, 0x52, 0x69, 0x4A, 0x49, 0x4A, 0x69, 0x4A, 0x69, 0x4A, 0x28, 0x4A, 0xE7, 0x41, 0xC7, 0x41,
    0xC7, 0x41, 0xC6, 0x39, 0xC6, 0x39, 0xC6, 0x39, 0xC6, 0x39, 0xA6, 0x39, 0xA6, 0x39, 0xA6, 0x39,
    0xA6, 0x39, 0xA6, 0x39, 0xA6, 0x39, 0xA6, 0x39, 0xA6, 0x39, 0xA6, 0x39, 0xA6, 0x39, 0xA6, 0x39,
    0xA6, 0x39, 0xA6, 0x39, 0xA6, 0x39, 0xC6, 0x41, 0xC7, 0x41, 0xE7, 0x41, 0xE7, 0x41, 0x07, 0x4A,
    0x07, 0x4A, 0x07, 0x4A, 0x08, 0x4A, 0x08, 0x4A, 0x28, 0x4A, 0x28, 0x4A, 0x28, 0x4A, 0x48, 0x52,
    0x48, 0x52, 0x49, 0x52, 0x49, 0x52, 0x49, 0x52, 0x49, 0x52, 0x69, 0x52, 0x69, 0x52, 0x69, 0x5A,
    0x69, 0x5A, 0x69, 0x5A, 0x69, 0x5A, 0x69, 0x5A, 0x89, 0x5A, 0x89, 0x5A, 0x89, 0x5A, 0x8A, 0x5A,
    0x8A, 0x62, 0xCA, 0x62, 0xEB, 0x6A, 0x0B, 0x73, 0x2C, 0x7B, 0x6C, 0x83, 0xAD, 0x8B, 0xCD, 0x93,
    0x0E, 0x94, 0x2F, 0x9C, 0x50, 0xA4, 0x70, 0xA4, 0xB1, 0xAC, 0xD1, 0xAC, 0xF2, 0xAC, 0xF2, 0xB4,
    0x12, 0xB5, 0x13, 0xB5, 0x13, 0xB5, 0x33, 0xB5, 0x32, 0xB5, 0x33, 0xB5, 0xB0, 0xA4, 0x90, 0xA4,
    0x4F, 0x9C, 0x6C, 0x7B, 0xEB, 0x72, 0x6C, 0x7B, 0xCD, 0x83, 0xEA, 0x6A, 0x89, 0x5A, 0x89, 0x5A,
    0xEB, 0x6A, 0x4C, 0x73, 0x0B, 0x6B, 0x0B, 0x6B, 0xA9, 0x62, 0x89, 0x5A, 0x89, 0x5A, 0x89, 0x5A,
    0x89, 0x5A, 0x69, 0x52, 0x69, 0x52, 0x49, 0x52, 0x48, 0x4A, 0x28, 0x4A, 0x07, 0x4A, 0x07, 0x42,
    0xE7, 0x41, 0xC7, 0x41, 0xC7, 0x39, 0xC7, 0x39, 0xC7, 0x39, 0xC7, 0x39, 0xA7, 0x39, 0xC7, 0x39,
    0xC7, 0x41, 0xC7, 0x41, 0xE7, 0x41, 0xE7, 0x41, 0xE7, 0x41, 0xE7, 0x41, 0x08, 0x42, 0x08, 0x4A,
    0x28, 0x4A, 0x08, 0x4A, 0x07, 0x42, 0x07, 0x42, 0x07, 0x42, 0x08, 0x4A, 0x28, 0x4A, 0x28, 0x4A,
    0x28, 0x4A, 0x28, 0x4A, 0x28, 0x4A, 0x28, 0x4A, 0x49, 0x4A, 0x49, 0x4A, 0x28, 0x4A, 0x08, 0x42,
    0xE7, 0x41, 0xC7, 0x41, 0x08, 0x42, 0x08, 0x42, 0xE7, 0x41, 0x28, 0x4A, 0x69, 0x52, 0x48, 0x52,
    0x07, 0x4A, 0x89, 0x5A, 0x69, 0x52, 0x49, 0x52, 0x49, 0x52, 0x28, 0x4A, 0x08, 0x4A, 0x08, 0x4A,
    0x08, 0x4A, 0x28, 0x4A, 0x49, 0x52, 0x08, 0x4A, 0x08, 0x42, 0xE7, 0x41, 0xE7, 0x41, 0xC7, 0x41,
    0xC7, 0x41, 0xC6, 0x39, 0xC6, 0x39, 0xC6, 0x39, 0xC6, 0x39, 0xC6, 0x39, 0xC6, 0x39, 0xC7, 0x41,
    0x07, 0x42, 0x28, 0x4A, 0x28, 0x4A, 0x08, 0x42, 0x28, 0x4A, 0x49, 0x4A, 0x49, 0x4A, 0x28, 0x4A,
    0xE7, 0x41, 0xC7, 0x39, 0xE7, 0x41, 0xE7, 0x41, 0x08, 0x42, 0x28, 0x4A, 0x8A, 0x52, 0x28, 0x4A,
    0xE7, 0x41, 0xE7, 0x41, 0x08, 0x42, 0x08, 0x4A, 0x08, 0x4A, 0x89, 0x52, 0xCA, 0x5A, 0x8A, 0x5A,
    0x49, 0x52, 0x69, 0x5A, 0x89, 0x52, 0x69, 0x52, 0x69, 0x52, 0x49, 0x52, 0x69, 0x52, 0x69, 0x52,
    0x69, 0x52, 0x89, 0x52, 0x89, 0x52, 0xCA, 0x5A, 0xEB, 0x62, 0xCB, 0x5A, 0x8A, 0x52, 0x8A, 0x5A,
    0xAA, 0x5A, 0xAA, 0x5A, 0xCB, 0x62, 0x0B, 0x63, 0xCB, 0x5A, 0x2C, 0x63, 0x2C, 0x63, 0x2C, 0x63,
    0x4C, 0x6B, 0x4D, 0x6B, 0x4D, 0x6B, 0x4D, 0x6B, 0x6D, 0x6B, 0x6D, 0x6B, 0x6D, 0x6B, 0x6D, 0x6B,
    0x6D, 0x6B, 0x6D, 0x6B, 0x6D, 0x6B, 0x6D, 0x6B, 0x6D, 0x6B, 0x6E, 0x6B, 0x6D, 0x6B, 0x6D, 0x6B,
    0x6D, 0x6B, 0x6D, 0x6B, 0x6D, 0x6B, 0x6D, 0x6B, 0x6D, 0x6B, 0x6D, 0x6B, 0x6D, 0x6B, 0x6D, 0x6B,
    0x6D, 0x6B, 0x6D, 0x6B, 0x6D, 0x6B, 0x6D, 0x6B, 0x6D, 0x6B, 0x6D, 0x6B, 0x6D, 0x6B, 0x6D, 0x6B,
    0x6D, 0x6B, 0x6D, 0x6B, 0x6D, 0x6B, 0x6D, 0x6B, 0x6D, 0x6B, 0x6D, 0x6B, 0x6D, 0x6B, 0x6D, 0x6B,
    0x6D, 0x6B, 0x6D, 0x6B, 0x6D, 0x6B, 0x6D, 0x6B, 0x6D, 0x6B, 0x6D, 0x6B, 0x6D, 0x6B, 0x6D, 0x6B,
    0x6D, 0x6B, 0x6D, 0x6B, 0x6D, 0x6B, 0x6D, 0x6B, 0x6D, 0x6B, 0x6D, 0x6B, 0x6D, 0x6B, 0x6D, 0x6B,
    0x6D, 0x6B, 0x6D, 0x6B, 0x6D, 0x6B, 0x6D, 0x6B, 0x6D, 0x6B, 0x6D, 0x6B, 0x6D, 0x6B, 0x6D, 0x6B,
    0x6D, 0x6B, 0x6D, 0x6B, 0x6D, 0x6B, 0x6D, 0x6B, 0x6D, 0x6B, 0x6D, 0x6B, 0x6D, 0x6B, 0x4D, 0x6B,
    0x4D, 0x6B, 0x4D, 0x6B, 0x4D, 0x6B, 0x4D, 0x63, 0x4D, 0x63, 0x4D, 0x6B, 0x4D, 0x6B, 0x4D, 0x6B,
    0x4D, 0x6B, 0x4D, 0x6B, 0x4D, 0x6B, 0x4D, 0x6B, 0x6D, 0x6B, 0x6D, 0x6B, 0x6D, 0x6B, 0x4D, 0x6B,
    0x4D, 0x6B, 0x4D, 0x6B, 0x4D, 0x6B, 0x4D, 0x6B, 0x4D, 0x6B, 0x4D, 0x6B, 0x4D, 0x63, 0x4D, 0x63,
    0x4D, 0x6B, 0x0C, 0x63, 0xCB, 0x52, 0x29, 0x42, 0x49, 0x4A, 0x28, 0x42, 0x28, 0x42, 0x49, 0x4A,
    0xAA, 0x52, 0x0C, 0x63, 0xCB, 0x5A, 0xAA, 0x52, 0xEB, 0x5A, 0xCB, 0x5A, 0x69, 0x4A, 0xE7, 0x41,
    0xE7, 0x41, 0xE7, 0x41, 0xC6, 0x39, 0xC6, 0x39, 0xC6, 0x39, 0xC6, 0x39, 0xA6, 0x39, 0xA6, 0x39,
    0xA6, 0x39, 0xA6, 0x39, 0xA6, 0x39, 0xA6, 0x39, 0xA6, 0x39, 0xA6, 0x39, 0xA6, 0x39, 0xA6, 0x39,
    0xA6, 0x39, 0xC6, 0x39, 0xC6, 0x41, 0xE7, 0x41, 0xE7, 0x41, 0xE7, 0x41, 0x07, 0x4A, 0x07, 0x4A,
    0x07, 0x4A, 0x08, 0x4A, 0x08, 0x4A, 0x28, 0x4A, 0x28, 0x4A, 0x28, 0x4A, 0x28, 0x4A, 0x48, 0x52,
    0x49, 0x52, 0x49, 0x52, 0x49, 0x52, 0x49, 0x52, 0x69, 0x52, 0x69, 0x52, 0x69, 0x52, 0x69, 0x5A,
    0x69, 0x5A, 0x69, 0x5A, 0x69, 0x5A, 0x89, 0x5A, 0x89, 0x5A, 0x8A, 0x5A, 0x89, 0x5A, 0x8A, 0x5A,
    0xAA, 0x62, 0xCA, 0x6A, 0xEB, 0x72, 0x0B, 0x73, 0x4C, 0x7B, 0x6C, 0x83, 0x8D, 0x8B, 0xCD, 0x93,
    0x0E, 0x94, 0x2F, 0x9C, 0x50, 0xA4, 0x90, 0xA4, 0xB1, 0xAC, 0xD1, 0xAC, 0xF2, 0xAC, 0xF2, 0xB4,
    0x12, 0xB5, 0x12, 0xB5, 0x13, 0xB5, 0x12, 0xB5, 0x12, 0xB5, 0x12, 0xB5, 0xD1, 0xAC, 0x2F, 0x9C,
    0x50, 0x9C, 0xCE, 0x8B, 0xEB, 0x72, 0xEA, 0x6A, 0x4C, 0x73, 0xAA, 0x62, 0x69, 0x52, 0x49, 0x52,
    0xAA, 0x62, 0x2C, 0x73, 0xEA, 0x6A, 0x4C, 0x7B, 0x8D, 0x83, 0x4C, 0x73, 0xCA, 0x62, 0x69, 0x5A,
    0x69, 0x52, 0x69, 0x52, 0x69, 0x52, 0x69, 0x52, 0x49, 0x52, 0x49, 0x52, 0x48, 0x4A, 0x28, 0x4A,
    0x08, 0x4A, 0xE7, 0x41, 0xE7, 0x41, 0xE7, 0x41, 0xE7, 0x41, 0xC7, 0x41, 0xC7, 0x41, 0xE7, 0x41,
    0xE7, 0x41, 0xE7, 0x41, 0x08, 0x4A, 0x28, 0x4A, 0x28, 0x4A, 0x28, 0x4A, 0x08, 0x4A, 0x08, 0x4A,
    0x07, 0x4A, 0x08, 0x4A, 0x28, 0x4A, 0x28, 0x4A, 0x28, 0x4A, 0x28, 0x4A, 0x08, 0x4A, 0x28, 0x4A,
    0x28, 0x4A, 0x28, 0x4A, 0x48, 0x4A, 0x49, 0x52, 0x28, 0x4A, 0x08, 0x4A, 0x08, 0x4A, 0x08, 0x4A,
    0xE7, 0x41, 0xC7, 0x39, 0x08, 0x42, 0x08, 0x42, 0x08, 0x4A, 0xE7, 0x41, 0x69, 0x52, 0x49, 0x52,
    0x28, 0x4A, 0x48, 0x52, 0x8A, 0x5A, 0x28, 0x4A, 0x28, 0x4A, 0x28, 0x4A, 0x28, 0x4A, 0x28, 0x4A,
    0x28, 0x4A, 0x48, 0x4A, 0x69, 0x52, 0x28, 0x4A, 0x08, 0x4A, 0xE7, 0x41, 0xE7, 0x41, 0xE7, 0x41,
    0xE7, 0x41, 0xE7, 0x41, 0xE7, 0x41, 0xE7, 0x41, 0xE7, 0x41, 0x07, 0x42, 0x08, 0x4A, 0x28, 0x4A,
    0x08, 0x42, 0xE7, 0x41, 0x08, 0x42, 0x48, 0x4A, 0x69, 0x52, 0x48, 0x4A, 0xE7, 0x41, 0xC7, 0x39,
    0xC7, 0x39, 0xE7, 0x41, 0xE7, 0x41, 0x08, 0x42, 0x08, 0x4A, 0x69, 0x52, 0x89, 0x52, 0xE7, 0x41,
    0xE7, 0x41, 0x28, 0x4A, 0x28, 0x4A, 0x28, 0x4A, 0xAA, 0x5A, 0xCA, 0x5A, 0x89, 0x52, 0x49, 0x52,
    0x89, 0x5A, 0x89, 0x5A, 0x69, 0x52, 0x69, 0x52, 0x49, 0x52, 0x69, 0x52, 0x69, 0x52, 0x69, 0x52,
    0x69, 0x52, 0x89, 0x52, 0x89, 0x52, 0xEB, 0x62, 0xEB, 0x62, 0xAA, 0x5A, 0x69, 0x52, 0x8A, 0x5A,
    0xAA, 0x5A, 0xAA, 0x5A, 0xEB, 0x62, 0xEB, 0x62, 0xEB, 0x62, 0x2C, 0x63, 0x2C, 0x63, 0x4C, 0x6B,
    0x4D, 0x6B, 0x4D, 0x6B, 0x4D, 0x6B, 0x4D, 0x6B, 0x6D, 0x6B, 0x6D, 0x6B, 0x6D, 0x6B, 0x6D, 0x6B,
    0x6D, 0x6B, 0x6D, 0x6B, 0x6D, 0x6B, 0x6D, 0x6B, 0x6D, 0x6B, 0x6D, 0x6B, 0x6D, 0x6B, 0x6D, 0x6B,
    0x6D, 0x6B, 0x6D, 0x6B, 0x6D, 0x6B, 0x6D, 0x6B, 0x6D, 0x6B, 0x6D, 0x6B, 0x6D, 0x6B, 0x6D, 0x6B,
    0x6D, 0x6B, 0x6D, 0x6B, 0x6D, 0x6B, 0x6D, 0x6B, 0x6D, 0x6B, 0x6D, 0x6B, 0x6D, 0x6B, 0x6D, 0x6B,
    0x6D, 0x6B, 0x6D, 0x6B, 0x6D, 0x6B, 0x6D, 0x6B, 0x6D, 0x6B, 0x6D, 0x6B, 0x6D, 0x6B, 0x6D, 0x6B,
    0x6D, 0x6B, 0x6D, 0x6B, 0x6D, 0x6B, 0x6D, 0x6B, 0x6D, 0x6B, 0x6D, 0x6B, 0x6D, 0x6B, 0x6D, 0x6B,
    0x6D, 0x6B, 0x6D, 0x6B, 0x6D, 0x6B, 0x6D, 0x6B, 0x6D, 0x6B, 0x6D, 0x6B, 0x6D, 0x6B, 0x6D, 0x6B,
    0x6D, 0x6B, 0x6D, 0x6B, 0x6D, 0x6B, 0x6D, 0x6B, 0x6D, 0x6B, 0x6D, 0x6B, 0x6D, 0x6B, 0x6D, 0x6B,
    0x6D, 0x6B, 0x6D, 0x6B, 0x6D, 0x6B, 0x6D, 0x6B, 0x6D, 0x6B, 0x6D, 0x6B, 0x6D, 0x6B, 0x6D, 0x6B,
    0x6D, 0x6B, 0x6D, 0x6B, 0x4D, 0x6B, 0x4D, 0x6B, 0x4D, 0x6B, 0x4D, 0x6B, 0x4D, 0x6B, 0x4D, 0x6B,
    0x4D, 0x63, 0x4D, 0x63, 0x4D, 0x63, 0x4D, 0x63, 0x4D, 0x63, 0x4D, 0x63, 0x4D, 0x63, 0x4D, 0x63,
    0x4D, 0x63, 0x4D, 0x63, 0x4D, 0x6B, 0x4D, 0x6B, 0x4D, 0x6B, 0x4D, 0x6B, 0x4D, 0x6B, 0x4D, 0x63,
    0x2D, 0x63, 0x4D, 0x6B, 0x0C, 0x63, 0xAB, 0x52, 0x29, 0x42, 0x49, 0x42, 0x48, 0x4A, 0x28, 0x42,
    0x28, 0x42, 0xAA, 0x52, 0x0C, 0x63, 0xAA, 0x52, 0xAA, 0x52, 0xCB, 0x5A, 0xCB, 0x5A, 0x48, 0x4A,
    0xE7, 0x39, 0xE7, 0x39, 0xE7, 0x39, 0xC7, 0x39, 0xC6, 0x39, 0xC7, 0x39, 0xC7, 0x39, 0xC7, 0x39,
    0xA6, 0x39, 0xA6, 0x39, 0xA6, 0x39, 0xC6, 0x39, 0xC6, 0x39, 0xC6, 0x39, 0xC6, 0x39, 0xC6, 0x39,
    0xA6, 0x39, 0xC6, 0x41, 0xE7, 0x41, 0xE7, 0x41, 0xE7, 0x41, 0x07, 0x4A, 0x07, 0x4A, 0x07, 0x4A,
    0x08, 0x4A, 0x08, 0x4A, 0x08, 0x4A, 0x28, 0x4A, 0x28, 0x4A, 0x28, 0x4A, 0x28, 0x52, 0x48, 0x52,
    0x49, 0x52, 0x49, 0x52, 0x69, 0x52, 0x69, 0x52, 0x69, 0x52, 0x69, 0x52, 0x69, 0x5A, 0x69, 0x5A,
    0x69, 0x5A, 0x69, 0x5A, 0x89, 0x5A, 0x89, 0x5A, 0x89, 0x5A, 0x89, 0x5A, 0x8A, 0x5A, 0x8A, 0x62,
    0xAA, 0x62, 0xCB, 0x6A, 0xEB, 0x72, 0x2B, 0x73, 0x4C, 0x7B, 0x6C, 0x83, 0x8D, 0x8B, 0xCD, 0x93,
    0x0E, 0x94, 0x2F, 0x9C, 0x4F, 0x9C, 0x90, 0xA4, 0xB1, 0xA4, 0xB1, 0xAC, 0xD1, 0xAC, 0xF2, 0xAC,
    0x12, 0xB5, 0x12, 0xB5, 0x12, 0xB5, 0x12, 0xB5, 0x12, 0xB5, 0xF2, 0xB4, 0xF1, 0xAC, 0x4F, 0x9C,
    0xEE, 0x93, 0xCE, 0x8B, 0x2C, 0x73, 0xEB, 0x6A, 0xCB, 0x6A, 0x8A, 0x5A, 0x49, 0x52, 0x28, 0x52,
    0x69, 0x52, 0xAA, 0x62, 0xCA, 0x62, 0xCA, 0x62, 0x0B, 0x6B, 0x6C, 0x7B, 0x8D, 0x7B, 0x4C, 0x73,
    0xCB, 0x62, 0x8A, 0x5A, 0x69, 0x52, 0x69, 0x52, 0x69, 0x52, 0x49, 0x52, 0x48, 0x52, 0x28, 0x4A,
    0x28, 0x4A, 0x07, 0x42, 0x07, 0x42, 0x07, 0x42, 0x07, 0x42, 0x07, 0x4A, 0x08, 0x4A, 0x28, 0x4A,
    0x48, 0x4A, 0x48, 0x52, 0x48, 0x4A, 0x28, 0x4A, 0x28, 0x4A, 0x28, 0x4A, 0x28, 0x4A, 0x48, 0x4A,
    0x48, 0x4A, 0x28, 0x4A, 0x28, 0x4A, 0x28, 0x4A, 0x28, 0x4A, 0x28, 0x4A, 0x28, 0x4A, 0x28, 0x4A,
    0x08, 0x4A, 0x08, 0x4A, 0x28, 0x4A, 0x08, 0x4A, 0x28, 0x4A, 0x28, 0x4A, 0x08, 0x4A, 0xE7, 0x49,
    0xE7, 0x41, 0xC7, 0x39, 0xE7, 0x41, 0x08, 0x42, 0x28, 0x4A, 0xE7, 0x41, 0x49, 0x52, 0x69, 0x52,
    0x49, 0x52, 0x28, 0x4A, 0x8A, 0x5A, 0x69, 0x52, 0x28, 0x4A, 0x28, 0x4A, 0x28, 0x4A, 0x28, 0x4A,
    0x28, 0x4A, 0x28, 0x4A, 0x08, 0x4A, 0x28, 0x4A, 0x07, 0x4A, 0x07, 0x4A, 0x07, 0x42, 0x07, 0x42,
    0x08, 0x4A, 0x07, 0x42, 0x07, 0x42, 0x07, 0x42, 0xE7, 0x41, 0xE7, 0x41, 0xE7, 0x41, 0xC7, 0x39,
    0x07, 0x42, 0x48, 0x4A, 0x69, 0x52, 0x48, 0x4A, 0xE7, 0x41, 0xC6, 0x39, 0xC6, 0x39, 0xE7, 0x41,
    0xE7, 0x41, 0xE7, 0x41, 0x07, 0x42, 0x28, 0x4A, 0x28, 0x4A, 0x8A, 0x52, 0x28, 0x4A, 0x08, 0x42,
    0x48, 0x4A, 0x48, 0x4A, 0x69, 0x52, 0xCA, 0x5A, 0xCA, 0x5A, 0x69, 0x52, 0x69, 0x52, 0xAA, 0x5A,
    0x89, 0x52, 0x69, 0x52, 0x49, 0x52, 0x48, 0x4A, 0x49, 0x52, 0x69, 0x52, 0x69, 0x52, 0x69, 0x52,
    0x69, 0x52, 0x69, 0x52, 0xCA, 0x5A, 0xEB, 0x62, 0xAA, 0x5A, 0x69, 0x52, 0x8A, 0x52, 0xAA, 0x5A,
    0x8A, 0x5A, 0xCB, 0x62, 0xEB, 0x62, 0xCB, 0x5A, 0x0C, 0x63, 0x2C, 0x63, 0x2C, 0x63, 0x4D, 0x6B,
    0x4D, 0x6B, 0x4D, 0x6B, 0x4D, 0x6B, 0x6D, 0x6B, 0x6D, 0x6B, 0x6D, 0x6B, 0x6D, 0x6B, 0x6D, 0x6B,
    0x6D, 0x6B, 0x6D, 0x6B, 0x6D, 0x6B, 0x6D, 0x6B, 0x6D, 0x6B, 0x6D, 0x6B, 0x6D, 0x6B, 0x6D, 0x6B,
    0x6D, 0x6B, 0x6D, 0x6B, 0x6D, 0x6B, 0x6D, 0x6B, 0x6D, 0x6B, 0x6D, 0x6B, 0x6D, 0x6B, 0x6D, 0x6B,
    0x6D, 0x6B, 0x6D, 0x6B, 0x6D, 0x6B, 0x6D, 0x6B, 0x6D, 0x6B, 0x6D, 0x6B, 0x6D, 0x6B, 0x6D, 0x6B,
    0x6D, 0x6B, 0x6D, 0x6B, 0x6D, 0x6B, 0x6D, 0x6B, 0x6D, 0x6B, 0x6D, 0x6B, 0x6D, 0x6B, 0x6D, 0x6B,
    0x6D, 0x6B, 0x6D, 0x6B, 0x6D, 0x6B, 0x6D, 0x6B, 0x6D, 0x6B, 0x6D, 0x6B, 0x6D, 0x6B, 0x6D, 0x6B,
    0x6D, 0x6B, 0x6D, 0x6B, 0x6D, 0x6B, 0x6D, 0x6B, 0x6D, 0x6B, 0x6D, 0x6B, 0x6D, 0x6B, 0x6D, 0x6B,
    0x6D, 0x6B, 0x6D, 0x6B, 0x6D, 0x6B, 0x6D, 0x6B, 0x6D, 0x6B, 0x6D, 0x6B, 0x6D, 0x6B, 0x6D, 0x6B,
    0x6D, 0x6B, 0x6D, 0x6B, 0x6D, 0x6B, 0x6D, 0x6B, 0x6D, 0x6B, 0x6D, 0x6B, 0x6D, 0x6B, 0x6D, 0x6B,
    0x6D, 0x6B, 0x4D, 0x63, 0x6D, 0x6B, 0x4D, 0x6B, 0x4D, 0x6B, 0x4D, 0x6B, 0x4D, 0x6B, 0x4D, 0x6B,
    0x6D, 0x6B, 0x4D, 0x63, 0x4D, 0x63, 0x4D, 0x63, 0x4D, 0x63, 0x4D, 0x63, 0x4D, 0x63, 0x4D, 0x63,
    0x4D, 0x63, 0x4D, 0x63, 0x4D, 0x6B, 0x4D, 0x6B, 0x4D, 0x6B, 0x4D, 0x6B, 0x4D, 0x6B, 0x4D, 0x6B,
    0x4D, 0x63, 0x4D, 0x63, 0x4D, 0x63, 0x0C, 0x63, 0xAB, 0x52, 0x28, 0x42, 0x49, 0x4A, 0x49, 0x4A,
    0x08, 0x42, 0x28, 0x42, 0xAA, 0x52, 0x0C, 0x5B, 0xAA, 0x52, 0xCB, 0x5A, 0xCB, 0x5A, 0xAA, 0x52,
    0x48, 0x42, 0x08, 0x42, 0xE7, 0x39, 0xE7, 0x39, 0xE7, 0x39, 0xE7, 0x39, 0xC7, 0x39, 0xC7, 0x39,
    0xC7, 0x39, 0xC7, 0x39, 0xA6, 0x39, 0xC6, 0x39, 0xC6, 0x39, 0xC6, 0x39, 0xC6, 0x39, 0xC6, 0x39,
    0xC7, 0x41, 0xE7, 0x41, 0xE7, 0x41, 0xE7, 0x41, 0x07, 0x4A, 0x07, 0x4A, 0x08, 0x4A, 0x08, 0x4A,
    0x08, 0x4A, 0x28, 0x4A, 0x28, 0x4A, 0x28, 0x4A, 0x28, 0x4A, 0x28, 0x52, 0x48, 0x52, 0x49, 0x52,
    0x49, 0x52, 0x49, 0x52, 0x69, 0x52, 0x69, 0x52, 0x69, 0x5A, 0x69, 0x5A, 0x89, 0x5A, 0x89, 0x5A,
    0x89, 0x5A, 0x89, 0x5A, 0x89, 0x5A, 0x8A, 0x5A, 0x8A, 0x5A, 0x8A, 0x5A, 0x8A, 0x62, 0xAA, 0x62,
    0xAA, 0x62, 0xCB, 0x6A, 0x0B, 0x73, 0x2B, 0x73, 0x4C, 0x7B, 0x6C, 0x83, 0x8D, 0x8B, 0xCD, 0x8B,
    0xEE, 0x93, 0x0F, 0x9C, 0x4F, 0x9C, 0x70, 0xA4, 0x90, 0xA4, 0xB1, 0xAC, 0xD1, 0xAC, 0xD1, 0xAC,
    0xF2, 0xAC, 0xF2, 0xAC, 0xF2, 0xB4, 0xF2, 0xAC, 0xD2, 0xAC, 0xD1, 0xAC, 0xB1, 0xAC, 0x90, 0xA4,
    0xCE, 0x8B, 0x8D, 0x83, 0x6C, 0x7B, 0xEB, 0x72, 0xEB, 0x6A, 0x89, 0x5A, 0x48, 0x52, 0x28, 0x4A,
    0x49, 0x52, 0x8A, 0x5A, 0x89, 0x5A, 0x69, 0x5A, 0x89, 0x5A, 0x89, 0x5A, 0xCA, 0x62, 0x0B, 0x6B,
    0xEB, 0x6A, 0xCB, 0x62, 0xAA, 0x5A, 0x69, 0x52, 0x28, 0x52, 0x28, 0x52, 0x28, 0x4A, 0x28, 0x4A,
    0x48, 0x4A, 0x48, 0x4A, 0x28, 0x4A, 0x28, 0x4A, 0x48, 0x4A, 0x48, 0x52, 0x28, 0x4A, 0x28, 0x4A,
    0x28, 0x4A, 0x28, 0x4A, 0x28, 0x4A, 0x28, 0x52, 0x48, 0x52, 0x48, 0x52, 0x28, 0x4A, 0x28, 0x4A,
    0x08, 0x4A, 0x08, 0x4A, 0x08, 0x4A, 0x28, 0x4A, 0x28, 0x4A, 0x28, 0x4A, 0x08, 0x4A, 0x08, 0x4A,
    0x08, 0x4A, 0x28, 0x4A, 0x08, 0x4A, 0x08, 0x4A, 0x08, 0x4A, 0x08, 0x4A, 0x08, 0x4A, 0x07, 0x4A,
    0x08, 0x42, 0xC7, 0x39, 0xC7, 0x41, 0x08, 0x42, 0x08, 0x4A, 0x08, 0x4A, 0x28, 0x4A, 0x69, 0x52,
    0x49, 0x52, 0x48, 0x52, 0x69, 0x52, 0x69, 0x52, 0x28, 0x4A, 0x28, 0x4A, 0x28, 0x4A, 0x28, 0x4A,
    0x28, 0x4A, 0x28, 0x4A, 0x28, 0x4A, 0x28, 0x4A, 0x28, 0x4A, 0x28, 0x4A, 0x08, 0x42, 0x07, 0x42,
    0xE7, 0x41, 0xC7, 0x39, 0xC6, 0x39, 0xC6, 0x39, 0xC7, 0x39, 0xE7, 0x41, 0x48, 0x4A, 0x8A, 0x52,
    0x89, 0x52, 0x48, 0x4A, 0xE7, 0x41, 0xC6, 0x39, 0xE7, 0x41, 0xE7, 0x41, 0xE7, 0x41, 0xE7, 0x41,
    0x07, 0x42, 0x07, 0x42, 0x08, 0x4A, 0x28, 0x4A, 0x69, 0x52, 0x69, 0x52, 0x08, 0x4A, 0x49, 0x52,
    0x69, 0x52, 0xAA, 0x5A, 0xCB, 0x62, 0xCA, 0x5A, 0x69, 0x52, 0x89, 0x52, 0xAA, 0x5A, 0x89, 0x52,
    0x49, 0x52, 0x48, 0x4A, 0x49, 0x52, 0x49, 0x52, 0x49, 0x52, 0x69, 0x52, 0x69, 0x52, 0x69, 0x52,
    0x69, 0x52, 0x89, 0x52, 0x0B, 0x63, 0xCA, 0x5A, 0x89, 0x52, 0x69, 0x52, 0x6A, 0x52, 0x8A, 0x5A,
    0xAA, 0x5A, 0xEB, 0x62, 0xEB, 0x5A, 0xEB, 0x5A, 0x2C, 0x63, 0x2C, 0x63, 0x2D, 0x63, 0x4D, 0x6B,
    0x4D, 0x6B, 0x4D, 0x6B, 0x4D, 0x6B, 0x6D, 0x6B, 0x6D, 0x6B, 0x6D, 0x6B, 0x6D, 0x6B, 0x6D, 0x6B,
    0x6D, 0x6B, 0x6D, 0x6B, 0x6D, 0x6B, 0x6D, 0x6B, 0x6D, 0x6B, 0x6D, 0x6B, 0x6D, 0x6B, 0x6D, 0x6B,
    0x6D, 0x6B, 0x6D, 0x6B, 0x6D, 0x6B, 0x6D, 0x6B, 0x6D, 0x6B, 0x6D, 0x6B, 0x6D, 0x6B, 0x6D, 0x6B,
    0x6D, 0x6B, 0x6D, 0x6B, 0x6D, 0x6B, 0x6D, 0x6B, 0x6D, 0x6B, 0x6D, 0x6B, 0x6D, 0x6B, 0x6D, 0x6B,
    0x6D, 0x6B, 0x6D, 0x6B, 0x6D, 0x6B, 0x6D, 0x6B, 0x6D, 0x6B, 0x6D, 0x6B, 0x6D, 0x6B, 0x6D, 0x6B,
    0x6D, 0x6B, 0x6D, 0x6B, 0x6D, 0x6B, 0x6D, 0x6B, 0x6D, 0x6B, 0x6D, 0x6B, 0x6D, 0x6B, 0x6D, 0x6B,
    0x6D, 0x6B, 0x6D, 0x6B, 0x6D, 0x6B, 0x6D, 0x6B, 0x6D, 0x6B, 0x6D, 0x6B, 0x6D, 0x6B, 0x6D, 0x6B,
    0x6D, 0x6B, 0x6D, 0x6B, 0x6D, 0x6B, 0x6D, 0x6B, 0x6D, 0x6B, 0x6D, 0x6B, 0x6D, 0x6B, 0x6D, 0x6B,
    0x6D, 0x6B, 0x6D, 0x6B, 0x6D, 0x6B, 0x6D, 0x6B, 0x6D, 0x6B, 0x6D, 0x6B, 0x6D, 0x6B, 0x6D, 0x6B,
    0x6D, 0x6B, 0x4D, 0x63, 0x6D, 0x6B, 0x6D, 0x6B, 0x6D, 0x6B, 0x6D, 0x6B, 0x6D, 0x6B, 0x6D, 0x6B,
    0x6D, 0x6B, 0x6D, 0x6B, 0x6D, 0x6B, 0x6D, 0x6B, 0x6D, 0x6B, 0x4D, 0x6B, 0x4D, 0x6B, 0x4D, 0x6B,
    0x4D, 0x6B, 0x4D, 0x6B, 0x4D, 0x6B, 0x4D, 0x6B, 0x4D, 0x6B, 0x4D, 0x6B, 0x4D, 0x6B, 0x4D, 0x6B,
    0x4D, 0x6B, 0x4D, 0x63, 0x4D, 0x63, 0x4D, 0x6B, 0x0C, 0x63, 0xCB, 0x52, 0x29, 0x42, 0x49, 0x42,
    0x29, 0x42, 0x08, 0x42, 0x29, 0x42, 0xAB, 0x52, 0xEC, 0x5A, 0xAB, 0x52, 0xCB, 0x5A, 0xCB, 0x5A,
    0x8A, 0x52, 0x48, 0x42, 0x28, 0x42, 0x08, 0x42, 0x07, 0x42, 0xE7, 0x39, 0xE7, 0x39, 0xE7, 0x39,
    0xC7, 0x39, 0xC7, 0x39, 0xC7, 0x39, 0xC6, 0x39, 0xC7, 0x41, 0xC7, 0x41, 0xE7, 0x41, 0xE7, 0x41,
    0xE7, 0x41, 0x07, 0x4A, 0x07, 0x4A, 0x07, 0x4A, 0x08, 0x4A, 0x08, 0x4A, 0x08, 0x4A, 0x08, 0x4A,
    0x28, 0x4A, 0x28, 0x4A, 0x28, 0x4A, 0x28, 0x4A, 0x48, 0x52, 0x28, 0x52, 0x48, 0x52, 0x49, 0x52,
    0x49, 0x52, 0x69, 0x52, 0x69, 0x52, 0x69, 0x5A, 0x69, 0x5A, 0x89, 0x5A, 0x89, 0x5A, 0x8A, 0x5A,
    0x8A, 0x5A, 0x8A, 0x5A, 0x8A, 0x5A, 0x8A, 0x5A, 0xAA, 0x5A, 0x8A, 0x62, 0xAA, 0x62, 0xAA, 0x62,
    0xCA, 0x62, 0xCB, 0x6A, 0xEB, 0x72, 0x2B, 0x73, 0x4C, 0x7B, 0x6C, 0x83, 0x8C, 0x8B, 0xAD, 0x8B,
    0xEE, 0x93, 0x0E, 0x94, 0x2F, 0x9C, 0x50, 0x9C, 0x90, 0xA4, 0x90, 0xA4, 0x91, 0xA4, 0xB1, 0xAC,
    0xD1, 0xAC, 0xD1, 0xAC, 0xD1, 0xAC, 0xD1, 0xAC, 0xB1, 0xAC, 0x91, 0xAC, 0x70, 0xA4, 0x2F, 0x9C,
    0xCE, 0x8B, 0x4C, 0x7B, 0x4C, 0x7B, 0x2B, 0x7B, 0xEA, 0x6A, 0xCA, 0x62, 0x48, 0x52, 0x28, 0x4A,
    0x28, 0x4A, 0x49, 0x52, 0xAA, 0x5A, 0x8A, 0x5A, 0x8A, 0x5A, 0x69, 0x5A, 0x69, 0x5A, 0x69, 0x52,
    0x69, 0x52, 0x49, 0x52, 0x49, 0x52, 0x49, 0x52, 0x28, 0x52, 0x28, 0x52, 0x28, 0x4A, 0x48, 0x52,
    0x49, 0x52, 0x49, 0x52, 0x49, 0x52, 0x49, 0x52, 0x49, 0x52, 0x69, 0x52, 0x69, 0x52, 0x89, 0x5A,
    0x89, 0x5A, 0x89, 0x5A, 0x89, 0x5A, 0x69, 0x52, 0x49, 0x52, 0x28, 0x4A, 0x08, 0x4A, 0x08, 0x4A,
    0x28, 0x4A, 0x28, 0x4A, 0x28, 0x4A, 0x28, 0x4A, 0x28, 0x4A, 0x28, 0x4A, 0x28, 0x4A, 0x08, 0x4A,
    0x28, 0x4A, 0x28, 0x4A, 0x28, 0x4A, 0x28, 0x4A, 0x08, 0x4A, 0x08, 0x4A, 0x08, 0x4A, 0x08, 0x4A,
    0x08, 0x4A, 0xC7, 0x39, 0xA6, 0x39, 0x08, 0x42, 0x08, 0x42, 0x08, 0x4A, 0xE7, 0x41, 0x69, 0x52,
    0x49, 0x52, 0x49, 0x52, 0x49, 0x52, 0x69, 0x52, 0x28, 0x4A, 0x28, 0x4A, 0x08, 0x4A, 0x08, 0x4A,
    0x08, 0x4A, 0x08, 0x4A, 0x08, 0x4A, 0x08, 0x4A, 0x08, 0x4A, 0xE7, 0x41, 0xE7, 0x41, 0xE7, 0x41,
    0xE7, 0x41, 0x08, 0x42, 0x28, 0x4A, 0x49, 0x4A, 0x69, 0x52, 0x8A, 0x52, 0x8A, 0x52, 0x48, 0x4A,
    0xE7, 0x41, 0xC6, 0x39, 0xC6, 0x39, 0xE7, 0x41, 0xE7, 0x41, 0xE7, 0x41, 0x07, 0x42, 0x07, 0x42,
    0x07, 0x42, 0x07, 0x42, 0x07, 0x42, 0x28, 0x4A, 0x69, 0x52, 0x48, 0x4A, 0x69, 0x52, 0x8A, 0x5A,
    0xCB, 0x62, 0xEB, 0x62, 0xAA, 0x5A, 0x89, 0x52, 0xAA, 0x5A, 0xAA, 0x5A, 0x89, 0x52, 0x49, 0x52,
    0x48, 0x4A, 0x69, 0x52, 0x49, 0x52, 0x49, 0x52, 0x49, 0x52, 0x69, 0x52, 0x69, 0x52, 0x89, 0x52,
    0x69, 0x52, 0xCA, 0x5A, 0xCB, 0x62, 0x8A, 0x5A, 0x69, 0x52, 0x69, 0x52, 0x8A, 0x52, 0xAA, 0x5A,
    0xCB, 0x5A, 0xEB, 0x62, 0xCB, 0x5A, 0x2C, 0x63, 0x2C, 0x63, 0x2C, 0x63, 0x4D, 0x63, 0x4D, 0x6B,
    0x4D, 0x6B, 0x4D, 0x6B, 0x4D, 0x6B, 0x6D, 0x6B, 0x6D, 0x6B, 0x6D, 0x6B, 0x6D, 0x6B, 0x6D, 0x6B,
    0x6D, 0x6B, 0x6D, 0x6B, 0x6D, 0x6B, 0x6D, 0x6B, 0x6D, 0x6B, 0x6D, 0x6B, 0x6D, 0x6B, 0x6D, 0x6B,
    0x6D, 0x6B, 0x6D, 0x6B, 0x6D, 0x6B, 0x6D, 0x6B, 0x6D, 0x6B, 0x6D, 0x6B, 0x6D, 0x6B, 0x6D, 0x6B,
    0x6D, 0x6B, 0x6D, 0x6B, 0x6D, 0x6B, 0x6D, 0x6B, 0x6D, 0x6B, 0x6D, 0x6B, 0x6D, 0x6B, 0x6D, 0x6B,
    0x6D, 0x6B, 0x6D, 0x6B, 0x6D, 0x6B, 0x6D, 0x6B, 0x6D, 0x6B, 0x6D, 0x6B, 0x6D, 0x6B, 0x6D, 0x6B,
    0x6D, 0x6B, 0x6D, 0x6B, 0x6D, 0x6B, 0x6D, 0x6B, 0x6D, 0x6B, 0x6D, 0x6B, 0x6D, 0x6B, 0x6D, 0x6B,
    0x6D, 0x6B, 0x6D, 0x6B, 0x6D, 0x6B, 0x6D, 0x6B, 0x6D, 0x6B, 0x6D, 0x6B, 0x6D, 0x6B, 0x6D, 0x6B,
    0x6D, 0x6B, 0x6D, 0x6B, 0x6D, 0x6B, 0x6D, 0x6B, 0x6D, 0x6B, 0x6D, 0x6B, 0x6D, 0x6B, 0x6D, 0x6B,
    0x6D, 0x6B, 0x6D, 0x6B, 0x6D, 0x6B, 0x6D, 0x6B, 0x6D, 0x6B, 0x6D, 0x6B, 0x6D, 0x6B, 0x6D, 0x6B,
    0x6D, 0x6B, 0x6D, 0x6B, 0x6D, 0x6B, 0x6D, 0x6B, 0x6D, 0x6B, 0x6D, 0x6B, 0x6D, 0x6B, 0x6D, 0x6B,
    0x6D, 0x6B, 0x6D, 0x6B, 0x6D, 0x6B, 0x6D, 0x6B, 0x6D, 0x6B, 0x6D, 0x6B, 0x6D, 0x6B, 0x6D, 0x6B,
    0x4D, 0x6B, 0x4D, 0x6B, 0x4D, 0x6B, 0x4D, 0x6B, 0x4D, 0x6B, 0x4D, 0x6B, 0x4D, 0x6B, 0x4D, 0x6B,
    0x4D, 0x63, 0x4D, 0x63, 0x4D, 0x63, 0x4D, 0x63, 0x4D, 0x63, 0x2C, 0x63, 0xCB, 0x5A, 0x49, 0x4A,
    0x29, 0x42, 0x29, 0x42, 0x08, 0x42, 0x29, 0x42, 0x6A, 0x4A, 0xCB, 0x52, 0xCB, 0x52, 0xEB, 0x5A,
    0xEB, 0x5A, 0x6A, 0x4A, 0x29, 0x42, 0x48, 0x42, 0x28, 0x42, 0x08, 0x42, 0x07, 0x42, 0x07, 0x42,
    0xE7, 0x41, 0xE7, 0x41, 0xE7, 0x41, 0xE7, 0x41, 0xE7, 0x41, 0xE7, 0x41, 0x07, 0x42, 0x07, 0x42,
    0x07, 0x4A, 0x07, 0x4A, 0x07, 0x4A, 0x08, 0x4A, 0x08, 0x4A, 0x08, 0x4A, 0x28, 0x4A, 0x28, 0x4A,
    0x28, 0x4A, 0x28, 0x4A, 0x28, 0x4A, 0x28, 0x4A, 0x48, 0x52, 0x48, 0x52, 0x49, 0x52, 0x49, 0x52,
    0x49, 0x52, 0x69, 0x52, 0x69, 0x5A, 0x89, 0x5A, 0x89, 0x5A, 0xAA, 0x62, 0xAA, 0x62, 0xAA, 0x62,
    0xAA, 0x62, 0xAA, 0x62, 0xAA, 0x62, 0xAA, 0x62, 0xAA, 0x62, 0xAA, 0x62, 0xAA, 0x62, 0xAA, 0x62,
    0xCB, 0x62, 0xCB, 0x6A, 0xEB, 0x72, 0x0B, 0x73, 0x2C, 0x7B, 0x4C, 0x83, 0x8C, 0x83, 0xAD, 0x8B,
    0xCD, 0x8B, 0xEE, 0x93, 0x2F, 0x94, 0x4F, 0x9C, 0x70, 0xA4, 0x70, 0xA4, 0x90, 0xA4, 0x90, 0xA4,
    0x90, 0xA4, 0x90, 0xA4, 0x70, 0xA4, 0x70, 0xA4, 0x2F, 0x9C, 0xEE, 0x93, 0xAD, 0x8B, 0x6C, 0x83,
    0x4C, 0x7B, 0x2B, 0x7B, 0x2B, 0x7B, 0x2C, 0x7B, 0x0B, 0x73, 0xCA, 0x62, 0x89, 0x5A, 0x07, 0x4A,
    0x08, 0x4A, 0x28, 0x4A, 0x49, 0x52, 0x89, 0x5A, 0x8A, 0x5A, 0xAA, 0x5A, 0xAA, 0x5A, 0xAA, 0x5A,
    0xAA, 0x5A, 0x8A, 0x5A, 0x8A, 0x5A, 0x8A, 0x5A, 0xAA, 0x5A, 0xAA, 0x5A, 0xAA, 0x62, 0xAA, 0x62,
    0xAA, 0x62, 0xCA, 0x62, 0xCA, 0x62, 0xCB, 0x62, 0xCB, 0x62, 0xCA, 0x62, 0xCA, 0x62, 0xAA, 0x5A,
    0x69, 0x5A, 0x49, 0x52, 0x28, 0x52, 0x28, 0x4A, 0x28, 0x4A, 0x28, 0x4A, 0x28, 0x4A, 0x28, 0x4A,
    0x28, 0x4A, 0x28, 0x4A, 0x28, 0x4A, 0x28, 0x4A, 0x28, 0x4A, 0x28, 0x4A, 0x48, 0x4A, 0x69, 0x52,
    0x69, 0x52, 0x48, 0x4A, 0x28, 0x4A, 0x08, 0x4A, 0x08, 0x4A, 0x08, 0x4A, 0x08, 0x4A, 0x08, 0x4A,
    0x08, 0x4A, 0xC7, 0x41, 0xA6, 0x39, 0xC7, 0x41, 0x08, 0x4A, 0x08, 0x4A, 0xE7, 0x41, 0x48, 0x52,
    0x49, 0x52, 0x48, 0x52, 0x69, 0x52, 0x69, 0x52, 0x89, 0x5A, 0x69, 0x52, 0x48, 0x52, 0x28, 0x4A,
    0x28, 0x4A, 0x28, 0x4A, 0x28, 0x4A, 0x28, 0x4A, 0x28, 0x4A, 0x28, 0x4A, 0x28, 0x4A, 0x49, 0x4A,
    0x69, 0x52, 0x69, 0x52, 0x8A, 0x52, 0x89, 0x52, 0x69, 0x52, 0x28, 0x4A, 0xE7, 0x41, 0xC6, 0x39,
    0xC6, 0x39, 0xE7, 0x41, 0xE7, 0x41, 0xE7, 0x41, 0x07, 0x42, 0x07, 0x42, 0xE7, 0x41, 0x07, 0x42,
    0x07, 0x42, 0x28, 0x4A, 0x48, 0x4A, 0x49, 0x52, 0x69, 0x52, 0x8A, 0x5A, 0xCA, 0x62, 0xEB, 0x62,
    0xCA, 0x5A, 0x89, 0x52, 0x89, 0x52, 0xCA, 0x5A, 0xAA, 0x5A, 0x89, 0x52, 0x49, 0x52, 0x48, 0x4A,
    0x69, 0x52, 0x69, 0x52, 0x49, 0x52, 0x49, 0x52, 0x69, 0x52, 0x69, 0x52, 0x69, 0x52, 0x69, 0x52,
    0xAA, 0x5A, 0xEB, 0x62, 0xAA, 0x5A, 0x8A, 0x52, 0x8A, 0x52, 0x89, 0x5A, 0x8A, 0x5A, 0xAA, 0x5A,
    0xCB, 0x5A, 0xCB, 0x5A, 0x0C, 0x63, 0x2C, 0x63, 0x2C, 0x63, 0x4D, 0x63, 0x4D, 0x6B, 0x4D, 0x6B,
    0x4D, 0x6B, 0x4D, 0x6B, 0x4D, 0x6B, 0x6D, 0x6B, 0x6D, 0x6B, 0x6D, 0x6B, 0x6D, 0x6B, 0x6D, 0x6B,
    0x6D, 0x6B, 0x6D, 0x6B, 0x6D, 0x6B, 0x6D, 0x6B, 0x6D, 0x6B, 0x6D, 0x6B, 0x6D, 0x6B, 0x6D, 0x6B,
    0x6D, 0x6B, 0x6D, 0x6B, 0x6D, 0x6B, 0x6D, 0x6B, 0x6D, 0x6B, 0x6D, 0x6B, 0x6D, 0x6B, 0x6D, 0x6B,
    0x6D, 0x6B, 0x6D, 0x6B, 0x6D, 0x6B, 0x6D, 0x6B, 0x6D, 0x6B, 0x6D, 0x6B, 0x6D, 0x6B, 0x6D, 0x6B,
    0x6D, 0x6B, 0x6D, 0x6B, 0x6D, 0x6B, 0x6D, 0x6B, 0x6D, 0x6B, 0x6D, 0x6B, 0x6D, 0x6B, 0x6D, 0x6B,
    0x6D, 0x6B, 0x6D, 0x6B, 0x6D, 0x6B, 0x6D, 0x6B, 0x6D, 0x6B, 0x6D, 0x6B, 0x6D, 0x6B, 0x6D, 0x6B,
    0x6D, 0x6B, 0x6D, 0x6B, 0x6D, 0x6B, 0x6D, 0x6B, 0x6D, 0x6B, 0x6D, 0x6B, 0x6D, 0x6B, 0x6D, 0x6B,
    0x6D, 0x6B, 0x6D, 0x6B, 0x6D, 0x6B, 0x6D, 0x6B, 0x6D, 0x6B, 0x6D, 0x6B, 0x6D, 0x6B, 0x6D, 0x6B,
    0x6D, 0x6B, 0x6D, 0x6B, 0x6D, 0x6B, 0x6D, 0x6B, 0x6D, 0x6B, 0x6D, 0x6B, 0x6D, 0x6B, 0x6D, 0x6B,
    0x6D, 0x6B, 0x6D, 0x6B, 0x6D, 0x6B, 0x6D, 0x63, 0x6D, 0x63, 0x6D, 0x63, 0x6D, 0x6B, 0x6D, 0x6B,
    0x6D, 0x6B, 0x6D, 0x6B, 0x6D, 0x6B, 0x6D, 0x6B, 0x6D, 0x6B, 0x6D, 0x6B, 0x6D, 0x6B, 0x6D, 0x6B,
    0x6D, 0x6B, 0x4D, 0x6B, 0x4D, 0x6B, 0x4D, 0x6B, 0x4D, 0x6B, 0x4D, 0x6B, 0x4D, 0x6B, 0x4D, 0x6B,
    0x4D, 0x63, 0x4D, 0x63, 0x4D, 0x63, 0x4D, 0x63, 0x4D, 0x63, 0x4D, 0x63, 0x2D, 0x63, 0xEC, 0x5A,
    0x69, 0x4A, 0x28, 0x42, 0x28, 0x42, 0x28, 0x42, 0x28, 0x42, 0x49, 0x42, 0x8A, 0x4A, 0x8A, 0x4A,
    0xAB, 0x52, 0xCB, 0x52, 0x8A, 0x4A, 0x29, 0x42, 0x48, 0x42, 0x28, 0x42, 0x28, 0x42, 0x28, 0x42,
    0x28, 0x42, 0x08, 0x42, 0x07, 0x42, 0x07, 0x42, 0x07, 0x42, 0x07, 0x42, 0x07, 0x42, 0x07, 0x42,
    0x07, 0x4A, 0x08, 0x4A, 0x08, 0x4A, 0x08, 0x4A, 0x08, 0x4A, 0x28, 0x4A, 0x28, 0x4A, 0x28, 0x4A,
    0x28, 0x4A, 0x28, 0x4A, 0x28, 0x4A, 0x48, 0x52, 0x48, 0x52, 0x48, 0x52, 0x49, 0x52, 0x49, 0x52,
    0x49, 0x52, 0x69, 0x5A, 0x89, 0x5A, 0x8A, 0x5A, 0xCA, 0x62, 0xEB, 0x62, 0xEB, 0x6A, 0xEB, 0x6A,
    0xEB, 0x62, 0xCA, 0x62, 0xCA, 0x62, 0xCA, 0x62, 0xCA, 0x62, 0xCA, 0x62, 0xCA, 0x62, 0xCB, 0x62,
    0xCB, 0x62, 0xEB, 0x6A, 0xEB, 0x72, 0x0B, 0x73, 0x2B, 0x7B, 0x4C, 0x7B, 0x6C, 0x83, 0x8C, 0x8B,
    0xAD, 0x8B, 0xCD, 0x8B, 0xEE, 0x8B, 0xEE, 0x93, 0x0E, 0x94, 0x0E, 0x94, 0x0E, 0x94, 0x0E, 0x94,
    0x0E, 0x94, 0xEE, 0x93, 0xCE, 0x93, 0xCD, 0x8B, 0x8D, 0x8B, 0x8C, 0x83, 0x6C, 0x83, 0x4C, 0x7B,
    0x2B, 0x7B, 0x2B, 0x7B, 0x2B, 0x7B, 0x2B, 0x7B, 0x2C, 0x7B, 0xEB, 0x6A, 0xA9, 0x5A, 0x48, 0x52,
    0x07, 0x42, 0x48, 0x4A, 0x69, 0x52, 0x48, 0x52, 0x69, 0x52, 0x69, 0x52, 0x69, 0x52, 0x8A, 0x5A,
    0x8A, 0x5A, 0xAA, 0x5A, 0xCA, 0x62, 0xCB, 0x62, 0xCB, 0x62, 0xEB, 0x62, 0xCB, 0x62, 0xCB, 0x62,
    0xCA, 0x62, 0xCA, 0x62, 0xAA, 0x62, 0x8A, 0x5A, 0x69, 0x5A, 0x69, 0x52, 0x49, 0x52, 0x28, 0x4A,
    0x08, 0x4A, 0x08, 0x4A, 0x08, 0x4A, 0x28, 0x4A, 0x08, 0x4A, 0x28, 0x4A, 0x28, 0x4A, 0x28, 0x4A,
    0x28, 0x4A, 0x28, 0x4A, 0x28, 0x4A, 0x28, 0x4A, 0x48, 0x4A, 0x69, 0x52, 0x69, 0x52, 0x48, 0x4A,
    0x28, 0x4A, 0x07, 0x42, 0x08, 0x4A, 0x07, 0x4A, 0x08, 0x4A, 0x07, 0x4A, 0x07, 0x4A, 0x07, 0x42,
    0x08, 0x42, 0xC7, 0x41, 0xA6, 0x39, 0xA6, 0x39, 0xE7, 0x41, 0x08, 0x4A, 0x07, 0x4A, 0x07, 0x4A,
    0x49, 0x52, 0x48, 0x52, 0x48, 0x52, 0x69, 0x52, 0x89, 0x5A, 0x8A, 0x5A, 0x69, 0x52, 0x69, 0x52,
    0x69, 0x52, 0x69, 0x52, 0x49, 0x52, 0x49, 0x52, 0x69, 0x52, 0x89, 0x52, 0x89, 0x52, 0x89, 0x52,
    0x89, 0x52, 0x49, 0x52, 0x28, 0x4A, 0xE7, 0x41, 0xE7, 0x41, 0xE7, 0x41, 0xE7, 0x41, 0xE7, 0x41,
    0x07, 0x42, 0x08, 0x4A, 0x07, 0x4A, 0x07, 0x4A, 0x07, 0x4A, 0x07, 0x42, 0x28, 0x4A, 0x48, 0x4A,
    0x49, 0x52, 0x69, 0x52, 0x89, 0x52, 0x8A, 0x5A, 0xCB, 0x62, 0xEB, 0x62, 0xEB, 0x62, 0xAA, 0x5A,
    0xAA, 0x5A, 0xCA, 0x5A, 0xCA, 0x5A, 0xAA, 0x5A, 0x89, 0x52, 0x69, 0x52, 0x49, 0x52, 0x69, 0x52,
    0x69, 0x52, 0x69, 0x52, 0x69, 0x52, 0x69, 0x52, 0x69, 0x52, 0x69, 0x52, 0x89, 0x52, 0x89, 0x52,
    0xCA, 0x5A, 0xAA, 0x5A, 0x8A, 0x5A, 0x8A, 0x52, 0x8A, 0x52, 0x8A, 0x5A, 0xAA, 0x5A, 0xCB, 0x5A,
    0xCB, 0x5A, 0xCB, 0x5A, 0x2D, 0x63, 0x2C, 0x63, 0x2C, 0x63, 0x4D, 0x63, 0x4D, 0x6B, 0x4D, 0x6B,
    0x4D, 0x6B, 0x4D, 0x6B, 0x4D, 0x6B, 0x6D, 0x6B, 0x6D, 0x6B, 0x6D, 0x6B, 0x6D, 0x6B, 0x6D, 0x6B,
    0x6D, 0x6B, 0x6D, 0x6B, 0x6D, 0x6B, 0x6D, 0x6B, 0x6D, 0x6B, 0x6D, 0x6B, 0x6D, 0x6B, 0x6D, 0x6B,
    0x6D, 0x6B, 0x6D, 0x6B, 0x6D, 0x6B, 0x6D, 0x6B, 0x6D, 0x6B, 0x6D, 0x6B, 0x6D, 0x6B, 0x6D, 0x6B,
    0x6D, 0x6B, 0x6D, 0x6B, 0x6D, 0x6B, 0x6D, 0x6B, 0x6D, 0x6B, 0x6D, 0x6B, 0x6D, 0x6B, 0x4D, 0x63,
    0x6D, 0x6B, 0x6D, 0x6B, 0x6D, 0x6B, 0x6D, 0x6B, 0x6D, 0x6B, 0x6D, 0x6B, 0x6D, 0x6B, 0x6D, 0x6B,
    0x6D, 0x6B, 0x6D, 0x6B, 0x6D, 0x6B, 0x6D, 0x6B, 0x6D, 0x6B, 0x6D, 0x6B, 0x6D, 0x6B, 0x6D, 0x6B,
    0x6D, 0x6B, 0x6D, 0x6B, 0x6D, 0x6B, 0x6D, 0x6B, 0x6D, 0x6B, 0x6D, 0x6B, 0x6D, 0x6B, 0x6D, 0x6B,
    0x6D, 0x6B, 0x6D, 0x6B, 0x6D, 0x6B, 0x6D, 0x6B, 0x6D, 0x6B, 0x6D, 0x6B, 0x6D, 0x6B, 0x6D, 0x6B,
    0x6D, 0x6B, 0x6D, 0x6B, 0x6D, 0x6B, 0x6D, 0x6B, 0x6D, 0x6B, 0x6D, 0x6B, 0x6D, 0x6B, 0x6D, 0x6B,
    0x6D, 0x6B, 0x6D, 0x6B, 0x6D, 0x6B, 0x6D, 0x6B, 0x6D, 0x6B, 0x6D, 0x6B, 0x6D, 0x6B, 0x6D, 0x6B,
    0x6D, 0x6B, 0x6D, 0x6B, 0x6D, 0x6B, 0x6D, 0x6B, 0x6D, 0x6B, 0x6D, 0x6B, 0x6D, 0x6B, 0x6D, 0x6B,
    0x6D, 0x6B, 0x6D, 0x6B, 0x6D, 0x6B, 0x6D, 0x6B, 0x6D, 0x6B, 0x6D, 0x6B, 0x4D, 0x63, 0x4D, 0x63,
    0x4D, 0x63, 0x4D, 0x63, 0x4D, 0x63, 0x4D, 0x63, 0x4D, 0x63, 0x4D, 0x63, 0x4D, 0x63, 0x4D, 0x63,
    0x2C, 0x63, 0xAA, 0x52, 0x28, 0x42, 0x08, 0x3A, 0x08, 0x42, 0x28, 0x42, 0x28, 0x42, 0x48, 0x42,
    0x49, 0x4A, 0x89, 0x4A, 0xAA, 0x52, 0x8A, 0x52, 0x69, 0x4A, 0x69, 0x4A, 0x69, 0x4A, 0x69, 0x4A,
    0x89, 0x52, 0x48, 0x4A, 0x07, 0x42, 0x08, 0x4A, 0x07, 0x42, 0x07, 0x42, 0x07, 0x42, 0x07, 0x42,
    0x07, 0x42, 0x08, 0x4A, 0x08, 0x4A, 0x08, 0x4A, 0x28, 0x4A, 0x28, 0x4A, 0x28, 0x4A, 0x28, 0x4A,
    0x28, 0x4A, 0x28, 0x4A, 0x48, 0x52, 0x48, 0x52, 0x48, 0x52, 0x49, 0x52, 0x49, 0x52, 0x49, 0x52,
    0x69, 0x52, 0x69, 0x5A, 0x8A, 0x5A, 0xAA, 0x62, 0xEB, 0x6A, 0x0B, 0x6B, 0x0B, 0x6B, 0x0B, 0x6B,
    0xEB, 0x6A, 0xEB, 0x6A, 0xEB, 0x6A, 0xCB, 0x6A, 0xCA, 0x62, 0xCA, 0x62, 0xCA, 0x62, 0xCA, 0x6A,
    0xCB, 0x6A, 0xCB, 0x6A, 0xEB, 0x72, 0x0B, 0x73, 0x2B, 0x7B, 0x4C, 0x7B, 0x4C, 0x83, 0x6C, 0x83,
    0x8C, 0x83, 0xAD, 0x8B, 0xAD, 0x8B, 0xCD, 0x8B, 0xCD, 0x93, 0xCD, 0x93, 0xCD, 0x93, 0xCD, 0x93,
    0xCD, 0x93, 0xAD, 0x8B, 0xAD, 0x8B, 0xAD, 0x8B, 0x8C, 0x8B, 0x8C, 0x8B, 0x6C, 0x83, 0x4C, 0x7B,
    0x2B, 0x7B, 0x0B, 0x73, 0x0B, 0x73, 0x0B, 0x73, 0x0B, 0x73, 0x2C, 0x7B, 0xEB, 0x6A, 0x49, 0x52,
    0x07, 0x42, 0x08, 0x4A, 0x8A, 0x5A, 0x28, 0x52, 0x69, 0x52, 0x2C, 0x6B, 0xCA, 0x62, 0x69, 0x52,
    0x68, 0x52, 0x49, 0x52, 0x69, 0x5A, 0x89, 0x5A, 0x89, 0x5A, 0x89, 0x5A, 0x89, 0x5A, 0x69, 0x5A,
    0x49, 0x52, 0x49, 0x52, 0x28, 0x52, 0x28, 0x4A, 0x28, 0x4A, 0x08, 0x4A, 0x08, 0x4A, 0x08, 0x4A,
    0x08, 0x4A, 0x08, 0x4A, 0x28, 0x4A, 0x28, 0x4A, 0x28, 0x52, 0x28, 0x4A, 0x28, 0x4A, 0x28, 0x4A,
    0x28, 0x4A, 0x28, 0x4A, 0x49, 0x52, 0x69, 0x52, 0x49, 0x52, 0x28, 0x4A, 0x08, 0x4A, 0x07, 0x42,
    0x28, 0x4A, 0x48, 0x4A, 0x48, 0x4A, 0x28, 0x4A, 0x28, 0x4A, 0x08, 0x4A, 0xE7, 0x41, 0xE7, 0x41,
    0xE7, 0x41, 0xC7, 0x41, 0xA7, 0x41, 0xA7, 0x41, 0xC7, 0x41, 0x08, 0x4A, 0x08, 0x4A, 0xC7, 0x41,
    0x28, 0x4A, 0x49, 0x52, 0x28, 0x52, 0x69, 0x52, 0x89, 0x5A, 0x8A, 0x5A, 0xAA, 0x62, 0xAA, 0x5A,
    0x8A, 0x5A, 0x69, 0x5A, 0x69, 0x5A, 0x89, 0x5A, 0x89, 0x5A, 0x89, 0x52, 0x69, 0x52, 0x49, 0x4A,
    0x48, 0x4A, 0x28, 0x4A, 0x28, 0x4A, 0x48, 0x4A, 0x49, 0x4A, 0x49, 0x4A, 0x49, 0x4A, 0x49, 0x4A,
    0x48, 0x4A, 0x28, 0x4A, 0x48, 0x4A, 0x48, 0x4A, 0x49, 0x4A, 0x69, 0x52, 0x69, 0x52, 0x69, 0x52,
    0x8A, 0x5A, 0xCA, 0x5A, 0xEB, 0x62, 0xEB, 0x62, 0xEB, 0x62, 0xCA, 0x62, 0x8A, 0x5A, 0xAA, 0x5A,
    0xCA, 0x5A, 0xAA, 0x5A, 0x89, 0x52, 0x69, 0x52, 0x48, 0x4A, 0x69, 0x52, 0x69, 0x52, 0x69, 0x52,
    0x69, 0x52, 0x69, 0x52, 0x69, 0x52, 0x69, 0x52, 0x69, 0x52, 0x69, 0x52, 0x69, 0x52, 0xAA, 0x5A,
    0xAA, 0x5A, 0xAA, 0x5A, 0x8A, 0x52, 0x8A, 0x52, 0x8A, 0x52, 0xAA, 0x5A, 0xCB, 0x5A, 0xCB, 0x5A,
    0xCB, 0x5A, 0x0C, 0x63, 0x2D, 0x63, 0x4D, 0x63, 0x4D, 0x6B, 0x4D, 0x6B, 0x4D, 0x6B, 0x4D, 0x6B,
    0x6D, 0x6B, 0x6D, 0x6B, 0x6D, 0x6B, 0x6D, 0x6B, 0x6D, 0x6B, 0x6D, 0x6B, 0x6D, 0x6B, 0x6D, 0x6B,
    0x6D, 0x6B, 0x6D, 0x6B, 0x6D, 0x6B, 0x6D, 0x6B, 0x6D, 0x6B, 0x6D, 0x6B, 0x6D, 0x6B, 0x6D, 0x6B,
    0x6D, 0x6B, 0x6D, 0x6B, 0x6D, 0x6B, 0x6D, 0x6B, 0x6D, 0x6B, 0x6D, 0x6B, 0x6D, 0x6B, 0x6D, 0x6B,
    0x6D, 0x6B, 0x6D, 0x6B, 0x6D, 0x6B, 0x6D, 0x6B, 0x6D, 0x6B, 0x6D, 0x6B, 0x6D, 0x6B, 0x6D, 0x6B,
    0x6D, 0x6B, 0x6D, 0x6B, 0x6D, 0x6B, 0x6D, 0x6B, 0x6D, 0x6B, 0x6D, 0x6B, 0x6D, 0x6B, 0x6D, 0x6B,
    0x6D, 0x6B, 0x6D, 0x6B, 0x6D, 0x6B, 0x6D, 0x6B, 0x6D, 0x6B, 0x6D, 0x6B, 0x6D, 0x6B, 0x6D, 0x6B,
    0x6D, 0x6B, 0x6D, 0x6B, 0x6D, 0x6B, 0x6D, 0x6B, 0x6D, 0x6B, 0x6D, 0x6B, 0x6D, 0x6B, 0x6D, 0x6B,
    0x6D, 0x6B, 0x6D, 0x6B, 0x6D, 0x6B, 0x6D, 0x6B, 0x6D, 0x6B, 0x6D, 0x6B, 0x6D, 0x6B, 0x6D, 0x6B,
    0x6D, 0x6B, 0x6D, 0x6B, 0x6D, 0x6B, 0x6D, 0x6B, 0x6D, 0x6B, 0x6D, 0x6B, 0x6D, 0x6B, 0x6D, 0x6B,
    0x6D, 0x6B, 0x6D, 0x6B, 0x6D, 0x6B, 0x6D, 0x6B, 0x6D, 0x6B, 0x6D, 0x6B, 0x6D, 0x6B, 0x6D, 0x6B,
    0x6D, 0x6B, 0x6D, 0x6B, 0x6D, 0x6B, 0x6D, 0x6B, 0x6D, 0x6B, 0x6D, 0x6B, 0x6D, 0x6B, 0x6D, 0x6B,
    0x6D, 0x6B, 0x6D, 0x6B, 0x6D, 0x6B, 0x6D, 0x6B, 0x6D, 0x6B, 0x6D, 0x6B, 0x6D, 0x6B, 0x4D, 0x63,
    0x6D, 0x6B, 0x4D, 0x63, 0x4D, 0x63, 0x4D, 0x63, 0x4D, 0x63, 0x4D, 0x63, 0x4D, 0x63, 0x4D, 0x63,
    0x4D, 0x63, 0x4D, 0x63, 0x0C, 0x5B, 0x89, 0x4A, 0x08, 0x42, 0x07, 0x3A, 0x08, 0x42, 0x08, 0x42,
    0x28, 0x42, 0x28, 0x42, 0x49, 0x4A, 0x69, 0x4A, 0x49, 0x4A, 0x69, 0x4A, 0x89, 0x52, 0x8A, 0x52,
    0x8A, 0x52, 0x48, 0x4A, 0x07, 0x42, 0x07, 0x42, 0x07, 0x42, 0x07, 0x42, 0x07, 0x42, 0x07, 0x42,
    0x07, 0x42, 0x07, 0x42, 0x07, 0x4A, 0x08, 0x4A, 0x28, 0x4A, 0x28, 0x4A, 0x28, 0x4A, 0x28, 0x4A,
    0x48, 0x52, 0x48, 0x52, 0x48, 0x52, 0x48, 0x52, 0x49, 0x52, 0x49, 0x52, 0x49, 0x52, 0x49, 0x52,
    0x69, 0x52, 0x89, 0x5A, 0xAA, 0x62, 0xCB, 0x62, 0x0B, 0x6B, 0x0C, 0x73, 0x0C, 0x73, 0x0B, 0x73,
    0x0B, 0x73, 0x0B, 0x6B, 0xEB, 0x6A, 0xEB, 0x6A, 0xCB, 0x6A, 0xCB, 0x6A, 0xCB, 0x6A, 0xEB, 0x6A,
    0xEB, 0x6A, 0xEB, 0x6A, 0xEB, 0x72, 0x0B, 0x73, 0x2B, 0x7B, 0x4C, 0x7B, 0x4C, 0x83, 0x6C, 0x83,
    0x8D, 0x8B, 0xAD, 0x8B, 0xCD, 0x8B, 0xEE, 0x93, 0xEE, 0x93, 0xEE, 0x93, 0xEE, 0x93, 0xEE, 0x93,
    0xCD, 0x93, 0xCD, 0x93, 0xAD, 0x8B, 0x8C, 0x8B, 0x8C, 0x8B, 0x6C, 0x83, 0x4B, 0x83, 0x2B, 0x7B,
    0x0B, 0x73, 0x0B, 0x73, 0x0B, 0x73, 0x0B, 0x73, 0x0B, 0x73, 0x0B, 0x73, 0x2C, 0x73, 0xAA, 0x5A,
    0x07, 0x4A, 0xE7, 0x41, 0x49, 0x52, 0x69, 0x52, 0xE7, 0x49, 0x0B, 0x6B, 0xEE, 0x8B, 0xAD, 0x83,
    0x6C, 0x7B, 0xEA, 0x6A, 0x89, 0x5A, 0x69, 0x52, 0x49, 0x52, 0x49, 0x52, 0x49, 0x52, 0x49, 0x52,
    0x49, 0x52, 0x49, 0x52, 0x49, 0x52, 0x49, 0x52, 0x49, 0x52, 0x48, 0x52, 0x48, 0x52, 0x49, 0x52,
    0x48, 0x52, 0x49, 0x52, 0x49, 0x52, 0x49, 0x52, 0x48, 0x52, 0x28, 0x4A, 0x28, 0x4A, 0x28, 0x4A,
    0x28, 0x4A, 0x28, 0x4A, 0x28, 0x4A, 0x28, 0x4A, 0x08, 0x4A, 0x28, 0x4A, 0x48, 0x4A, 0x48, 0x4A,
    0x49, 0x52, 0x48, 0x4A, 0x28, 0x4A, 0x08, 0x4A, 0x07, 0x42, 0x07, 0x42, 0x07, 0x4A, 0x07, 0x4A,
    0xE7, 0x41, 0xC7, 0x41, 0xA7, 0x41, 0xA6, 0x39, 0xA6, 0x39, 0xE8, 0x49, 0x08, 0x4A, 0xE7, 0x41,
    0xE7, 0x41, 0x49, 0x52, 0x28, 0x52, 0x49, 0x52, 0x69, 0x5A, 0x69, 0x5A, 0x89, 0x5A, 0xAA, 0x62,
    0xCB, 0x62, 0xEB, 0x62, 0xCB, 0x62, 0xAA, 0x5A, 0x69, 0x52, 0x69, 0x52, 0x49, 0x52, 0x48, 0x52,
    0x48, 0x52, 0x48, 0x4A, 0x48, 0x4A, 0x48, 0x4A, 0x48, 0x4A, 0x28, 0x4A, 0x28, 0x4A, 0x48, 0x4A,
    0x48, 0x4A, 0x49, 0x52, 0x69, 0x52, 0x89, 0x52, 0x89, 0x52, 0xAA, 0x5A, 0xCB, 0x62, 0xEB, 0x62,
    0x0B, 0x63, 0x0B, 0x6B, 0xEB, 0x62, 0xCA, 0x62, 0xAA, 0x5A, 0xAA, 0x5A, 0xEB, 0x62, 0xCA, 0x62,
    0x8A, 0x5A, 0x89, 0x52, 0x49, 0x52, 0x48, 0x4A, 0x69, 0x52, 0x89, 0x52, 0x69, 0x52, 0x69, 0x52,
    0x69, 0x52, 0x69, 0x52, 0x69, 0x52, 0x69, 0x52, 0x69, 0x52, 0x69, 0x52, 0xAA, 0x5A, 0xCA, 0x5A,
    0xAA, 0x5A, 0x8A, 0x5A, 0x8A, 0x52, 0x8A, 0x52, 0x8A, 0x52, 0xCA, 0x5A, 0xCB, 0x5A, 0xCB, 0x5A,
    0xEB, 0x62, 0x2C, 0x63, 0x2C, 0x63, 0x4D, 0x63, 0x4D, 0x6B, 0x4D, 0x6B, 0x4D, 0x6B, 0x4D, 0x6B,
    0x6D, 0x6B, 0x6D, 0x6B, 0x6D, 0x6B, 0x6D, 0x6B, 0x6D, 0x6B, 0x6D, 0x6B, 0x6D, 0x6B, 0x6D, 0x6B,
    0x6D, 0x6B, 0x6D, 0x6B, 0x6D, 0x6B, 0x6D, 0x6B, 0x6D, 0x6B, 0x6D, 0x6B, 0x6D, 0x6B, 0x6D, 0x6B,
    0x6D, 0x6B, 0x6D, 0x6B, 0x6D, 0x6B, 0x6D, 0x6B, 0x6D, 0x6B, 0x6D, 0x6B, 0x6D, 0x6B, 0x6D, 0x6B,
    0x6D, 0x6B, 0x6D, 0x6B, 0x6D, 0x6B, 0x6D, 0x6B, 0x6D, 0x6B, 0x6D, 0x6B, 0x6D, 0x6B, 0x6D, 0x6B,
    0x6D, 0x6B, 0x6D, 0x6B, 0x6D, 0x6B, 0x6D, 0x6B, 0x6D, 0x6B, 0x6D, 0x6B, 0x6D, 0x6B, 0x6D, 0x6B,
    0x6D, 0x6B, 0x6D, 0x6B, 0x6D, 0x6B, 0x6D, 0x6B, 0x6D, 0x6B, 0x6D, 0x6B, 0x6D, 0x6B, 0x6D, 0x6B,
    0x6D, 0x6B, 0x6D, 0x6B, 0x6D, 0x6B, 0x6D, 0x6B, 0x6D, 0x6B, 0x6D, 0x6B, 0x6D, 0x6B, 0x6D, 0x6B,
    0x6D, 0x6B, 0x6D, 0x6B, 0x6D, 0x6B, 0x6D, 0x6B, 0x6D, 0x6B, 0x6D, 0x6B, 0x6D, 0x6B, 0x6D, 0x6B,
    0x6D, 0x6B, 0x6D, 0x6B, 0x6D, 0x6B, 0x6D, 0x6B, 0x6D, 0x6B, 0x6D, 0x6B, 0x6D, 0x6B, 0x6D, 0x6B,
    0x6D, 0x6B, 0x6D, 0x6B, 0x6D, 0x6B, 0x6D, 0x6B, 0x6D, 0x6B, 0x6D, 0x6B, 0x6D, 0x6B, 0x6D, 0x6B,
    0x6D, 0x6B, 0x6D, 0x6B, 0x6D, 0x6B, 0x6D, 0x6B, 0x6D, 0x6B, 0x6D, 0x6B, 0x6D, 0x6B, 0x6D, 0x6B,
    0x6D, 0x6B, 0x6D, 0x6B, 0x6D, 0x6B, 0x6D, 0x6B, 0x6D, 0x6B, 0x6D, 0x6B, 0x6D, 0x6B, 0x6D, 0x6B,
    0x6D, 0x6B, 0x6D, 0x6B, 0x4D, 0x63, 0x4D, 0x63, 0x4D, 0x63, 0x4D, 0x63, 0x4D, 0x63, 0x4D, 0x63,
    0x4D, 0x63, 0x4D, 0x63, 0x4D, 0x63, 0x4D, 0x63, 0x0C, 0x5B, 0x8A, 0x4A, 0x08, 0x42, 0xE8, 0x39,
    0xE8, 0x39, 0x08, 0x42, 0x08, 0x42, 0x49, 0x4A, 0x49, 0x4A, 0x69, 0x4A, 0x69, 0x4A, 0x69, 0x4A,
    0x89, 0x52, 0x28, 0x4A, 0x07, 0x42, 0x07, 0x42, 0x07, 0x42, 0x07, 0x42, 0x07, 0x42, 0x07, 0x42,
    0x07, 0x42, 0x07, 0x42, 0x28, 0x4A, 0x28, 0x4A, 0x48, 0x52, 0x28, 0x4A, 0x28, 0x4A, 0x48, 0x52,
    0x48, 0x52, 0x48, 0x52, 0x48, 0x52, 0x49, 0x52, 0x49, 0x52, 0x49, 0x52, 0x49, 0x52, 0x69, 0x52,
    0x69, 0x5A, 0x89, 0x5A, 0xCA, 0x62, 0xEB, 0x6A, 0x0B, 0x73, 0x2C, 0x73, 0x2C, 0x73, 0x2C, 0x73,
    0x2B, 0x73, 0x0B, 0x73, 0x0B, 0x6B, 0xEB, 0x6A, 0xEB, 0x6A, 0xEB, 0x6A, 0xEB, 0x6A, 0xEB, 0x6A,
    0xEB, 0x6A, 0xEB, 0x6A, 0xEB, 0x6A, 0x0B, 0x73, 0x2B, 0x7B, 0x4C, 0x7B, 0x4C, 0x83, 0x6C, 0x83,
    0x8D, 0x8B, 0xCD, 0x8B, 0xCE, 0x93, 0xEE, 0x93, 0xEE, 0x93, 0xEE, 0x93, 0xEE, 0x93, 0xEE, 0x93,
    0xCD, 0x93, 0xAD, 0x8B, 0x8C, 0x8B, 0x6C, 0x83, 0x4C, 0x83, 0x4B, 0x83, 0x4B, 0x7B, 0x2B, 0x7B,
    0x0B, 0x73, 0xEB, 0x72, 0xEB, 0x72, 0x0B, 0x73, 0x0B, 0x73, 0x0B, 0x73, 0x0B, 0x73, 0xEB, 0x6A,
    0x48, 0x52, 0xC7, 0x41, 0x07, 0x4A, 0x69, 0x52, 0xE7, 0x49, 0x07, 0x52, 0x4C, 0x7B, 0xEE, 0x8B,
    0xEE, 0x8B, 0xCE, 0x8B, 0x8D, 0x83, 0x0C, 0x73, 0xCA, 0x62, 0xAA, 0x5A, 0x89, 0x5A, 0x89, 0x5A,
    0x69, 0x5A, 0x69, 0x5A, 0x69, 0x5A, 0x69, 0x5A, 0x69, 0x5A, 0x69, 0x5A, 0x49, 0x52, 0x49, 0x52,
    0x49, 0x52, 0x28, 0x52, 0x28, 0x52, 0x28, 0x52, 0x28, 0x52, 0x28, 0x4A, 0x28, 0x4A, 0x28, 0x4A,
    0x28, 0x4A, 0x28, 0x4A, 0x28, 0x4A, 0x28, 0x4A, 0x28, 0x52, 0x48, 0x4A, 0x48, 0x4A, 0x28, 0x4A,
    0x28, 0x4A, 0x28, 0x4A, 0x08, 0x4A, 0x08, 0x4A, 0x08, 0x4A, 0x07, 0x4A, 0xE7, 0x41, 0xC7, 0x41,
    0xC7, 0x41, 0xC7, 0x41, 0xC7, 0x41, 0xC7, 0x41, 0xA7, 0x41, 0xE7, 0x41, 0xE8, 0x49, 0x08, 0x4A,
    0xC7, 0x41, 0x08, 0x4A, 0x28, 0x4A, 0x48, 0x52, 0x69, 0x52, 0x69, 0x52, 0x69, 0x52, 0x69, 0x5A,
    0x89, 0x5A, 0xAA, 0x62, 0xEB, 0x62, 0xEB, 0x6A, 0xEB, 0x6A, 0xEB, 0x62, 0xEB, 0x62, 0xEB, 0x62,
    0xEB, 0x62, 0xCA, 0x62, 0xCA, 0x62, 0xCA, 0x5A, 0xCA, 0x5A, 0xCA, 0x5A, 0xCA, 0x62, 0xCA, 0x62,
    0xCB, 0x62, 0xEB, 0x62, 0x0B, 0x6B, 0x2C, 0x6B, 0x2C, 0x6B, 0x2C, 0x6B, 0x0C, 0x6B, 0xEB, 0x6A,
    0xCA, 0x62, 0x8A, 0x5A, 0x89, 0x5A, 0xAA, 0x5A, 0xEB, 0x62, 0xEB, 0x62, 0xAA, 0x5A, 0x69, 0x52,
    0x69, 0x52, 0x69, 0x52, 0x48, 0x4A, 0x89, 0x52, 0x89, 0x52, 0x69, 0x52, 0x69, 0x52, 0x69, 0x52,
    0x69, 0x52, 0x69, 0x52, 0x69, 0x52, 0x69, 0x52, 0x69, 0x52, 0xAA, 0x5A, 0xCA, 0x5A, 0xAA, 0x5A,
    0x8A, 0x5A, 0x8A, 0x52, 0x8A, 0x52, 0x89, 0x52, 0xCA, 0x5A, 0xAA, 0x5A, 0xCB, 0x5A, 0xEB, 0x5A,
    0x2C, 0x63, 0x4D, 0x63, 0x4D, 0x63, 0x4D, 0x6B, 0x4D, 0x6B, 0x4D, 0x6B, 0x4D, 0x6B, 0x4D, 0x6B,
    0x6D, 0x6B, 0x6D, 0x6B, 0x6D, 0x6B, 0x6D, 0x6B, 0x6D, 0x6B, 0x6D, 0x6B, 0x6D, 0x6B, 0x6D, 0x6B,
    0x6D, 0x6B, 0x6D, 0x6B, 0x6D, 0x6B, 0x6D, 0x6B, 0x6D, 0x6B, 0x6D, 0x6B, 0x6D, 0x6B, 0x6D, 0x6B,
    0x6D, 0x6B, 0x6D, 0x6B, 0x6D, 0x6B, 0x6D, 0x6B, 0x6D, 0x6B, 0x6D, 0x6B, 0x6D, 0x6B, 0x6D, 0x6B,
    0x6D, 0x6B, 0x6D, 0x6B, 0x6D, 0x6B, 0x6D, 0x6B, 0x6D, 0x6B, 0x6D, 0x6B, 0x6D, 0x6B, 0x6D, 0x6B,
    0x6D, 0x6B, 0x6D, 0x6B, 0x6D, 0x6B, 0x6D, 0x6B, 0x6D, 0x6B, 0x6D, 0x6B, 0x6D, 0x6B, 0x6D, 0x6B,
    0x6D, 0x6B, 0x6D, 0x6B, 0x6D, 0x6B, 0x6D, 0x6B, 0x6D, 0x6B, 0x6D, 0x6B, 0x6D, 0x6B, 0x6D, 0x6B,
    0x6D, 0x6B, 0x6D, 0x6B, 0x6D, 0x6B, 0x6D, 0x6B, 0x6D, 0x6B, 0x6D, 0x6B, 0x6D, 0x6B, 0x6D, 0x6B,
    0x6D, 0x6B, 0x6D, 0x6B, 0x6D, 0x6B, 0x6D, 0x6B, 0x6D, 0x6B, 0x6D, 0x6B, 0x6D, 0x6B, 0x6D, 0x6B,
    0x6D, 0x6B, 0x6D, 0x6B, 0x6D, 0x6B, 0x6D, 0x6B, 0x6D, 0x6B, 0x6D, 0x6B, 0x6D, 0x6B, 0x6D, 0x6B,
    0x6D, 0x6B, 0x6D, 0x6B, 0x6D, 0x6B, 0x6D, 0x6B, 0x6D, 0x6B, 0x6D, 0x6B, 0x6D, 0x63, 0x6D, 0x6B,
    0x6D, 0x6B, 0x6D, 0x6B, 0x6D, 0x6B, 0x6D, 0x6B, 0x6D, 0x6B, 0x6D, 0x6B, 0x6D, 0x6B, 0x6D, 0x6B,
    0x6D, 0x6B, 0x6D, 0x6B, 0x6D, 0x6B, 0x6D, 0x6B, 0x6D, 0x6B, 0x6D, 0x6B, 0x6D, 0x6B, 0x6D, 0x6B,
    0x6D, 0x6B, 0x6D, 0x6B, 0x6D, 0x6B, 0x4D, 0x63, 0x4D, 0x63, 0x4D, 0x63, 0x4D, 0x63, 0x4D, 0x63,
    0x4D, 0x63, 0x4D, 0x63, 0x4D, 0x63, 0x4D, 0x63, 0x4D, 0x63, 0x4D, 0x63, 0x0C, 0x5B, 0xAA, 0x4A,
    0x29, 0x42, 0x08, 0x42, 0x08, 0x3A, 0x08, 0x42, 0x08, 0x42, 0x28, 0x42, 0x48, 0x4A, 0x69, 0x4A,
    0x69, 0x4A, 0x28, 0x4A, 0x07, 0x42, 0x07, 0x42, 0xE7, 0x41, 0xE7, 0x41, 0x07, 0x42, 0x07, 0x42,
    0x08, 0x4A, 0x28, 0x4A, 0x48, 0x4A, 0x48, 0x52, 0x48, 0x52, 0x48, 0x52, 0x48, 0x52, 0x48, 0x52,
    0x48, 0x52, 0x48, 0x52, 0x48, 0x52, 0x49, 0x52, 0x49, 0x52, 0x49, 0x52, 0x69, 0x52, 0x69, 0x52,
    0x69, 0x5A, 0x89, 0x5A, 0xCA, 0x62, 0xEB, 0x6A, 0x2B, 0x73, 0x2C, 0x73, 0x2C, 0x73, 0x4C, 0x73,
    0x4C, 0x73, 0x2C, 0x73, 0x2B, 0x73, 0x0B, 0x6B, 0x0B, 0x6B, 0x0B, 0x6B, 0xEB, 0x6A, 0xEB, 0x6A,
    0x0B, 0x6B, 0x0B, 0x6B, 0x0B, 0x73, 0x0B, 0x73, 0x2B, 0x73, 0x2C, 0x7B, 0x4C, 0x83, 0x6C, 0x83,
    0x8D, 0x8B, 0xAD, 0x8B, 0xCD, 0x8B, 0xCD, 0x8B, 0xCD, 0x8B, 0xCD, 0x93, 0xCD, 0x93, 0xAD, 0x8B,
    0xAD, 0x8B, 0x8C, 0x83, 0x6C, 0x83, 0x4C, 0x83, 0x4B, 0x83, 0x4B, 0x7B, 0x2B, 0x7B, 0x0B, 0x73,
    0xEB, 0x72, 0xEA, 0x6A, 0xEB, 0x6A, 0xEB, 0x6A, 0xEA, 0x6A, 0xEA, 0x6A, 0xEA, 0x6A, 0x0B, 0x6B,
    0xAA, 0x62, 0xE7, 0x49, 0xE7, 0x41, 0x69, 0x52, 0x28, 0x4A, 0xC6, 0x41, 0x48, 0x5A, 0x4C, 0x7B,
    0x8C, 0x83, 0x6C, 0x7B, 0x6C, 0x7B, 0x4C, 0x7B, 0x2B, 0x73, 0xCA, 0x6A, 0xAA, 0x62, 0xAA, 0x5A,
    0x8A, 0x5A, 0x8A, 0x5A, 0x69, 0x5A, 0x69, 0x52, 0x49, 0x52, 0x49, 0x52, 0x48, 0x52, 0x28, 0x52,
    0x28, 0x52, 0x28, 0x52, 0x28, 0x52, 0x28, 0x4A, 0x28, 0x4A, 0x28, 0x4A, 0x28, 0x4A, 0x28, 0x4A,
    0x08, 0x4A, 0x28, 0x4A, 0x28, 0x4A, 0x28, 0x4A, 0x28, 0x4A, 0x28, 0x4A, 0x28, 0x4A, 0x28, 0x4A,
    0x28, 0x4A, 0x28, 0x4A, 0x08, 0x4A, 0x07, 0x42, 0xE7, 0x41, 0xC7, 0x41, 0xC7, 0x41, 0xC7, 0x41,
    0xC7, 0x41, 0xC7, 0x41, 0xC7, 0x41, 0xC7, 0x41, 0xC7, 0x39, 0xC7, 0x41, 0x08, 0x4A, 0xE7, 0x41,
    0xE8, 0x49, 0x08, 0x4A, 0x08, 0x4A, 0x08, 0x4A, 0x49, 0x52, 0x69, 0x52, 0x49, 0x52, 0x69, 0x52,
    0x69, 0x52, 0x89, 0x5A, 0x89, 0x5A, 0xAA, 0x5A, 0xAA, 0x62, 0xEB, 0x62, 0x0B, 0x6B, 0x0C, 0x6B,
    0x2C, 0x6B, 0x4C, 0x73, 0x4C, 0x73, 0x4C, 0x73, 0x4C, 0x73, 0x4C, 0x73, 0x4C, 0x73, 0x2C, 0x73,
    0x2C, 0x6B, 0x2C, 0x6B, 0x0C, 0x6B, 0x0B, 0x6B, 0xCA, 0x62, 0xAA, 0x5A, 0x89, 0x5A, 0x89, 0x5A,
    0x89, 0x5A, 0xCA, 0x62, 0xEB, 0x62, 0x0B, 0x63, 0xAA, 0x5A, 0x69, 0x52, 0x69, 0x52, 0x69, 0x52,
    0x49, 0x52, 0x69, 0x52, 0x8A, 0x5A, 0x89, 0x52, 0x89, 0x52, 0x89, 0x52, 0x89, 0x52, 0x69, 0x52,
    0x69, 0x52, 0x69, 0x52, 0x69, 0x52, 0x69, 0x52, 0xAA, 0x5A, 0xCB, 0x5A, 0xAA, 0x5A, 0x8A, 0x52,
    0x69, 0x52, 0x8A, 0x52, 0x89, 0x52, 0xAA, 0x5A, 0xAA, 0x5A, 0xCB, 0x5A, 0xCB, 0x5A, 0x0C, 0x63,
    0x4D, 0x63, 0x4D, 0x63, 0x4D, 0x63, 0x4D, 0x6B, 0x4D, 0x6B, 0x4D, 0x6B, 0x4D, 0x6B, 0x4D, 0x6B,
    0x6D, 0x6B, 0x6D, 0x6B, 0x6D, 0x6B, 0x6D, 0x6B, 0x6D, 0x6B, 0x6D, 0x6B, 0x6D, 0x6B, 0x6D, 0x6B,
    0x6D, 0x6B, 0x6D, 0x6B, 0x6D, 0x6B, 0x6D, 0x6B, 0x6D, 0x6B, 0x6D, 0x6B, 0x6D, 0x6B, 0x6D, 0x6B,
    0x6D, 0x6B, 0x6D, 0x6B, 0x6D, 0x6B, 0x6D, 0x6B, 0x6D, 0x6B, 0x6D, 0x6B, 0x6D, 0x6B, 0x6D, 0x6B,
    0x6D, 0x6B, 0x6D, 0x6B, 0x6D, 0x6B, 0x6D, 0x6B, 0x6D, 0x6B, 0x6D, 0x6B, 0x6D, 0x6B, 0x6D, 0x6B,
    0x6D, 0x6B, 0x6D, 0x6B, 0x6D, 0x6B, 0x6D, 0x6B, 0x6D, 0x6B, 0x6D, 0x6B, 0x6D, 0x6B, 0x6D, 0x6B,
    0x6D, 0x6B, 0x6D, 0x6B, 0x6D, 0x6B, 0x6D, 0x6B, 0x6D, 0x6B, 0x6D, 0x6B, 0x6D, 0x6B, 0x6D, 0x6B,
    0x6D, 0x6B, 0x6D, 0x6B, 0x6D, 0x6B, 0x6D, 0x6B, 0x6D, 0x6B, 0x6D, 0x6B, 0x6D, 0x6B, 0x6D, 0x6B,
    0x6D, 0x6B, 0x6D, 0x6B, 0x6D, 0x6B, 0x6D, 0x6B, 0x6D, 0x6B, 0x6D, 0x6B, 0x6D, 0x6B, 0x6D, 0x6B,
    0x6D, 0x6B, 0x6D, 0x6B, 0x6D, 0x6B, 0x6D, 0x6B, 0x6D, 0x6B, 0x6D, 0x6B, 0x6D, 0x6B, 0x6D, 0x6B,
    0x6D, 0x6B, 0x6D, 0x6B, 0x6D, 0x6B, 0x6D, 0x6B, 0x6D, 0x6B, 0x6D, 0x6B, 0x6D, 0x6B, 0x6D, 0x6B,
    0x6D, 0x6B, 0x6D, 0x6B, 0x6D, 0x6B, 0x6D, 0x6B, 0x6D, 0x6B, 0x6D, 0x6B, 0x6D, 0x6B, 0x6D, 0x6B,
    0x6D, 0x6B, 0x6D, 0x6B, 0x6D, 0x6B, 0x6D, 0x6B, 0x6D, 0x6B, 0x6D, 0x6B, 0x6D, 0x6B, 0x6D, 0x6B,
    0x6D, 0x6B, 0x6D, 0x6B, 0x6D, 0x6B, 0x6D, 0x6B, 0x4D, 0x63, 0x4D, 0x63, 0x4D, 0x63, 0x4D, 0x63,
    0x4D, 0x63, 0x4D, 0x63, 0x4D, 0x63, 0x4D, 0x63, 0x4D, 0x63, 0x4D, 0x63, 0x4D, 0x63, 0x4D, 0x63,
    0x2C, 0x63, 0xEB, 0x5A, 0xAA, 0x52, 0x6A, 0x4A, 0x6A, 0x4A, 0x49, 0x4A, 0x28, 0x4A, 0x28, 0x42,
    0x28, 0x4A, 0x07, 0x42, 0x07, 0x42, 0x08, 0x4A, 0x08, 0x4A, 0x28, 0x4A, 0x28, 0x4A, 0x48, 0x4A,
    0x49, 0x52, 0x48, 0x4A, 0x48, 0x52, 0x48, 0x52, 0x49, 0x52, 0x49, 0x52, 0x48, 0x52, 0x49, 0x52,
    0x49, 0x52, 0x49, 0x52, 0x49, 0x52, 0x49, 0x52, 0x69, 0x52, 0x49, 0x52, 0x69, 0x52, 0x69, 0x52,
    0x69, 0x5A, 0x89, 0x5A, 0xAA, 0x62, 0x0B, 0x6B, 0x2C, 0x73, 0x4C, 0x7B, 0x4C, 0x7B, 0x6C, 0x7B,
    0x6C, 0x7B, 0x4C, 0x7B, 0x4C, 0x73, 0x2C, 0x73, 0x2B, 0x73, 0x0B, 0x73, 0x0B, 0x6B, 0x0B, 0x6B,
    0x0B, 0x6B, 0x0B, 0x6B, 0x0B, 0x73, 0x0B, 0x73, 0x0B, 0x73, 0x2B, 0x7B, 0x4C, 0x83, 0x6C, 0x83,
    0x6C, 0x83, 0x8C, 0x8B, 0xAD, 0x8B, 0xAD, 0x8B, 0xAD, 0x8B, 0xAD, 0x8B, 0xAD, 0x8B, 0xAD, 0x8B,
    0x8D, 0x8B, 0x6C, 0x83, 0x4C, 0x83, 0x4C, 0x7B, 0x2B, 0x7B, 0x2B, 0x7B, 0x0B, 0x73, 0xEB, 0x72,
    0xEA, 0x6A, 0xCA, 0x6A, 0xCB, 0x6A, 0xEB, 0x6A, 0xEA, 0x6A, 0xEA, 0x6A, 0xEA, 0x6A, 0x0B, 0x73,
    0xEB, 0x6A, 0x48, 0x52, 0xE7, 0x41, 0x07, 0x42, 0x48, 0x52, 0xC7, 0x41, 0xC7, 0x41, 0x48, 0x52,
    0x0B, 0x73, 0x4C, 0x7B, 0x0B, 0x73, 0xEB, 0x6A, 0xEA, 0x6A, 0xCA, 0x6A, 0xCA, 0x62, 0xAA, 0x5A,
    0x8A, 0x5A, 0x69, 0x5A, 0x49, 0x52, 0x49, 0x52, 0x28, 0x52, 0x28, 0x52, 0x28, 0x52, 0x28, 0x4A,
    0x28, 0x4A, 0x08, 0x4A, 0x08, 0x4A, 0x07, 0x4A, 0x07, 0x4A, 0x07, 0x4A, 0x07, 0x4A, 0x07, 0x4A,
    0x08, 0x4A, 0x08, 0x4A, 0x08, 0x4A, 0x28, 0x4A, 0x28, 0x4A, 0x28, 0x4A, 0x48, 0x4A, 0x28, 0x4A,
    0x07, 0x42, 0xE7, 0x41, 0xC7, 0x41, 0xC6, 0x39, 0xC7, 0x39, 0xC7, 0x41, 0xE7, 0x41, 0xE7, 0x41,
    0x28, 0x4A, 0xE7, 0x41, 0xC7, 0x41, 0xC7, 0x39, 0xC7, 0x39, 0xC7, 0x41, 0x08, 0x4A, 0xE7, 0x41,
    0xE7, 0x41, 0xE7, 0x41, 0x28, 0x4A, 0x08, 0x4A, 0x08, 0x4A, 0x49, 0x52, 0x49, 0x52, 0x49, 0x52,
    0x49, 0x52, 0x69, 0x52, 0x69, 0x5A, 0x8A, 0x5A, 0x69, 0x5A, 0x69, 0x5A, 0x69, 0x5A, 0x89, 0x5A,
    0x8A, 0x5A, 0xAA, 0x5A, 0xAA, 0x5A, 0xAA, 0x62, 0xAA, 0x62, 0xAA, 0x5A, 0x8A, 0x5A, 0x89, 0x5A,
    0x89, 0x52, 0x69, 0x52, 0x49, 0x52, 0x69, 0x52, 0x69, 0x52, 0x89, 0x5A, 0xCA, 0x5A, 0x0B, 0x63,
    0x2C, 0x6B, 0x0B, 0x63, 0xAA, 0x5A, 0x69, 0x52, 0x89, 0x52, 0x69, 0x52, 0x48, 0x4A, 0x49, 0x52,
    0x89, 0x52, 0xAA, 0x5A, 0x8A, 0x5A, 0x89, 0x52, 0x89, 0x52, 0x89, 0x52, 0x89, 0x52, 0x89, 0x52,
    0x89, 0x52, 0x89, 0x52, 0x69, 0x52, 0xAA, 0x5A, 0xCB, 0x5A, 0xAA, 0x5A, 0x8A, 0x52, 0x69, 0x52,
    0x8A, 0x52, 0x69, 0x52, 0xAA, 0x5A, 0xAA, 0x5A, 0xAA, 0x5A, 0xCB, 0x62, 0xEB, 0x62, 0x4D, 0x6B,
    0x4D, 0x63, 0x4D, 0x63, 0x4D, 0x6B, 0x4D, 0x6B, 0x4D, 0x6B, 0x4D, 0x6B, 0x4D, 0x6B, 0x6D, 0x6B,
    0x6D, 0x6B, 0x6D, 0x6B, 0x6D, 0x6B, 0x6D, 0x6B, 0x6D, 0x6B, 0x6D, 0x6B, 0x6D, 0x6B, 0x6D, 0x6B,
    0x6D, 0x6B, 0x6D, 0x6B, 0x6D, 0x6B, 0x6D, 0x6B, 0x6D, 0x6B, 0x6D, 0x6B, 0x6D, 0x6B, 0x6D, 0x6B,
    0x6D, 0x6B, 0x6D, 0x6B, 0x6D, 0x6B, 0x6D, 0x6B, 0x6D, 0x6B, 0x6D, 0x6B, 0x6D, 0x6B, 0x6D, 0x6B,
    0x6D, 0x6B, 0x6D, 0x6B, 0x6D, 0x6B, 0x6D, 0x6B, 0x6D, 0x6B, 0x6D, 0x6B, 0x6D, 0x6B, 0x6D, 0x6B,
    0x6D, 0x6B, 0x6D, 0x6B, 0x6D, 0x6B, 0x6D, 0x6B, 0x6D, 0x6B, 0x6D, 0x6B, 0x6D, 0x6B, 0x6D, 0x6B,
    0x6D, 0x6B, 0x6D, 0x6B, 0x6D, 0x6B, 0x6D, 0x6B, 0x6D, 0x6B, 0x6D, 0x6B, 0x6D, 0x6B, 0x6D, 0x6B,
    0x6D, 0x6B, 0x6D, 0x6B, 0x6D, 0x6B, 0x6D, 0x6B, 0x6D, 0x6B, 0x6D, 0x6B, 0x6D, 0x6B, 0x6D, 0x6B,
    0x6D, 0x6B, 0x6D, 0x6B, 0x6D, 0x6B, 0x6D, 0x6B, 0x6D, 0x6B, 0x6D, 0x6B, 0x6D, 0x6B, 0x6D, 0x6B,
    0x6D, 0x6B, 0x6D, 0x6B, 0x6D, 0x6B, 0x6D, 0x6B, 0x6D, 0x6B, 0x6D, 0x6B, 0x6D, 0x6B, 0x6D, 0x6B,
    0x6D, 0x6B, 0x6D, 0x6B, 0x6D, 0x6B, 0x6D, 0x6B, 0x6D, 0x6B, 0x6D, 0x6B, 0x6D, 0x6B, 0x6D, 0x6B,
    0x6D, 0x6B, 0x6D, 0x6B, 0x6D, 0x6B, 0x6D, 0x6B, 0x6D, 0x6B, 0x6D, 0x6B, 0x6D, 0x6B, 0x6D, 0x6B,
    0x6D, 0x6B, 0x6D, 0x6B, 0x6D, 0x6B, 0x6D, 0x6B, 0x6D, 0x6B, 0x6D, 0x6B, 0x6D, 0x6B, 0x6D, 0x6B,
    0x6D, 0x6B, 0x6D, 0x6B, 0x6D, 0x6B, 0x6D, 0x6B, 0x6D, 0x6B, 0x6D, 0x6B, 0x4D, 0x6B, 0x4D, 0x6B,
    0x4D, 0x6B, 0x4D, 0x6B, 0x4D, 0x63, 0x4D, 0x63, 0x4D, 0x63, 0x4D, 0x63, 0x4D, 0x63, 0x4D, 0x63,
    0x4D, 0x63, 0x4D, 0x63, 0x2D, 0x63, 0x0C, 0x63, 0x0C, 0x5B, 0xEB, 0x5A, 0xEB, 0x5A, 0xCB, 0x5A,
    0xAA, 0x52, 0x48, 0x4A, 0x48, 0x4A, 0x48, 0x4A, 0x69, 0x52, 0x69, 0x52, 0x69, 0x52, 0x49, 0x52,
    0x49, 0x52, 0x48, 0x4A, 0x49, 0x52, 0x48, 0x52, 0x49, 0x52, 0x49, 0x52, 0x49, 0x52, 0x49, 0x52,
    0x49, 0x52, 0x49, 0x52, 0x49, 0x52, 0x49, 0x52, 0x49, 0x52, 0x69, 0x52, 0x69, 0x52, 0x69, 0x52,
    0x69, 0x5A, 0x89, 0x5A, 0xCA, 0x62, 0x0B, 0x6B, 0x2C, 0x73, 0x6C, 0x7B, 0x8D, 0x7B, 0x8D, 0x7B,
    0x8D, 0x7B, 0x6C, 0x7B, 0x4C, 0x7B, 0x2C, 0x73, 0x2B, 0x73, 0x2B, 0x73, 0x0B, 0x73, 0x0B, 0x73,
    0x0B, 0x6B, 0x0B, 0x6B, 0x0B, 0x73, 0x0B, 0x73, 0x0B, 0x73, 0x2B, 0x7B, 0x2C, 0x7B, 0x4C, 0x7B,
    0x4C, 0x83, 0x6C, 0x83, 0x6C, 0x83, 0x8D, 0x83, 0x8D, 0x8B, 0x8D, 0x8B, 0x8D, 0x8B, 0x8D, 0x8B,
    0x6C, 0x83, 0x6C, 0x83, 0x4C, 0x83, 0x2B, 0x7B, 0x2B, 0x7B, 0x0B, 0x7B, 0x0B, 0x73, 0xEA, 0x72,
    0xCA, 0x6A, 0xCA, 0x6A, 0xCA, 0x6A, 0xCA, 0x6A, 0xCA, 0x6A, 0xEA, 0x6A, 0xEA, 0x6A, 0x0B, 0x73,
    0x0B, 0x73, 0xCA, 0x62, 0x07, 0x4A, 0xC7, 0x41, 0x28, 0x4A, 0x08, 0x4A, 0xA6, 0x41, 0xC6, 0x41,
    0x27, 0x4A, 0xA9, 0x62, 0xCA, 0x6A, 0xCA, 0x62, 0xAA, 0x62, 0xAA, 0x62, 0xAA, 0x62, 0x8A, 0x5A,
    0x69, 0x5A, 0x69, 0x5A, 0x49, 0x52, 0x49, 0x52, 0x28, 0x52, 0x28, 0x4A, 0x08, 0x4A, 0x08, 0x4A,
    0x07, 0x4A, 0xE7, 0x41, 0xE7, 0x41, 0xE7, 0x41, 0xE7, 0x49, 0x07, 0x4A, 0x07, 0x4A, 0x08, 0x4A,
    0x08, 0x4A, 0x08, 0x4A, 0x08, 0x4A, 0x28, 0x4A, 0x28, 0x4A, 0x28, 0x4A, 0x08, 0x4A, 0x07, 0x42,
    0x07, 0x42, 0x07, 0x42, 0xE7, 0x41, 0xE7, 0x41, 0x07, 0x42, 0x28, 0x4A, 0x49, 0x52, 0x69, 0x52,
    0x49, 0x52, 0xE7, 0x41, 0xC7, 0x39, 0xC7, 0x41, 0xC7, 0x39, 0xC7, 0x39, 0xE7, 0x41, 0x08, 0x4A,
    0xE7, 0x41, 0xE7, 0x49, 0x08, 0x4A, 0x08, 0x4A, 0x08, 0x4A, 0x28, 0x4A, 0x49, 0x52, 0x48, 0x52,
    0x48, 0x52, 0x48, 0x52, 0x49, 0x52, 0x69, 0x52, 0x69, 0x5A, 0x69, 0x5A, 0x69, 0x5A, 0x69, 0x5A,
    0x69, 0x5A, 0x69, 0x5A, 0x69, 0x5A, 0x69, 0x5A, 0x69, 0x5A, 0x89, 0x5A, 0x89, 0x5A, 0xAA, 0x5A,
    0xAA, 0x5A, 0xCA, 0x62, 0xCB, 0x62, 0xEB, 0x62, 0x0B, 0x6B, 0x0B, 0x63, 0xEB, 0x62, 0xCA, 0x5A,
    0x8A, 0x5A, 0x89, 0x52, 0x89, 0x52, 0x8A, 0x5A, 0x49, 0x52, 0x28, 0x4A, 0x69, 0x52, 0x8A, 0x5A,
    0xAA, 0x5A, 0x8A, 0x5A, 0x8A, 0x5A, 0x8A, 0x5A, 0x89, 0x52, 0x89, 0x52, 0x89, 0x52, 0x89, 0x52,
    0x89, 0x52, 0x89, 0x52, 0xAA, 0x5A, 0xCA, 0x5A, 0xAA, 0x5A, 0x8A, 0x52, 0x69, 0x52, 0xAA, 0x52,
    0x8A, 0x52, 0xAA, 0x52, 0xCB, 0x5A, 0xCB, 0x5A, 0xEB, 0x62, 0xCB, 0x5A, 0x2C, 0x63, 0x4D, 0x6B,
    0x4D, 0x6B, 0x4D, 0x6B, 0x4D, 0x6B, 0x4D, 0x6B, 0x4D, 0x6B, 0x4D, 0x6B, 0x6D, 0x6B, 0x6D, 0x6B,
    0x6D, 0x6B, 0x6D, 0x6B, 0x6D, 0x6B, 0x6D, 0x6B, 0x6D, 0x6B, 0x6D, 0x6B, 0x6D, 0x6B, 0x6D, 0x6B,
    0x6D, 0x6B, 0x6D, 0x6B, 0x6D, 0x6B, 0x6D, 0x6B, 0x6D, 0x6B, 0x6D, 0x6B, 0x6D, 0x6B, 0x6D, 0x6B,
    0x6D, 0x6B, 0x6D, 0x6B, 0x6D, 0x6B, 0x6D, 0x6B, 0x6D, 0x6B, 0x6D, 0x6B, 0x6D, 0x6B, 0x6D, 0x6B,
    0x6D, 0x6B, 0x6D, 0x6B, 0x6D, 0x6B, 0x6D, 0x6B, 0x6D, 0x6B, 0x6D, 0x6B, 0x6D, 0x6B, 0x6D, 0x6B,
    0x6D, 0x6B, 0x6D, 0x6B, 0x6D, 0x6B, 0x6D, 0x6B, 0x6D, 0x6B, 0x6D, 0x6B, 0x6D, 0x6B, 0x6D, 0x6B,
    0x6D, 0x6B, 0x6D, 0x6B, 0x6D, 0x6B, 0x6D, 0x6B, 0x6D, 0x6B, 0x6D, 0x6B, 0x6D, 0x6B, 0x6D, 0x6B,
    0x6D, 0x6B, 0x6D, 0x6B, 0x6D, 0x6B, 0x6D, 0x6B, 0x6D, 0x6B, 0x6D, 0x6B, 0x6D, 0x6B, 0x6D, 0x6B,
    0x6D, 0x6B, 0x6D, 0x6B, 0x6D, 0x6B, 0x6D, 0x6B, 0x6D, 0x6B, 0x6D, 0x6B, 0x6D, 0x6B, 0x6D, 0x6B,
    0x6D, 0x6B, 0x6D, 0x6B, 0x6D, 0x6B, 0x6D, 0x6B, 0x6D, 0x6B, 0x6D, 0x6B, 0x6D, 0x6B, 0x6D, 0x6B,
    0x6D, 0x6B, 0x6D, 0x6B, 0x6D, 0x6B, 0x6D, 0x6B, 0x6D, 0x6B, 0x6D, 0x6B, 0x6D, 0x6B, 0x6D, 0x6B,
    0x6D, 0x6B, 0x6D, 0x6B, 0x6D, 0x6B, 0x6D, 0x6B, 0x6D, 0x6B, 0x6D, 0x6B, 0x6D, 0x6B, 0x6D, 0x6B,
    0x6D, 0x6B, 0x6D, 0x6B, 0x6D, 0x6B, 0x6D, 0x6B, 0x6D, 0x6B, 0x6D, 0x6B, 0x6D, 0x6B, 0x6D, 0x6B,
    0x6D, 0x6B, 0x6D, 0x6B, 0x6D, 0x6B, 0x6D, 0x6B, 0x6D, 0x6B, 0x6D, 0x6B, 0x6D, 0x6B, 0x4D, 0x6B,
    0x4D, 0x6B, 0x4D, 0x6B, 0x4D, 0x6B, 0x4D, 0x63, 0x4D, 0x63, 0x4D, 0x63, 0x4D, 0x63, 0x4D, 0x63,
    0x2D, 0x63, 0x4D, 0x63, 0x4D, 0x63, 0x4D, 0x6B, 0x2D, 0x63, 0x2C, 0x63, 0x0C, 0x63, 0x0C, 0x5B,
    0xCB, 0x5A, 0x48, 0x4A, 0x49, 0x4A, 0x48, 0x4A, 0x49, 0x4A, 0x49, 0x4A, 0x49, 0x52, 0x49, 0x52,
    0x49, 0x52, 0x48, 0x4A, 0x49, 0x52, 0x49, 0x52, 0x49, 0x52, 0x49, 0x52, 0x49, 0x52, 0x49, 0x52,
    0x49, 0x52, 0x49, 0x52, 0x49, 0x52, 0x49, 0x52, 0x49, 0x52, 0x69, 0x52, 0x69, 0x52, 0x69, 0x5A,
    0x69, 0x5A, 0x89, 0x5A, 0xCA, 0x62, 0x0B, 0x6B, 0x2C, 0x73, 0x6C, 0x7B, 0x8D, 0x83, 0x8D, 0x83,
    0x8D, 0x83, 0x8D, 0x7B, 0x6C, 0x7B, 0x4C, 0x73, 0x2C, 0x73, 0x2B, 0x73, 0x0B, 0x73, 0x0B, 0x73,
    0x0B, 0x73, 0x0B, 0x73, 0x0B, 0x73, 0x0B, 0x73, 0x0B, 0x73, 0x0B, 0x73, 0x2B, 0x7B, 0x2B, 0x7B,
    0x2C, 0x7B, 0x2C, 0x7B, 0x4C, 0x7B, 0x4C, 0x83, 0x4C, 0x83, 0x4C, 0x83, 0x4C, 0x83, 0x4C, 0x83,
    0x4B, 0x7B, 0x2B, 0x7B, 0x2B, 0x7B, 0x2B, 0x7B, 0x0B, 0x73, 0x0B, 0x73, 0xEA, 0x72, 0xCA, 0x6A,
    0xCA, 0x62, 0xCA, 0x62, 0xCA, 0x62, 0xCA, 0x6A, 0xCA, 0x6A, 0xCA, 0x6A, 0xEA, 0x6A, 0x0B, 0x6B,
    0x2B, 0x73, 0xEB, 0x6A, 0x49, 0x5A, 0xE7, 0x41, 0xE7, 0x41, 0x28, 0x42, 0xC7, 0x39, 0xA6, 0x39,
    0xC7, 0x41, 0xE7, 0x49, 0x28, 0x52, 0x89, 0x5A, 0x69, 0x5A, 0x89, 0x5A, 0x69, 0x5A, 0x69, 0x52,
    0x49, 0x52, 0x28, 0x52, 0x08, 0x4A, 0x08, 0x4A, 0x08, 0x4A, 0x07, 0x4A, 0x07, 0x4A, 0x07, 0x4A,
    0xE7, 0x41, 0xE7, 0x41, 0xE7, 0x41, 0xE7, 0x41, 0x07, 0x4A, 0x07, 0x4A, 0x07, 0x4A, 0x07, 0x4A,
    0x08, 0x4A, 0x08, 0x4A, 0x07, 0x42, 0x08, 0x4A, 0x28, 0x4A, 0x28, 0x4A, 0x28, 0x4A, 0x28, 0x4A,
    0x28, 0x4A, 0x28, 0x4A, 0x49, 0x4A, 0x69, 0x52, 0x89, 0x52, 0x89, 0x52, 0x69, 0x52, 0x48, 0x4A,
    0x08, 0x4A, 0xE7, 0x41, 0xC7, 0x41, 0xC7, 0x41, 0xC7, 0x39, 0xC7, 0x41, 0xC6, 0x39, 0x07, 0x42,
    0x07, 0x4A, 0xE7, 0x41, 0x28, 0x4A, 0x08, 0x4A, 0x08, 0x4A, 0x08, 0x4A, 0x28, 0x52, 0x49, 0x52,
    0x28, 0x52, 0x28, 0x52, 0x28, 0x52, 0x28, 0x52, 0x49, 0x52, 0x49, 0x52, 0x49, 0x52, 0x49, 0x52,
    0x69, 0x52, 0x69, 0x52, 0x69, 0x52, 0x69, 0x5A, 0x89, 0x5A, 0x89, 0x5A, 0xAA, 0x5A, 0xAA, 0x5A,
    0xAA, 0x62, 0xAA, 0x62, 0xAA, 0x5A, 0x8A, 0x5A, 0x69, 0x5A, 0x69, 0x5A, 0x89, 0x5A, 0x89, 0x52,
    0x89, 0x52, 0x69, 0x52, 0x28, 0x4A, 0x28, 0x4A, 0x48, 0x4A, 0x89, 0x52, 0xAA, 0x5A, 0xAA, 0x5A,
    0x8A, 0x5A, 0x8A, 0x5A, 0x8A, 0x5A, 0x8A, 0x5A, 0x89, 0x52, 0x89, 0x52, 0x89, 0x52, 0x89, 0x52,
    0x89, 0x52, 0xAA, 0x5A, 0xCA, 0x5A, 0xAA, 0x5A, 0x89, 0x52, 0x69, 0x52, 0xAA, 0x52, 0x8A, 0x52,
    0x8A, 0x52, 0xCB, 0x5A, 0xCB, 0x5A, 0xEB, 0x62, 0xEB, 0x5A, 0x0C, 0x63, 0x4D, 0x6B, 0x4D, 0x6B,
    0x4D, 0x6B, 0x4D, 0x6B, 0x4D, 0x6B, 0x4D, 0x6B, 0x4D, 0x6B, 0x6D, 0x6B, 0x6D, 0x6B, 0x6D, 0x6B,
    0x6D, 0x6B, 0x6D, 0x6B, 0x6D, 0x6B, 0x6D, 0x6B, 0x6D, 0x6B, 0x6D, 0x6B, 0x6D, 0x6B, 0x6D, 0x6B,
    0x6D, 0x6B, 0x6D, 0x6B, 0x6D, 0x6B, 0x6D, 0x6B, 0x6D, 0x6B, 0x6D, 0x6B, 0x6D, 0x6B, 0x6D, 0x6B,
    0x6D, 0x6B, 0x6D, 0x6B, 0x6D, 0x6B, 0x6D, 0x6B, 0x6D, 0x6B, 0x6D, 0x6B, 0x6D, 0x6B, 0x6D, 0x6B,
    0x6D, 0x6B, 0x6D, 0x6B, 0x6D, 0x6B, 0x6D, 0x6B, 0x6D, 0x6B, 0x6D, 0x6B, 0x6D, 0x6B, 0x6D, 0x6B,
    0x6D, 0x6B, 0x6D, 0x6B, 0x6D, 0x6B, 0x6D, 0x6B, 0x6D, 0x6B, 0x6D, 0x6B, 0x6D, 0x6B, 0x6D, 0x6B,
    0x6D, 0x6B, 0x6D, 0x6B, 0x6D, 0x6B, 0x6D, 0x6B, 0x6D, 0x6B, 0x6D, 0x6B, 0x6D, 0x6B, 0x6D, 0x6B,
    0x6D, 0x6B, 0x6D, 0x6B, 0x6D, 0x6B, 0x6D, 0x6B, 0x6D, 0x6B, 0x6D, 0x6B, 0x6D, 0x6B, 0x6D, 0x6B,
    0x6D, 0x6B, 0x6D, 0x6B, 0x6D, 0x6B, 0x6D, 0x6B, 0x6D, 0x6B, 0x6D, 0x6B, 0x6D, 0x6B, 0x6D, 0x6B,
    0x6D, 0x6B, 0x6D, 0x6B, 0x6D, 0x6B, 0x6D, 0x6B, 0x6D, 0x6B, 0x6D, 0x6B, 0x6D, 0x6B, 0x6D, 0x6B,
    0x6D, 0x6B, 0x6D, 0x6B, 0x6D, 0x6B, 0x6D, 0x6B, 0x6D, 0x6B, 0x6D, 0x6B, 0x6D, 0x6B, 0x6D, 0x6B,
    0x6D, 0x6B, 0x6D, 0x6B, 0x6D, 0x6B, 0x6D, 0x6B, 0x6D, 0x6B, 0x6D, 0x6B, 0x6D, 0x6B, 0x6D, 0x6B,
    0x6D, 0x6B, 0x6D, 0x6B, 0x6D, 0x6B, 0x6D, 0x6B, 0x6D, 0x6B, 0x6D, 0x6B, 0x6D, 0x6B, 0x6D, 0x6B,
    0x6D, 0x6B, 0x6D, 0x6B, 0x6D, 0x6B, 0x6D, 0x6B, 0x6D, 0x6B, 0x6D, 0x6B, 0x6D, 0x6B, 0x6D, 0x6B,
    0x6D, 0x6B, 0x4D, 0x6B, 0x4D, 0x6B, 0x4D, 0x63, 0x4D, 0x63, 0x4D, 0x63, 0x4D, 0x63, 0x4D, 0x63,
    0x4D, 0x63, 0x4D, 0x6B, 0x4D, 0x63, 0x4D, 0x63, 0x4D, 0x63, 0x4D, 0x63, 0x4D, 0x63, 0x4D, 0x6B,
    0xCB, 0x5A, 0x48, 0x4A, 0x49, 0x52, 0x49, 0x4A, 0x49, 0x4A, 0x49, 0x4A, 0x49, 0x52, 0x49, 0x52,
    0x49, 0x52, 0x49, 0x52, 0x49, 0x52, 0x69, 0x52, 0x69, 0x52, 0x69, 0x52, 0x49, 0x52, 0x49, 0x52,
    0x49, 0x52, 0x69, 0x52, 0x69, 0x52, 0x49, 0x52, 0x69, 0x52, 0x69, 0x52, 0x69, 0x52, 0x69, 0x5A,
    0x69, 0x5A, 0x89, 0x5A, 0xCA, 0x62, 0x0B, 0x6B, 0x2C, 0x73, 0x6C, 0x7B, 0x8D, 0x83, 0xAD, 0x83,
    0x8D, 0x83, 0x8D, 0x83, 0x6D, 0x7B, 0x4C, 0x7B, 0x2B, 0x73, 0x2B, 0x73, 0x2B, 0x73, 0x0B, 0x73,
    0x0B, 0x73, 0x0B, 0x73, 0x0B, 0x73, 0x0B, 0x73, 0x0B, 0x73, 0x0B, 0x73, 0x0B, 0x73, 0x2B, 0x73,
    0x0B, 0x73, 0x2B, 0x73, 0x2B, 0x73, 0x2B, 0x7B, 0x2B, 0x7B, 0x2B, 0x7B, 0x2B, 0x7B, 0x2B, 0x7B,
    0x2B, 0x7B, 0x2B, 0x7B, 0x0B, 0x73, 0x0B, 0x73, 0xEB, 0x72, 0xEA, 0x6A, 0xCA, 0x6A, 0xCA, 0x6A,
    0xAA, 0x62, 0xAA, 0x62, 0xCA, 0x62, 0xAA, 0x62, 0xCA, 0x62, 0xCA, 0x6A, 0xCA, 0x6A, 0xEA, 0x6A,
    0xEA, 0x6A, 0xEA, 0x6A, 0x8A, 0x62, 0x28, 0x4A, 0xE7, 0x41, 0xE7, 0x41, 0xE7, 0x41, 0xA6, 0x39,
    0xA6, 0x39, 0xC7, 0x41, 0xE7, 0x41, 0x07, 0x4A, 0x28, 0x4A, 0x28, 0x4A, 0x08, 0x4A, 0x08, 0x4A,
    0x07, 0x4A, 0xE7, 0x49, 0xE7, 0x41, 0xE7, 0x41, 0xE7, 0x41, 0xE7, 0x41, 0xE7, 0x41, 0xE7, 0x41,
    0xE7, 0x41, 0xE7, 0x41, 0xE7, 0x41, 0xE7, 0x41, 0x07, 0x4A, 0x07, 0x4A, 0x07, 0x4A, 0x07, 0x4A,
    0x07, 0x42, 0x07, 0x42, 0x07, 0x42, 0x08, 0x4A, 0x08, 0x4A, 0x07, 0x42, 0x48, 0x4A, 0x69, 0x52,
    0x69, 0x52, 0x89, 0x52, 0x89, 0x52, 0x69, 0x52, 0x49, 0x4A, 0x48, 0x4A, 0x28, 0x4A, 0x49, 0x4A,
    0x49, 0x52, 0xE7, 0x41, 0xC7, 0x41, 0xC7, 0x41, 0xC7, 0x39, 0xC7, 0x39, 0xC6, 0x39, 0xE7, 0x41,
    0x07, 0x4A, 0x07, 0x4A, 0x08, 0x4A, 0x28, 0x52, 0x08, 0x4A, 0x08, 0x4A, 0x08, 0x4A, 0x28, 0x52,
    0x28, 0x52, 0x28, 0x4A, 0x28, 0x52, 0x28, 0x52, 0x28, 0x52, 0x28, 0x52, 0x28, 0x52, 0x28, 0x52,
    0x28, 0x52, 0x48, 0x52, 0x48, 0x52, 0x48, 0x52, 0x48, 0x52, 0x49, 0x52, 0x48, 0x52, 0x48, 0x52,
    0x48, 0x52, 0x48, 0x52, 0x49, 0x52, 0x49, 0x52, 0x49, 0x52, 0x49, 0x52, 0x48, 0x52, 0x28, 0x4A,
    0x08, 0x4A, 0x28, 0x4A, 0x48, 0x52, 0x89, 0x52, 0x8A, 0x5A, 0x8A, 0x5A, 0x89, 0x52, 0x8A, 0x5A,
    0x8A, 0x5A, 0x8A, 0x5A, 0x8A, 0x5A, 0x8A, 0x5A, 0x8A, 0x5A, 0x89, 0x52, 0x89, 0x52, 0xAA, 0x5A,
    0xCA, 0x5A, 0xCA, 0x5A, 0x8A, 0x5A, 0x69, 0x52, 0x89, 0x52, 0xAA, 0x5A, 0x8A, 0x52, 0x8A, 0x52,
    0xCB, 0x5A, 0xCB, 0x5A, 0xEB, 0x62, 0xEB, 0x5A, 0x0C, 0x63, 0x4D, 0x6B, 0x4D, 0x6B, 0x4D, 0x6B,
    0x4D, 0x6B, 0x4D, 0x6B, 0x6D, 0x6B, 0x6D, 0x6B, 0x6D, 0x6B, 0x6D, 0x6B, 0x6D, 0x6B, 0x6D, 0x6B,
    0x6D, 0x6B, 0x6D, 0x6B, 0x6D, 0x6B, 0x6D, 0x6B, 0x6D, 0x6B, 0x6D, 0x6B, 0x6D, 0x6B, 0x6D, 0x6B,
    0x6D, 0x6B, 0x6D, 0x6B, 0x6D, 0x6B, 0x6D, 0x6B, 0x6D, 0x6B, 0x6D, 0x6B, 0x6D, 0x6B, 0x6D, 0x6B,
    0x6D, 0x6B, 0x6D, 0x6B, 0x6D, 0x6B, 0x6D, 0x6B, 0x6D, 0x6B, 0x6D, 0x6B, 0x6D, 0x6B, 0x6D, 0x6B,
    0x6D, 0x6B, 0x6D, 0x6B, 0x6D, 0x6B, 0x6D, 0x6B, 0x6D, 0x6B, 0x6D, 0x6B, 0x6D, 0x6B, 0x6D, 0x6B,
    0x6D, 0x6B, 0x6D, 0x6B, 0x6D, 0x6B, 0x6D, 0x6B, 0x6D, 0x6B, 0x6D, 0x6B, 0x6D, 0x6B, 0x6D, 0x6B,
    0x6D, 0x6B, 0x6D, 0x6B, 0x6D, 0x6B, 0x6D, 0x6B, 0x6D, 0x6B, 0x6D, 0x6B, 0x6D, 0x6B, 0x6D, 0x6B,
    0x6D, 0x6B, 0x6D, 0x6B, 0x6D, 0x6B, 0x6D, 0x6B, 0x6D, 0x6B, 0x6D, 0x6B, 0x6D, 0x6B, 0x6D, 0x6B,
    0x6D, 0x6B, 0x6D, 0x6B, 0x6D, 0x6B, 0x6D, 0x6B, 0x6D, 0x6B, 0x6D, 0x6B, 0x6D, 0x6B, 0x6D, 0x6B,
    0x6D, 0x6B, 0x6D, 0x6B, 0x6D, 0x6B, 0x6D, 0x6B, 0x6D, 0x6B, 0x6D, 0x6B, 0x6D, 0x6B, 0x6D, 0x6B,
    0x6D, 0x6B, 0x6D, 0x6B, 0x6D, 0x6B, 0x6D, 0x6B, 0x6D, 0x6B, 0x6D, 0x6B, 0x6D, 0x6B, 0x6D, 0x6B,
    0x6D, 0x6B, 0x6D, 0x6B, 0x6D, 0x6B, 0x6D, 0x6B, 0x6D, 0x6B, 0x6D, 0x6B, 0x6D, 0x6B, 0x6D, 0x6B,
    0x6D, 0x6B, 0x6D, 0x6B, 0x6D, 0x6B, 0x6D, 0x6B, 0x6D, 0x6B, 0x6D, 0x6B, 0x6D, 0x6B, 0x6D, 0x6B,
    0x6D, 0x6B, 0x6D, 0x6B, 0x6D, 0x6B, 0x6D, 0x6B, 0x4D, 0x6B, 0x6D, 0x6B, 0x6D, 0x6B, 0x6D, 0x6B,
    0x6D, 0x6B, 0x6D, 0x6B, 0x4D, 0x6B, 0x4D, 0x6B, 0x4D, 0x6B, 0x4D, 0x6B, 0x4D, 0x6B, 0x4D, 0x6B,
    0x4D, 0x6B, 0x4D, 0x6B, 0x4D, 0x6B, 0x4D, 0x6B, 0x4D, 0x63, 0x4D, 0x63, 0x4D, 0x63, 0x4D, 0x6B,
    0xAA, 0x52, 0x48, 0x4A, 0x69, 0x52, 0x69, 0x52, 0x69, 0x52, 0x69, 0x52, 0x69, 0x52, 0x69, 0x52,
    0x49, 0x52, 0x49, 0x52, 0x49, 0x52, 0x69, 0x52, 0x69, 0x52, 0x49, 0x52, 0x49, 0x52, 0x69, 0x52,
    0x69, 0x52, 0x69, 0x52, 0x69, 0x52, 0x69, 0x52, 0x69, 0x52, 0x69, 0x52, 0x69, 0x52, 0x69, 0x5A,
    0x69, 0x5A, 0x89, 0x5A, 0xCA, 0x62, 0x0B, 0x6B, 0x2C, 0x73, 0x6C, 0x7B, 0x8D, 0x83, 0x8D, 0x83,
    0x8D, 0x83, 0x8D, 0x83, 0x6C, 0x7B, 0x4C, 0x7B, 0x2C, 0x7B, 0x2B, 0x73, 0x2B, 0x73, 0x0B, 0x73,
    0x0B, 0x73, 0x0B, 0x73, 0x0B, 0x73, 0x0B, 0x73, 0x0B, 0x73, 0x0B, 0x73, 0x0B, 0x73, 0x0B, 0x73,
    0x0B, 0x73, 0x0B, 0x73, 0x0B, 0x73, 0x0B, 0x73, 0x0B, 0x73, 0x0B, 0x73, 0x0B, 0x73, 0x0B, 0x73,
    0x0B, 0x73, 0xEB, 0x72, 0xEA, 0x72, 0xEA, 0x6A, 0xCA, 0x6A, 0xCA, 0x6A, 0xAA, 0x62, 0xAA, 0x62,
    0xAA, 0x62, 0xAA, 0x62, 0xAA, 0x62, 0xA9, 0x62, 0xA9, 0x62, 0xA9, 0x62, 0xA9, 0x62, 0xA9, 0x62,
    0xAA, 0x6A, 0xCA, 0x6A, 0xAA, 0x62, 0x69, 0x5A, 0x08, 0x42, 0xE7, 0x41, 0x08, 0x42, 0xC7, 0x39,
    0xA7, 0x39, 0xC7, 0x39, 0xC7, 0x39, 0xC7, 0x39, 0xC7, 0x41, 0xE7, 0x41, 0xE7, 0x41, 0xE7, 0x41,
    0xC7, 0x41, 0xC7, 0x41, 0xC7, 0x41, 0xE7, 0x41, 0xE7, 0x41, 0xE7, 0x41, 0x07, 0x4A, 0x07, 0x4A,
    0x07, 0x4A, 0x07, 0x4A, 0xE7, 0x41, 0xE7, 0x41, 0xE7, 0x41, 0x07, 0x4A, 0x07, 0x4A, 0x07, 0x4A,
    0x07, 0x42, 0x07, 0x42, 0x07, 0x42, 0x08, 0x4A, 0x28, 0x4A, 0x07, 0x42, 0x08, 0x42, 0x69, 0x52,
    0x69, 0x52, 0x69, 0x52, 0x49, 0x4A, 0x48, 0x52, 0x69, 0x52, 0x69, 0x52, 0x69, 0x52, 0x49, 0x4A,
    0xE7, 0x41, 0xC7, 0x41, 0xC7, 0x41, 0xC7, 0x39, 0xC7, 0x39, 0xC7, 0x39, 0xC6, 0x39, 0xC7, 0x41,
    0x07, 0x42, 0x07, 0x4A, 0xE7, 0x49, 0x28, 0x52, 0x08, 0x4A, 0x08, 0x4A, 0x08, 0x4A, 0x28, 0x4A,
    0x28, 0x4A, 0x28, 0x52, 0x28, 0x4A, 0x28, 0x52, 0x28, 0x52, 0x28, 0x4A, 0x28, 0x52, 0x28, 0x52,
    0x28, 0x52, 0x28, 0x52, 0x28, 0x52, 0x28, 0x52, 0x28, 0x52, 0x28, 0x52, 0x28, 0x4A, 0x28, 0x4A,
    0x28, 0x4A, 0x28, 0x4A, 0x28, 0x4A, 0x28, 0x4A, 0x08, 0x4A, 0x07, 0x4A, 0x07, 0x4A, 0x28, 0x4A,
    0x69, 0x52, 0x89, 0x52, 0x8A, 0x5A, 0x89, 0x52, 0x89, 0x52, 0x8A, 0x5A, 0x8A, 0x5A, 0xAA, 0x5A,
    0x8A, 0x5A, 0xAA, 0x5A, 0xAA, 0x5A, 0xAA, 0x5A, 0xAA, 0x5A, 0x8A, 0x5A, 0xCA, 0x5A, 0xEB, 0x62,
    0xAA, 0x5A, 0x89, 0x52, 0x69, 0x52, 0x8A, 0x5A, 0xAA, 0x5A, 0x69, 0x52, 0x8A, 0x52, 0xCB, 0x5A,
    0xCB, 0x5A, 0x0C, 0x63, 0xEC, 0x5A, 0x0C, 0x63, 0x4D, 0x6B, 0x6D, 0x6B, 0x4D, 0x6B, 0x4D, 0x6B,
    0x4D, 0x6B, 0x6D, 0x6B, 0x6D, 0x6B, 0x6D, 0x6B, 0x6D, 0x6B, 0x6D, 0x6B, 0x6D, 0x6B, 0x6D, 0x6B,
    0x6D, 0x6B, 0x6D, 0x6B, 0x6D, 0x6B, 0x6D, 0x6B, 0x6D, 0x6B, 0x6D, 0x6B, 0x6D, 0x6B, 0x6D, 0x6B,
    0x6D, 0x6B, 0x6D, 0x6B, 0x6D, 0x6B, 0x6D, 0x6B, 0x6D, 0x6B, 0x6D, 0x6B, 0x6D, 0x6B, 0x6D, 0x6B,
    0x6D, 0x6B, 0x6D, 0x6B, 0x6D, 0x6B, 0x6D, 0x6B, 0x6D, 0x6B, 0x6D, 0x6B, 0x6D, 0x6B, 0x6D, 0x6B,
    0x6D, 0x6B, 0x6D, 0x6B, 0x6D, 0x6B, 0x6D, 0x6B, 0x6D, 0x6B, 0x6D, 0x6B, 0x6D, 0x6B, 0x6D, 0x6B,
    0x6D, 0x6B, 0x6D, 0x6B, 0x6D, 0x6B, 0x6D, 0x6B, 0x6D, 0x6B, 0x6D, 0x6B, 0x6D, 0x6B, 0x6D, 0x6B,
    0x6D, 0x6B, 0x6D, 0x6B, 0x6D, 0x6B, 0x6D, 0x6B, 0x6D, 0x6B, 0x6D, 0x6B, 0x6D, 0x6B, 0x6D, 0x6B,
    0x6D, 0x6B, 0x6D, 0x6B, 0x6D, 0x6B, 0x6D, 0x6B, 0x6D, 0x6B, 0x6D, 0x6B, 0x6D, 0x6B, 0x6D, 0x6B,
    0x6D, 0x6B, 0x6D, 0x6B, 0x6D, 0x6B, 0x6D, 0x6B, 0x6D, 0x6B, 0x6D, 0x6B, 0x6D, 0x6B, 0x6D, 0x6B,
    0x6D, 0x6B, 0x6D, 0x6B, 0x6D, 0x6B, 0x6D, 0x6B, 0x6D, 0x6B, 0x6D, 0x6B, 0x6D, 0x6B, 0x6D, 0x6B,
    0x6D, 0x6B, 0x6D, 0x6B, 0x6D, 0x6B, 0x6D, 0x6B, 0x6D, 0x6B, 0x6D, 0x6B, 0x6D, 0x6B, 0x6D, 0x6B,
    0x6D, 0x6B, 0x6D, 0x6B, 0x6D, 0x6B, 0x6D, 0x6B, 0x6D, 0x6B, 0x6D, 0x6B, 0x6D, 0x6B, 0x6D, 0x6B,
    0x6D, 0x6B, 0x6D, 0x6B, 0x6D, 0x6B, 0x6D, 0x6B, 0x6D, 0x6B, 0x6D, 0x6B, 0x6D, 0x6B, 0x6D, 0x6B,
    0x6D, 0x6B, 0x6D, 0x6B, 0x6D, 0x6B, 0x6D, 0x6B, 0x6D, 0x6B, 0x6D, 0x6B, 0x6D, 0x6B, 0x6D, 0x6B,
    0x6D, 0x6B, 0x6D, 0x6B, 0x6D, 0x6B, 0x4D, 0x6B, 0x4D, 0x6B, 0x4D, 0x6B, 0x4D, 0x6B, 0x4D, 0x6B,
    0x4D, 0x6B, 0x4D, 0x6B, 0x4D, 0x6B, 0x4D, 0x6B, 0x4D, 0x6B, 0x4D, 0x6B, 0x4D, 0x63, 0x4D, 0x63,
    0xAA, 0x52, 0x69, 0x4A, 0x69, 0x52, 0x69, 0x52, 0x69, 0x52, 0x69, 0x52, 0x69, 0x52, 0x69, 0x52,
    0x69, 0x52, 0x49, 0x52, 0x69, 0x52, 0x69, 0x52, 0x69, 0x52, 0x69, 0x52, 0x69, 0x52, 0x69, 0x52,
    0x69, 0x52, 0x69, 0x52, 0x69, 0x52, 0x69, 0x52, 0x69, 0x52, 0x69, 0x52, 0x69, 0x52, 0x69, 0x5A,
    0x69, 0x5A, 0x89, 0x5A, 0xCA, 0x62, 0xEB, 0x6A, 0x2B, 0x73, 0x6C, 0x7B, 0x8D, 0x83, 0xAD, 0x83,
    0x8D, 0x83, 0x8D, 0x83, 0x8D, 0x83, 0x6C, 0x7B, 0x4C, 0x7B, 0x2B, 0x73, 0x2B, 0x73, 0x2B, 0x73,
    0x0B, 0x73, 0x0B, 0x73, 0x0B, 0x73, 0x0B, 0x73, 0x0B, 0x73, 0x0B, 0x73, 0x0B, 0x73, 0x0B, 0x73,
    0x0B, 0x73, 0x0B, 0x73, 0x0B, 0x73, 0x0B, 0x73, 0x0B, 0x73, 0xEB, 0x72, 0xEB, 0x72, 0xEA, 0x72,
    0xEA, 0x6A, 0xEA, 0x6A, 0xCA, 0x6A, 0xCA, 0x6A, 0xAA, 0x6A, 0xAA, 0x62, 0xA9, 0x62, 0xAA, 0x62,
    0xA9, 0x62, 0x89, 0x62, 0x89, 0x62, 0x89, 0x5A, 0x89, 0x5A, 0x89, 0x5A, 0x89, 0x5A, 0x89, 0x5A,
    0x89, 0x5A, 0x89, 0x5A, 0x89, 0x62, 0x89, 0x5A, 0x48, 0x52, 0xE7, 0x41, 0xE7, 0x41, 0xE8, 0x41,
    0xA6, 0x39, 0xA7, 0x39, 0xA7, 0x39, 0xA7, 0x39, 0xA7, 0x39, 0xA7, 0x39, 0xA7, 0x39, 0xA6, 0x39,
    0xC6, 0x41, 0xE7, 0x41, 0xE7, 0x41, 0x07, 0x4A, 0x08, 0x4A, 0x08, 0x4A, 0x08, 0x4A, 0x07, 0x4A,
    0x07, 0x4A, 0x07, 0x4A, 0xE7, 0x41, 0xE7, 0x41, 0xE7, 0x41, 0xE7, 0x41, 0x07, 0x4A, 0x07, 0x4A,
    0x07, 0x42, 0x07, 0x42, 0x07, 0x42, 0x08, 0x4A, 0x08, 0x4A, 0x28, 0x4A, 0x07, 0x42, 0xE7, 0x41,
    0x28, 0x4A, 0x69, 0x52, 0x89, 0x52, 0x89, 0x52, 0xAA, 0x5A, 0x89, 0x52, 0x28, 0x4A, 0xE7, 0x41,
    0x08, 0x42, 0x08, 0x42, 0xC7, 0x39, 0xC7, 0x39, 0xC7, 0x39, 0xC6, 0x39, 0xC6, 0x39, 0xC6, 0x39,
    0xC7, 0x41, 0xE7, 0x41, 0xE7, 0x49, 0x08, 0x4A, 0x48, 0x52, 0x07, 0x4A, 0x08, 0x4A, 0x08, 0x4A,
    0x08, 0x4A, 0x28, 0x4A, 0x28, 0x52, 0x28, 0x4A, 0x28, 0x4A, 0x28, 0x52, 0x28, 0x4A, 0x28, 0x52,
    0x28, 0x52, 0x28, 0x52, 0x28, 0x52, 0x28, 0x52, 0x28, 0x52, 0x28, 0x52, 0x28, 0x52, 0x28, 0x52,
    0x28, 0x4A, 0x28, 0x4A, 0x28, 0x52, 0x28, 0x4A, 0x28, 0x52, 0x49, 0x52, 0x49, 0x52, 0x69, 0x52,
    0x89, 0x5A, 0x89, 0x5A, 0x89, 0x52, 0x89, 0x52, 0x89, 0x52, 0x8A, 0x5A, 0x8A, 0x5A, 0xAA, 0x5A,
    0xAA, 0x5A, 0xAA, 0x5A, 0xAA, 0x5A, 0x8A, 0x5A, 0xAA, 0x5A, 0xCA, 0x5A, 0xCB, 0x62, 0xAA, 0x5A,
    0x89, 0x52, 0x89, 0x52, 0xAA, 0x5A, 0xAA, 0x5A, 0x69, 0x52, 0x8A, 0x52, 0xCB, 0x5A, 0xCB, 0x5A,
    0xEC, 0x62, 0xEC, 0x5A, 0x0C, 0x63, 0x4D, 0x6B, 0x4D, 0x63, 0x6D, 0x6B, 0x6D, 0x6B, 0x6D, 0x6B,
    0x6D, 0x6B, 0x6D, 0x6B, 0x6D, 0x6B, 0x6D, 0x6B, 0x6D, 0x6B, 0x6D, 0x6B, 0x6D, 0x6B, 0x6D, 0x6B,
    0x6D, 0x6B, 0x6D, 0x6B, 0x6D, 0x6B, 0x6D, 0x6B, 0x6D, 0x6B, 0x6D, 0x6B, 0x6D, 0x6B, 0x6D, 0x6B,
    0x6D, 0x6B, 0x6D, 0x6B, 0x6D, 0x6B, 0x6D, 0x6B, 0x6D, 0x6B, 0x6D, 0x6B, 0x6D, 0x6B, 0x6D, 0x6B,
    0x6D, 0x6B, 0x6D, 0x6B, 0x6D, 0x6B, 0x6D, 0x6B, 0x6D, 0x6B, 0x6D, 0x6B, 0x6D, 0x6B, 0x6D, 0x6B,
    0x6D, 0x6B, 0x6D, 0x6B, 0x6D, 0x6B, 0x6D, 0x6B, 0x6D, 0x6B, 0x6D, 0x6B, 0x6D, 0x6B, 0x6D, 0x6B,
    0x6D, 0x6B, 0x6D, 0x6B, 0x6D, 0x6B, 0x6D, 0x6B, 0x6D, 0x6B, 0x6D, 0x6B, 0x6D, 0x6B, 0x8D, 0x6B,
    0x6D, 0x6B, 0x6D, 0x6B, 0x6D, 0x6B, 0x6D, 0x6B, 0x6D, 0x6B, 0x6D, 0x6B, 0x6D, 0x6B, 0x6D, 0x6B,
    0x6D, 0x6B, 0x6D, 0x6B, 0x6D, 0x6B, 0x6D, 0x6B, 0x6D, 0x6B, 0x6D, 0x6B, 0x6D, 0x6B, 0x6D, 0x6B,
    0x6D, 0x6B, 0x6D, 0x6B, 0x6D, 0x6B, 0x6D, 0x6B, 0x6D, 0x6B, 0x6D, 0x6B, 0x6D, 0x6B, 0x6D, 0x6B,
    0x6D, 0x6B, 0x6D, 0x6B, 0x6D, 0x6B, 0x6D, 0x6B, 0x6D, 0x6B, 0x6D, 0x6B, 0x6D, 0x6B, 0x6D, 0x6B,
    0x6D, 0x6B, 0x6D, 0x6B, 0x6D, 0x6B, 0x6D, 0x6B, 0x6D, 0x6B, 0x6D, 0x6B, 0x6D, 0x6B, 0x6D, 0x6B,
    0x6D, 0x6B, 0x6D, 0x6B, 0x6D, 0x6B, 0x6D, 0x6B, 0x6D, 0x6B, 0x6D, 0x6B, 0x6D, 0x6B, 0x6D, 0x6B,
    0x6D, 0x6B, 0x6D, 0x6B, 0x6D, 0x6B, 0x6D, 0x6B, 0x6D, 0x6B, 0x6D, 0x6B, 0x6D, 0x6B, 0x6D, 0x6B,
    0x6D, 0x6B, 0x6D, 0x6B, 0x6D, 0x6B, 0x6D, 0x6B, 0x6D, 0x6B, 0x6D, 0x6B, 0x6D, 0x6B, 0x4D, 0x6B,
    0x6D, 0x6B, 0x6D, 0x6B, 0x6D, 0x6B, 0x6D, 0x6B, 0x4D, 0x6B, 0x4D, 0x6B, 0x4D, 0x6B, 0x4D, 0x6B,
    0x4D, 0x6B, 0x4D, 0x6B, 0x4D, 0x6B, 0x4D, 0x6B, 0x4D, 0x6B, 0x4D, 0x6B, 0x4D, 0x6B, 0x2C, 0x63,
    0x69, 0x52, 0x69, 0x52, 0x69, 0x52, 0x69, 0x52, 0x69, 0x52, 0x69, 0x52, 0x69, 0x52, 0x69, 0x52,
    0x69, 0x52, 0x69, 0x52, 0x69, 0x52, 0x69, 0x52, 0x69, 0x52, 0x69, 0x52, 0x69, 0x52, 0x69, 0x52,
    0x69, 0x52, 0x69, 0x52, 0x69, 0x52, 0x69, 0x52, 0x69, 0x52, 0x69, 0x52, 0x69, 0x5A, 0x69, 0x5A,
    0x69, 0x5A, 0x89, 0x5A, 0xAA, 0x62, 0xEB, 0x6A, 0x2B, 0x73, 0x6C, 0x7B, 0x8D, 0x83, 0xAD, 0x83,
    0xAD, 0x83, 0xAD, 0x83, 0x8D, 0x83, 0x6C, 0x83, 0x4C, 0x7B, 0x4C, 0x7B, 0x2B, 0x7B, 0x2B, 0x73,
    0x0B, 0x73, 0x0B, 0x73, 0x0B, 0x73, 0x0B, 0x73, 0x0B, 0x73, 0x0B, 0x73, 0x0B, 0x73, 0x0B, 0x73,
    0x0B, 0x73, 0x0B, 0x73, 0x0B, 0x73, 0x0B, 0x73, 0x0B, 0x73, 0xEB, 0x72, 0xEB, 0x72, 0xEB, 0x72,
    0xEA, 0x6A, 0xEA, 0x6A, 0xCA, 0x6A, 0xCA, 0x6A, 0xCA, 0x62, 0xAA, 0x62, 0xAA, 0x62, 0xAA, 0x62,
    0xA9, 0x62, 0x89, 0x62, 0x89, 0x5A, 0x89, 0x5A, 0x69, 0x5A, 0x69, 0x5A, 0x69, 0x5A, 0x69, 0x5A,
    0x69, 0x5A, 0x69, 0x5A, 0x68, 0x5A, 0x68, 0x5A, 0x69, 0x52, 0x28, 0x4A, 0xC7, 0x41, 0xE7, 0x41,
    0xE7, 0x41, 0xA7, 0x39, 0xA7, 0x39, 0xA7, 0x39, 0xA7, 0x39, 0xA7, 0x39, 0xA7, 0x41, 0xA7, 0x39,
    0xC6, 0x39, 0xC6, 0x39, 0xC7, 0x41, 0xE7, 0x41, 0xE7, 0x41, 0xE7, 0x41, 0xE7, 0x41, 0xE7, 0x41,
    0xE7, 0x41, 0xE7, 0x41, 0xE7, 0x41, 0xE7, 0x41, 0xE7, 0x41, 0xE7, 0x41, 0xE7, 0x41, 0x07, 0x4A,
    0x07, 0x42, 0x07, 0x42, 0x07, 0x42, 0x07, 0x42, 0x07, 0x4A, 0x08, 0x4A, 0x08, 0x4A, 0x08, 0x4A,
    0xE7, 0x41, 0xE7, 0x41, 0x28, 0x4A, 0x49, 0x52, 0x28, 0x4A, 0xE7, 0x41, 0xE7, 0x41, 0x08, 0x42,
    0x08, 0x42, 0x08, 0x42, 0xC7, 0x41, 0xC7, 0x39, 0xA6, 0x39, 0xC6, 0x39, 0xC6, 0x39, 0xC6, 0x39,
    0xC6, 0x41, 0xE7, 0x41, 0xE7, 0x41, 0xE7, 0x41, 0x28, 0x4A, 0x28, 0x4A, 0xE7, 0x49, 0x08, 0x4A,
    0x08, 0x4A, 0x08, 0x4A, 0x28, 0x4A, 0x28, 0x4A, 0x28, 0x4A, 0x28, 0x4A, 0x28, 0x4A, 0x28, 0x4A,
    0x28, 0x4A, 0x28, 0x52, 0x28, 0x52, 0x28, 0x52, 0x28, 0x52, 0x28, 0x52, 0x28, 0x52, 0x48, 0x52,
    0x48, 0x52, 0x48, 0x52, 0x48, 0x52, 0x49, 0x52, 0x69, 0x52, 0x69, 0x52, 0x69, 0x52, 0x69, 0x52,
    0x69, 0x52, 0x69, 0x52, 0x89, 0x52, 0x89, 0x52, 0x89, 0x52, 0xAA, 0x5A, 0xAA, 0x5A, 0xAA, 0x5A,
    0xAA, 0x5A, 0xAA, 0x5A, 0xAA, 0x5A, 0xAA, 0x5A, 0xCA, 0x5A, 0xAA, 0x5A, 0x8A, 0x5A, 0x89, 0x52,
    0xAA, 0x5A, 0xAA, 0x5A, 0x8A, 0x5A, 0x69, 0x52, 0xAA, 0x5A, 0xCB, 0x5A, 0xCB, 0x5A, 0x0C, 0x63,
    0xEB, 0x5A, 0x2C, 0x63, 0x4D, 0x6B, 0x4D, 0x6B, 0x6D, 0x6B, 0x6D, 0x6B, 0x6D, 0x6B, 0x6D, 0x6B,
    0x6D, 0x6B, 0x6D, 0x6B, 0x6D, 0x6B, 0x6D, 0x6B, 0x6D, 0x6B, 0x6D, 0x6B, 0x6D, 0x6B, 0x6D, 0x6B,
    0x6D, 0x6B, 0x6D, 0x6B, 0x6D, 0x6B, 0x6D, 0x6B, 0x6D, 0x6B, 0x6D, 0x6B, 0x6D, 0x6B, 0x6D, 0x6B,
    0x6D, 0x6B, 0x6D, 0x6B, 0x6D, 0x6B, 0x6D, 0x6B, 0x6D, 0x6B, 0x6D, 0x6B, 0x6D, 0x6B, 0x6D, 0x6B,
    0x6D, 0x6B, 0x6D, 0x6B, 0x6D, 0x6B, 0x6D, 0x6B, 0x6D, 0x6B, 0x6D, 0x6B, 0x6D, 0x6B, 0x6D, 0x6B,
    0x6D, 0x6B, 0x6D, 0x6B, 0x6D, 0x6B, 0x6D, 0x6B, 0x6D, 0x6B, 0x6D, 0x6B, 0x6D, 0x6B, 0x6D, 0x6B,
    0x6D, 0x6B, 0x6D, 0x6B, 0x6D, 0x6B, 0x6D, 0x6B, 0x6D, 0x6B, 0x6D, 0x6B, 0x6D, 0x6B, 0x6D, 0x6B,
    0x6D, 0x6B, 0x6D, 0x6B, 0x6D, 0x6B, 0x6D, 0x6B, 0x6D, 0x6B, 0x6D, 0x6B, 0x6D, 0x6B, 0x6D, 0x6B,
    0x6D, 0x6B, 0x6D, 0x6B, 0x6D, 0x6B, 0x6D, 0x6B, 0x6D, 0x6B, 0x6D, 0x6B, 0x6D, 0x6B, 0x6D, 0x6B,
    0x6D, 0x6B, 0x6D, 0x6B, 0x6D, 0x6B, 0x6D, 0x6B, 0x6D, 0x6B, 0x6D, 0x6B, 0x6D, 0x6B, 0x6D, 0x6B,
    0x6D, 0x6B, 0x6D, 0x6B, 0x6D, 0x6B, 0x6D, 0x6B, 0x6D, 0x6B, 0x6D, 0x6B, 0x6D, 0x6B, 0x6D, 0x6B,
    0x6D, 0x6B, 0x6D, 0x6B, 0x6D, 0x6B, 0x6D, 0x6B, 0x6D, 0x6B, 0x6D, 0x6B, 0x6D, 0x6B, 0x6D, 0x6B,
    0x6D, 0x6B, 0x6D, 0x6B, 0x6D, 0x6B, 0x6D, 0x6B, 0x6D, 0x6B, 0x6D, 0x6B, 0x6D, 0x6B, 0x6D, 0x6B,
    0x6D, 0x6B, 0x6D, 0x6B, 0x6D, 0x6B, 0x6D, 0x6B, 0x6D, 0x6B, 0x6D, 0x6B, 0x6D, 0x6B, 0x6D, 0x6B,
    0x6D, 0x6B, 0x6D, 0x6B, 0x6D, 0x6B, 0x6D, 0x6B, 0x6D, 0x6B, 0x6D, 0x6B, 0x6D, 0x6B, 0x6D, 0x6B,
    0x4D, 0x6B, 0x6D, 0x6B, 0x6D, 0x6B, 0x6D, 0x6B, 0x6D, 0x6B, 0x6D, 0x6B, 0x4D, 0x6B, 0x4D, 0x6B,
    0x4D, 0x6B, 0x4D, 0x6B, 0x4D, 0x6B, 0x4D, 0x6B, 0x4D, 0x6B, 0x4D, 0x6B, 0x4D, 0x6B, 0x0C, 0x63,
    0x69, 0x52, 0x69, 0x52, 0x69, 0x52, 0x69, 0x52, 0x69, 0x52, 0x69, 0x52, 0x69, 0x52, 0x69, 0x52,
    0x69, 0x52, 0x69, 0x52, 0x69, 0x52, 0x69, 0x52, 0x69, 0x52, 0x69, 0x52, 0x69, 0x52, 0x69, 0x52,
    0x69, 0x52, 0x69, 0x52, 0x69, 0x52, 0x69, 0x52, 0x69, 0x52, 0x69, 0x5A, 0x69, 0x5A, 0x69, 0x5A,
    0x69, 0x5A, 0x89, 0x5A, 0xAA, 0x62, 0xEB, 0x6A, 0x0B, 0x73, 0x6C, 0x7B, 0x8D, 0x83, 0xAD, 0x8B,
    0xAD, 0x8B, 0xAD, 0x8B, 0xAD, 0x8B, 0x8D, 0x83, 0x6C, 0x83, 0x4C, 0x7B, 0x2C, 0x7B, 0x2B, 0x7B,
    0x2B, 0x73, 0x0B, 0x73, 0x0B, 0x73, 0x0B, 0x73, 0x0B, 0x73, 0x0B, 0x73, 0x0B, 0x73, 0x0B, 0x73,
    0x0B, 0x73, 0x0B, 0x73, 0x0B, 0x73, 0x0B, 0x73, 0x0B, 0x73, 0xEB, 0x72, 0xEB, 0x72, 0xEB, 0x72,
    0xEB, 0x6A, 0xEA, 0x6A, 0xCA, 0x6A, 0xCA, 0x6A, 0xCA, 0x62, 0xCA, 0x62, 0xAA, 0x62, 0xA9, 0x62,
    0x8A, 0x62, 0x89, 0x62, 0x89, 0x5A, 0x89, 0x5A, 0x89, 0x5A, 0x89, 0x5A, 0x69, 0x5A, 0x69, 0x5A,
    0x69, 0x5A, 0x49, 0x5A, 0x49, 0x5A, 0x49, 0x52, 0x49, 0x52, 0x49, 0x52, 0x28, 0x4A, 0xC7, 0x41,
    0xE8, 0x49, 0xE8, 0x41, 0xC7, 0x39, 0xA6, 0x39, 0xA6, 0x39, 0xA7, 0x39, 0xA6, 0x39, 0xA6, 0x39,
    0xA6, 0x39, 0xA6, 0x39, 0xA6, 0x39, 0xA6, 0x39, 0xA6, 0x39, 0xC6, 0x41, 0xC6, 0x41, 0xC6, 0x41,
    0xC6, 0x41, 0xC7, 0x41, 0xC7, 0x41, 0xC7, 0x41, 0xC7, 0x41, 0xE7, 0x41, 0xE7, 0x41, 0xE7, 0x41,
    0xE7, 0x41, 0xE7, 0x41, 0x07, 0x4A, 0x07, 0x4A, 0x08, 0x4A, 0x08, 0x4A, 0x08, 0x42, 0x07, 0x42,
    0x28, 0x4A, 0x07, 0x42, 0xC7, 0x39, 0xA7, 0x41, 0xC7, 0x41, 0xE7, 0x41, 0xE7, 0x41, 0xE7, 0x41,
    0x28, 0x4A, 0x28, 0x42, 0xE7, 0x41, 0xC7, 0x39, 0x28, 0x4A, 0xC7, 0x41, 0xC6, 0x39, 0xC6, 0x39,
    0xC6, 0x39, 0xC7, 0x39, 0xC7, 0x41, 0xC7, 0x41, 0xC7, 0x41, 0x48, 0x52, 0x28, 0x4A, 0x07, 0x4A,
    0x08, 0x4A, 0x08, 0x4A, 0x28, 0x4A, 0x28, 0x4A, 0x28, 0x4A, 0x28, 0x4A, 0x28, 0x4A, 0x28, 0x4A,
    0x28, 0x4A, 0x28, 0x4A, 0x28, 0x52, 0x28, 0x52, 0x28, 0x52, 0x28, 0x52, 0x28, 0x52, 0x28, 0x52,
    0x48, 0x52, 0x48, 0x52, 0x49, 0x52, 0x49, 0x52, 0x69, 0x52, 0x69, 0x52, 0x69, 0x52, 0x69, 0x52,
    0x89, 0x52, 0x89, 0x52, 0x89, 0x52, 0x89, 0x52, 0x8A, 0x5A, 0xAA, 0x5A, 0xAA, 0x5A, 0xAA, 0x5A,
    0xAA, 0x5A, 0xAA, 0x5A, 0xAA, 0x5A, 0xAA, 0x5A, 0xAA, 0x5A, 0x89, 0x52, 0xAA, 0x5A, 0xAA, 0x5A,
    0xCA, 0x5A, 0x89, 0x52, 0x89, 0x52, 0xAA, 0x5A, 0xCB, 0x5A, 0xEB, 0x5A, 0x0C, 0x63, 0xEB, 0x5A,
    0x2C, 0x63, 0x4D, 0x6B, 0x4D, 0x6B, 0x4D, 0x63, 0x6D, 0x6B, 0x6D, 0x6B, 0x6D, 0x6B, 0x6D, 0x6B,
    0x6D, 0x6B, 0x6D, 0x6B, 0x6D, 0x6B, 0x6D, 0x6B, 0x6D, 0x6B, 0x6D, 0x6B, 0x6D, 0x6B, 0x6D, 0x6B,
    0x6D, 0x6B, 0x6D, 0x6B, 0x6D, 0x6B, 0x6D, 0x6B, 0x6D, 0x6B, 0x6D, 0x6B, 0x6D, 0x6B, 0x6D, 0x6B,
    0x6D, 0x6B, 0x6D, 0x6B, 0x6D, 0x6B, 0x6D, 0x6B, 0x6D, 0x6B, 0x6D, 0x6B, 0x6D, 0x6B, 0x6D, 0x6B,
    0x6D, 0x6B, 0x6D, 0x6B, 0x6D, 0x6B, 0x6D, 0x6B, 0x6D, 0x6B, 0x6D, 0x6B, 0x6D, 0x6B, 0x6D, 0x6B,
    0x6D, 0x6B, 0x6D, 0x6B, 0x6D, 0x6B, 0x6D, 0x6B, 0x6D, 0x6B, 0x6D, 0x6B, 0x6D, 0x6B, 0x6D, 0x6B,
    0x6D, 0x6B, 0x6D, 0x6B, 0x6D, 0x6B, 0x6D, 0x6B, 0x6D, 0x6B, 0x6D, 0x6B, 0x6D, 0x6B, 0x6D, 0x6B,
    0x6D, 0x6B, 0x6D, 0x6B, 0x6D, 0x6B, 0x6D, 0x6B, 0x6D, 0x6B, 0x6D, 0x6B, 0x6D, 0x6B, 0x6D, 0x6B,
    0x6D, 0x6B, 0x6D, 0x6B, 0x6D, 0x6B, 0x6D, 0x6B, 0x6D, 0x6B, 0x6D, 0x6B, 0x6D, 0x6B, 0x6D, 0x6B,
    0x6D, 0x6B, 0x6D, 0x6B, 0x6D, 0x6B, 0x6D, 0x6B, 0x6D, 0x6B, 0x6D, 0x6B, 0x6D, 0x6B, 0x6D, 0x6B,
    0x6D, 0x6B, 0x6D, 0x6B, 0x6D, 0x6B, 0x6D, 0x6B, 0x6D, 0x6B, 0x6D, 0x6B, 0x6D, 0x6B, 0x6D, 0x6B,
    0x6D, 0x6B, 0x6D, 0x6B, 0x6D, 0x6B, 0x6D, 0x6B, 0x6D, 0x6B, 0x6D, 0x6B, 0x6D, 0x6B, 0x6D, 0x6B,
    0x6D, 0x6B, 0x6D, 0x6B, 0x6D, 0x6B, 0x6D, 0x6B, 0x6D, 0x6B, 0x6D, 0x6B, 0x6D, 0x6B, 0x6D, 0x6B,
    0x6D, 0x6B, 0x6D, 0x6B, 0x6D, 0x6B, 0x6D, 0x6B, 0x6D, 0x6B, 0x6D, 0x6B, 0x6D, 0x6B, 0x6D, 0x6B,
    0x6D, 0x6B, 0x6D, 0x6B, 0x6D, 0x6B, 0x6D, 0x6B, 0x6D, 0x6B, 0x6D, 0x6B, 0x6D, 0x6B, 0x6D, 0x6B,
    0x6D, 0x6B, 0x6D, 0x6B, 0x4D, 0x6B, 0x6D, 0x6B, 0x6D, 0x6B, 0x6D, 0x6B, 0x6D, 0x6B, 0x4D, 0x6B,
    0x4D, 0x6B, 0x4D, 0x6B, 0x4D, 0x6B, 0x4D, 0x6B, 0x4D, 0x6B, 0x4D, 0x63, 0x4D, 0x6B, 0xCB, 0x5A,
    0x69, 0x52, 0x69, 0x52, 0x69, 0x52, 0x69, 0x52, 0x69, 0x52, 0x69, 0x52, 0x69, 0x52, 0x69, 0x52,
    0x69, 0x52, 0x69, 0x52, 0x69, 0x52, 0x69, 0x52, 0x69, 0x52, 0x69, 0x52, 0x69, 0x52, 0x69, 0x52,
    0x69, 0x52, 0x69, 0x52, 0x69, 0x52, 0x69, 0x52, 0x69, 0x5A, 0x69, 0x5A, 0x69, 0x5A, 0x69, 0x5A,
    0x69, 0x5A, 0x8A, 0x5A, 0xAA, 0x62, 0xEA, 0x6A, 0x0B, 0x73, 0x6C, 0x7B, 0xAD, 0x83, 0xCE, 0x8B,
    0xCE, 0x8B, 0xCE, 0x8B, 0xCE, 0x8B, 0xAD, 0x8B, 0x8D, 0x83, 0x6C, 0x83, 0x4C, 0x7B, 0x2C, 0x7B,
    0x2C, 0x7B, 0x2B, 0x73, 0x2B, 0x73, 0x0B, 0x73, 0x0B, 0x73, 0x0B, 0x73, 0x0B, 0x73, 0x0B, 0x73,
    0x0B, 0x73, 0x0B, 0x73, 0x0B, 0x73, 0x0B, 0x73, 0x0B, 0x73, 0xEB, 0x72, 0xEB, 0x72, 0xEB, 0x6A,
    0xEB, 0x6A, 0xEA, 0x6A, 0xCA, 0x6A, 0xCA, 0x6A, 0xCA, 0x62, 0xCA, 0x62, 0xAA, 0x62, 0xAA, 0x62,
    0x8A, 0x62, 0x89, 0x62, 0x89, 0x5A, 0x89, 0x5A, 0x89, 0x5A, 0x89, 0x5A, 0x69, 0x5A, 0x69, 0x5A,
    0x69, 0x5A, 0x49, 0x5A, 0x49, 0x5A, 0x49, 0x52, 0x49, 0x52, 0x49, 0x52, 0x49, 0x52, 0x08, 0x4A,
    0xC7, 0x41, 0x08, 0x42, 0xE7, 0x41, 0xC7, 0x39, 0xA6, 0x39, 0xA6, 0x39, 0xA6, 0x39, 0xA6, 0x39,
    0xA6, 0x39, 0xA6, 0x39, 0xA6, 0x39, 0xA6, 0x39, 0xA6, 0x39, 0xA6, 0x39, 0xC6, 0x39, 0xC6, 0x39,
    0xC6, 0x39, 0xC6, 0x39, 0xC7, 0x41, 0xC7, 0x41, 0xE7, 0x41, 0xE7, 0x41, 0xE7, 0x41, 0xE7, 0x41,
    0xE7, 0x49, 0x08, 0x4A, 0x08, 0x4A, 0x08, 0x4A, 0xE8, 0x49, 0xC7, 0x41, 0xC7, 0x39, 0xC6, 0x39,
    0xC6, 0x39, 0xE7, 0x41, 0x08, 0x4A, 0xC7, 0x41, 0xC7, 0x39, 0xC7, 0x41, 0x28, 0x4A, 0x49, 0x4A,
    0x28, 0x4A, 0x28, 0x4A, 0x08, 0x42, 0xE7, 0x41, 0x8A, 0x52, 0x28, 0x4A, 0xA6, 0x39, 0xC6, 0x39,
    0xC6, 0x39, 0xC6, 0x39, 0xC6, 0x39, 0xC6, 0x41, 0xA6, 0x39, 0xC6, 0x41, 0x48, 0x52, 0x28, 0x4A,
    0x07, 0x4A, 0x08, 0x4A, 0x08, 0x4A, 0x28, 0x4A, 0x28, 0x4A, 0x28, 0x4A, 0x28, 0x4A, 0x28, 0x4A,
    0x28, 0x4A, 0x28, 0x52, 0x28, 0x52, 0x28, 0x52, 0x28, 0x52, 0x28, 0x52, 0x28, 0x52, 0x28, 0x52,
    0x48, 0x52, 0x48, 0x52, 0x49, 0x52, 0x49, 0x52, 0x69, 0x52, 0x69, 0x52, 0x69, 0x52, 0x69, 0x52,
    0x89, 0x52, 0x89, 0x52, 0x89, 0x52, 0x8A, 0x5A, 0xAA, 0x5A, 0xAA, 0x5A, 0xAA, 0x5A, 0xAA, 0x5A,
    0xAA, 0x5A, 0xAA, 0x5A, 0xAA, 0x5A, 0xAA, 0x5A, 0xAA, 0x5A, 0xAA, 0x5A, 0xAA, 0x5A, 0xAA, 0x5A,
    0x89, 0x52, 0xAA, 0x5A, 0xCA, 0x5A, 0xCB, 0x5A, 0x0B, 0x63, 0x0B, 0x63, 0xEB, 0x5A, 0x2C, 0x63,
    0x4D, 0x6B, 0x4D, 0x6B, 0x4D, 0x6B, 0x6D, 0x6B, 0x6D, 0x6B, 0x6D, 0x6B, 0x6D, 0x6B, 0x6D, 0x6B,
    0x6D, 0x6B, 0x6D, 0x6B, 0x6D, 0x6B, 0x6D, 0x6B, 0x6D, 0x6B, 0x6D, 0x6B, 0x6D, 0x6B, 0x6D, 0x6B,
    0x6D, 0x6B, 0x6D, 0x6B, 0x6D, 0x6B, 0x6D, 0x6B, 0x6D, 0x6B, 0x6D, 0x6B, 0x6D, 0x6B, 0x6D, 0x6B,
    0x6D, 0x6B, 0x6D, 0x6B, 0x6D, 0x6B, 0x6D, 0x6B, 0x6D, 0x6B, 0x6D, 0x6B, 0x6D, 0x6B, 0x6D, 0x6B,
    0x6D, 0x6B, 0x6D, 0x6B, 0x6D, 0x6B, 0x6D, 0x6B, 0x6D, 0x6B, 0x6D, 0x6B, 0x6D, 0x6B, 0x6D, 0x6B,
    0x6D, 0x6B, 0x6D, 0x6B, 0x6D, 0x6B, 0x6D, 0x6B, 0x6D, 0x6B, 0x6D, 0x6B, 0x6D, 0x6B, 0x6D, 0x6B,
    0x6D, 0x6B, 0x6D, 0x6B, 0x6D, 0x6B, 0x6D, 0x6B, 0x6D, 0x6B, 0x6D, 0x6B, 0x6D, 0x6B, 0x6D, 0x6B,
    0x6D, 0x6B, 0x6D, 0x6B, 0x6D, 0x6B, 0x6D, 0x6B, 0x6D, 0x6B, 0x6D, 0x6B, 0x6D, 0x6B, 0x6D, 0x6B,
    0x6D, 0x6B, 0x6D, 0x6B, 0x6D, 0x6B, 0x6D, 0x6B, 0x6D, 0x6B, 0x6D, 0x6B, 0x6D, 0x6B, 0x6D, 0x6B,
    0x6D, 0x6B, 0x6D, 0x6B, 0x6D, 0x6B, 0x6D, 0x6B, 0x6D, 0x6B, 0x6D, 0x6B, 0x6D, 0x6B, 0x6D, 0x6B,
    0x6D, 0x6B, 0x6D, 0x6B, 0x6D, 0x6B, 0x6D, 0x6B, 0x6D, 0x6B, 0x6D, 0x6B, 0x6D, 0x6B, 0x6D, 0x6B,
    0x6D, 0x6B, 0x6D, 0x6B, 0x6D, 0x6B, 0x6D, 0x6B, 0x6D, 0x6B, 0x6D, 0x6B, 0x6D, 0x6B, 0x6D, 0x6B,
    0x6D, 0x6B, 0x6D, 0x6B, 0x6D, 0x6B, 0x6D, 0x6B, 0x6D, 0x6B, 0x6D, 0x6B, 0x6D, 0x6B, 0x6D, 0x6B,
    0x6D, 0x6B, 0x6D, 0x6B, 0x6D, 0x6B, 0x6D, 0x6B, 0x6D, 0x6B, 0x6D, 0x6B, 0x6D, 0x6B, 0x6D, 0x6B,
    0x6D, 0x6B, 0x6D, 0x6B, 0x6D, 0x6B, 0x6D, 0x6B, 0x6D, 0x6B, 0x6D, 0x6B, 0x6D, 0x6B, 0x6D, 0x6B,
    0x6D, 0x6B, 0x6D, 0x6B, 0x6D, 0x6B, 0x6D, 0x6B, 0x6D, 0x6B, 0x6D, 0x6B, 0x6D, 0x6B, 0x6D, 0x6B,
    0x4D, 0x6B, 0x4D, 0x6B, 0x4D, 0x6B, 0x4D, 0x6B, 0x4D, 0x6B, 0x4D, 0x6B, 0x4D, 0x6B, 0xAA, 0x52,
    0x69, 0x52, 0x69, 0x52, 0x69, 0x52, 0x69, 0x52, 0x69, 0x52, 0x69, 0x52, 0x69, 0x52, 0x69, 0x52,
    0x69, 0x52, 0x69, 0x52, 0x69, 0x52, 0x69, 0x52, 0x69, 0x52, 0x69, 0x52, 0x69, 0x52, 0x69, 0x52,
    0x69, 0x52, 0x69, 0x52, 0x69, 0x5A, 0x69, 0x5A, 0x69, 0x5A, 0x69, 0x5A, 0x69, 0x5A, 0x69, 0x5A,
    0x69, 0x5A, 0x89, 0x5A, 0xAA, 0x62, 0xCA, 0x6A, 0x0B, 0x73, 0x6C, 0x7B, 0xAD, 0x8B, 0xCE, 0x8B,
    0xEE, 0x8B, 0xEE, 0x93, 0xEE, 0x8B, 0xCE, 0x8B, 0xAD, 0x8B, 0x8D, 0x83, 0x6C, 0x83, 0x4C, 0x7B,
    0x2C, 0x7B, 0x2C, 0x7B, 0x2B, 0x73, 0x2B, 0x73, 0x2B, 0x73, 0x0B, 0x73, 0x0B, 0x73, 0x0B, 0x73,
    0x0B, 0x73, 0x0B, 0x73, 0x0B, 0x73, 0x0B, 0x73, 0x0B, 0x73, 0xEB, 0x72, 0xEB, 0x72, 0xEB, 0x6A,
    0xEB, 0x6A, 0xEA, 0x6A, 0xCA, 0x6A, 0xCA, 0x6A, 0xCA, 0x62, 0xCA, 0x62, 0xCA, 0x62, 0xAA, 0x62,
    0xAA, 0x62, 0x8A, 0x62, 0x8A, 0x5A, 0x8A, 0x5A, 0x89, 0x5A, 0x89, 0x5A, 0x89, 0x5A, 0x69, 0x5A,
    0x69, 0x5A, 0x69, 0x5A, 0x49, 0x5A, 0x49, 0x52, 0x49, 0x52, 0x49, 0x52, 0x28, 0x52, 0x49, 0x52,
    0x08, 0x4A, 0xC7, 0x41, 0x08, 0x42, 0x07, 0x42, 0xC7, 0x39, 0xA6, 0x39, 0x86, 0x31, 0xA6, 0x39,
    0xA6, 0x39, 0xA6, 0x39, 0xA6, 0x39, 0xA6, 0x39, 0xA6, 0x39, 0xA6, 0x39, 0xC6, 0x39, 0xC6, 0x39,
    0xC6, 0x39, 0xC6, 0x39, 0xC7, 0x41, 0xC6, 0x41, 0xC7, 0x41, 0xC7, 0x41, 0xC6, 0x41, 0xC6, 0x39,
    0xC6, 0x39, 0xC6, 0x39, 0xA6, 0x39, 0xA6, 0x39, 0x86, 0x39, 0x86, 0x39, 0xA6, 0x39, 0xA6, 0x39,
    0xA6, 0x39, 0xA6, 0x39, 0xC7, 0x41, 0x08, 0x42, 0x08, 0x4A, 0xE7, 0x41, 0xC7, 0x39, 0xE7, 0x41,
    0x28, 0x42, 0x69, 0x4A, 0x69, 0x52, 0x08, 0x42, 0x07, 0x42, 0x48, 0x4A, 0xE7, 0x41, 0xC6, 0x39,
    0xC6, 0x39, 0xA6, 0x39, 0xC6, 0x39, 0xA6, 0x39, 0xA6, 0x39, 0xA6, 0x39, 0xC6, 0x41, 0x28, 0x4A,
    0x08, 0x4A, 0x07, 0x4A, 0x08, 0x4A, 0x08, 0x4A, 0x28, 0x4A, 0x28, 0x4A, 0x28, 0x4A, 0x28, 0x4A,
    0x28, 0x4A, 0x28, 0x4A, 0x28, 0x4A, 0x28, 0x52, 0x28, 0x52, 0x48, 0x52, 0x48, 0x52, 0x48, 0x52,
    0x48, 0x52, 0x49, 0x52, 0x49, 0x52, 0x69, 0x52, 0x69, 0x52, 0x69, 0x52, 0x89, 0x52, 0x89, 0x52,
    0x89, 0x52, 0x89, 0x52, 0x8A, 0x5A, 0xAA, 0x5A, 0xAA, 0x5A, 0xAA, 0x5A, 0xAA, 0x5A, 0xAA, 0x5A,
    0xAA, 0x5A, 0xAA, 0x5A, 0xAA, 0x5A, 0xAA, 0x5A, 0xAA, 0x5A, 0xAA, 0x5A, 0x8A, 0x52, 0x89, 0x52,
    0xAA, 0x5A, 0xCB, 0x5A, 0xEB, 0x62, 0x0C, 0x63, 0xEB, 0x62, 0xEB, 0x62, 0x4D, 0x6B, 0x4D, 0x6B,
    0x4D, 0x6B, 0x4D, 0x6B, 0x6D, 0x6B, 0x6D, 0x6B, 0x6D, 0x6B, 0x6D, 0x6B, 0x6D, 0x6B, 0x6D, 0x6B,
    0x6D, 0x6B, 0x6D, 0x6B, 0x6D, 0x6B, 0x6D, 0x6B, 0x6D, 0x6B, 0x6D, 0x6B, 0x6D, 0x6B, 0x6D, 0x6B,
    0x6D, 0x6B, 0x6D, 0x6B, 0x6D, 0x6B, 0x6D, 0x6B, 0x6D, 0x6B, 0x6D, 0x6B, 0x6D, 0x6B, 0x6D, 0x6B,
    0x6D, 0x6B, 0x6D, 0x6B, 0x6D, 0x6B, 0x6D, 0x6B, 0x6D, 0x6B, 0x6D, 0x6B, 0x6D, 0x6B, 0x6D, 0x6B,
    0x6D, 0x6B, 0x6D, 0x6B, 0x6D, 0x6B, 0x6D, 0x6B, 0x6D, 0x6B, 0x6D, 0x6B, 0x6D, 0x6B, 0x6D, 0x6B,
    0x6D, 0x6B, 0x6D, 0x6B, 0x6D, 0x6B, 0x6D, 0x6B, 0x6D, 0x6B, 0x6D, 0x6B, 0x6D, 0x6B, 0x6D, 0x6B,
    0x6D, 0x6B, 0x6D, 0x6B, 0x6D, 0x6B, 0x6D, 0x6B, 0x6D, 0x6B, 0x6D, 0x6B, 0x6D, 0x6B, 0x6D, 0x6B,
    0x6D, 0x6B, 0x6D, 0x6B, 0x6D, 0x6B, 0x6D, 0x6B, 0x6D, 0x6B, 0x6D, 0x6B, 0x6D, 0x6B, 0x6D, 0x6B,
    0x6D, 0x6B, 0x6D, 0x6B, 0x6D, 0x6B, 0x6D, 0x6B, 0x6D, 0x6B, 0x6D, 0x6B, 0x6D, 0x6B, 0x6D, 0x6B,
    0x6D, 0x6B, 0x6D, 0x6B, 0x6D, 0x6B, 0x6D, 0x6B, 0x6D, 0x6B, 0x6D, 0x6B, 0x6D, 0x6B, 0x6D, 0x6B,
    0x6D, 0x6B, 0x6D, 0x6B, 0x6D, 0x6B, 0x6D, 0x6B, 0x6D, 0x6B, 0x6D, 0x6B, 0x6D, 0x6B, 0x6D, 0x6B,
    0x6D, 0x6B, 0x6D, 0x6B, 0x6D, 0x6B, 0x6D, 0x6B, 0x6D, 0x6B, 0x6D, 0x6B, 0x6D, 0x6B, 0x6D, 0x6B,
    0x6D, 0x6B, 0x6D, 0x6B, 0x6D, 0x6B, 0x6D, 0x6B, 0x6D, 0x6B, 0x6D, 0x6B, 0x6D, 0x6B, 0x6D, 0x6B,
    0x6D, 0x6B, 0x6D, 0x6B, 0x6D, 0x6B, 0x6D, 0x6B, 0x6D, 0x6B, 0x6D, 0x6B, 0x6D, 0x6B, 0x6D, 0x6B,
    0x6D, 0x6B, 0x6D, 0x6B, 0x6D, 0x6B, 0x6D, 0x6B, 0x6D, 0x6B, 0x6D, 0x6B, 0x6D, 0x6B, 0x6D, 0x6B,
    0x6D, 0x6B, 0x6D, 0x6B, 0x6D, 0x6B, 0x6D, 0x6B, 0x6D, 0x6B, 0x6D, 0x6B, 0x6D, 0x6B, 0x6D, 0x6B,
    0x4D, 0x6B, 0x4D, 0x6B, 0x4D, 0x6B, 0x4D, 0x6B, 0x4D, 0x6B, 0x4D, 0x6B, 0x4C, 0x63, 0x8A, 0x52,
    0x69, 0x52, 0x69, 0x52, 0x69, 0x52, 0x69, 0x52, 0x69, 0x52, 0x69, 0x52, 0x69, 0x52, 0x69, 0x52,
    0x69, 0x52, 0x69, 0x52, 0x69, 0x52, 0x69, 0x52, 0x69, 0x52, 0x69, 0x52, 0x69, 0x52, 0x69, 0x52,
    0x69, 0x52, 0x69, 0x52, 0x69, 0x52, 0x69, 0x5A, 0x69, 0x5A, 0x69, 0x5A, 0x69, 0x5A, 0x69, 0x5A,
    0x69, 0x5A, 0x89, 0x5A, 0xAA, 0x62, 0xCA, 0x6A, 0x0B, 0x73, 0x6C, 0x83, 0xAD, 0x83, 0xCE, 0x8B,
    0xEE, 0x93, 0xEE, 0x93, 0xEE, 0x93, 0xCE, 0x8B, 0xAD, 0x8B, 0x8D, 0x83, 0x6C, 0x83, 0x4C, 0x7B,
    0x4C, 0x7B, 0x2C, 0x7B, 0x2B, 0x7B, 0x2B, 0x7B, 0x2B, 0x73, 0x2B, 0x73, 0x0B, 0x73, 0x0B, 0x73,
    0x0B, 0x73, 0x0B, 0x73, 0x0B, 0x73, 0x0B, 0x73, 0x0B, 0x73, 0x0B, 0x73, 0xEB, 0x72, 0xEB, 0x6A,
    0xEB, 0x6A, 0xEB, 0x6A, 0xEA, 0x6A, 0xCA, 0x6A, 0xCA, 0x62, 0xCA, 0x62, 0xCA, 0x62, 0xAA, 0x62,
    0xAA, 0x62, 0xAA, 0x62, 0x8A, 0x62, 0xAA, 0x5A, 0x8A, 0x5A, 0x8A, 0x5A, 0x8A, 0x5A, 0x8A, 0x62,
    0x89, 0x5A, 0x69, 0x5A, 0x69, 0x5A, 0x69, 0x5A, 0x49, 0x52, 0x49, 0x52, 0x49, 0x52, 0x28, 0x52,
    0x49, 0x52, 0x08, 0x4A, 0xC6, 0x41, 0x07, 0x4A, 0x28, 0x4A, 0xE7, 0x41, 0xA6, 0x39, 0x86, 0x39,
    0x86, 0x31, 0xA6, 0x39, 0xC6, 0x39, 0xC6, 0x39, 0xC6, 0x39, 0xA6, 0x39, 0x86, 0x31, 0x86, 0x39,
    0xA6, 0x39, 0xA6, 0x39, 0xA6, 0x39, 0xA6, 0x39, 0xA6, 0x39, 0xA6, 0x39, 0xA6, 0x39, 0xA6, 0x39,
    0xA6, 0x39, 0xA6, 0x39, 0xA6, 0x39, 0xA6, 0x39, 0xA6, 0x39, 0xA6, 0x39, 0xA6, 0x39, 0xA6, 0x39,
    0xA6, 0x39, 0xA6, 0x39, 0xC7, 0x39, 0xC7, 0x41, 0x08, 0x4A, 0x48, 0x4A, 0x08, 0x42, 0xE7, 0x41,
    0xE7, 0x39, 0xE7, 0x39, 0xE7, 0x41, 0xE7, 0x41, 0xC7, 0x39, 0xC7, 0x39, 0xC7, 0x41, 0xC7, 0x39,
    0xA6, 0x39, 0xA6, 0x39, 0xC6, 0x39, 0xC6, 0x39, 0xC6, 0x39, 0xC6, 0x39, 0xC6, 0x39, 0xC7, 0x41,
    0x07, 0x42, 0x08, 0x4A, 0x28, 0x4A, 0x28, 0x4A, 0x28, 0x4A, 0x28, 0x4A, 0x28, 0x4A, 0x28, 0x4A,
    0x28, 0x4A, 0x28, 0x4A, 0x28, 0x4A, 0x48, 0x52, 0x48, 0x52, 0x48, 0x52, 0x48, 0x52, 0x49, 0x52,
    0x49, 0x52, 0x69, 0x52, 0x69, 0x52, 0x69, 0x52, 0x69, 0x52, 0x89, 0x52, 0x89, 0x52, 0x89, 0x52,
    0x89, 0x52, 0x8A, 0x5A, 0xAA, 0x5A, 0xAA, 0x5A, 0xAA, 0x5A, 0xAA, 0x5A, 0xAA, 0x5A, 0xAA, 0x5A,
    0xAA, 0x5A, 0xAA, 0x5A, 0xAA, 0x5A, 0xAA, 0x5A, 0x8A, 0x5A, 0x89, 0x52, 0xAA, 0x5A, 0xCB, 0x5A,
    0xCB, 0x5A, 0xEB, 0x62, 0xEB, 0x62, 0xCB, 0x62, 0x0C, 0x63, 0x4D, 0x6B, 0x4D, 0x6B, 0x4D, 0x6B,
    0x4D, 0x6B, 0x6D, 0x6B, 0x6D, 0x6B, 0x6D, 0x6B, 0x6D, 0x6B, 0x6D, 0x6B, 0x6D, 0x6B, 0x6D, 0x6B,
    0x6D, 0x6B, 0x6D, 0x6B, 0x6D, 0x6B, 0x6D, 0x6B, 0x6D, 0x6B, 0x6D, 0x6B, 0x6D, 0x6B, 0x6D, 0x6B,
    0x6D, 0x6B, 0x6D, 0x6B, 0x6D, 0x6B, 0x6D, 0x6B, 0x6D, 0x6B, 0x6D, 0x6B, 0x6D, 0x6B, 0x6D, 0x6B,
    0x6D, 0x6B, 0x6D, 0x6B, 0x6D, 0x6B, 0x6D, 0x6B, 0x6D, 0x6B, 0x6D, 0x6B, 0x6D, 0x6B, 0x6D, 0x6B,
    0x6D, 0x6B, 0x6D, 0x6B, 0x6D, 0x6B, 0x6D, 0x6B, 0x6D, 0x6B, 0x6D, 0x6B, 0x6D, 0x6B, 0x6D, 0x6B,
    0x6D, 0x6B, 0x6D, 0x6B, 0x6D, 0x6B, 0x6D, 0x6B, 0x6D, 0x6B, 0x6D, 0x6B, 0x6D, 0x6B, 0x6D, 0x6B,
    0x6D, 0x6B, 0x6D, 0x6B, 0x6D, 0x6B, 0x6D, 0x6B, 0x6D, 0x6B, 0x6D, 0x6B, 0x6D, 0x6B, 0x6D, 0x6B,
    0x6D, 0x6B, 0x6D, 0x6B, 0x6D, 0x6B, 0x6D, 0x6B, 0x6D, 0x6B, 0x6D, 0x6B, 0x6D, 0x6B, 0x6D, 0x6B,
    0x6D, 0x6B, 0x6D, 0x6B, 0x6D, 0x6B, 0x6D, 0x6B, 0x6D, 0x6B, 0x6D, 0x6B, 0x6D, 0x6B, 0x6D, 0x6B,
    0x6D, 0x6B, 0x6D, 0x6B, 0x6D, 0x6B, 0x6D, 0x6B, 0x6D, 0x6B, 0x6D, 0x6B, 0x6D, 0x6B, 0x6D, 0x6B,
    0x6D, 0x6B, 0x6D, 0x6B, 0x6D, 0x6B, 0x6D, 0x6B, 0x6D, 0x6B, 0x6D, 0x6B, 0x6D, 0x6B, 0x6D, 0x6B,
    0x6D, 0x6B, 0x6D, 0x6B, 0x6D, 0x6B, 0x6D, 0x6B, 0x6D, 0x6B, 0x6D, 0x6B, 0x6D, 0x6B, 0x6D, 0x6B,
    0x6D, 0x6B, 0x6D, 0x6B, 0x6D, 0x6B, 0x6D, 0x6B, 0x6D, 0x6B, 0x6D, 0x6B, 0x6D, 0x6B, 0x6D, 0x6B,
    0x6D, 0x6B, 0x6D, 0x6B, 0x6D, 0x6B, 0x6D, 0x6B, 0x6D, 0x6B, 0x6D, 0x6B, 0x6D, 0x6B, 0x6D, 0x6B,
    0x6D, 0x6B, 0x6D, 0x6B, 0x6D, 0x6B, 0x6D, 0x6B, 0x6D, 0x6B, 0x6D, 0x6B, 0x6D, 0x6B, 0x6D, 0x6B,
    0x6D, 0x6B, 0x6D, 0x6B, 0x6D, 0x6B, 0x6D, 0x6B, 0x6D, 0x6B, 0x6D, 0x6B, 0x6D, 0x6B, 0x6D, 0x6B,
    0x4D, 0x6B, 0x4D, 0x6B, 0x4D, 0x6B, 0x4D, 0x6B, 0x4D, 0x6B, 0x4D, 0x6B, 0x0C, 0x63, 0x69, 0x52,
    0x69, 0x52, 0x69, 0x52, 0x69, 0x52, 0x69, 0x52, 0x69, 0x52, 0x69, 0x52, 0x69, 0x52, 0x69, 0x52,
    0x69, 0x52, 0x69, 0x52, 0x69, 0x52, 0x69, 0x52, 0x69, 0x52, 0x69, 0x52, 0x69, 0x52, 0x69, 0x52,
    0x69, 0x52, 0x69, 0x52, 0x69, 0x5A, 0x69, 0x5A, 0x69, 0x5A, 0x69, 0x5A, 0x69, 0x5A, 0x69, 0x5A,
    0x89, 0x5A, 0x89, 0x5A, 0xAA, 0x62, 0xCA, 0x6A, 0x0B, 0x73, 0x6C, 0x7B, 0xAD, 0x83, 0xCE, 0x8B,
    0xEE, 0x93, 0xEE, 0x93, 0xEE, 0x8B, 0xCE, 0x8B, 0xAD, 0x8B, 0xAD, 0x83, 0x6D, 0x83, 0x6C, 0x7B,
    0x4C, 0x7B, 0x4C, 0x7B, 0x2B, 0x7B, 0x2B, 0x7B, 0x2B, 0x7B, 0x2B, 0x73, 0x2B, 0x73, 0x2B, 0x73,
    0x0B, 0x73, 0x0B, 0x73, 0x0B, 0x73, 0x0B, 0x73, 0x0B, 0x73, 0x0B, 0x6B, 0x0B, 0x6B, 0xEB, 0x6A,
    0xEB, 0x6A, 0xEB, 0x6A, 0xEB, 0x6A, 0xEA, 0x6A, 0xCA, 0x6A, 0xCA, 0x62, 0xCA, 0x62, 0xAA, 0x62,
    0xAA, 0x62, 0xAA, 0x62, 0xAA, 0x62, 0xAA, 0x62, 0xAA, 0x5A, 0xAA, 0x5A, 0xAA, 0x62, 0x8A, 0x62,
    0x8A, 0x62, 0x8A, 0x5A, 0x89, 0x5A, 0x69, 0x5A, 0x69, 0x5A, 0x49, 0x52, 0x49, 0x52, 0x49, 0x52,
    0x49, 0x52, 0x49, 0x52, 0x08, 0x52, 0xC6, 0x41, 0x07, 0x4A, 0x49, 0x52, 0x28, 0x4A, 0xE7, 0x41,
    0xC7, 0x41, 0xA6, 0x39, 0xA6, 0x39, 0xA6, 0x39, 0xE7, 0x41, 0xE7, 0x41, 0xE7, 0x41, 0xC6, 0x39,
    0xA6, 0x39, 0xA6, 0x39, 0x86, 0x31, 0x86, 0x39, 0x86, 0x39, 0xA6, 0x39, 0xA6, 0x39, 0xA6, 0x39,
    0xA6, 0x39, 0x86, 0x39, 0x86, 0x39, 0x86, 0x39, 0xA6, 0x39, 0xA6, 0x39, 0xA6, 0x39, 0xC6, 0x39,
    0xC6, 0x39, 0xE7, 0x41, 0x08, 0x42, 0x28, 0x4A, 0x48, 0x4A, 0x69, 0x52, 0x69, 0x52, 0x49, 0x4A,
    0x28, 0x42, 0x07, 0x42, 0xE7, 0x39, 0xC7, 0x39, 0xC7, 0x39, 0xA6, 0x39, 0xC7, 0x39, 0xC7, 0x39,
    0xC7, 0x41, 0xC7, 0x41, 0xC7, 0x41, 0xC6, 0x39, 0xC6, 0x39, 0xC7, 0x41, 0xC7, 0x41, 0xE7, 0x41,
    0xE7, 0x41, 0xE7, 0x41, 0x07, 0x42, 0x08, 0x4A, 0x28, 0x4A, 0x28, 0x4A, 0x28, 0x4A, 0x28, 0x4A,
    0x28, 0x4A, 0x48, 0x52, 0x48, 0x52, 0x48, 0x52, 0x48, 0x52, 0x49, 0x52, 0x49, 0x52, 0x69, 0x52,
    0x69, 0x52, 0x69, 0x52, 0x69, 0x52, 0x89, 0x52, 0x89, 0x52, 0x89, 0x52, 0x89, 0x52, 0x8A, 0x5A,
    0x8A, 0x5A, 0xAA, 0x5A, 0xAA, 0x5A, 0xAA, 0x5A, 0xAA, 0x5A, 0xAA, 0x5A, 0xAA, 0x5A, 0xAA, 0x5A,
    0xAA, 0x5A, 0xAA, 0x5A, 0xAA, 0x5A, 0xAA, 0x5A, 0xAA, 0x5A, 0xCA, 0x5A, 0xEB, 0x62, 0xEB, 0x62,
    0xEB, 0x62, 0xCB, 0x5A, 0xCB, 0x62, 0x2C, 0x6B, 0x6D, 0x6B, 0x6D, 0x6B, 0x6D, 0x6B, 0x6D, 0x6B,
    0x6D, 0x6B, 0x6D, 0x6B, 0x6D, 0x6B, 0x6D, 0x6B, 0x6D, 0x6B, 0x6D, 0x6B, 0x6D, 0x6B, 0x6D, 0x6B,
    0x6D, 0x6B, 0x6D, 0x6B, 0x6D, 0x6B, 0x6D, 0x6B, 0x6D, 0x6B, 0x6D, 0x6B, 0x6D, 0x6B, 0x6D, 0x6B,
    0x6D, 0x6B, 0x6D, 0x6B, 0x6D, 0x6B, 0x6D, 0x6B, 0x6D, 0x6B, 0x6D, 0x6B, 0x6D, 0x6B, 0x6D, 0x6B,
    0x6D, 0x6B, 0x6D, 0x6B, 0x6D, 0x6B, 0x6D, 0x6B, 0x6D, 0x6B, 0x6D, 0x6B, 0x6D, 0x6B, 0x6D, 0x6B,
    0x6D, 0x6B, 0x6D, 0x6B, 0x6D, 0x6B, 0x6D, 0x6B, 0x6D, 0x6B, 0x6D, 0x6B, 0x6D, 0x6B, 0x6D, 0x6B,
    0x6D, 0x6B, 0x6D, 0x6B, 0x6D, 0x6B, 0x6D, 0x6B, 0x6D, 0x6B, 0x6D, 0x6B, 0x6D, 0x6B, 0x6D, 0x6B,
    0x6D, 0x6B, 0x6D, 0x6B, 0x6D, 0x6B, 0x6D, 0x6B, 0x6D, 0x6B, 0x6D, 0x6B, 0x6D, 0x6B, 0x6D, 0x6B,
    0x6D, 0x6B, 0x6D, 0x6B, 0x6D, 0x6B, 0x6D, 0x6B, 0x6D, 0x6B, 0x6D, 0x6B, 0x6D, 0x6B, 0x6D, 0x6B,
    0x6D, 0x6B, 0x6D, 0x6B, 0x6D, 0x6B, 0x6D, 0x6B, 0x6D, 0x6B, 0x6D, 0x6B, 0x6D, 0x6B, 0x6D, 0x6B,
    0x6D, 0x6B, 0x6D, 0x6B, 0x6D, 0x6B, 0x6D, 0x6B, 0x6D, 0x6B, 0x6D, 0x6B, 0x6D, 0x6B, 0x6D, 0x6B,
    0x6D, 0x6B, 0x6D, 0x6B, 0x6D, 0x6B, 0x6D, 0x6B, 0x6D, 0x6B, 0x6D, 0x6B, 0x6D, 0x6B, 0x6D, 0x6B,
    0x6D, 0x6B, 0x6D, 0x6B, 0x6D, 0x6B, 0x6D, 0x6B, 0x6D, 0x6B, 0x6D, 0x6B, 0x6D, 0x6B, 0x6D, 0x6B,
    0x6D, 0x6B, 0x6D, 0x6B, 0x6D, 0x6B, 0x6D, 0x6B, 0x6D, 0x6B, 0x6D, 0x6B, 0x6D, 0x6B, 0x6D, 0x6B,
    0x6D, 0x6B, 0x6D, 0x6B, 0x6D, 0x6B, 0x6D, 0x6B, 0x6D, 0x6B, 0x6D, 0x6B, 0x6D, 0x6B, 0x6D, 0x6B,
    0x6D, 0x6B, 0x6D, 0x6B, 0x6D, 0x6B, 0x6D, 0x6B, 0x6D, 0x6B, 0x6D, 0x6B, 0x6D, 0x6B, 0x6D, 0x6B,
    0x6D, 0x6B, 0x6D, 0x6B, 0x6D, 0x6B, 0x6D, 0x6B, 0x6D, 0x6B, 0x6D, 0x6B, 0x6D, 0x6B, 0x4D, 0x6B,
    0x4D, 0x6B, 0x4D, 0x6B, 0x4D, 0x6B, 0x4D, 0x6B, 0x4D, 0x6B, 0x4D, 0x6B, 0xEB, 0x5A, 0x69, 0x52,
    0x69, 0x52, 0x69, 0x52, 0x69, 0x52, 0x69, 0x52, 0x69, 0x52, 0x69, 0x52, 0x69, 0x52, 0x69, 0x52,
    0x69, 0x52, 0x69, 0x52, 0x69, 0x52, 0x69, 0x52, 0x69, 0x52, 0x69, 0x52, 0x69, 0x52, 0x69, 0x52,
    0x69, 0x52, 0x69, 0x52, 0x69, 0x5A, 0x69, 0x5A, 0x69, 0x5A, 0x69, 0x5A, 0x69, 0x5A, 0x89, 0x5A,
    0x89, 0x5A, 0x89, 0x5A, 0xAA, 0x62, 0xCA, 0x62, 0x0B, 0x73, 0x4C, 0x7B, 0x8D, 0x83, 0xCE, 0x8B,
    0xCE, 0x8B, 0xEE, 0x8B, 0xEE, 0x8B, 0xCE, 0x8B, 0xAE, 0x8B, 0xAD, 0x8B, 0x8D, 0x83, 0x6C, 0x83,
    0x4C, 0x7B, 0x4C, 0x7B, 0x2C, 0x7B, 0x2B, 0x7B, 0x2B, 0x7B, 0x2B, 0x7B, 0x2B, 0x7B, 0x2B, 0x73,
    0x0B, 0x73, 0x0B, 0x73, 0x0B, 0x73, 0x0B, 0x73, 0x0B, 0x73, 0x0B, 0x73, 0x0B, 0x6B, 0xEB, 0x6A,
    0xEB, 0x6A, 0xEB, 0x6A, 0xEB, 0x6A, 0xEA, 0x6A, 0xEA, 0x6A, 0xCA, 0x62, 0xCA, 0x62, 0xAA, 0x62,
    0xAA, 0x62, 0xAA, 0x62, 0xAA, 0x62, 0xAA, 0x62, 0xAA, 0x62, 0xAA, 0x62, 0xAA, 0x62, 0xAA, 0x62,
    0xAA, 0x62, 0xAA, 0x62, 0x8A, 0x62, 0x8A, 0x62, 0x69, 0x5A, 0x69, 0x5A, 0x69, 0x5A, 0x69, 0x5A,
    0x69, 0x5A, 0x69, 0x5A, 0x49, 0x5A, 0x49, 0x52, 0xE7, 0x49, 0xE7, 0x49, 0x49, 0x52, 0x69, 0x5A,
    0x49, 0x52, 0x08, 0x4A, 0xE7, 0x41, 0xC7, 0x41, 0xA6, 0x39, 0xA6, 0x39, 0xC6, 0x39, 0xC6, 0x39,
    0xE7, 0x41, 0xE7, 0x41, 0xE7, 0x41, 0xC6, 0x39, 0xC6, 0x39, 0xC6, 0x39, 0xA6, 0x39, 0xA6, 0x39,
    0xA6, 0x39, 0xA6, 0x39, 0xC7, 0x41, 0xC7, 0x41, 0xC7, 0x41, 0xC7, 0x41, 0xC7, 0x41, 0xE7, 0x41,
    0x08, 0x42, 0x48, 0x4A, 0x69, 0x4A, 0xAA, 0x52, 0xEB, 0x5A, 0x0B, 0x63, 0xEB, 0x5A, 0xAA, 0x5A,
    0x69, 0x52, 0x48, 0x4A, 0x28, 0x4A, 0xE7, 0x41, 0xE7, 0x41, 0xC7, 0x41, 0xC7, 0x41, 0xC6, 0x39,
    0xC7, 0x41, 0xC6, 0x41, 0xC7, 0x39, 0xC7, 0x39, 0xC7, 0x39, 0xC7, 0x41, 0xC7, 0x41, 0xE7, 0x41,
    0xE7, 0x41, 0x07, 0x42, 0x07, 0x42, 0x07, 0x42, 0x28, 0x4A, 0x28, 0x4A, 0x48, 0x4A, 0x48, 0x4A,
    0x48, 0x4A, 0x48, 0x52, 0x48, 0x52, 0x49, 0x52, 0x49, 0x52, 0x69, 0x52, 0x69, 0x52, 0x69, 0x52,
    0x69, 0x52, 0x69, 0x52, 0x69, 0x52, 0x69, 0x52, 0x89, 0x52, 0x89, 0x52, 0x89, 0x52, 0x8A, 0x5A,
    0x8A, 0x5A, 0xAA, 0x5A, 0xAA, 0x5A, 0xAA, 0x5A, 0xAA, 0x5A, 0xAA, 0x5A, 0xAA, 0x5A, 0xAA, 0x5A,
    0xAA, 0x5A, 0xAA, 0x5A, 0xAA, 0x5A, 0xCB, 0x5A, 0xCB, 0x5A, 0xEB, 0x62, 0xEB, 0x62, 0xCB, 0x5A,
    0xCB, 0x5A, 0x0B, 0x63, 0x4D, 0x6B, 0x4D, 0x73, 0x4D, 0x6B, 0x6D, 0x6B, 0x6D, 0x6B, 0x6D, 0x6B,
    0x6D, 0x6B, 0x6D, 0x6B, 0x6D, 0x6B, 0x6D, 0x6B, 0x6D, 0x6B, 0x6D, 0x6B, 0x6D, 0x6B, 0x6D, 0x6B,
    0x6D, 0x6B, 0x6D, 0x6B, 0x6D, 0x6B, 0x6D, 0x6B, 0x6D, 0x6B, 0x6D, 0x6B, 0x6D, 0x6B, 0x6D, 0x6B,
    0x6D, 0x6B, 0x6D, 0x6B, 0x6D, 0x6B, 0x6D, 0x6B, 0x6D, 0x6B, 0x6D, 0x6B, 0x6D, 0x6B, 0x6D, 0x6B,
    0x6D, 0x6B, 0x6D, 0x6B, 0x6D, 0x6B, 0x6D, 0x6B, 0x6D, 0x6B, 0x6D, 0x6B, 0x6D, 0x6B, 0x6D, 0x6B,
    0x6D, 0x6B, 0x6D, 0x6B, 0x6D, 0x6B, 0x6D, 0x6B, 0x6D, 0x6B, 0x6D, 0x6B, 0x6D, 0x6B, 0x6D, 0x6B,
    0x6D, 0x6B, 0x6D, 0x6B, 0x6D, 0x6B, 0x6D, 0x6B, 0x6D, 0x6B, 0x6D, 0x6B, 0x6D, 0x63, 0x6D, 0x6B,
    0x6D, 0x6B, 0x6D, 0x6B, 0x6D, 0x6B, 0x6D, 0x6B, 0x6D, 0x6B, 0x6D, 0x6B, 0x6D, 0x6B, 0x6D, 0x6B,
    0x6D, 0x6B, 0x6D, 0x6B, 0x6D, 0x6B, 0x6D, 0x6B, 0x6D, 0x6B, 0x6D, 0x6B, 0x6D, 0x6B, 0x6D, 0x6B,
    0x6D, 0x6B, 0x6D, 0x6B, 0x6D, 0x6B, 0x6D, 0x6B, 0x6D, 0x6B, 0x6D, 0x6B, 0x6D, 0x6B, 0x6D, 0x6B,
    0x6D, 0x6B, 0x6D, 0x6B, 0x6D, 0x6B, 0x6D, 0x6B, 0x6D, 0x6B, 0x6D, 0x6B, 0x6D, 0x6B, 0x6D, 0x6B,
    0x6D, 0x6B, 0x6D, 0x6B, 0x6D, 0x6B, 0x6D, 0x6B, 0x6D, 0x6B, 0x6D, 0x6B, 0x6D, 0x6B, 0x6D, 0x6B,
    0x6D, 0x6B, 0x6D, 0x6B, 0x6D, 0x6B, 0x6D, 0x6B, 0x6D, 0x6B, 0x6D, 0x6B, 0x6D, 0x6B, 0x6D, 0x6B,
    0x6D, 0x6B, 0x6D, 0x6B, 0x6D, 0x6B, 0x6D, 0x6B, 0x6D, 0x6B, 0x6D, 0x6B, 0x6D, 0x6B, 0x6D, 0x6B,
    0x6D, 0x6B, 0x6D, 0x6B, 0x6D, 0x6B, 0x6D, 0x6B, 0x6D, 0x6B, 0x6D, 0x6B, 0x6D, 0x6B, 0x6D, 0x6B,
    0x6D, 0x6B, 0x6D, 0x6B, 0x6D, 0x6B, 0x6D, 0x6B, 0x6D, 0x6B, 0x6D, 0x6B, 0x6D, 0x6B, 0x6D, 0x6B,
    0x6D, 0x6B, 0x6D, 0x6B, 0x6D, 0x6B, 0x6D, 0x6B, 0x6D, 0x6B, 0x6D, 0x6B, 0x6D, 0x6B, 0x4D, 0x6B,
    0x4D, 0x6B, 0x4D, 0x6B, 0x4D, 0x6B, 0x4D, 0x6B, 0x4D, 0x6B, 0x4D, 0x6B, 0x8A, 0x52, 0x69, 0x52,
    0x69, 0x52, 0x69, 0x52, 0x69, 0x52, 0x69, 0x52, 0x69, 0x52, 0x69, 0x52, 0x69, 0x52, 0x69, 0x52,
    0x69, 0x52, 0x69, 0x52, 0x69, 0x52, 0x69, 0x52, 0x69, 0x52, 0x69, 0x52, 0x69, 0x52, 0x69, 0x52,
    0x69, 0x52, 0x69, 0x5A, 0x69, 0x5A, 0x69, 0x5A, 0x69, 0x5A, 0x69, 0x5A, 0x69, 0x5A, 0x89, 0x5A,
    0x89, 0x5A, 0x89, 0x5A, 0xAA, 0x5A, 0xAA, 0x62, 0xEB, 0x72, 0x4C, 0x7B, 0x6D, 0x83, 0xAD, 0x8B,
    0xCE, 0x8B, 0xCE, 0x8B, 0xCE, 0x8B, 0xCE, 0x8B, 0xAE, 0x8B, 0xAD, 0x8B, 0x8D, 0x83, 0x6C, 0x83,
    0x4C, 0x7B, 0x4C, 0x7B, 0x4C, 0x7B, 0x2C, 0x7B, 0x2C, 0x7B, 0x2B, 0x7B, 0x2B, 0x7B, 0x2B, 0x7B,
    0x2B, 0x7B, 0x2B, 0x73, 0x0B, 0x73, 0x2B, 0x73, 0x0B, 0x73, 0x0B, 0x73, 0x0B, 0x6B, 0x0B, 0x6B,
    0xEB, 0x72, 0xEB, 0x6A, 0xEB, 0x6A, 0xEA, 0x6A, 0xEA, 0x6A, 0xCA, 0x6A, 0xCA, 0x62, 0xCA, 0x62,
    0xCA, 0x62, 0xAA, 0x62, 0xAA, 0x62, 0xAA, 0x62, 0xAA, 0x62, 0xAA, 0x62, 0xCA, 0x62, 0xAA, 0x62,
    0xAA, 0x62, 0xAA, 0x62, 0xAA, 0x62, 0xAA, 0x62, 0x8A, 0x62, 0x89, 0x62, 0x89, 0x62, 0x89, 0x62,
    0x89, 0x5A, 0x89, 0x5A, 0x89, 0x5A, 0x89, 0x5A, 0x69, 0x5A, 0x28, 0x52, 0xE7, 0x41, 0x28, 0x52,
    0xAA, 0x5A, 0xCB, 0x62, 0xAA, 0x5A, 0x48, 0x52, 0x28, 0x4A, 0x07, 0x42, 0xC7, 0x41, 0xA6, 0x39,
    0xA6, 0x39, 0xA6, 0x39, 0xA6, 0x39, 0xC6, 0x39, 0xC6, 0x39, 0xC6, 0x39, 0xA6, 0x39, 0xC6, 0x39,
    0xA6, 0x39, 0xC7, 0x41, 0xC7, 0x41, 0xE7, 0x41, 0xE7, 0x41, 0xE7, 0x41, 0xE7, 0x41, 0xE7, 0x41,
    0x08, 0x42, 0x69, 0x52, 0xEB, 0x62, 0x2C, 0x63, 0x2C, 0x63, 0x0C, 0x63, 0x0C, 0x63, 0x0C, 0x63,
    0x0B, 0x63, 0xCB, 0x5A, 0xAA, 0x52, 0x69, 0x52, 0x28, 0x4A, 0x07, 0x42, 0xE7, 0x41, 0xE7, 0x41,
    0xE7, 0x41, 0xE7, 0x41, 0xE7, 0x41, 0xE7, 0x41, 0xE7, 0x41, 0x08, 0x42, 0x28, 0x4A, 0x28, 0x4A,
    0x28, 0x4A, 0x28, 0x4A, 0x48, 0x4A, 0x89, 0x52, 0x69, 0x52, 0x48, 0x4A, 0x48, 0x4A, 0x49, 0x52,
    0x69, 0x52, 0x69, 0x52, 0x69, 0x52, 0x69, 0x52, 0x69, 0x52, 0x69, 0x52, 0x69, 0x5A, 0x89, 0x5A,
    0x89, 0x52, 0x89, 0x52, 0x89, 0x52, 0x89, 0x52, 0x89, 0x52, 0x89, 0x52, 0x89, 0x52, 0x8A, 0x5A,
    0x8A, 0x5A, 0xAA, 0x5A, 0xAA, 0x5A, 0xAA, 0x5A, 0xAA, 0x5A, 0xAA, 0x5A, 0xAA, 0x5A, 0xCA, 0x5A,
    0xCB, 0x5A, 0xEB, 0x62, 0xEB, 0x62, 0xEB, 0x62, 0xEB, 0x62, 0xEB, 0x62, 0xEB, 0x62, 0x0B, 0x63,
    0x4C, 0x6B, 0x4D, 0x73, 0x4D, 0x73, 0x4D, 0x73, 0x6D, 0x6B, 0x6D, 0x6B, 0x6D, 0x6B, 0x6D, 0x6B,
    0x6D, 0x6B, 0x6D, 0x6B, 0x6D, 0x6B, 0x8D, 0x6B, 0x8D, 0x6B, 0x8D, 0x6B, 0x8D, 0x6B, 0x6D, 0x6B,
    0x6D, 0x6B, 0x6D, 0x6B, 0x6D, 0x6B, 0x6D, 0x6B, 0x6D, 0x6B, 0x6D, 0x6B, 0x6D, 0x6B, 0x6D, 0x6B,
    0x6D, 0x6B, 0x6D, 0x6B, 0x6D, 0x6B, 0x6D, 0x6B, 0x6D, 0x6B, 0x6D, 0x6B, 0x6D, 0x6B, 0x6D, 0x6B,
    0x6D, 0x6B, 0x6D, 0x6B, 0x6D, 0x6B, 0x6D, 0x6B, 0x6D, 0x6B, 0x6D, 0x6B, 0x6D, 0x6B, 0x6D, 0x6B,
    0x6D, 0x6B, 0x6D, 0x6B, 0x6D, 0x6B, 0x6D, 0x6B, 0x6D, 0x6B, 0x6D, 0x6B, 0x6D, 0x6B, 0x6D, 0x6B,
    0x6D, 0x6B, 0x6D, 0x6B, 0x6D, 0x6B, 0x6D, 0x6B, 0x6D, 0x6B, 0x6D, 0x6B, 0x6D, 0x6B, 0x6D, 0x6B,
    0x6D, 0x6B, 0x6D, 0x6B, 0x6D, 0x6B, 0x6D, 0x6B, 0x6D, 0x6B, 0x6D, 0x6B, 0x6D, 0x6B, 0x6D, 0x6B,
    0x6D, 0x6B, 0x6D, 0x6B, 0x6D, 0x6B, 0x6D, 0x6B, 0x6D, 0x6B, 0x6D, 0x6B, 0x6D, 0x6B, 0x6D, 0x6B,
    0x6D, 0x6B, 0x6D, 0x6B, 0x6D, 0x6B, 0x6D, 0x6B, 0x6D, 0x6B, 0x6D, 0x6B, 0x6D, 0x6B, 0x6D, 0x6B,
    0x6D, 0x6B, 0x6D, 0x6B, 0x6D, 0x6B, 0x6D, 0x6B, 0x6D, 0x6B, 0x6D, 0x6B, 0x6D, 0x6B, 0x6D, 0x6B,
    0x6D, 0x6B, 0x6D, 0x6B, 0x6D, 0x6B, 0x6D, 0x6B, 0x6D, 0x6B, 0x6D, 0x6B, 0x6D, 0x6B, 0x6D, 0x6B,
    0x6D, 0x6B, 0x6D, 0x6B, 0x6D, 0x6B, 0x6D, 0x6B, 0x6D, 0x6B, 0x6D, 0x6B, 0x6D, 0x6B, 0x6D, 0x6B,
    0x6D, 0x6B, 0x6D, 0x6B, 0x6D, 0x6B, 0x6D, 0x6B, 0x6D, 0x6B, 0x6D, 0x6B, 0x6D, 0x6B, 0x6D, 0x6B,
    0x6D, 0x6B, 0x6D, 0x6B, 0x6D, 0x6B, 0x6D, 0x6B, 0x6D, 0x6B, 0x6D, 0x6B, 0x6D, 0x6B, 0x6D, 0x6B,
    0x6D, 0x6B, 0x6D, 0x6B, 0x6D, 0x6B, 0x6D, 0x6B, 0x6D, 0x6B, 0x6D, 0x6B, 0x6D, 0x6B, 0x6D, 0x6B,
    0x6D, 0x6B, 0x6D, 0x6B, 0x6D, 0x6B, 0x6D, 0x6B, 0x6D, 0x6B, 0x4D, 0x6B, 0x6D, 0x6B, 0x6D, 0x6B,
    0x4D, 0x6B, 0x4D, 0x6B, 0x4D, 0x6B, 0x4D, 0x6B, 0x4D, 0x6B, 0x0C, 0x63, 0x69, 0x52, 0x69, 0x52,
    0x69, 0x52, 0x69, 0x52, 0x69, 0x52, 0x69, 0x52, 0x69, 0x52, 0x69, 0x52, 0x69, 0x52, 0x69, 0x52,
    0x69, 0x52, 0x69, 0x52, 0x69, 0x52, 0x69, 0x52, 0x69, 0x52, 0x69, 0x52, 0x69, 0x52, 0x69, 0x52,
    0x69, 0x5A, 0x69, 0x5A, 0x69, 0x5A, 0x69, 0x5A, 0x69, 0x5A, 0x69, 0x5A, 0x69, 0x5A, 0x89, 0x5A,
    0x89, 0x5A, 0x89, 0x5A, 0xAA, 0x5A, 0xAA, 0x62, 0xEB, 0x72, 0x2B, 0x7B, 0x6C, 0x83, 0xAD, 0x8B,
    0xCE, 0x8B, 0xCE, 0x8B, 0xCE, 0x8B, 0xCE, 0x8B, 0xCE, 0x8B, 0xAD, 0x8B, 0x8D, 0x83, 0x8D, 0x83,
    0x6C, 0x83, 0x4C, 0x7B, 0x4C, 0x7B, 0x4C, 0x7B, 0x4C, 0x7B, 0x2C, 0x7B, 0x2B, 0x7B, 0x2B, 0x7B,
    0x2B, 0x7B, 0x2B, 0x7B, 0x2B, 0x73, 0x2B, 0x73, 0x0B, 0x73, 0x0B, 0x73, 0x0B, 0x73, 0x0B, 0x73,
    0x0B, 0x73, 0xEB, 0x6A, 0xEB, 0x6A, 0xEB, 0x6A, 0xEA, 0x6A, 0xEA, 0x6A, 0xCA, 0x6A, 0xCA, 0x62,
    0xCA, 0x62, 0xCA, 0x62, 0xCA, 0x62, 0xCA, 0x62, 0xCA, 0x62, 0xCA, 0x6A, 0xCA, 0x6A, 0xCA, 0x6A,
    0xCA, 0x6A, 0xCA, 0x6A, 0xCA, 0x6A, 0xAA, 0x62, 0xAA, 0x62, 0xAA, 0x62, 0xAA, 0x62, 0xAA, 0x62,
    0xAA, 0x62, 0xAA, 0x62, 0xAA, 0x62, 0xAA, 0x62, 0xCA, 0x6A, 0x0B, 0x73, 0xCB, 0x6A, 0x28, 0x52,
    0x28, 0x52, 0xCA, 0x62, 0x4C, 0x73, 0x6C, 0x7B, 0x2C, 0x73, 0x0B, 0x6B, 0xA9, 0x62, 0x69, 0x5A,
    0x28, 0x52, 0x08, 0x4A, 0xE7, 0x49, 0xE7, 0x41, 0xC7, 0x41, 0xC7, 0x41, 0xC7, 0x41, 0xC7, 0x41,
    0xE7, 0x41, 0xE7, 0x41, 0x08, 0x4A, 0x28, 0x4A, 0x28, 0x4A, 0x08, 0x4A, 0x08, 0x4A, 0x08, 0x4A,
    0x08, 0x4A, 0x08, 0x4A, 0x28, 0x4A, 0x8A, 0x52, 0xEB, 0x62, 0x0C, 0x63, 0x2C, 0x63, 0x2C, 0x63,
    0x2C, 0x63, 0x2C, 0x63, 0x0C, 0x63, 0x0B, 0x63, 0xEB, 0x5A, 0xAA, 0x5A, 0x89, 0x52, 0x69, 0x52,
    0x49, 0x4A, 0x69, 0x52, 0x69, 0x52, 0x89, 0x52, 0x8A, 0x52, 0xAA, 0x5A, 0xAA, 0x5A, 0x69, 0x52,
    0x48, 0x4A, 0x69, 0x52, 0xCB, 0x5A, 0xCB, 0x62, 0xCB, 0x5A, 0xAA, 0x5A, 0x8A, 0x5A, 0x69, 0x52,
    0x69, 0x52, 0x89, 0x5A, 0x8A, 0x5A, 0x8A, 0x5A, 0x8A, 0x5A, 0x8A, 0x5A, 0x8A, 0x5A, 0x8A, 0x5A,
    0x8A, 0x5A, 0x8A, 0x5A, 0x8A, 0x5A, 0x8A, 0x5A, 0x8A, 0x5A, 0xAA, 0x5A, 0xAA, 0x5A, 0xAA, 0x5A,
    0xAA, 0x5A, 0xAA, 0x5A, 0xAA, 0x5A, 0xCA, 0x5A, 0xCB, 0x5A, 0xCB, 0x62, 0xCB, 0x62, 0xEB, 0x62,
    0xEB, 0x62, 0xEB, 0x62, 0xEB, 0x62, 0x0B, 0x63, 0x0B, 0x63, 0x0C, 0x63, 0x4C, 0x6B, 0x6D, 0x6B,
    0x6D, 0x6B, 0x6D, 0x6B, 0x6D, 0x73, 0x6D, 0x73, 0x6D, 0x73, 0x6D, 0x73, 0x6D, 0x73, 0x6D, 0x73,
    0x6D, 0x73, 0x6D, 0x73, 0x6D, 0x6B, 0x8D, 0x6B, 0x8D, 0x6B, 0x8D, 0x6B, 0x8D, 0x6B, 0x8D, 0x6B,
    0x8D, 0x6B, 0x8D, 0x6B, 0x8D, 0x6B, 0x8D, 0x6B, 0x8D, 0x6B, 0x8D, 0x6B, 0x8D, 0x6B, 0x8D, 0x6B,
    0x8D, 0x6B, 0x8D, 0x6B, 0x8D, 0x6B, 0x8D, 0x6B, 0x6D, 0x6B, 0x6D, 0x6B, 0x6D, 0x6B, 0x6D, 0x6B,
    0x6D, 0x6B, 0x6D, 0x6B, 0x6D, 0x6B, 0x6D, 0x6B, 0x6D, 0x6B, 0x6D, 0x6B, 0x6D, 0x6B, 0x6D, 0x6B,
    0x6D, 0x6B, 0x6D, 0x6B, 0x6D, 0x6B, 0x6D, 0x6B, 0x6D, 0x6B, 0x6D, 0x6B, 0x6D, 0x6B, 0x6D, 0x6B,
    0x6D, 0x6B, 0x6D, 0x6B, 0x6D, 0x6B, 0x6D, 0x6B, 0x6D, 0x6B, 0x6D, 0x6B, 0x6D, 0x6B, 0x6D, 0x6B,
    0x6D, 0x6B, 0x6D, 0x6B, 0x6D, 0x6B, 0x6D, 0x6B, 0x6D, 0x6B, 0x6D, 0x6B, 0x6D, 0x6B, 0x6D, 0x6B,
    0x6D, 0x6B, 0x6D, 0x6B, 0x8D, 0x6B, 0x6D, 0x6B, 0x6D, 0x6B, 0x6D, 0x6B, 0x6D, 0x6B, 0x6D, 0x6B,
    0x6D, 0x6B, 0x6D, 0x6B, 0x6D, 0x6B, 0x6D, 0x6B, 0x6D, 0x6B, 0x6D, 0x6B, 0x6D, 0x6B, 0x6D, 0x6B,
    0x6D, 0x6B, 0x6D, 0x6B, 0x6D, 0x6B, 0x6D, 0x6B, 0x6D, 0x6B, 0x6D, 0x6B, 0x6D, 0x6B, 0x6D, 0x6B,
    0x6D, 0x6B, 0x6D, 0x6B, 0x6D, 0x6B, 0x6D, 0x6B, 0x6D, 0x6B, 0x6D, 0x6B, 0x6D, 0x6B, 0x6D, 0x6B,
    0x6D, 0x6B, 0x6D, 0x6B, 0x6D, 0x6B, 0x6D, 0x6B, 0x6D, 0x6B, 0x6D, 0x6B, 0x6D, 0x6B, 0x6D, 0x6B,
    0x6D, 0x6B, 0x6D, 0x6B, 0x6D, 0x6B, 0x6D, 0x6B, 0x6D, 0x6B, 0x6D, 0x6B, 0x6D, 0x6B, 0x6D, 0x6B,
    0x6D, 0x6B, 0x6D, 0x6B, 0x6D, 0x6B, 0x6D, 0x6B, 0x6D, 0x6B, 0x6D, 0x6B, 0x6D, 0x6B, 0x6D, 0x6B,
    0x6D, 0x6B, 0x6D, 0x6B, 0x6D, 0x6B, 0x6D, 0x6B, 0x6D, 0x6B, 0x6D, 0x6B, 0x6D, 0x6B, 0x6D, 0x6B,
    0x6D, 0x6B, 0x6D, 0x6B, 0x6D, 0x6B, 0x6D, 0x6B, 0x6D, 0x6B, 0x6D, 0x6B, 0x6D, 0x6B, 0x4D, 0x6B,
    0x4D, 0x6B, 0x4D, 0x6B, 0x4D, 0x6B, 0x4D, 0x6B, 0x4D, 0x6B, 0xCB, 0x5A, 0x69, 0x4A, 0x69, 0x52,
    0x69, 0x52, 0x69, 0x52, 0x69, 0x52, 0x69, 0x52, 0x69, 0x52, 0x69, 0x52, 0x69, 0x52, 0x69, 0x52,
    0x69, 0x52, 0x69, 0x52, 0x69, 0x52, 0x69, 0x52, 0x69, 0x52, 0x69, 0x52, 0x69, 0x52, 0x69, 0x52,
    0x69, 0x52, 0x69, 0x5A, 0x69, 0x5A, 0x69, 0x5A, 0x69, 0x5A, 0x69, 0x5A, 0x89, 0x5A, 0x89, 0x5A,
    0x89, 0x5A, 0x89, 0x5A, 0x8A, 0x5A, 0xAA, 0x62, 0xCA, 0x6A, 0x0B, 0x73, 0x4C, 0x7B, 0x8D, 0x83,
    0xAD, 0x8B, 0xCE, 0x8B, 0xCE, 0x8B, 0xCE, 0x8B, 0xCE, 0x8B, 0xAD, 0x8B, 0xAD, 0x8B, 0x8D, 0x83,
    0x6D, 0x83, 0x6C, 0x83, 0x4C, 0x7B, 0x4C, 0x7B, 0x4C, 0x7B, 0x4C, 0x7B, 0x4C, 0x7B, 0x2C, 0x7B,
    0x2C, 0x7B, 0x2B, 0x7B, 0x2B, 0x7B, 0x2B, 0x73, 0x0B, 0x73, 0x0B, 0x73, 0x0B, 0x73, 0x0B, 0x73,
    0x0B, 0x73, 0x0B, 0x6B, 0x0B, 0x6B, 0xEB, 0x6A, 0xEB, 0x6A, 0xEB, 0x6A, 0xEA, 0x6A, 0xEA, 0x6A,
    0xCB, 0x6A, 0xCB, 0x6A, 0xCB, 0x6A, 0xCB, 0x6A, 0xCA, 0x6A, 0xCA, 0x6A, 0xEA, 0x6A, 0xEB, 0x6A,
    0xEB, 0x72, 0xEB, 0x72, 0xEB, 0x6A, 0xEA, 0x6A, 0xEA, 0x6A, 0xEA, 0x6A, 0xCA, 0x6A, 0xCA, 0x6A,
    0xCA, 0x6A, 0xCA, 0x6A, 0xEA, 0x6A, 0xEB, 0x72, 0x0B, 0x73, 0x6D, 0x83, 0xAE, 0x8B, 0x8D, 0x83,
    0x0B, 0x6B, 0x48, 0x5A, 0x27, 0x52, 0x89, 0x5A, 0x0B, 0x6B, 0x6C, 0x7B, 0x8C, 0x7B, 0x8C, 0x7B,
    0x2B, 0x73, 0xCA, 0x62, 0x89, 0x5A, 0x49, 0x52, 0x48, 0x52, 0x48, 0x52, 0x48, 0x52, 0x48, 0x52,
    0x49, 0x52, 0x49, 0x52, 0x49, 0x52, 0x49, 0x52, 0x28, 0x52, 0x08, 0x4A, 0x07, 0x4A, 0x07, 0x4A,
    0x07, 0x4A, 0x08, 0x4A, 0x08, 0x4A, 0x08, 0x4A, 0x48, 0x4A, 0x89, 0x52, 0xCB, 0x5A, 0x0C, 0x63,
    0x2C, 0x63, 0x2C, 0x63, 0x2C, 0x63, 0x0C, 0x63, 0x0C, 0x63, 0x0C, 0x63, 0x0C, 0x63, 0x0C, 0x63,
    0xEB, 0x62, 0xEB, 0x5A, 0xCB, 0x5A, 0xCB, 0x5A, 0xAA, 0x5A, 0xAA, 0x5A, 0x69, 0x52, 0x49, 0x4A,
    0x8A, 0x52, 0xEB, 0x62, 0x0B, 0x63, 0x0C, 0x63, 0x2C, 0x63, 0x2C, 0x63, 0x2C, 0x6B, 0x0C, 0x63,
    0xEB, 0x62, 0xCB, 0x62, 0xAA, 0x5A, 0xAA, 0x5A, 0xAA, 0x5A, 0xAA, 0x5A, 0xAA, 0x5A, 0xAA, 0x5A,
    0xAA, 0x5A, 0xAA, 0x5A, 0xAA, 0x5A, 0xAA, 0x5A, 0xCA, 0x5A, 0xCA, 0x5A, 0xCA, 0x5A, 0xCB, 0x5A,
    0xEB, 0x62, 0xEB, 0x62, 0xEB, 0x62, 0xEB, 0x62, 0xEB, 0x62, 0x0C, 0x63, 0x0B, 0x63, 0x0C, 0x63,
    0x0C, 0x63, 0x0C, 0x63, 0x2C, 0x6B, 0x2C, 0x6B, 0x4D, 0x6B, 0x6D, 0x6B, 0x6D, 0x6B, 0x6D, 0x6B,
    0x6D, 0x6B, 0x6D, 0x6B, 0x6D, 0x6B, 0x6D, 0x73, 0x6D, 0x73, 0x6D, 0x73, 0x6D, 0x73, 0x8D, 0x73,
    0x8D, 0x73, 0x8D, 0x73, 0x8D, 0x73, 0x8D, 0x73, 0x8D, 0x73, 0x8D, 0x6B, 0x8D, 0x6B, 0x8D, 0x6B,
    0x8D, 0x6B, 0x8D, 0x6B, 0x8D, 0x73, 0x8D, 0x73, 0x8D, 0x73, 0x8D, 0x6B, 0x8D, 0x6B, 0x8D, 0x6B,
    0x8D, 0x6B, 0x8D, 0x6B, 0x6D, 0x6B, 0x8D, 0x6B, 0x6D, 0x6B, 0x6D, 0x6B, 0x6D, 0x6B, 0x6D, 0x6B,
    0x6D, 0x6B, 0x6D, 0x6B, 0x6D, 0x6B, 0x6D, 0x6B, 0x6D, 0x6B, 0x6D, 0x6B, 0x6D, 0x6B, 0x6D, 0x6B,
    0x6D, 0x6B, 0x6D, 0x6B, 0x6D, 0x6B, 0x6D, 0x6B, 0x6D, 0x6B, 0x6D, 0x6B, 0x6D, 0x6B, 0x6D, 0x6B,
    0x6D, 0x6B, 0x6D, 0x6B, 0x6D, 0x6B, 0x6D, 0x6B, 0x6D, 0x6B, 0x6D, 0x6B, 0x6D, 0x6B, 0x6D, 0x6B,
    0x6D, 0x6B, 0x6D, 0x6B, 0x6D, 0x6B, 0x6D, 0x6B, 0x6D, 0x6B, 0x6D, 0x6B, 0x6D, 0x6B, 0x6D, 0x6B,
    0x6D, 0x6B, 0x6D, 0x6B, 0x6D, 0x6B, 0x6D, 0x6B, 0x6D, 0x6B, 0x6D, 0x6B, 0x6D, 0x6B, 0x6D, 0x6B,
    0x6D, 0x6B, 0x6D, 0x6B, 0x6D, 0x6B, 0x6D, 0x6B, 0x6D, 0x6B, 0x6D, 0x6B, 0x6D, 0x6B, 0x6D, 0x6B,
    0x6D, 0x6B, 0x6D, 0x6B, 0x6D, 0x6B, 0x6D, 0x6B, 0x6D, 0x6B, 0x6D, 0x6B, 0x6D, 0x6B, 0x6D, 0x6B,
    0x6D, 0x6B, 0x6D, 0x6B, 0x6D, 0x6B, 0x6D, 0x6B, 0x6D, 0x6B, 0x6D, 0x6B, 0x6D, 0x6B, 0x6D, 0x6B,
    0x6D, 0x6B, 0x6D, 0x6B, 0x6D, 0x6B, 0x6D, 0x6B, 0x6D, 0x6B, 0x6D, 0x6B, 0x6D, 0x6B, 0x6D, 0x6B,
    0x6D, 0x6B, 0x6D, 0x6B, 0x6D, 0x6B, 0x6D, 0x6B, 0x6D, 0x6B, 0x6D, 0x6B, 0x6D, 0x6B, 0x6D, 0x6B,
    0x6D, 0x6B, 0x6D, 0x6B, 0x6D, 0x6B, 0x6D, 0x6B, 0x6D, 0x6B, 0x6D, 0x6B, 0x6D, 0x6B, 0x6D, 0x6B,
    0x6D, 0x6B, 0x6D, 0x6B, 0x6D, 0x6B, 0x6D, 0x6B, 0x6D, 0x6B, 0x6D, 0x6B, 0x6D, 0x6B, 0x6D, 0x6B,
    0x6D, 0x6B, 0x6D, 0x6B, 0x6D, 0x6B, 0x6D, 0x6B, 0x6D, 0x6B, 0x6D, 0x6B, 0x6D, 0x6B, 0x4D, 0x6B,
    0x4D, 0x6B, 0x4D, 0x6B, 0x4D, 0x6B, 0x4D, 0x6B, 0x2D, 0x6B, 0x89, 0x52, 0x69, 0x52, 0x69, 0x52,
    0x69, 0x52, 0x69, 0x52, 0x69, 0x52, 0x69, 0x52, 0x69, 0x52, 0x69, 0x52, 0x69, 0x52, 0x69, 0x52,
    0x69, 0x52, 0x69, 0x52, 0x69, 0x52, 0x69, 0x52, 0x69, 0x52, 0x69, 0x52, 0x69, 0x52, 0x69, 0x52,
    0x69, 0x5A, 0x69, 0x5A, 0x69, 0x5A, 0x69, 0x5A, 0x69, 0x5A, 0x69, 0x5A, 0x89, 0x5A, 0x89, 0x5A,
    0x89, 0x5A, 0x89, 0x5A, 0x8A, 0x5A, 0xAA, 0x62, 0xCA, 0x6A, 0x0B, 0x73, 0x4C, 0x7B, 0x8D, 0x83,
    0xAD, 0x8B, 0xCE, 0x8B, 0xCE, 0x8B, 0xCE, 0x8B, 0xCE, 0x8B, 0xCE, 0x8B, 0xAD, 0x8B, 0xAD, 0x8B,
    0x8D, 0x83, 0x8D, 0x83, 0x6C, 0x83, 0x6C, 0x83, 0x4C, 0x83, 0x4C, 0x7B, 0x4C, 0x7B, 0x4C, 0x7B,
    0x4C, 0x7B, 0x2C, 0x7B, 0x2C, 0x7B, 0x2B, 0x7B, 0x2B, 0x7B, 0x2B, 0x73, 0x2B, 0x73, 0x0B, 0x73,
    0x0B, 0x73, 0x0B, 0x73, 0x0B, 0x73, 0x0B, 0x6B, 0x0B, 0x6B, 0x0B, 0x6B, 0xEB, 0x6A, 0xEB, 0x6A,
    0xEB, 0x6A, 0xEB, 0x6A, 0xEB, 0x6A, 0xEB, 0x6A, 0xEB, 0x6A, 0xEB, 0x6A, 0x0B, 0x73, 0x0B, 0x73,
    0x2B, 0x73, 0x2B, 0x73, 0x2B, 0x73, 0x2B, 0x73, 0x0B, 0x73, 0x0B, 0x73, 0x0B, 0x73, 0x2B, 0x7B,
    0x2B, 0x7B, 0x2B, 0x73, 0x2B, 0x7B, 0x2B, 0x7B, 0x4C, 0x7B, 0x4C, 0x7B, 0x6C, 0x83, 0x8D, 0x83,
    0xAD, 0x83, 0x6C, 0x83, 0xEB, 0x6A, 0x69, 0x5A, 0x28, 0x52, 0x07, 0x52, 0x48, 0x52, 0x48, 0x5A,
    0x68, 0x5A, 0x48, 0x5A, 0x48, 0x52, 0x49, 0x52, 0x49, 0x52, 0x69, 0x52, 0x69, 0x5A, 0x69, 0x5A,
    0x69, 0x52, 0x49, 0x52, 0x28, 0x52, 0x08, 0x4A, 0x07, 0x4A, 0xE7, 0x49, 0x07, 0x4A, 0x08, 0x4A,
    0x28, 0x52, 0x49, 0x52, 0x69, 0x5A, 0x89, 0x5A, 0xAA, 0x5A, 0xAA, 0x5A, 0x89, 0x5A, 0x8A, 0x5A,
    0xAA, 0x5A, 0xEB, 0x62, 0x0C, 0x63, 0x2C, 0x63, 0x0C, 0x63, 0x0C, 0x63, 0x0C, 0x63, 0x0C, 0x63,
    0x0C, 0x63, 0x0C, 0x63, 0x0C, 0x63, 0xEB, 0x62, 0xCB, 0x5A, 0xAA, 0x5A, 0x8A, 0x52, 0xCA, 0x5A,
    0x2C, 0x63, 0x2C, 0x6B, 0x2C, 0x6B, 0x2C, 0x6B, 0x2C, 0x63, 0x2C, 0x63, 0x2C, 0x63, 0x4C, 0x6B,
    0x4C, 0x6B, 0x4C, 0x6B, 0x2C, 0x6B, 0x0B, 0x63, 0xEB, 0x62, 0xCB, 0x5A, 0xCA, 0x5A, 0xCA, 0x5A,
    0xCA, 0x5A, 0xCA, 0x5A, 0xCA, 0x5A, 0xCB, 0x5A, 0xEB, 0x62, 0xEB, 0x62, 0xEB, 0x62, 0x0B, 0x63,
    0x0B, 0x63, 0x0B, 0x63, 0x0C, 0x63, 0x2C, 0x6B, 0x2C, 0x6B, 0x2C, 0x6B, 0x2C, 0x6B, 0x2C, 0x6B,
    0x4C, 0x6B, 0x4D, 0x6B, 0x4D, 0x6B, 0x6D, 0x73, 0x6D, 0x73, 0x6D, 0x73, 0x6D, 0x6B, 0x6D, 0x73,
    0x6D, 0x73, 0x6D, 0x73, 0x8D, 0x73, 0x8D, 0x73, 0x8D, 0x73, 0x8D, 0x73, 0x8D, 0x73, 0x8D, 0x73,
    0x8D, 0x73, 0x8D, 0x73, 0x8D, 0x73, 0x8D, 0x73, 0x8D, 0x73, 0x8D, 0x73, 0x8D, 0x73, 0x8D, 0x73,
    0x8D, 0x73, 0x8D, 0x73, 0x8D, 0x73, 0x8E, 0x73, 0x8D, 0x73, 0x8D, 0x73, 0x8D, 0x73, 0x8D, 0x73,
    0x8D, 0x73, 0x8D, 0x73, 0x8D, 0x73, 0x8D, 0x73, 0x6D, 0x6B, 0x8D, 0x6B, 0x8D, 0x6B, 0x6D, 0x6B,
    0x6D, 0x6B, 0x6D, 0x6B, 0x6D, 0x6B, 0x6D, 0x6B, 0x6D, 0x6B, 0x6D, 0x6B, 0x6D, 0x6B, 0x6D, 0x6B,
    0x6D, 0x6B, 0x6D, 0x6B, 0x6D, 0x6B, 0x6D, 0x6B, 0x6D, 0x6B, 0x6D, 0x6B, 0x6D, 0x6B, 0x6D, 0x6B,
    0x6D, 0x6B, 0x6D, 0x6B, 0x6D, 0x6B, 0x6D, 0x6B, 0x6D, 0x6B, 0x6D, 0x6B, 0x6D, 0x6B, 0x6D, 0x6B,
    0x6D, 0x6B, 0x6D, 0x6B, 0x6D, 0x6B, 0x6D, 0x6B, 0x6D, 0x6B, 0x6D, 0x6B, 0x6D, 0x6B, 0x6D, 0x6B,
    0x6D, 0x6B, 0x6D, 0x6B, 0x6D, 0x6B, 0x6D, 0x6B, 0x6D, 0x6B, 0x6D, 0x6B, 0x6D, 0x6B, 0x6D, 0x6B,
    0x6D, 0x6B, 0x6D, 0x6B, 0x6D, 0x6B, 0x6D, 0x6B, 0x6D, 0x6B, 0x6D, 0x6B, 0x6D, 0x6B, 0x6D, 0x6B,
    0x6D, 0x6B, 0x6D, 0x6B, 0x6D, 0x6B, 0x6D, 0x6B, 0x6D, 0x6B, 0x6D, 0x6B, 0x6D, 0x6B, 0x6D, 0x6B,
    0x6D, 0x6B, 0x6D, 0x6B, 0x6D, 0x6B, 0x6D, 0x6B, 0x6D, 0x6B, 0x6D, 0x6B, 0x6D, 0x6B, 0x6D, 0x6B,
    0x6D, 0x6B, 0x6D, 0x6B, 0x6D, 0x6B, 0x6D, 0x6B, 0x6D, 0x6B, 0x6D, 0x6B, 0x6D, 0x6B, 0x6D, 0x6B,
    0x6D, 0x6B, 0x6D, 0x6B, 0x6D, 0x6B, 0x6D, 0x6B, 0x6D, 0x6B, 0x6D, 0x6B, 0x6D, 0x6B, 0x6D, 0x6B,
    0x6D, 0x6B, 0x6D, 0x6B, 0x6D, 0x6B, 0x6D, 0x6B, 0x6D, 0x6B, 0x6D, 0x6B, 0x6D, 0x6B, 0x6D, 0x6B,
    0x6D, 0x6B, 0x6D, 0x6B, 0x6D, 0x6B, 0x6D, 0x6B, 0x6D, 0x6B, 0x6D, 0x6B, 0x6D, 0x6B, 0x6D, 0x6B,
    0x6D, 0x6B, 0x6D, 0x6B, 0x6D, 0x6B, 0x6D, 0x6B, 0x6D, 0x6B, 0x4D, 0x6B, 0x4D, 0x6B, 0x4D, 0x6B,
    0x4D, 0x6B, 0x4D, 0x6B, 0x4D, 0x63, 0x6D, 0x6B, 0xEB, 0x5A, 0x69, 0x4A, 0x69, 0x52, 0x69, 0x52,
    0x69, 0x52, 0x69, 0x52, 0x69, 0x52, 0x69, 0x52, 0x69, 0x52, 0x69, 0x52, 0x69, 0x52, 0x69, 0x52,
    0x69, 0x52, 0x69, 0x52, 0x69, 0x52, 0x69, 0x52, 0x69, 0x52, 0x69, 0x52, 0x69, 0x52, 0x69, 0x52,
    0x69, 0x5A, 0x69, 0x5A, 0x69, 0x5A, 0x69, 0x5A, 0x69, 0x5A, 0x69, 0x5A, 0x89, 0x5A, 0x89, 0x5A,
    0x89, 0x5A, 0x89, 0x5A, 0x89, 0x62, 0xA9, 0x62, 0xAA, 0x6A, 0xEB, 0x72, 0x4C, 0x7B, 0x8D, 0x83,
    0xAD, 0x8B, 0xCE, 0x8B, 0xEE, 0x93, 0xEE, 0x93, 0xEE, 0x93, 0xEE, 0x93, 0xCE, 0x8B, 0xCE, 0x8B,
    0xAD, 0x8B, 0x8D, 0x83, 0x8D, 0x83, 0x8D, 0x83, 0x6C, 0x83, 0x6C, 0x83, 0x4C, 0x7B, 0x4C, 0x7B,
    0x4C, 0x7B, 0x4C, 0x7B, 0x4C, 0x7B, 0x4C, 0x7B, 0x2C, 0x7B, 0x2C, 0x7B, 0x2B, 0x7B, 0x2B, 0x73,
    0x2B, 0x73, 0x2B, 0x73, 0x0B, 0x73, 0x0B, 0x73, 0x0B, 0x73, 0x0B, 0x6B, 0x0B, 0x6B, 0xEB, 0x6A,
    0xEB, 0x6A, 0xEB, 0x6A, 0x0B, 0x6B, 0x0B, 0x6B, 0x0B, 0x73, 0x0B, 0x73, 0x2B, 0x7B, 0x4C, 0x7B,
    0x6C, 0x83, 0x6C, 0x83, 0x6C, 0x83, 0x6C, 0x83, 0x6C, 0x83, 0x4C, 0x7B, 0x6C, 0x83, 0x8D, 0x83,
    0x8D, 0x83, 0x2C, 0x7B, 0x0B, 0x73, 0x2B, 0x7B, 0x2B, 0x7B, 0x4C, 0x7B, 0x4C, 0x7B, 0x6C, 0x7B,
    0x6C, 0x83, 0x8D, 0x83, 0x8D, 0x83, 0x6D, 0x7B, 0x0B, 0x73, 0x89, 0x62, 0x49, 0x5A, 0x28, 0x52,
    0x28, 0x4A, 0x28, 0x4A, 0x08, 0x4A, 0x08, 0x4A, 0x08, 0x4A, 0x08, 0x4A, 0x08, 0x4A, 0x07, 0x4A,
    0xE7, 0x49, 0xE7, 0x49, 0xE7, 0x49, 0x07, 0x4A, 0x08, 0x4A, 0x28, 0x52, 0x69, 0x52, 0x8A, 0x5A,
    0xAA, 0x62, 0xAA, 0x62, 0xAA, 0x62, 0xAA, 0x5A, 0xAA, 0x5A, 0x8A, 0x5A, 0xAA, 0x5A, 0xAA, 0x5A,
    0xAA, 0x5A, 0xAA, 0x5A, 0x8A, 0x5A, 0xCA, 0x5A, 0xEB, 0x62, 0x2C, 0x63, 0x2C, 0x63, 0x2C, 0x63,
    0x0C, 0x63, 0x0C, 0x63, 0x0C, 0x63, 0xEB, 0x62, 0xCB, 0x5A, 0xCB, 0x5A, 0xEB, 0x62, 0x4C, 0x6B,
    0x2D, 0x6B, 0x2D, 0x6B, 0x2D, 0x6B, 0x2D, 0x6B, 0x2D, 0x6B, 0x4D, 0x6B, 0x4D, 0x6B, 0x4D, 0x6B,
    0x4C, 0x6B, 0x2C, 0x6B, 0x4C, 0x6B, 0x4D, 0x6B, 0x4D, 0x6B, 0x4D, 0x6B, 0x4C, 0x6B, 0x2C, 0x63,
    0x2C, 0x63, 0x2C, 0x63, 0x2C, 0x63, 0x2C, 0x63, 0x2C, 0x63, 0x2C, 0x6B, 0x2C, 0x6B, 0x2C, 0x6B,
    0x4C, 0x6B, 0x4C, 0x6B, 0x4C, 0x6B, 0x6D, 0x6B, 0x6D, 0x73, 0x6D, 0x73, 0x6D, 0x73, 0x6D, 0x73,
    0x6D, 0x73, 0x6D, 0x73, 0x6D, 0x73, 0x8D, 0x73, 0x6D, 0x73, 0x6D, 0x73, 0x8D, 0x73, 0x8D, 0x73,
    0x8D, 0x73, 0x8D, 0x73, 0x8D, 0x73, 0x8E, 0x73, 0x8E, 0x73, 0x8E, 0x73, 0x8E, 0x73, 0x8E, 0x73,
    0x8E, 0x73, 0x8E, 0x73, 0x8E, 0x73, 0x8E, 0x73, 0x8E, 0x73, 0x8E, 0x73, 0x8E, 0x73, 0x8D, 0x73,
    0x8D, 0x73, 0x8D, 0x73, 0x8D, 0x73, 0x8E, 0x73, 0x8E, 0x73, 0x8E, 0x73, 0x8E, 0x73, 0x8E, 0x73,
    0x8D, 0x73, 0x8D, 0x73, 0x8D, 0x73, 0x8D, 0x73, 0x8D, 0x73, 0x6D, 0x6B, 0x6D, 0x6B, 0x8D, 0x6B,
    0x8D, 0x6B, 0x8D, 0x6B, 0x8D, 0x6B, 0x6D, 0x6B, 0x6D, 0x6B, 0x6D, 0x6B, 0x6D, 0x6B, 0x6D, 0x6B,
    0x6D, 0x6B, 0x6D, 0x6B, 0x6D, 0x6B, 0x6D, 0x6B, 0x6D, 0x6B, 0x6D, 0x6B, 0x6D, 0x6B, 0x6D, 0x6B,
    0x6D, 0x6B, 0x6D, 0x6B, 0x6D, 0x6B, 0x6D, 0x6B, 0x6D, 0x6B, 0x6D, 0x6B, 0x6D, 0x6B, 0x6D, 0x6B,
    0x6D, 0x6B, 0x6D, 0x6B, 0x6D, 0x6B, 0x6D, 0x6B, 0x6D, 0x6B, 0x6D, 0x6B, 0x6D, 0x6B, 0x6D, 0x6B,
    0x6D, 0x6B, 0x6D, 0x6B, 0x6D, 0x6B, 0x6D, 0x6B, 0x6D, 0x6B, 0x6D, 0x6B, 0x6D, 0x6B, 0x6D, 0x6B,
    0x6D, 0x6B, 0x6D, 0x6B, 0x6D, 0x6B, 0x6D, 0x6B, 0x6D, 0x6B, 0x6D, 0x6B, 0x6D, 0x6B, 0x6D, 0x6B,
    0x6D, 0x6B, 0x6D, 0x6B, 0x6D, 0x6B, 0x6D, 0x6B, 0x6D, 0x6B, 0x6D, 0x6B, 0x6D, 0x6B, 0x6D, 0x6B,
    0x6D, 0x6B, 0x6D, 0x6B, 0x6D, 0x6B, 0x6D, 0x6B, 0x6D, 0x6B, 0x6D, 0x6B, 0x6D, 0x6B, 0x6D, 0x6B,
    0x6D, 0x6B, 0x6D, 0x6B, 0x6D, 0x6B, 0x6D, 0x6B, 0x6D, 0x6B, 0x6D, 0x6B, 0x6D, 0x6B, 0x6D, 0x6B,
    0x6D, 0x6B, 0x6D, 0x6B, 0x6D, 0x6B, 0x6D, 0x6B, 0x6D, 0x6B, 0x6D, 0x6B, 0x6D, 0x6B, 0x6D, 0x6B,
    0x6D, 0x6B, 0x6D, 0x6B, 0x6D, 0x6B, 0x6D, 0x6B, 0x6D, 0x6B, 0x6D, 0x6B, 0x6D, 0x6B, 0x6D, 0x6B,
    0x6D, 0x6B, 0x6D, 0x6B, 0x6D, 0x6B, 0x6D, 0x6B, 0x6D, 0x6B, 0x6D, 0x6B, 0x6D, 0x6B, 0x6D, 0x6B,
    0x6D, 0x6B, 0x6D, 0x6B, 0x6D, 0x6B, 0x6D, 0x6B, 0x6D, 0x6B, 0x4D, 0x6B, 0x4D, 0x6B, 0x4D, 0x6B,
    0x4D, 0x6B, 0x4D, 0x6B, 0x6D, 0x6B, 0x4C, 0x63, 0x8A, 0x52, 0x69, 0x52, 0x69, 0x52, 0x69, 0x52,
    0x69, 0x52, 0x69, 0x52, 0x69, 0x52, 0x69, 0x52, 0x69, 0x52, 0x69, 0x52, 0x69, 0x52, 0x69, 0x52,
    0x69, 0x52, 0x69, 0x52, 0x69, 0x52, 0x69, 0x52, 0x69, 0x52, 0x69, 0x52, 0x69, 0x52, 0x69, 0x52,
    0x69, 0x5A, 0x69, 0x5A, 0x69, 0x5A, 0x69, 0x5A, 0x69, 0x5A, 0x69, 0x5A, 0x89, 0x5A, 0x89, 0x5A,
    0x89, 0x5A, 0x89, 0x5A, 0x89, 0x62, 0x89, 0x62, 0xAA, 0x6A, 0xEA, 0x6A, 0x4C, 0x7B, 0x8D, 0x83,
    0xAD, 0x8B, 0xCE, 0x93, 0xEE, 0x93, 0x0E, 0x94, 0x0E, 0x94, 0xEE, 0x93, 0xEE, 0x93, 0xEE, 0x93,
    0xCE, 0x8B, 0xAD, 0x8B, 0xAD, 0x8B, 0x8D, 0x83, 0x8D, 0x83, 0x8D, 0x83, 0x6C, 0x83, 0x6C, 0x83,
    0x6C, 0x83, 0x6C, 0x83, 0x4C, 0x7B, 0x4C, 0x7B, 0x4C, 0x7B, 0x4C, 0x7B, 0x4C, 0x7B, 0x2C, 0x7B,
    0x2C, 0x7B, 0x2C, 0x7B, 0x2B, 0x73, 0x2B, 0x73, 0x0B, 0x73, 0x0B, 0x73, 0x0B, 0x6B, 0x0B, 0x6B,
    0x0B, 0x6B, 0x0B, 0x6B, 0x0B, 0x6B, 0x0B, 0x73, 0x2C, 0x73, 0x4C, 0x7B, 0x8D, 0x83, 0xAD, 0x8B,
    0xAD, 0x8B, 0xAD, 0x8B, 0xAD, 0x8B, 0xAD, 0x8B, 0x8D, 0x83, 0x6C, 0x83, 0x6C, 0x83, 0xAD, 0x83,
    0xAE, 0x8B, 0x6C, 0x83, 0x0B, 0x73, 0xEB, 0x72, 0x0B, 0x73, 0x2C, 0x7B, 0x4C, 0x7B, 0x4C, 0x7B,
    0x4C, 0x7B, 0x2B, 0x7B, 0x0B, 0x73, 0x0B, 0x73, 0x0B, 0x73, 0x0B, 0x6B, 0xEB, 0x6A, 0xCA, 0x62,
    0xA9, 0x5A, 0x69, 0x5A, 0x48, 0x52, 0x28, 0x52, 0x28, 0x52, 0x28, 0x4A, 0x08, 0x4A, 0x08, 0x4A,
    0x28, 0x4A, 0x28, 0x52, 0x48, 0x52, 0x69, 0x5A, 0x8A, 0x62, 0xAA, 0x62, 0xAA, 0x62, 0x8A, 0x5A,
    0x69, 0x5A, 0x69, 0x5A, 0x69, 0x52, 0x69, 0x5A, 0x8A, 0x5A, 0x8A, 0x5A, 0x8A, 0x5A, 0x8A, 0x5A,
    0x8A, 0x5A, 0x8A, 0x5A, 0x89, 0x5A, 0x89, 0x5A, 0x89, 0x52, 0xAA, 0x5A, 0xCA, 0x5A, 0xEB, 0x62,
    0x2C, 0x63, 0x2C, 0x63, 0x2C, 0x6B, 0x2C, 0x6B, 0x0C, 0x63, 0x2C, 0x6B, 0x4C, 0x6B, 0x4C, 0x6B,
    0x2C, 0x6B, 0x4C, 0x6B, 0x4C, 0x6B, 0x4C, 0x6B, 0x4C, 0x6B, 0x4C, 0x6B, 0x4C, 0x6B, 0x4C, 0x6B,
    0x4C, 0x6B, 0x4C, 0x6B, 0x4C, 0x6B, 0x4C, 0x6B, 0x4C, 0x6B, 0x4D, 0x6B, 0x4D, 0x6B, 0x6D, 0x6B,
    0x6D, 0x6B, 0x6D, 0x6B, 0x6D, 0x6B, 0x6D, 0x6B, 0x6D, 0x6B, 0x6D, 0x6B, 0x6D, 0x6B, 0x6C, 0x6B,
    0x4C, 0x6B, 0x4C, 0x6B, 0x4C, 0x6B, 0x6D, 0x73, 0x6D, 0x73, 0x6D, 0x73, 0x8D, 0x6B, 0x8D, 0x73,
    0xAE, 0x73, 0x8E, 0x73, 0x8E, 0x73, 0x8E, 0x73, 0x8E, 0x73, 0x8E, 0x73, 0x8E, 0x73, 0x8E, 0x73,
    0x8E, 0x73, 0x8D, 0x73, 0x8D, 0x73, 0x8D, 0x73, 0x8D, 0x73, 0x6D, 0x73, 0x6D, 0x73, 0x6D, 0x73,
    0x6D, 0x73, 0x6D, 0x73, 0x6D, 0x73, 0x8D, 0x6B, 0x8D, 0x6B, 0x8E, 0x6B, 0xAE, 0x6B, 0xAE, 0x73,
    0xAE, 0x73, 0x8E, 0x73, 0x8E, 0x73, 0x8E, 0x73, 0x8E, 0x73, 0x8E, 0x73, 0x8E, 0x73, 0x8E, 0x73,
    0x8E, 0x73, 0x8E, 0x73, 0x8E, 0x73, 0x8D, 0x73, 0x8D, 0x73, 0x8D, 0x73, 0x8D, 0x73, 0x8D, 0x6B,
    0x8D, 0x6B, 0x8D, 0x6B, 0x8D, 0x6B, 0x6D, 0x6B, 0x6D, 0x6B, 0x6D, 0x6B, 0x6D, 0x6B, 0x6D, 0x6B,
    0x6D, 0x6B, 0x6D, 0x6B, 0x6D, 0x6B, 0x6D, 0x6B, 0x6D, 0x6B, 0x6D, 0x6B, 0x6D, 0x6B, 0x6D, 0x6B,
    0x6D, 0x6B, 0x6D, 0x6B, 0x6D, 0x6B, 0x6D, 0x6B, 0x6D, 0x6B, 0x6D, 0x6B, 0x6D, 0x6B, 0x6D, 0x6B,
    0x6D, 0x6B, 0x6D, 0x6B, 0x6D, 0x6B, 0x6D, 0x6B, 0x6D, 0x6B, 0x6D, 0x6B, 0x6D, 0x6B, 0x6D, 0x6B,
    0x6D, 0x6B, 0x6D, 0x6B, 0x6D, 0x6B, 0x6D, 0x6B, 0x6D, 0x6B, 0x6D, 0x6B, 0x6D, 0x6B, 0x6D, 0x6B,
    0x6D, 0x6B, 0x6D, 0x6B, 0x6D, 0x6B, 0x6D, 0x6B, 0x6D, 0x6B, 0x6D, 0x6B, 0x6D, 0x6B, 0x6D, 0x6B,
    0x6D, 0x6B, 0x6D, 0x6B, 0x6D, 0x6B, 0x6D, 0x6B, 0x6D, 0x6B, 0x6D, 0x6B, 0x6D, 0x6B, 0x6D, 0x6B,
    0x6D, 0x6B, 0x6D, 0x6B, 0x6D, 0x6B, 0x6D, 0x6B, 0x6D, 0x6B, 0x6D, 0x6B, 0x6D, 0x6B, 0x6D, 0x6B,
    0x6D, 0x6B, 0x6D, 0x6B, 0x6D, 0x6B, 0x6D, 0x6B, 0x6D, 0x6B, 0x6D, 0x6B, 0x6D, 0x6B, 0x6D, 0x6B,
    0x6D, 0x6B, 0x6D, 0x6B, 0x6D, 0x6B, 0x6D, 0x6B, 0x6D, 0x6B, 0x6D, 0x6B, 0x6D, 0x6B, 0x6D, 0x6B,
    0x6D, 0x6B, 0x6D, 0x6B, 0x6D, 0x6B, 0x6D, 0x6B, 0x6D, 0x6B, 0x6D, 0x6B, 0x6D, 0x6B, 0x6D, 0x6B,
    0x6D, 0x6B, 0x6D, 0x6B, 0x6D, 0x6B, 0x6D, 0x6B, 0x6D, 0x6B, 0x6D, 0x6B, 0x6D, 0x6B, 0x6D, 0x6B,
    0x6D, 0x6B, 0x6D, 0x6B, 0x6D, 0x6B, 0x6D, 0x6B, 0x6D, 0x6B, 0x4D, 0x6B, 0x4D, 0x6B, 0x4D, 0x6B,
    0x4D, 0x6B, 0x4D, 0x6B, 0x4D, 0x6B, 0xEB, 0x5A, 0x69, 0x4A, 0x69, 0x52, 0x69, 0x52, 0x69, 0x52,
    0x69, 0x52, 0x69, 0x52, 0x69, 0x52, 0x69, 0x52, 0x69, 0x52, 0x69, 0x52, 0x69, 0x52, 0x69, 0x52,
    0x69, 0x52, 0x69, 0x52, 0x69, 0x52, 0x69, 0x52, 0x69, 0x52, 0x69, 0x52, 0x69, 0x52, 0x69, 0x52,
    0x69, 0x5A, 0x69, 0x5A, 0x69, 0x5A, 0x69, 0x5A, 0x69, 0x5A, 0x69, 0x5A, 0x89, 0x5A, 0x89, 0x5A,
    0x89, 0x5A, 0x89, 0x5A, 0x89, 0x62, 0x89, 0x62, 0xAA, 0x62, 0xEA, 0x6A, 0x2C, 0x7B, 0x8D, 0x83,
    0xAE, 0x8B, 0xEE, 0x93, 0x0F, 0x94, 0x0F, 0x94, 0x0F, 0x94, 0x0F, 0x94, 0x0E, 0x94, 0xEE, 0x93,
    0xEE, 0x93, 0xCE, 0x8B, 0xCE, 0x8B, 0xAD, 0x8B, 0xAD, 0x8B, 0xAD, 0x8B, 0x8D, 0x83, 0x8D, 0x83,
    0x6D, 0x83, 0x6D, 0x83, 0x6C, 0x83, 0x6C, 0x83, 0x6C, 0x83, 0x6C, 0x7B, 0x4C, 0x7B, 0x4C, 0x7B,
    0x4C, 0x7B, 0x4C, 0x7B, 0x2C, 0x7B, 0x2C, 0x7B, 0x2C, 0x73, 0x2B, 0x73, 0x2B, 0x73, 0x0B, 0x73,
    0x0B, 0x73, 0x0B, 0x73, 0x2B, 0x73, 0x2B, 0x73, 0x6C, 0x7B, 0x8D, 0x83, 0xAD, 0x8B, 0xAD, 0x8B,
    0xAD, 0x8B, 0xAD, 0x8B, 0xAD, 0x8B, 0xAD, 0x8B, 0xAD, 0x8B, 0x6C, 0x83, 0x4C, 0x7B, 0x6C, 0x83,
    0xAD, 0x8B, 0xCE, 0x8B, 0x6C, 0x83, 0x0B, 0x73, 0xEA, 0x72, 0xEB, 0x72, 0x0B, 0x73, 0xEB, 0x6A,
    0xEA, 0x6A, 0xEA, 0x6A, 0xEA, 0x6A, 0xEA, 0x6A, 0xEB, 0x6A, 0x0B, 0x73, 0x0B, 0x73, 0x0B, 0x73,
    0x0B, 0x73, 0x0B, 0x6B, 0xEB, 0x6A, 0xCA, 0x62, 0xCA, 0x62, 0xAA, 0x62, 0xAA, 0x62, 0xAA, 0x62,
    0xAA, 0x62, 0xAA, 0x62, 0xAA, 0x62, 0xAA, 0x62, 0x8A, 0x5A, 0x69, 0x5A, 0x69, 0x5A, 0x69, 0x52,
    0x69, 0x52, 0x69, 0x5A, 0x69, 0x5A, 0x69, 0x5A, 0x69, 0x5A, 0x69, 0x5A, 0x69, 0x5A, 0x89, 0x5A,
    0x89, 0x5A, 0x89, 0x5A, 0x8A, 0x5A, 0x8A, 0x5A, 0x89, 0x5A, 0x69, 0x5A, 0x49, 0x52, 0x49, 0x52,
    0x69, 0x52, 0xAA, 0x5A, 0xEB, 0x62, 0x2C, 0x6B, 0x4C, 0x6B, 0x4C, 0x6B, 0x4C, 0x6B, 0x4C, 0x6B,
    0x4C, 0x6B, 0x4C, 0x6B, 0x4C, 0x6B, 0x4C, 0x6B, 0x4C, 0x6B, 0x4D, 0x6B, 0x4D, 0x6B, 0x4D, 0x6B,
    0x4D, 0x6B, 0x4D, 0x6B, 0x4D, 0x6B, 0x4D, 0x6B, 0x4D, 0x6B, 0x6D, 0x6B, 0x6D, 0x6B, 0x6D, 0x6B,
    0x6D, 0x6B, 0x6D, 0x6B, 0x6D, 0x6B, 0x6D, 0x6B, 0x6D, 0x6B, 0x6D, 0x73, 0xAE, 0x73, 0xEF, 0x83,
    0x91, 0x94, 0xD2, 0x9C, 0xD2, 0x9C, 0xB1, 0x9C, 0xD2, 0xA4, 0x33, 0xA5, 0xB2, 0x94, 0xAE, 0x7B,
    0xAE, 0x73, 0x8E, 0x73, 0x8E, 0x73, 0x8E, 0x73, 0x8E, 0x73, 0x8D, 0x73, 0x8D, 0x73, 0x8D, 0x73,
    0xAE, 0x7B, 0xAE, 0x7B, 0xCE, 0x83, 0xEF, 0x8B, 0x0F, 0x8C, 0x30, 0x94, 0x30, 0x94, 0x50, 0x94,
    0x50, 0x94, 0x50, 0x94, 0x50, 0x94, 0x30, 0x8C, 0x0F, 0x84, 0xEE, 0x7B, 0xCE, 0x73, 0xAD, 0x73,
    0x8D, 0x73, 0x8D, 0x73, 0x8E, 0x73, 0xAE, 0x73, 0xAE, 0x73, 0xAE, 0x73, 0xAE, 0x73, 0x8E, 0x73,
    0x8E, 0x73, 0x8E, 0x73, 0x8E, 0x73, 0x8E, 0x73, 0x8E, 0x73, 0x8E, 0x73, 0x8D, 0x73, 0x8D, 0x73,
    0x8D, 0x6B, 0x8D, 0x6B, 0x8D, 0x6B, 0x8D, 0x6B, 0x6D, 0x6B, 0x6D, 0x6B, 0x6D, 0x6B, 0x6D, 0x6B,
    0x6D, 0x6B, 0x6D, 0x6B, 0x6D, 0x6B, 0x6D, 0x6B, 0x6D, 0x6B, 0x6D, 0x6B, 0x6D, 0x6B, 0x6D, 0x6B,
    0x6D, 0x6B, 0x6D, 0x6B, 0x6D, 0x6B, 0x6D, 0x6B, 0x6D, 0x6B, 0x6D, 0x6B, 0x6D, 0x6B, 0x6D, 0x6B,
    0x6D, 0x6B, 0x6D, 0x6B, 0x6D, 0x6B, 0x6D, 0x6B, 0x6D, 0x6B, 0x6D, 0x6B, 0x6D, 0x6B, 0x6D, 0x6B,
    0x6D, 0x6B, 0x6D, 0x6B, 0x6D, 0x6B, 0x6D, 0x6B, 0x6D, 0x6B, 0x6D, 0x6B, 0x6D, 0x6B, 0x6D, 0x6B,
    0x6D, 0x6B, 0x6D, 0x6B, 0x6D, 0x6B, 0x6D, 0x6B, 0x6D, 0x6B, 0x6D, 0x6B, 0x6D, 0x6B, 0x6D, 0x6B,
    0x6D, 0x6B, 0x6D, 0x6B, 0x6D, 0x6B, 0x6D, 0x6B, 0x6D, 0x6B, 0x6D, 0x6B, 0x6D, 0x6B, 0x6D, 0x6B,
    0x6D, 0x6B, 0x6D, 0x6B, 0x6D, 0x6B, 0x6D, 0x6B, 0x6D, 0x6B, 0x6D, 0x6B, 0x6D, 0x6B, 0x6D, 0x6B,
    0x6D, 0x6B, 0x6D, 0x6B, 0x6D, 0x6B, 0x6D, 0x6B, 0x6D, 0x6B, 0x6D, 0x6B, 0x6D, 0x6B, 0x6D, 0x6B,
    0x6D, 0x6B, 0x6D, 0x6B, 0x6D, 0x6B, 0x6D, 0x6B, 0x6D, 0x6B, 0x6D, 0x6B, 0x6D, 0x6B, 0x6D, 0x6B,
    0x6D, 0x6B, 0x6D, 0x6B, 0x6D, 0x6B, 0x6D, 0x6B, 0x6D, 0x6B, 0x6D, 0x6B, 0x6D, 0x6B, 0x6D, 0x6B,
    0x6D, 0x6B, 0x6D, 0x6B, 0x6D, 0x6B, 0x6D, 0x6B, 0x6D, 0x6B, 0x6D, 0x6B, 0x6D, 0x6B, 0x6D, 0x6B,
    0x6D, 0x6B, 0x6D, 0x6B, 0x4D, 0x6B, 0x6D, 0x6B, 0x4D, 0x6B, 0x4D, 0x6B, 0x4D, 0x6B, 0x4D, 0x6B,
    0x4D, 0x6B, 0x4D, 0x6B, 0x4C, 0x6B, 0x8A, 0x52, 0x69, 0x4A, 0x69, 0x52, 0x69, 0x52, 0x69, 0x52,
    0x69, 0x52, 0x69, 0x52, 0x69, 0x52, 0x69, 0x52, 0x69, 0x52, 0x69, 0x52, 0x69, 0x52, 0x69, 0x52,
    0x69, 0x52, 0x69, 0x52, 0x69, 0x52, 0x69, 0x52, 0x69, 0x52, 0x69, 0x52, 0x69, 0x52, 0x69, 0x5A,
    0x69, 0x5A, 0x69, 0x5A, 0x69, 0x5A, 0x69, 0x5A, 0x69, 0x5A, 0x69, 0x5A, 0x89, 0x5A, 0x89, 0x5A,
    0x89, 0x5A, 0x89, 0x5A, 0x89, 0x62, 0x89, 0x62, 0xAA, 0x62, 0xEA, 0x6A, 0x2B, 0x73, 0x8D, 0x83,
    0xCE, 0x8B, 0x0F, 0x94, 0x2F, 0x9C, 0x2F, 0x9C, 0x2F, 0x9C, 0x2F, 0x9C, 0x2F, 0x9C, 0x0F, 0x94,
    0x0F, 0x94, 0x0E, 0x94, 0xEE, 0x93, 0xCE, 0x8B, 0xCD, 0x8B, 0xAD, 0x8B, 0xAD, 0x8B, 0xAD, 0x8B,
    0x8D, 0x83, 0x8D, 0x83, 0x8D, 0x83, 0x6D, 0x83, 0x6C, 0x83, 0x6C, 0x83, 0x6C, 0x83, 0x6C, 0x83,
    0x6C, 0x83, 0x4C, 0x7B, 0x4C, 0x7B, 0x4C, 0x7B, 0x4C, 0x7B, 0x4C, 0x7B, 0x2B, 0x73, 0x2B, 0x73,
    0x2B, 0x73, 0x2B, 0x73, 0x2C, 0x7B, 0x4C, 0x7B, 0xAD, 0x83, 0xCE, 0x8B, 0xCE, 0x8B, 0xCD, 0x8B,
    0xAD, 0x8B, 0xAD, 0x8B, 0x8D, 0x83, 0x8D, 0x83, 0x8D, 0x83, 0x6C, 0x83, 0x2C, 0x7B, 0x2C, 0x7B,
    0x4C, 0x7B, 0x8D, 0x83, 0x6C, 0x7B, 0x0B, 0x73, 0xCA, 0x6A, 0xCA, 0x62, 0xCA, 0x62, 0xCA, 0x62,
    0xCA, 0x62, 0xCA, 0x6A, 0xEA, 0x6A, 0xEB, 0x6A, 0xEB, 0x6A, 0x0B, 0x73, 0x0B, 0x73, 0x0B, 0x73,
    0x0B, 0x73, 0x0B, 0x73, 0x0B, 0x6B, 0x0B, 0x6B, 0xEB, 0x6A, 0xEB, 0x6A, 0xCB, 0x6A, 0xCB, 0x6A,
    0xCB, 0x6A, 0xCA, 0x62, 0xAA, 0x62, 0x8A, 0x5A, 0x89, 0x5A, 0x89, 0x5A, 0x89, 0x5A, 0x69, 0x5A,
    0x89, 0x5A, 0x89, 0x5A, 0x8A, 0x5A, 0x8A, 0x62, 0x8A, 0x62, 0x8A, 0x5A, 0x89, 0x5A, 0x89, 0x5A,
    0x89, 0x5A, 0x69, 0x5A, 0x69, 0x5A, 0x69, 0x52, 0x49, 0x52, 0x48, 0x52, 0x48, 0x52, 0x48, 0x52,
    0x48, 0x52, 0x48, 0x52, 0x49, 0x52, 0x69, 0x52, 0xAA, 0x5A, 0xCA, 0x5A, 0xEB, 0x62, 0x0C, 0x63,
    0x4C, 0x63, 0x4D, 0x6B, 0x4D, 0x6B, 0x4C, 0x6B, 0x4D, 0x6B, 0x4D, 0x6B, 0x4D, 0x6B, 0x4D, 0x6B,
    0x4D, 0x6B, 0x4D, 0x6B, 0x4D, 0x6B, 0x4D, 0x6B, 0x4D, 0x6B, 0x4D, 0x6B, 0x4D, 0x6B, 0x6D, 0x6B,
    0x6D, 0x6B, 0x6D, 0x6B, 0x6D, 0x6B, 0x8D, 0x6B, 0x6D, 0x6B, 0x30, 0x84, 0x13, 0xA5, 0x74, 0xAD,
    0x37, 0xC6, 0xDA, 0xDE, 0x58, 0xCE, 0xB5, 0xBD, 0x16, 0xC6, 0xD9, 0xD6, 0xFA, 0xDE, 0xF3, 0xAC,
    0xCE, 0x83, 0x0F, 0x8C, 0x0F, 0x8C, 0x0F, 0x8C, 0x30, 0x94, 0x50, 0x9C, 0x70, 0x9C, 0x91, 0xA4,
    0xB1, 0xA4, 0xD2, 0xAC, 0xF2, 0xB4, 0x12, 0xB5, 0x12, 0xBD, 0x12, 0xBD, 0x32, 0xBD, 0x33, 0xBD,
    0x33, 0xBD, 0x33, 0xBD, 0x53, 0xBD, 0x53, 0xBD, 0x53, 0xBD, 0x53, 0xBD, 0x12, 0xB5, 0xF2, 0xAC,
    0x91, 0x9C, 0x4F, 0x8C, 0xEF, 0x83, 0xAE, 0x73, 0x8E, 0x73, 0x8E, 0x73, 0xAE, 0x73, 0xAE, 0x73,
    0xAE, 0x73, 0xAE, 0x73, 0xAE, 0x73, 0xAE, 0x73, 0x8E, 0x73, 0x8E, 0x73, 0x8E, 0x73, 0x8D, 0x73,
    0x8D, 0x73, 0x8D, 0x6B, 0x8D, 0x6B, 0x8D, 0x6B, 0x6D, 0x6B, 0x6D, 0x6B, 0x6D, 0x6B, 0x6D, 0x6B,
    0x6D, 0x6B, 0x6D, 0x6B, 0x6D, 0x6B, 0x6D, 0x6B, 0x6D, 0x6B, 0x6D, 0x6B, 0x6D, 0x6B, 0x6D, 0x6B,
    0x6D, 0x6B, 0x6D, 0x6B, 0x6D, 0x6B, 0x6D, 0x6B, 0x6D, 0x6B, 0x6D, 0x6B, 0x6D, 0x6B, 0x6D, 0x6B,
    0x6D, 0x6B, 0x6D, 0x6B, 0x6D, 0x6B, 0x6D, 0x6B, 0x6D, 0x6B, 0x6D, 0x6B, 0x6D, 0x6B, 0x6D, 0x6B,
    0x6D, 0x6B, 0x6D, 0x6B, 0x6D, 0x6B, 0x6D, 0x6B, 0x6D, 0x6B, 0x6D, 0x6B, 0x6D, 0x6B, 0x6D, 0x6B,
    0x6D, 0x6B, 0x6D, 0x6B, 0x6D, 0x6B, 0x6D, 0x6B, 0x6D, 0x6B, 0x6D, 0x6B, 0x6D, 0x6B, 0x6D, 0x6B,
    0x6D, 0x6B, 0x6D, 0x6B, 0x6D, 0x6B, 0x6D, 0x6B, 0x6D, 0x6B, 0x6D, 0x6B, 0x6D, 0x6B, 0x6D, 0x6B,
    0x6D, 0x6B, 0x6D, 0x6B, 0x6D, 0x6B, 0x6D, 0x6B, 0x6D, 0x6B, 0x6D, 0x6B, 0x6D, 0x6B, 0x6D, 0x6B,
    0x6D, 0x6B, 0x6D, 0x6B, 0x6D, 0x6B, 0x6D, 0x6B, 0x6D, 0x6B, 0x6D, 0x6B, 0x6D, 0x6B, 0x6D, 0x6B,
    0x6D, 0x6B, 0x6D, 0x6B, 0x6D, 0x6B, 0x6D, 0x6B, 0x6D, 0x6B, 0x6D, 0x6B, 0x6D, 0x6B, 0x6D, 0x6B,
    0x6D, 0x6B, 0x6D, 0x6B, 0x6D, 0x6B, 0x6D, 0x6B, 0x6D, 0x6B, 0x6D, 0x6B, 0x6D, 0x6B, 0x6D, 0x6B,
    0x6D, 0x6B, 0x6D, 0x6B, 0x6D, 0x6B, 0x6D, 0x6B, 0x6D, 0x6B, 0x6D, 0x6B, 0x6D, 0x6B, 0x6D, 0x6B,
    0x6D, 0x6B, 0x6D, 0x6B, 0x6D, 0x6B, 0x6D, 0x6B, 0x6D, 0x6B, 0x4D, 0x6B, 0x6D, 0x6B, 0x4D, 0x6B,
    0x6D, 0x63, 0x6D, 0x6B, 0xCB, 0x5A, 0x69, 0x52, 0x69, 0x52, 0x69, 0x52, 0x69, 0x52, 0x69, 0x52,
    0x69, 0x52, 0x69, 0x52, 0x69, 0x52, 0x69, 0x52, 0x69, 0x52, 0x69, 0x52, 0x69, 0x52, 0x69, 0x52,
    0x69, 0x52, 0x69, 0x52, 0x69, 0x52, 0x69, 0x52, 0x69, 0x52, 0x69, 0x52, 0x69, 0x52, 0x69, 0x5A,
    0x69, 0x5A, 0x69, 0x5A, 0x69, 0x5A, 0x69, 0x5A, 0x69, 0x5A, 0x69, 0x5A, 0x89, 0x5A, 0x89, 0x5A,
    0x89, 0x5A, 0x8A, 0x5A, 0x89, 0x62, 0x89, 0x62, 0xAA, 0x62, 0xEA, 0x6A, 0x2B, 0x7B, 0x8D, 0x83,
    0xCE, 0x93, 0x0F, 0x9C, 0x4F, 0x9C, 0x50, 0x9C, 0x50, 0x9C, 0x50, 0x9C, 0x50, 0x9C, 0x4F, 0x9C,
    0x2F, 0x9C, 0x2F, 0x9C, 0x0F, 0x94, 0x0E, 0x94, 0xEE, 0x93, 0xCE, 0x8B, 0xCE, 0x8B, 0xCE, 0x8B,
    0xAD, 0x8B, 0xAD, 0x8B, 0xAD, 0x8B, 0x8D, 0x83, 0x8D, 0x83, 0x8D, 0x83, 0x8D, 0x83, 0x8C, 0x83,
    0x8C, 0x83, 0x6C, 0x83, 0x6C, 0x83, 0x6C, 0x83, 0x6C, 0x83, 0x6C, 0x7B, 0x4C, 0x7B, 0x4C, 0x7B,
    0x4C, 0x7B, 0x4C, 0x7B, 0x4C, 0x7B, 0x6C, 0x83, 0xCE, 0x8B, 0xEE, 0x93, 0x0F, 0x94, 0xEE, 0x93,
    0xAD, 0x8B, 0x8D, 0x83, 0x8C, 0x83, 0x6C, 0x83, 0x6C, 0x83, 0x4C, 0x7B, 0x2B, 0x7B, 0x0B, 0x73,
    0x0B, 0x73, 0x0B, 0x6B, 0xEB, 0x6A, 0xCA, 0x6A, 0xAA, 0x62, 0xAA, 0x62, 0xAA, 0x62, 0xAA, 0x62,
    0xCA, 0x62, 0xCA, 0x62, 0xCA, 0x6A, 0xEA, 0x6A, 0xEB, 0x6A, 0x0B, 0x6B, 0x0B, 0x73, 0x0B, 0x73,
    0x0B, 0x73, 0x2B, 0x73, 0x2B, 0x73, 0x2B, 0x73, 0x0B, 0x73, 0xEA, 0x6A, 0xCA, 0x62, 0xAA, 0x62,
    0xAA, 0x62, 0x8A, 0x62, 0x8A, 0x62, 0x89, 0x5A, 0x89, 0x5A, 0x69, 0x5A, 0x69, 0x5A, 0x69, 0x5A,
    0x69, 0x52, 0x69, 0x52, 0x49, 0x52, 0x49, 0x52, 0x48, 0x52, 0x48, 0x52, 0x48, 0x52, 0x48, 0x52,
    0x48, 0x52, 0x48, 0x52, 0x48, 0x52, 0x48, 0x52, 0x48, 0x52, 0x48, 0x52, 0x48, 0x52, 0x49, 0x52,
    0x49, 0x52, 0x49, 0x52, 0x49, 0x52, 0x49, 0x52, 0x49, 0x52, 0x69, 0x52, 0x69, 0x52, 0x89, 0x52,
    0x89, 0x52, 0xCA, 0x5A, 0x2C, 0x6B, 0x4C, 0x73, 0x6D, 0x73, 0x6D, 0x7B, 0x6D, 0x7B, 0x6D, 0x7B,
    0x8D, 0x7B, 0x8D, 0x7B, 0x8D, 0x7B, 0x8D, 0x7B, 0x8D, 0x7B, 0xAD, 0x7B, 0xCE, 0x83, 0xCE, 0x83,
    0xEE, 0x83, 0xEE, 0x83, 0xEE, 0x83, 0x4C, 0x6B, 0xEB, 0x62, 0x50, 0x8C, 0x34, 0xAD, 0x74, 0xAD,
    0x16, 0xC6, 0xB9, 0xD6, 0x58, 0xCE, 0xB5, 0xBD, 0x16, 0xC6, 0x98, 0xD6, 0xD9, 0xDE, 0x54, 0xBD,
    0xD1, 0xAC, 0xF2, 0xAC, 0xF1, 0xAC, 0xF1, 0xAC, 0xF1, 0xAC, 0xF2, 0xAC, 0xF2, 0xAC, 0xF2, 0xB4,
    0xF1, 0xB4, 0xF1, 0xB4, 0xF2, 0xB4, 0xF1, 0xB4, 0x12, 0xBD, 0x12, 0xBD, 0x12, 0xBD, 0x12, 0xBD,
    0x12, 0xBD, 0x32, 0xBD, 0x32, 0xBD, 0x33, 0xBD, 0x33, 0xC5, 0x53, 0xC5, 0x73, 0xC5, 0x74, 0xC5,
    0x94, 0xC5, 0x94, 0xC5, 0x74, 0xBD, 0x33, 0xB5, 0xB2, 0xA4, 0x30, 0x8C, 0xCE, 0x7B, 0x8E, 0x73,
    0x8E, 0x73, 0xAE, 0x73, 0xAE, 0x73, 0xAE, 0x73, 0xAE, 0x73, 0xAE, 0x73, 0x8E, 0x73, 0x8E, 0x73,
    0x8D, 0x73, 0x8D, 0x73, 0x8D, 0x73, 0x8D, 0x6B, 0x8D, 0x6B, 0x6D, 0x6B, 0x6D, 0x6B, 0x6D, 0x6B,
    0x6D, 0x6B, 0x6D, 0x6B, 0x6D, 0x6B, 0x6D, 0x6B, 0x6D, 0x6B, 0x6D, 0x6B, 0x6D, 0x6B, 0x6D, 0x6B,
    0x6D, 0x6B, 0x6D, 0x6B, 0x6D, 0x6B, 0x6D, 0x6B, 0x6D, 0x6B, 0x6D, 0x6B, 0x6D, 0x6B, 0x6D, 0x6B,
    0x6D, 0x6B, 0x6D, 0x6B, 0x6D, 0x6B, 0x6D, 0x6B, 0x6D, 0x6B, 0x6D, 0x6B, 0x6D, 0x6B, 0x6D, 0x6B,
    0x6D, 0x6B, 0x6D, 0x6B, 0x6D, 0x6B, 0x6D, 0x6B, 0x6D, 0x6B, 0x6D, 0x6B, 0x6D, 0x6B, 0x6D, 0x6B,
    0x6D, 0x6B, 0x6D, 0x6B, 0x6D, 0x6B, 0x6D, 0x6B, 0x6D, 0x6B, 0x6D, 0x6B, 0x6D, 0x6B, 0x6D, 0x6B,
    0x6D, 0x6B, 0x6D, 0x6B, 0x6D, 0x6B, 0x6D, 0x6B, 0x6D, 0x6B, 0x6D, 0x6B, 0x6D, 0x6B, 0x6D, 0x6B,
    0x6D, 0x6B, 0x6D, 0x6B, 0x6D, 0x6B, 0x6D, 0x6B, 0x6D, 0x6B, 0x6D, 0x6B, 0x6D, 0x6B, 0x6D, 0x6B,
    0x6D, 0x6B, 0x6D, 0x6B, 0x6D, 0x6B, 0x6D, 0x6B, 0x6D, 0x6B, 0x6D, 0x6B, 0x6D, 0x6B, 0x6D, 0x6B,
    0x6D, 0x6B, 0x6D, 0x6B, 0x6D, 0x6B, 0x6D, 0x6B, 0x6D, 0x6B, 0x6D, 0x6B, 0x6D, 0x6B, 0x6D, 0x6B,
    0x6D, 0x6B, 0x6D, 0x6B, 0x6D, 0x6B, 0x6D, 0x6B, 0x6D, 0x6B, 0x6D, 0x6B, 0x6D, 0x6B, 0x6D, 0x6B,
    0x6D, 0x6B, 0x6D, 0x6B, 0x6D, 0x6B, 0x6D, 0x6B, 0x6D, 0x6B, 0x6D, 0x6B, 0x6D, 0x6B, 0x6D, 0x6B,
    0x6D, 0x6B, 0x6D, 0x6B, 0x6D, 0x6B, 0x6D, 0x6B, 0x6D, 0x6B, 0x6D, 0x6B, 0x6D, 0x6B, 0x4D, 0x63,
    0x6D, 0x6B, 0x0C, 0x63, 0x69, 0x4A, 0x69, 0x52, 0x69, 0x52, 0x69, 0x52, 0x69, 0x52, 0x69, 0x52,
    0x69, 0x52, 0x69, 0x52, 0x69, 0x52, 0x69, 0x52, 0x69, 0x52, 0x69, 0x52, 0x69, 0x52, 0x69, 0x52,
    0x69, 0x52, 0x69, 0x52, 0x69, 0x52, 0x69, 0x52, 0x69, 0x52, 0x69, 0x52, 0x69, 0x52, 0x69, 0x52,
    0x69, 0x5A, 0x69, 0x5A, 0x69, 0x5A, 0x69, 0x5A, 0x69, 0x5A, 0x69, 0x5A, 0x89, 0x5A, 0x89, 0x5A,
    0x89, 0x5A, 0x8A, 0x5A, 0x89, 0x62, 0x89, 0x62, 0xAA, 0x62, 0xEA, 0x6A, 0x2B, 0x7B, 0x8D, 0x83,
    0xEE, 0x93, 0x2F, 0x9C, 0x70, 0xA4, 0x90, 0xA4, 0x90, 0xA4, 0x90, 0xA4, 0x90, 0xA4, 0x70, 0xA4,
    0x70, 0xA4, 0x50, 0x9C, 0x4F, 0x9C, 0x2F, 0x9C, 0x2F, 0x9C, 0x0F, 0x94, 0x0E, 0x94, 0xEE, 0x93,
    0xEE, 0x93, 0xCE, 0x8B, 0xCE, 0x8B, 0xCE, 0x8B, 0xCD, 0x8B, 0xCD, 0x8B, 0xAD, 0x8B, 0xCD, 0x8B,
    0xAD, 0x8B, 0xAD, 0x8B, 0xAD, 0x8B, 0xAD, 0x8B, 0x8D, 0x83, 0x8D, 0x83, 0x8D, 0x83, 0x6D, 0x83,
    0x6C, 0x83, 0x6C, 0x83, 0x4C, 0x83, 0x6C, 0x83, 0xAD, 0x8B, 0xEE, 0x8B, 0x2F, 0x9C, 0x50, 0x9C,
    0x0E, 0x94, 0xAD, 0x8B, 0x8C, 0x83, 0x4C, 0x7B, 0x2B, 0x7B, 0x2B, 0x73, 0x0B, 0x73, 0xEB, 0x72,
    0xEA, 0x6A, 0xCA, 0x6A, 0xCA, 0x62, 0xAA, 0x62, 0xAA, 0x62, 0xAA, 0x62, 0xAA, 0x62, 0xAA, 0x62,
    0xAA, 0x62, 0xCA, 0x62, 0xCA, 0x62, 0xEA, 0x6A, 0x0B, 0x6B, 0x0B, 0x73, 0x0B, 0x73, 0x2B, 0x73,
    0x2B, 0x73, 0x2B, 0x73, 0x2B, 0x73, 0x0B, 0x73, 0x0B, 0x6B, 0xEB, 0x6A, 0xCA, 0x6A, 0xCA, 0x62,
    0xAA, 0x62, 0x8A, 0x62, 0x89, 0x5A, 0x69, 0x5A, 0x69, 0x5A, 0x69, 0x5A, 0x69, 0x52, 0x49, 0x52,
    0x48, 0x52, 0x48, 0x52, 0x48, 0x52, 0x48, 0x52, 0x48, 0x52, 0x28, 0x52, 0x28, 0x52, 0x28, 0x52,
    0x48, 0x52, 0x48, 0x52, 0x48, 0x52, 0x48, 0x52, 0x48, 0x52, 0x69, 0x52, 0x69, 0x52, 0x69, 0x52,
    0x49, 0x5A, 0x49, 0x5A, 0x49, 0x5A, 0x49, 0x52, 0x69, 0x5A, 0x69, 0x5A, 0x69, 0x5A, 0x69, 0x5A,
    0xAA, 0x62, 0x2B, 0x73, 0x6C, 0x7B, 0x4C, 0x7B, 0x6C, 0x83, 0xAD, 0x8B, 0xEE, 0x93, 0x0F, 0x94,
    0xEE, 0x93, 0xCE, 0x8B, 0xAD, 0x83, 0xCE, 0x8B, 0x2F, 0x94, 0x70, 0x9C, 0x90, 0xA4, 0x90, 0xA4,
    0x91, 0xA4, 0x91, 0xA4, 0x90, 0xA4, 0xAD, 0x83, 0xCA, 0x6A, 0x10, 0x8C, 0x54, 0xAD, 0x95, 0xB5,
    0x17, 0xC6, 0xB9, 0xD6, 0x78, 0xCE, 0xF6, 0xBD, 0x37, 0xC6, 0xD9, 0xD6, 0xD9, 0xDE, 0x33, 0xB5,
    0xD1, 0xAC, 0xF1, 0xAC, 0xD1, 0xAC, 0xD1, 0xAC, 0xD1, 0xAC, 0xD1, 0xAC, 0xD2, 0xAC, 0xD2, 0xAC,
    0xD2, 0xAC, 0xF2, 0xB4, 0xF2, 0xB4, 0xF2, 0xB4, 0x12, 0xB5, 0x12, 0xB5, 0x32, 0xBD, 0x33, 0xBD,
    0x33, 0xBD, 0x33, 0xBD, 0x53, 0xBD, 0x53, 0xBD, 0x53, 0xC5, 0x53, 0xC5, 0x73, 0xC5, 0x73, 0xC5,
    0x74, 0xC5, 0x74, 0xC5, 0x94, 0xCD, 0xB4, 0xCD, 0xD5, 0xCD, 0xD5, 0xCD, 0x74, 0xBD, 0xF2, 0xA4,
    0x30, 0x8C, 0xAE, 0x7B, 0x8E, 0x73, 0xAE, 0x73, 0xAE, 0x73, 0xAE, 0x73, 0xAE, 0x73, 0x8E, 0x73,
    0x8D, 0x73, 0x8D, 0x73, 0x8D, 0x73, 0x8D, 0x73, 0x8D, 0x6B, 0x8D, 0x6B, 0x8D, 0x6B, 0x6D, 0x6B,
    0x6D, 0x6B, 0x6D, 0x6B, 0x6D, 0x6B, 0x6D, 0x6B, 0x6D, 0x6B, 0x6D, 0x6B, 0x6D, 0x6B, 0x6D, 0x6B,
    0x6D, 0x6B, 0x6D, 0x6B, 0x6D, 0x6B, 0x6D, 0x6B, 0x6D, 0x6B, 0x6D, 0x6B, 0x6D, 0x6B, 0x6D, 0x6B,
    0x6D, 0x6B, 0x6D, 0x6B, 0x6D, 0x6B, 0x6D, 0x6B, 0x6D, 0x6B, 0x6D, 0x6B, 0x6D, 0x6B, 0x6D, 0x6B,
    0x6D, 0x6B, 0x6D, 0x6B, 0x6D, 0x6B, 0x6D, 0x6B, 0x6D, 0x6B, 0x6D, 0x6B, 0x6D, 0x6B, 0x6D, 0x6B,
    0x6D, 0x6B, 0x6D, 0x6B, 0x6D, 0x6B, 0x6D, 0x6B, 0x6D, 0x6B, 0x6D, 0x6B, 0x6D, 0x6B, 0x6D, 0x6B,
    0x6D, 0x6B, 0x6D, 0x6B, 0x6D, 0x6B, 0x6D, 0x6B, 0x6D, 0x6B, 0x6D, 0x6B, 0x6D, 0x6B, 0x6D, 0x6B,
    0x6D, 0x6B, 0x6D, 0x6B, 0x6D, 0x6B, 0x6D, 0x6B, 0x6D, 0x6B, 0x6D, 0x6B, 0x6D, 0x6B, 0x6D, 0x6B,
    0x6D, 0x6B, 0x6D, 0x6B, 0x6D, 0x6B, 0x6D, 0x6B, 0x6D, 0x6B, 0x6D, 0x6B, 0x6D, 0x6B, 0x6D, 0x6B,
    0x6D, 0x6B, 0x6D, 0x6B, 0x6D, 0x6B, 0x6D, 0x6B, 0x6D, 0x6B, 0x6D, 0x6B, 0x6D, 0x6B, 0x6D, 0x6B,
    0x6D, 0x6B, 0x6D, 0x6B, 0x6D, 0x6B, 0x6D, 0x6B, 0x6D, 0x6B, 0x6D, 0x6B, 0x6D, 0x6B, 0x6D, 0x6B,
    0x6D, 0x6B, 0x6D, 0x6B, 0x6D, 0x6B, 0x6D, 0x6B, 0x6D, 0x6B, 0x6D, 0x6B, 0x6D, 0x6B, 0x6D, 0x6B,
    0x6D, 0x6B, 0x6D, 0x6B, 0x6D, 0x6B, 0x6D, 0x6B, 0x6D, 0x6B, 0x6D, 0x6B, 0x4D, 0x6B, 0x4D, 0x6B,
    0x2C, 0x6B, 0x8A, 0x52, 0x69, 0x4A, 0x69, 0x52, 0x69, 0x52, 0x69, 0x52, 0x69, 0x52, 0x69, 0x52,
    0x69, 0x52, 0x69, 0x52, 0x69, 0x52, 0x69, 0x52, 0x69, 0x52, 0x69, 0x52, 0x69, 0x52, 0x69, 0x52,
    0x69, 0x52, 0x69, 0x52, 0x69, 0x52, 0x69, 0x52, 0x69, 0x52, 0x69, 0x52, 0x69, 0x52, 0x69, 0x52,
    0x69, 0x5A, 0x69, 0x5A, 0x69, 0x5A, 0x89, 0x5A, 0x69, 0x5A, 0x89, 0x5A, 0x69, 0x5A, 0x89, 0x5A,
    0x89, 0x5A, 0x89, 0x5A, 0x89, 0x62, 0x89, 0x62, 0xAA, 0x62, 0xCA, 0x6A, 0x2B, 0x73, 0x8D, 0x83,
    0x0E, 0x94, 0x50, 0x9C, 0x90, 0xA4, 0xB1, 0xAC, 0xD1, 0xAC, 0xD1, 0xAC, 0xD1, 0xAC, 0xD1, 0xAC,
    0xB1, 0xAC, 0x91, 0xA4, 0x90, 0xA4, 0x70, 0xA4, 0x70, 0xA4, 0x4F, 0x9C, 0x2F, 0x9C, 0x2F, 0x9C,
    0x2F, 0x9C, 0x0F, 0x9C, 0x0F, 0x94, 0x0E, 0x94, 0x0E, 0x94, 0x0E, 0x94, 0xEE, 0x93, 0xEE, 0x93,
    0xEE, 0x93, 0xEE, 0x93, 0xCE, 0x8B, 0xCE, 0x8B, 0xAD, 0x8B, 0xAD, 0x8B, 0x8D, 0x83, 0x8D, 0x83,
    0x8D, 0x83, 0x6C, 0x83, 0x6C, 0x83, 0x8C, 0x83, 0x8D, 0x8B, 0xAD, 0x8B, 0xCE, 0x8B, 0x2F, 0x9C,
    0x2F, 0x9C, 0xCD, 0x8B, 0x8C, 0x83, 0x4C, 0x7B, 0x2B, 0x7B, 0x0B, 0x73, 0xEA, 0x72, 0xEA, 0x72,
    0xEA, 0x6A, 0xCA, 0x6A, 0xCA, 0x6A, 0xCA, 0x62, 0xAA, 0x62, 0xAA, 0x62, 0xAA, 0x62, 0xAA, 0x62,
    0xAA, 0x62, 0xAA, 0x62, 0xAA, 0x62, 0xCA, 0x62, 0xEA, 0x6A, 0xEA, 0x6A, 0x0B, 0x6B, 0x0B, 0x6B,
    0x0B, 0x6B, 0xEA, 0x6A, 0xEA, 0x6A, 0xEA, 0x6A, 0xCA, 0x62, 0xAA, 0x62, 0xAA, 0x62, 0x89, 0x62,
    0x89, 0x5A, 0x69, 0x5A, 0x69, 0x52, 0x69, 0x52, 0x69, 0x52, 0x49, 0x52, 0x49, 0x52, 0x49, 0x52,
    0x49, 0x52, 0x49, 0x52, 0x48, 0x52, 0x49, 0x52, 0x49, 0x52, 0x49, 0x52, 0x49, 0x52, 0x49, 0x52,
    0x68, 0x52, 0x69, 0x5A, 0x69, 0x5A, 0x89, 0x5A, 0x89, 0x5A, 0x89, 0x5A, 0x89, 0x5A, 0x69, 0x5A,
    0x69, 0x52, 0x69, 0x52, 0x49, 0x52, 0x49, 0x52, 0x49, 0x52, 0x48, 0x52, 0x89, 0x5A, 0xEA, 0x6A,
    0x4C, 0x7B, 0x4C, 0x7B, 0x2B, 0x73, 0x6C, 0x83, 0xCD, 0x8B, 0x2E, 0x9C, 0x0E, 0x9C, 0xAD, 0x8B,
    0x6C, 0x83, 0x8D, 0x8B, 0xEE, 0x93, 0x4F, 0xA4, 0x90, 0xA4, 0x90, 0xA4, 0x90, 0xA4, 0x90, 0xA4,
    0x90, 0xA4, 0x90, 0xA4, 0x90, 0xA4, 0x2F, 0x9C, 0x0B, 0x73, 0xEF, 0x83, 0x54, 0xAD, 0x95, 0xB5,
    0x37, 0xC6, 0xB9, 0xD6, 0x98, 0xD6, 0xF6, 0xBD, 0x37, 0xCE, 0xD9, 0xDE, 0xD9, 0xDE, 0x53, 0xB5,
    0xD1, 0xAC, 0xD2, 0xAC, 0xD1, 0xAC, 0xD1, 0xAC, 0xD1, 0xAC, 0xD1, 0xAC, 0xD2, 0xAC, 0xF2, 0xB4,
    0xF2, 0xB4, 0xF2, 0xB4, 0x12, 0xB5, 0x12, 0xB5, 0x12, 0xB5, 0x32, 0xB5, 0x32, 0xBD, 0x33, 0xBD,
    0x33, 0xBD, 0x33, 0xBD, 0x53, 0xBD, 0x53, 0xBD, 0x53, 0xC5, 0x53, 0xC5, 0x74, 0xC5, 0x74, 0xC5,
    0x74, 0xC5, 0x74, 0xC5, 0x94, 0xC5, 0x94, 0xCD, 0x94, 0xCD, 0xB4, 0xCD, 0xD5, 0xCD, 0xF5, 0xD5,
    0xD5, 0xCD, 0x54, 0xBD, 0x91, 0x9C, 0xEF, 0x83, 0x8E, 0x73, 0xAE, 0x73, 0xAE, 0x73, 0xAE, 0x73,
    0x8E, 0x73, 0x8D, 0x73, 0x8D, 0x73, 0x8D, 0x73, 0x8D, 0x73, 0x8D, 0x73, 0x8D, 0x73, 0x6D, 0x6B,
    0x6D, 0x6B, 0x6D, 0x6B, 0x6D, 0x6B, 0x6D, 0x6B, 0x6D, 0x6B, 0x6D, 0x6B, 0x6D, 0x6B, 0x6D, 0x6B,
    0x6D, 0x6B, 0x6D, 0x6B, 0x6D, 0x6B, 0x6D, 0x6B, 0x6D, 0x6B, 0x6D, 0x6B, 0x6D, 0x6B, 0x6D, 0x6B,
    0x6D, 0x6B, 0x6D, 0x6B, 0x6D, 0x6B, 0x6D, 0x6B, 0x6D, 0x6B, 0x6D, 0x6B, 0x6D, 0x6B, 0x6D, 0x6B,
    0x6D, 0x6B, 0x6D, 0x6B, 0x6D, 0x6B, 0x6D, 0x6B, 0x6D, 0x6B, 0x6D, 0x6B, 0x6D, 0x6B, 0x6D, 0x6B,
    0x6D, 0x6B, 0x6D, 0x6B, 0x6D, 0x6B, 0x6D, 0x6B, 0x6D, 0x6B, 0x6D, 0x6B, 0x6D, 0x6B, 0x6D, 0x6B,
    0x6D, 0x6B, 0x6D, 0x6B, 0x6D, 0x6B, 0x6D, 0x6B, 0x6D, 0x6B, 0x6D, 0x6B, 0x6D, 0x6B, 0x6D, 0x6B,
    0x6D, 0x6B, 0x6D, 0x6B, 0x6D, 0x6B, 0x6D, 0x6B, 0x6D, 0x6B, 0x6D, 0x6B, 0x6D, 0x6B, 0x6D, 0x6B,
    0x6D, 0x6B, 0x6D, 0x6B, 0x6D, 0x6B, 0x6D, 0x6B, 0x6D, 0x6B, 0x6D, 0x6B, 0x6D, 0x6B, 0x6D, 0x6B,
    0x6D, 0x6B, 0x6D, 0x6B, 0x6D, 0x6B, 0x6D, 0x6B, 0x6D, 0x6B, 0x6D, 0x6B, 0x6D, 0x6B, 0x6D, 0x6B,
    0x6D, 0x6B, 0x6D, 0x6B, 0x6D, 0x6B, 0x6D, 0x6B, 0x6D, 0x6B, 0x6D, 0x6B, 0x6D, 0x6B, 0x6D, 0x6B,
    0x6D, 0x6B, 0x6D, 0x6B, 0x6D, 0x6B, 0x6D, 0x6B, 0x6D, 0x6B, 0x6D, 0x6B, 0x6D, 0x6B, 0x6D, 0x6B,
    0x6D, 0x6B, 0x6D, 0x6B, 0x6D, 0x6B, 0x6D, 0x6B, 0x6D, 0x6B, 0x6D, 0x6B, 0x4D, 0x6B, 0x6D, 0x6B,
    0xCB, 0x5A, 0x69, 0x4A, 0x69, 0x52, 0x69, 0x52, 0x69, 0x52, 0x69, 0x52, 0x69, 0x52, 0x69, 0x52,
    0x69, 0x52, 0x69, 0x52, 0x69, 0x52, 0x69, 0x52, 0x69, 0x52, 0x69, 0x52, 0x69, 0x52, 0x69, 0x52,
    0x69, 0x52, 0x69, 0x52, 0x69, 0x52, 0x69, 0x52, 0x69, 0x52, 0x69, 0x52, 0x69, 0x52, 0x69, 0x52,
    0x69, 0x5A, 0x69, 0x5A, 0x69, 0x5A, 0x89, 0x5A, 0x69, 0x5A, 0x89, 0x5A, 0x69, 0x5A, 0x89, 0x5A,
    0x89, 0x5A, 0x89, 0x5A, 0x89, 0x62, 0x89, 0x62, 0xAA, 0x62, 0xCA, 0x6A, 0x2B, 0x73, 0x8D, 0x83,
    0x0E, 0x94, 0x70, 0xA4, 0xB1, 0xAC, 0xF2, 0xB4, 0x12, 0xB5, 0x12, 0xB5, 0x12, 0xB5, 0x12, 0xB5,
    0xF2, 0xB4, 0xF2, 0xB4, 0xD1, 0xAC, 0xB1, 0xAC, 0xB1, 0xA4, 0x90, 0xA4, 0x70, 0xA4, 0x70, 0xA4,
    0x70, 0xA4, 0x50, 0x9C, 0x4F, 0x9C, 0x4F, 0x9C, 0x4F, 0x9C, 0x4F, 0x9C, 0x2F, 0x9C, 0x2F, 0x9C,
    0x2F, 0x9C, 0x0F, 0x94, 0xEE, 0x93, 0xEE, 0x93, 0xCE, 0x8B, 0xCD, 0x8B, 0xAD, 0x8B, 0xAD, 0x8B,
    0x8D, 0x8B, 0x8D, 0x8B, 0x8D, 0x8B, 0xAD, 0x8B, 0xCD, 0x93, 0xCE, 0x8B, 0xCD, 0x8B, 0xCD, 0x8B,
    0xCE, 0x8B, 0xAD, 0x8B, 0x6C, 0x83, 0x4C, 0x7B, 0x2B, 0x7B, 0x0B, 0x73, 0x0A, 0x73, 0xEA, 0x72,
    0xEA, 0x6A, 0xCA, 0x6A, 0xCA, 0x6A, 0xCA, 0x62, 0xAA, 0x62, 0xAA, 0x62, 0xAA, 0x62, 0xAA, 0x62,
    0xAA, 0x62, 0xAA, 0x62, 0xA9, 0x62, 0xAA, 0x62, 0xCA, 0x62, 0xCA, 0x62, 0xCA, 0x62, 0xCA, 0x62,
    0xAA, 0x62, 0xA9, 0x62, 0xA9, 0x62, 0xA9, 0x62, 0xA9, 0x62, 0x89, 0x62, 0x89, 0x5A, 0x89, 0x5A,
    0x69, 0x5A, 0x69, 0x5A, 0x69, 0x5A, 0x69, 0x5A, 0x69, 0x5A, 0x49, 0x52, 0x69, 0x52, 0x69, 0x52,
    0x69, 0x5A, 0x69, 0x5A, 0x69, 0x5A, 0x69, 0x5A, 0x89, 0x5A, 0x8A, 0x5A, 0x8A, 0x5A, 0xAA, 0x62,
    0xAA, 0x5A, 0xAA, 0x62, 0xAA, 0x62, 0xAA, 0x62, 0xAA, 0x5A, 0xA9, 0x5A, 0x89, 0x5A, 0x69, 0x5A,
    0x69, 0x52, 0x69, 0x5A, 0x48, 0x52, 0x48, 0x52, 0x69, 0x5A, 0xCA, 0x62, 0x4C, 0x73, 0x4C, 0x7B,
    0x0B, 0x73, 0x4C, 0x7B, 0xEE, 0x8B, 0x2F, 0x94, 0x0E, 0x94, 0xAC, 0x8B, 0x4B, 0x83, 0x8C, 0x8B,
    0x0E, 0x94, 0x70, 0xA4, 0xB1, 0xAC, 0xB1, 0xAC, 0xB1, 0xAC, 0xB1, 0xAC, 0xB1, 0xAC, 0xB1, 0xAC,
    0xB1, 0xA4, 0xB0, 0xA4, 0x90, 0xA4, 0x70, 0xA4, 0x4C, 0x7B, 0xCE, 0x83, 0x34, 0xAD, 0xB5, 0xB5,
    0x37, 0xC6, 0xB9, 0xD6, 0x99, 0xD6, 0x16, 0xC6, 0x58, 0xCE, 0xD9, 0xDE, 0xD9, 0xDE, 0x54, 0xBD,
    0xD2, 0xAC, 0xF2, 0xB4, 0xD2, 0xAC, 0xD2, 0xAC, 0xD2, 0xAC, 0xD2, 0xAC, 0xF2, 0xB4, 0xF2, 0xB4,
    0xF2, 0xB4, 0xF2, 0xB4, 0x12, 0xB5, 0x12, 0xB5, 0x32, 0xB5, 0x33, 0xBD, 0x33, 0xBD, 0x33, 0xBD,
    0x33, 0xBD, 0x53, 0xBD, 0x53, 0xBD, 0x53, 0xBD, 0x73, 0xC5, 0x74, 0xC5, 0x74, 0xC5, 0x74, 0xC5,
    0x94, 0xC5, 0x94, 0xCD, 0x94, 0xCD, 0xB4, 0xCD, 0xB5, 0xCD, 0xB5, 0xCD, 0xB5, 0xCD, 0xB5, 0xCD,
    0xB4, 0xCD, 0xD5, 0xD5, 0xF5, 0xD5, 0xB5, 0xC5, 0xD2, 0xA4, 0xCF, 0x83, 0x8E, 0x73, 0xAE, 0x73,
    0xAE, 0x73, 0xAE, 0x73, 0x8E, 0x73, 0x8E, 0x73, 0x8E, 0x73, 0x8D, 0x73, 0x8D, 0x73, 0x8D, 0x73,
    0x8D, 0x73, 0x6D, 0x6B, 0x6D, 0x6B, 0x8D, 0x6B, 0x8D, 0x6B, 0x6D, 0x6B, 0x6D, 0x6B, 0x6D, 0x6B,
    0x6D, 0x6B, 0x6D, 0x6B, 0x6D, 0x6B, 0x6D, 0x6B, 0x6D, 0x6B, 0x6D, 0x6B, 0x6D, 0x6B, 0x6D, 0x6B,
    0x6D, 0x6B, 0x6D, 0x6B, 0x6D, 0x6B, 0x6D, 0x6B, 0x6D, 0x6B, 0x6D, 0x6B, 0x6D, 0x6B, 0x6D, 0x6B,
    0x6D, 0x6B, 0x6D, 0x6B, 0x6D, 0x6B, 0x6D, 0x6B, 0x6D, 0x6B, 0x6D, 0x6B, 0x6D, 0x6B, 0x6D, 0x6B,
    0x6D, 0x6B, 0x6D, 0x6B, 0x6D, 0x6B, 0x6D, 0x6B, 0x6D, 0x6B, 0x6D, 0x6B, 0x6D, 0x6B, 0x6D, 0x6B,
    0x6D, 0x6B, 0x6D, 0x6B, 0x6D, 0x6B, 0x6D, 0x6B, 0x6D, 0x6B, 0x6D, 0x6B, 0x6D, 0x6B, 0x6D, 0x6B,
    0x6D, 0x6B, 0x6D, 0x6B, 0x6D, 0x6B, 0x6D, 0x6B, 0x6D, 0x6B, 0x6D, 0x6B, 0x6D, 0x6B, 0x6D, 0x6B,
    0x6D, 0x6B, 0x6D, 0x6B, 0x6D, 0x6B, 0x6D, 0x6B, 0x6D, 0x6B, 0x6D, 0x6B, 0x6D, 0x6B, 0x6D, 0x6B,
    0x6D, 0x6B, 0x6D, 0x6B, 0x6D, 0x6B, 0x6D, 0x6B, 0x6D, 0x6B, 0x6D, 0x6B, 0x6D, 0x6B, 0x6D, 0x6B,
    0x6D, 0x6B, 0x6D, 0x6B, 0x6D, 0x6B, 0x6D, 0x6B, 0x6D, 0x6B, 0x6D, 0x6B, 0x6D, 0x6B, 0x6D, 0x6B,
    0x6D, 0x6B, 0x6D, 0x6B, 0x6D, 0x6B, 0x6D, 0x6B, 0x6D, 0x6B, 0x6D, 0x6B, 0x6D, 0x6B, 0x6D, 0x6B,
    0x6D, 0x6B, 0x6D, 0x6B, 0x6D, 0x6B, 0x6D, 0x6B, 0x6D, 0x6B, 0x4D, 0x6B, 0x4D, 0x6B, 0xEB, 0x5A,
    0x69, 0x4A, 0x69, 0x4A, 0x69, 0x4A, 0x69, 0x52, 0x69, 0x52, 0x69, 0x52, 0x69, 0x52, 0x69, 0x52,
    0x69, 0x52, 0x69, 0x52, 0x69, 0x52, 0x69, 0x52, 0x69, 0x52, 0x69, 0x52, 0x69, 0x52, 0x69, 0x52,
    0x69, 0x52, 0x69, 0x52, 0x69, 0x52, 0x69, 0x52, 0x69, 0x52, 0x69, 0x52, 0x69, 0x52, 0x69, 0x52,
    0x69, 0x5A, 0x69, 0x5A, 0x69, 0x5A, 0x69, 0x5A, 0x69, 0x5A, 0x89, 0x5A, 0x69, 0x5A, 0x89, 0x5A,
    0x89, 0x5A, 0x89, 0x5A, 0x89, 0x62, 0x89, 0x62, 0xAA, 0x62, 0xCA, 0x6A, 0x0B, 0x73, 0x8D, 0x83,
    0x0E, 0x9C, 0x90, 0xA4, 0xF2, 0xAC, 0x33, 0xB5, 0x53, 0xBD, 0x53, 0xBD, 0x53, 0xBD, 0x53, 0xBD,
    0x33, 0xBD, 0x33, 0xBD, 0x33, 0xB5, 0x12, 0xB5, 0xF2, 0xB4, 0xD1, 0xAC, 0xD1, 0xAC, 0xB1, 0xAC,
    0xB1, 0xA4, 0x90, 0xA4, 0x90, 0xA4, 0x90, 0xA4, 0x70, 0xA4, 0x70, 0xA4, 0x70, 0x9C, 0x50, 0x9C,
    0x4F, 0x9C, 0x2F, 0x9C, 0x0F, 0x94, 0xEE, 0x93, 0xEE, 0x93, 0xCD, 0x8B, 0xAD, 0x8B, 0xAD, 0x8B,
    0xAD, 0x8B, 0x8D, 0x8B, 0xAD, 0x8B, 0xEE, 0x93, 0x0E, 0x9C, 0x0F, 0x9C, 0x0E, 0x94, 0xCE, 0x93,
    0xAD, 0x8B, 0x8C, 0x83, 0x6C, 0x83, 0x4C, 0x7B, 0x2B, 0x7B, 0x0B, 0x73, 0x0B, 0x73, 0x0B, 0x73,
    0xEB, 0x72, 0xEB, 0x6A, 0xCA, 0x6A, 0xCA, 0x6A, 0xCA, 0x6A, 0xCA, 0x62, 0xAA, 0x62, 0xAA, 0x62,
    0xAA, 0x62, 0xAA, 0x62, 0xAA, 0x62, 0xAA, 0x62, 0xAA, 0x62, 0xAA, 0x62, 0xCA, 0x62, 0xCA, 0x62,
    0xCA, 0x62, 0xCA, 0x62, 0xCA, 0x62, 0xCA, 0x62, 0xCA, 0x62, 0xAA, 0x62, 0xAA, 0x62, 0xAA, 0x62,
    0x8A, 0x62, 0x8A, 0x62, 0x8A, 0x62, 0x8A, 0x5A, 0x8A, 0x5A, 0x8A, 0x5A, 0x8A, 0x62, 0xAA, 0x62,
    0xAA, 0x62, 0xAA, 0x62, 0xAA, 0x62, 0xAA, 0x62, 0xAA, 0x62, 0xAA, 0x62, 0xAA, 0x62, 0xCA, 0x62,
    0xCA, 0x62, 0xCA, 0x62, 0xCA, 0x62, 0xCB, 0x62, 0xCA, 0x62, 0xAA, 0x62, 0x89, 0x5A, 0x69, 0x5A,
    0x69, 0x5A, 0x68, 0x5A, 0x68, 0x5A, 0xCA, 0x62, 0x2B, 0x73, 0x4C, 0x7B, 0x2B, 0x73, 0x6C, 0x7B,
    0xCD, 0x8B, 0x0E, 0x94, 0xCD, 0x8B, 0x8C, 0x83, 0x8C, 0x83, 0xCD, 0x8B, 0x2F, 0x9C, 0x90, 0xA4,
    0xB1, 0xAC, 0xD1, 0xAC, 0xD1, 0xAC, 0xD1, 0xAC, 0xD1, 0xAC, 0xD1, 0xAC, 0xD1, 0xAC, 0xD1, 0xAC,
    0xD1, 0xAC, 0xB1, 0xA4, 0xB0, 0xAC, 0x90, 0xAC, 0x8D, 0x83, 0xAE, 0x83, 0x34, 0xAD, 0xB6, 0xBD,
    0x37, 0xC6, 0xD9, 0xD6, 0xB9, 0xD6, 0x37, 0xC6, 0x58, 0xCE, 0xDA, 0xDE, 0xD9, 0xDE, 0x74, 0xBD,
    0xD2, 0xAC, 0xF2, 0xB4, 0xF2, 0xB4, 0xF2, 0xB4, 0xF2, 0xB4, 0xF2, 0xB4, 0xF2, 0xB4, 0xF2, 0xB4,
    0xF2, 0xB4, 0x12, 0xB5, 0x12, 0xB5, 0x12, 0xB5, 0x33, 0xBD, 0x33, 0xBD, 0x33, 0xBD, 0x33, 0xBD,
    0x53, 0xBD, 0x53, 0xBD, 0x53, 0xBD, 0x73, 0xBD, 0x73, 0xC5, 0x74, 0xC5, 0x74, 0xC5, 0x94, 0xC5,
    0x94, 0xC5, 0x94, 0xCD, 0xB4, 0xCD, 0xB5, 0xCD, 0xB5, 0xCD, 0xB5, 0xCD, 0xD5, 0xCD, 0xD5, 0xCD,
    0xD5, 0xCD, 0xD4, 0xCD, 0xD4, 0xD5, 0xD5, 0xD5, 0x16, 0xD6, 0x95, 0xC5, 0xB1, 0x9C, 0xCE, 0x7B,
    0xAD, 0x73, 0xAE, 0x73, 0xAE, 0x73, 0xAE, 0x73, 0x8E, 0x73, 0x8E, 0x73, 0x8D, 0x73, 0x8D, 0x73,
    0x8D, 0x73, 0x8D, 0x73, 0x8D, 0x73, 0x8D, 0x6B, 0x6D, 0x6B, 0x8D, 0x6B, 0x8D, 0x6B, 0x6D, 0x6B,
    0x6D, 0x6B, 0x6D, 0x6B, 0x6D, 0x6B, 0x6D, 0x6B, 0x6D, 0x6B, 0x6D, 0x6B, 0x6D, 0x6B, 0x6D, 0x6B,
    0x6D, 0x6B, 0x6D, 0x6B, 0x6D, 0x6B, 0x6D, 0x6B, 0x6D, 0x6B, 0x6D, 0x6B, 0x6D, 0x6B, 0x6D, 0x6B,
    0x6D, 0x6B, 0x6D, 0x6B, 0x6D, 0x6B, 0x6D, 0x6B, 0x6D, 0x6B, 0x6D, 0x6B, 0x6D, 0x6B, 0x6D, 0x6B,
    0x6D, 0x6B, 0x6D, 0x6B, 0x6D, 0x6B, 0x6D, 0x6B, 0x6D, 0x6B, 0x6D, 0x6B, 0x6D, 0x6B, 0x6D, 0x6B,
    0x6D, 0x6B, 0x6D, 0x6B, 0x6D, 0x6B, 0x6D, 0x6B, 0x6D, 0x6B, 0x6D, 0x6B, 0x6D, 0x6B, 0x6D, 0x6B,
    0x6D, 0x6B, 0x6D, 0x6B, 0x6D, 0x6B, 0x6D, 0x6B, 0x6D, 0x6B, 0x6D, 0x6B, 0x6D, 0x6B, 0x6D, 0x6B,
    0x6D, 0x6B, 0x6D, 0x6B, 0x6D, 0x6B, 0x6D, 0x6B, 0x6D, 0x6B, 0x6D, 0x6B, 0x6D, 0x6B, 0x6D, 0x6B,
    0x6D, 0x6B, 0x6D, 0x6B, 0x6D, 0x6B, 0x6D, 0x6B, 0x6D, 0x6B, 0x6D, 0x6B, 0x6D, 0x6B, 0x6D, 0x6B,
    0x6D, 0x6B, 0x6D, 0x6B, 0x6D, 0x6B, 0x6D, 0x6B, 0x6D, 0x6B, 0x6D, 0x6B, 0x6D, 0x6B, 0x6D, 0x6B,
    0x6D, 0x6B, 0x6D, 0x6B, 0x6D, 0x6B, 0x6D, 0x6B, 0x6D, 0x6B, 0x6D, 0x6B, 0x6D, 0x6B, 0x6D, 0x6B,
    0x6D, 0x6B, 0x6D, 0x6B, 0x6D, 0x6B, 0x6D, 0x6B, 0x4D, 0x6B, 0x4D, 0x6B, 0x0B, 0x63, 0x69, 0x4A,
    0x69, 0x4A, 0x69, 0x4A, 0x69, 0x4A, 0x69, 0x52, 0x69, 0x52, 0x69, 0x52, 0x69, 0x52, 0x69, 0x52,
    0x69, 0x52, 0x69, 0x52, 0x69, 0x52, 0x69, 0x52, 0x69, 0x52, 0x69, 0x52, 0x69, 0x52, 0x69, 0x52,
    0x69, 0x52, 0x69, 0x52, 0x69, 0x52, 0x69, 0x52, 0x69, 0x52, 0x69, 0x52, 0x69, 0x52, 0x69, 0x52,
    0x69, 0x5A, 0x69, 0x5A, 0x69, 0x5A, 0x69, 0x5A, 0x69, 0x5A, 0x89, 0x5A, 0x69, 0x5A, 0x89, 0x5A,
    0x89, 0x5A, 0x89, 0x5A, 0x89, 0x62, 0x89, 0x62, 0xAA, 0x62, 0xCA, 0x6A, 0x0B, 0x73, 0x6C, 0x83,
    0x0E, 0x9C, 0x90, 0xA4, 0xF2, 0xB4, 0x53, 0xBD, 0x74, 0xBD, 0x74, 0xBD, 0x74, 0xBD, 0x74, 0xBD,
    0x74, 0xBD, 0x74, 0xBD, 0x53, 0xBD, 0x53, 0xBD, 0x33, 0xB5, 0x12, 0xB5, 0xF2, 0xB4, 0xF2, 0xAC,
    0xD1, 0xAC, 0xD1, 0xAC, 0xB1, 0xAC, 0xB1, 0xA4, 0x90, 0xA4, 0x90, 0xA4, 0x90, 0xA4, 0x70, 0x9C,
    0x50, 0x9C, 0x2F, 0x9C, 0x0F, 0x94, 0x0E, 0x94, 0xEE, 0x93, 0xCD, 0x8B, 0xAD, 0x8B, 0xAD, 0x8B,
    0xAD, 0x8B, 0x8D, 0x8B, 0xCD, 0x8B, 0x0E, 0x94, 0x2F, 0x9C, 0x4F, 0x9C, 0x4F, 0x9C, 0x0F, 0x9C,
    0xEE, 0x93, 0xAD, 0x8B, 0x6C, 0x83, 0x4C, 0x7B, 0x4B, 0x7B, 0x2B, 0x7B, 0x2B, 0x7B, 0x0B, 0x73,
    0x0B, 0x73, 0x0B, 0x73, 0xEB, 0x6A, 0xCA, 0x6A, 0xCA, 0x6A, 0xCA, 0x6A, 0xCA, 0x6A, 0xCA, 0x62,
    0xCA, 0x62, 0xCA, 0x62, 0xAA, 0x62, 0xAA, 0x62, 0xAA, 0x62, 0xCA, 0x62, 0xCA, 0x62, 0xCA, 0x62,
    0xCA, 0x62, 0xCA, 0x6A, 0xCA, 0x6A, 0xCA, 0x6A, 0xCA, 0x6A, 0xCA, 0x62, 0xCA, 0x62, 0xCA, 0x62,
    0xCB, 0x62, 0xCB, 0x62, 0xCB, 0x62, 0xCB, 0x62, 0xCB, 0x62, 0xCA, 0x62, 0xCA, 0x6A, 0xCA, 0x62,
    0xAA, 0x62, 0xAA, 0x62, 0x89, 0x62, 0xAA, 0x62, 0xCA, 0x62, 0xEA, 0x6A, 0xEB, 0x6A, 0x0B, 0x6B,
    0x0B, 0x6B, 0x2C, 0x6B, 0x0B, 0x6B, 0xCA, 0x62, 0x89, 0x5A, 0x69, 0x5A, 0x69, 0x5A, 0x69, 0x5A,
    0x89, 0x5A, 0xCA, 0x62, 0x0B, 0x73, 0x2B, 0x73, 0x2B, 0x73, 0x6C, 0x7B, 0xAD, 0x8B, 0xCD, 0x8B,
    0xAD, 0x8B, 0xAC, 0x8B, 0xCD, 0x8B, 0x2E, 0x9C, 0x90, 0xA4, 0xD1, 0xAC, 0xD1, 0xB4, 0xF2, 0xB4,
    0xF2, 0xB4, 0xF2, 0xB4, 0xF2, 0xB4, 0xF2, 0xB4, 0xF2, 0xB4, 0xF2, 0xAC, 0xF2, 0xAC, 0xD1, 0xAC,
    0xD2, 0xAC, 0xD1, 0xAC, 0xD1, 0xAC, 0xB1, 0xAC, 0xCE, 0x8B, 0xAD, 0x7B, 0x13, 0xA5, 0xB6, 0xBD,
    0x37, 0xC6, 0xD9, 0xDE, 0xB9, 0xD6, 0x57, 0xC6, 0x78, 0xCE, 0xFA, 0xDE, 0xFA, 0xDE, 0x74, 0xBD,
    0xF2, 0xB4, 0xF2, 0xB4, 0xF2, 0xB4, 0xF2, 0xB4, 0xF2, 0xB4, 0xF2, 0xB4, 0xF2, 0xB4, 0xF2, 0xB4,
    0xF2, 0xB4, 0x12, 0xB5, 0x12, 0xB5, 0x13, 0xB5, 0x33, 0xBD, 0x33, 0xBD, 0x33, 0xBD, 0x33, 0xBD,
    0x53, 0xBD, 0x53, 0xBD, 0x53, 0xBD, 0x73, 0xBD, 0x73, 0xC5, 0x74, 0xC5, 0x94, 0xC5, 0x94, 0xC5,
    0x94, 0xC5, 0x94, 0xCD, 0xB4, 0xCD, 0xB5, 0xCD, 0xB5, 0xCD, 0xD5, 0xCD, 0xD5, 0xCD, 0xD5, 0xCD,
    0xD5, 0xCD, 0xD5, 0xCD, 0xD5, 0xD5, 0xD5, 0xD5, 0xD5, 0xD5, 0xF5, 0xD5, 0x16, 0xD6, 0x94, 0xC5,
    0x50, 0x94, 0x8D, 0x7B, 0xAE, 0x73, 0xAE, 0x73, 0xAE, 0x73, 0x8E, 0x73, 0x8E, 0x73, 0x8D, 0x73,
    0x8D, 0x73, 0x8D, 0x73, 0x8D, 0x73, 0x8D, 0x73, 0x6D, 0x6B, 0x8D, 0x6B, 0x8D, 0x6B, 0x6D, 0x6B,
    0x6D, 0x6B, 0x6D, 0x6B, 0x6D, 0x6B, 0x6D, 0x6B, 0x6D, 0x6B, 0x6D, 0x6B, 0x6D, 0x6B, 0x6D, 0x6B,
    0x6D, 0x6B, 0x6D, 0x6B, 0x6D, 0x6B, 0x6D, 0x6B, 0x6D, 0x6B, 0x6D, 0x6B, 0x6D, 0x6B, 0x6D, 0x6B,
    0x6D, 0x6B, 0x6D, 0x6B, 0x6D, 0x6B, 0x6D, 0x6B, 0x6D, 0x6B, 0x6D, 0x6B, 0x6D, 0x6B, 0x6D, 0x6B,
    0x6D, 0x6B, 0x6D, 0x6B, 0x6D, 0x6B, 0x6D, 0x6B, 0x6D, 0x6B, 0x6D, 0x6B, 0x6D, 0x6B, 0x6D, 0x6B,
    0x6D, 0x6B, 0x6D, 0x6B, 0x6D, 0x6B, 0x6D, 0x6B, 0x6D, 0x6B, 0x6D, 0x6B, 0x6D, 0x6B, 0x6D, 0x6B,
    0x6D, 0x6B, 0x6D, 0x6B, 0x6D, 0x6B, 0x6D, 0x6B, 0x6D, 0x6B, 0x6D, 0x6B, 0x6D, 0x6B, 0x6D, 0x6B,
    0x6D, 0x6B, 0x6D, 0x6B, 0x6D, 0x6B, 0x6D, 0x6B, 0x6D, 0x6B, 0x6D, 0x6B, 0x6D, 0x6B, 0x6D, 0x6B,
    0x6D, 0x6B, 0x6D, 0x6B, 0x6D, 0x6B, 0x6D, 0x6B, 0x6D, 0x6B, 0x6D, 0x6B, 0x6D, 0x6B, 0x6D, 0x6B,
    0x6D, 0x6B, 0x6D, 0x6B, 0x6D, 0x6B, 0x6D, 0x6B, 0x6D, 0x6B, 0x6D, 0x6B, 0x6D, 0x6B, 0x6D, 0x6B,
    0x6D, 0x6B, 0x6D, 0x6B, 0x6D, 0x6B, 0x4D, 0x6B, 0x4D, 0x6B, 0x6D, 0x6B, 0x6D, 0x6B, 0x6D, 0x6B,
    0x6D, 0x6B, 0x6D, 0x6B, 0x6D, 0x6B, 0x6D, 0x6B, 0x6D, 0x6B, 0x2C, 0x63, 0x89, 0x52, 0x69, 0x4A,
    0x69, 0x4A, 0x69, 0x4A, 0x69, 0x4A, 0x69, 0x52, 0x69, 0x52, 0x69, 0x52, 0x69, 0x52, 0x69, 0x52,
    0x69, 0x52, 0x69, 0x52, 0x69, 0x52, 0x69, 0x52, 0x69, 0x52, 0x69, 0x52, 0x69, 0x52, 0x69, 0x52,
    0x69, 0x52, 0x69, 0x52, 0x69, 0x52, 0x69, 0x52, 0x69, 0x52, 0x69, 0x52, 0x69, 0x52, 0x69, 0x52,
    0x69, 0x5A, 0x69, 0x5A, 0x69, 0x5A, 0x89, 0x5A, 0x69, 0x5A, 0x89, 0x5A, 0x69, 0x5A, 0x89, 0x5A,
    0x89, 0x5A, 0x89, 0x5A, 0x89, 0x62, 0x89, 0x62, 0xAA, 0x62, 0xCA, 0x6A, 0x0B, 0x73, 0x6C, 0x83,
    0x0E, 0x94, 0x90, 0xA4, 0xF2, 0xB4, 0x53, 0xBD, 0x74, 0xBD, 0x74, 0xC5, 0x94, 0xC5, 0x94, 0xC5,
    0x94, 0xC5, 0x74, 0xC5, 0x74, 0xBD, 0x74, 0xBD, 0x53, 0xBD, 0x33, 0xB5, 0x12, 0xB5, 0xF2, 0xB4,
    0xF2, 0xAC, 0xD1, 0xAC, 0xD1, 0xAC, 0xB1, 0xAC, 0xB1, 0xA4, 0x91, 0xA4, 0x90, 0xA4, 0x70, 0x9C,
    0x50, 0x9C, 0x2F, 0x9C, 0x0F, 0x94, 0xEE, 0x93, 0xEE, 0x93, 0xCD, 0x8B, 0xAD, 0x8B, 0xAD, 0x8B,
    0xAD, 0x8B, 0xAD, 0x8B, 0xCE, 0x93, 0x0E, 0x9C, 0x4F, 0x9C, 0x90, 0xA4, 0x70, 0xA4, 0x6F, 0xA4,
    0x2F, 0x9C, 0xEE, 0x93, 0xAD, 0x8B, 0x6C, 0x83, 0x4C, 0x7B, 0x4C, 0x7B, 0x2B, 0x7B, 0x2B, 0x7B,
    0x2B, 0x73, 0x0B, 0x73, 0x0B, 0x6B, 0xEB, 0x6A, 0xEB, 0x6A, 0xEB, 0x6A, 0xEA, 0x6A, 0xCA, 0x6A,
    0xEA, 0x6A, 0xCA, 0x6A, 0xCA, 0x6A, 0xCB, 0x62, 0xCB, 0x62, 0xCA, 0x62, 0xCA, 0x62, 0xCA, 0x62,
    0xCA, 0x62, 0xCA, 0x6A, 0xCA, 0x6A, 0xCA, 0x6A, 0xEA, 0x6A, 0xCA, 0x6A, 0xCA, 0x62, 0xCA, 0x62,
    0xCB, 0x6A, 0xCB, 0x6A, 0xCB, 0x6A, 0xCB, 0x6A, 0xCB, 0x62, 0xCA, 0x62, 0xAA, 0x62, 0xAA, 0x62,
    0xAA, 0x62, 0xAA, 0x62, 0xEB, 0x6A, 0x0B, 0x6B, 0x0B, 0x73, 0x2C, 0x73, 0x2C, 0x73, 0x0B, 0x73,
    0xEB, 0x6A, 0xCA, 0x62, 0xAA, 0x5A, 0x89, 0x5A, 0x89, 0x5A, 0x89, 0x5A, 0x89, 0x5A, 0xA9, 0x62,
    0xEA, 0x6A, 0x0A, 0x6B, 0x2B, 0x73, 0x6C, 0x83, 0xCD, 0x8B, 0xCD, 0x8B, 0xAD, 0x8B, 0xEE, 0x93,
    0x4F, 0x9C, 0x90, 0xAC, 0xD1, 0xB4, 0xF2, 0xB4, 0x12, 0xB5, 0x12, 0xBD, 0x12, 0xBD, 0x32, 0xBD,
    0x33, 0xBD, 0x33, 0xBD, 0x13, 0xBD, 0x12, 0xB5, 0x12, 0xB5, 0x12, 0xB5, 0xF2, 0xB4, 0xF2, 0xB4,
    0xF2, 0xAC, 0xF1, 0xAC, 0xD1, 0xAC, 0xB1, 0xAC, 0xEE, 0x93, 0x8D, 0x7B, 0xF3, 0xA4, 0xB6, 0xBD,
    0x37, 0xC6, 0xD9, 0xDE, 0xB9, 0xD6, 0x57, 0xCE, 0x78, 0xCE, 0xFA, 0xDE, 0xFA, 0xE6, 0x94, 0xBD,
    0xF2, 0xB4, 0x12, 0xB5, 0xF2, 0xB4, 0xF2, 0xB4, 0xF2, 0xB4, 0xF2, 0xB4, 0xF2, 0xB4, 0xF2, 0xB4,
    0x12, 0xB5, 0x12, 0xB5, 0x12, 0xB5, 0x13, 0xB5, 0x33, 0xBD, 0x33, 0xBD, 0x33, 0xBD, 0x33, 0xBD,
    0x53, 0xBD, 0x53, 0xBD, 0x53, 0xBD, 0x73, 0xBD, 0x74, 0xC5, 0x74, 0xC5, 0x94, 0xC5, 0x94, 0xC5,
    0x94, 0xC5, 0xB4, 0xC5, 0xB5, 0xCD, 0xB5, 0xCD, 0xB5, 0xCD, 0xD5, 0xCD, 0xD5, 0xCD, 0xD5, 0xD5,
    0xD5, 0xD5, 0xD5, 0xD5, 0xF6, 0xD5, 0xF6, 0xD5, 0xF6, 0xD5, 0xF5, 0xD5, 0xF5, 0xD5, 0xF6, 0xDD,
    0x16, 0xD6, 0x13, 0xAD, 0xCE, 0x7B, 0x8E, 0x73, 0xAE, 0x73, 0x8E, 0x73, 0x8E, 0x73, 0x8E, 0x73,
    0x8E, 0x73, 0x8D, 0x73, 0x8D, 0x73, 0x8D, 0x73, 0x6D, 0x6B, 0x8D, 0x6B, 0x8D, 0x6B, 0x8D, 0x6B,
    0x6D, 0x6B, 0x6D, 0x6B, 0x6D, 0x6B, 0x6D, 0x6B, 0x6D, 0x6B, 0x6D, 0x6B, 0x6D, 0x6B, 0x6D, 0x6B,
    0x6D, 0x6B, 0x6D, 0x6B, 0x6D, 0x6B, 0x6D, 0x6B, 0x6E, 0x6B, 0x6E, 0x6B, 0x6D, 0x6B, 0x6D, 0x6B,
    0x6D, 0x6B, 0x6D, 0x6B, 0x6D, 0x6B, 0x6D, 0x6B, 0x6D, 0x6B, 0x6D, 0x6B, 0x6D, 0x6B, 0x6D, 0x6B,
    0x6D, 0x6B, 0x6D, 0x6B, 0x6D, 0x6B, 0x6D, 0x6B, 0x6D, 0x6B, 0x6D, 0x6B, 0x6D, 0x6B, 0x6D, 0x6B,
    0x6D, 0x6B, 0x6D, 0x6B, 0x6D, 0x6B, 0x6D, 0x6B, 0x6D, 0x6B, 0x6D, 0x6B, 0x6D, 0x6B, 0x6D, 0x6B,
    0x6D, 0x6B, 0x6D, 0x6B, 0x6D, 0x6B, 0x6D, 0x6B, 0x6D, 0x6B, 0x6D, 0x6B, 0x6D, 0x6B, 0x6D, 0x6B,
    0x6D, 0x6B, 0x6D, 0x6B, 0x6D, 0x6B, 0x6D, 0x6B, 0x6D, 0x6B, 0x6D, 0x6B, 0x6D, 0x6B, 0x6D, 0x6B,
    0x6D, 0x6B, 0x6D, 0x6B, 0x6D, 0x6B, 0x6D, 0x6B, 0x6D, 0x6B, 0x6D, 0x6B, 0x6D, 0x6B, 0x6D, 0x6B,
    0x6D, 0x6B, 0x6D, 0x6B, 0x6D, 0x6B, 0x6D, 0x6B, 0x6D, 0x6B, 0x6D, 0x6B, 0x6D, 0x6B, 0x6D, 0x6B,
    0x6D, 0x6B, 0x6D, 0x6B, 0x6D, 0x6B, 0x6D, 0x6B, 0x6D, 0x6B, 0x6D, 0x6B, 0x6D, 0x6B, 0x6D, 0x6B,
    0x4D, 0x6B, 0x6D, 0x6B, 0x4D, 0x6B, 0x6D, 0x6B, 0x2C, 0x63, 0x89, 0x52, 0x69, 0x4A, 0x69, 0x4A,
    0x69, 0x52, 0x69, 0x52, 0x69, 0x52, 0x69, 0x52, 0x69, 0x52, 0x69, 0x52, 0x69, 0x52, 0x69, 0x52,
    0x69, 0x52, 0x69, 0x52, 0x69, 0x52, 0x69, 0x52, 0x69, 0x52, 0x69, 0x52, 0x69, 0x52, 0x69, 0x52,
    0x69, 0x52, 0x69, 0x52, 0x69, 0x52, 0x69, 0x52, 0x69, 0x52, 0x69, 0x5A, 0x69, 0x5A, 0x69, 0x5A,
    0x69, 0x5A, 0x69, 0x5A, 0x69, 0x5A, 0x69, 0x5A, 0x89, 0x5A, 0x89, 0x5A, 0x89, 0x5A, 0x89, 0x5A,
    0x89, 0x5A, 0x89, 0x5A, 0x8A, 0x62, 0x89, 0x62, 0xAA, 0x62, 0xCA, 0x6A, 0x0B, 0x73, 0x6C, 0x83,
    0xEE, 0x93, 0x90, 0xA4, 0xF2, 0xB4, 0x53, 0xBD, 0x74, 0xC5, 0x94, 0xC5, 0x95, 0xC5, 0x95, 0xC5,
    0x94, 0xC5, 0x94, 0xC5, 0x94, 0xC5, 0x74, 0xBD, 0x54, 0xBD, 0x53, 0xBD, 0x33, 0xB5, 0x12, 0xB5,
    0xF2, 0xAC, 0xD2, 0xAC, 0xD2, 0xAC, 0xD1, 0xAC, 0xB1, 0xAC, 0xB1, 0xA4, 0x90, 0xA4, 0x70, 0xA4,
    0x50, 0x9C, 0x2F, 0x9C, 0x0F, 0x94, 0xEE, 0x93, 0xEE, 0x93, 0xAD, 0x8B, 0xAD, 0x8B, 0xAD, 0x8B,
    0x8D, 0x8B, 0xAD, 0x8B, 0xEE, 0x93, 0x2F, 0x9C, 0x90, 0xA4, 0xB1, 0xAC, 0xD1, 0xAC, 0xB1, 0xAC,
    0xB0, 0xA4, 0x70, 0xA4, 0x0E, 0x94, 0xCE, 0x8B, 0x8D, 0x83, 0x6C, 0x83, 0x6C, 0x83, 0x4C, 0x7B,
    0x2C, 0x7B, 0x2B, 0x7B, 0x0B, 0x73, 0x0B, 0x73, 0x0B, 0x6B, 0x0B, 0x6B, 0xEB, 0x6A, 0xEB, 0x6A,
    0xEB, 0x6A, 0xEB, 0x6A, 0xEB, 0x6A, 0xEB, 0x6A, 0xCA, 0x6A, 0xEA, 0x6A, 0xCA, 0x6A, 0xCA, 0x6A,
    0xCA, 0x6A, 0xEA, 0x6A, 0xCA, 0x6A, 0xCA, 0x6A, 0xCA, 0x6A, 0xCA, 0x62, 0xCA, 0x62, 0xCA, 0x6A,
    0xCB, 0x6A, 0xCB, 0x6A, 0xCB, 0x62, 0xCA, 0x62, 0xCA, 0x62, 0xCB, 0x6A, 0xEB, 0x6A, 0xEB, 0x6A,
    0x0C, 0x73, 0x2C, 0x73, 0x2C, 0x73, 0x2B, 0x6B, 0x2B, 0x6B, 0x0B, 0x6B, 0xEB, 0x6A, 0xCB, 0x62,
    0xAA, 0x62, 0xAA, 0x5A, 0xAA, 0x5A, 0x8A, 0x5A, 0x89, 0x5A, 0xAA, 0x62, 0xCA, 0x6A, 0x2B, 0x73,
    0x6C, 0x7B, 0xAD, 0x83, 0xCD, 0x8B, 0xEE, 0x93, 0xEE, 0x93, 0x4F, 0xA4, 0x90, 0xAC, 0xD1, 0xB4,
    0xF2, 0xB4, 0x12, 0xBD, 0x33, 0xBD, 0x33, 0xBD, 0x53, 0xBD, 0x53, 0xBD, 0x53, 0xBD, 0x53, 0xBD,
    0x53, 0xBD, 0x53, 0xBD, 0x33, 0xBD, 0x33, 0xBD, 0x33, 0xB5, 0x12, 0xB5, 0x12, 0xB5, 0x12, 0xB5,
    0xF2, 0xB4, 0xF2, 0xB4, 0xD1, 0xAC, 0xD1, 0xAC, 0x0E, 0x94, 0x6D, 0x7B, 0xF2, 0xA4, 0xB6, 0xBD,
    0x37, 0xCE, 0xD9, 0xDE, 0xD9, 0xD6, 0x57, 0xCE, 0x78, 0xCE, 0xFA, 0xDE, 0xFA, 0xE6, 0x94, 0xBD,
    0xF2, 0xB4, 0x12, 0xB5, 0x12, 0xB5, 0x12, 0xB5, 0x12, 0xB5, 0x12, 0xB5, 0x12, 0xB5, 0x12, 0xB5,
    0x12, 0xB5, 0x12, 0xB5, 0x33, 0xB5, 0x33, 0xB5, 0x33, 0xBD, 0x33, 0xBD, 0x33, 0xBD, 0x33, 0xBD,
    0x53, 0xBD, 0x53, 0xBD, 0x53, 0xBD, 0x73, 0xBD, 0x74, 0xC5, 0x74, 0xC5, 0x94, 0xC5, 0x94, 0xC5,
    0xB4, 0xC5, 0xB5, 0xCD, 0xB5, 0xCD, 0xB5, 0xCD, 0xD5, 0xCD, 0xD5, 0xCD, 0xD5, 0xD5, 0xD5, 0xD5,
    0xD5, 0xD5, 0xD5, 0xD5, 0xF5, 0xD5, 0xF6, 0xD5, 0xF6, 0xD5, 0xF6, 0xD5, 0xF5, 0xD5, 0xF5, 0xDD,
    0xF6, 0xD5, 0x36, 0xDE, 0xB4, 0xC5, 0x2F, 0x94, 0x8D, 0x73, 0xAF, 0x73, 0xAE, 0x73, 0x8D, 0x73,
    0x8E, 0x73, 0x8D, 0x73, 0x8D, 0x73, 0x6D, 0x73, 0x6E, 0x73, 0x6E, 0x6B, 0x6D, 0x6B, 0x6D, 0x6B,
    0x6D, 0x6B, 0x6E, 0x6B, 0x6D, 0x6B, 0x6D, 0x6B, 0x6D, 0x6B, 0x6D, 0x6B, 0x6D, 0x6B, 0x6D, 0x6B,
    0x6D, 0x6B, 0x6D, 0x6B, 0x6D, 0x6B, 0x6D, 0x6B, 0x6D, 0x6B, 0x6D, 0x6B, 0x6D, 0x6B, 0x6D, 0x6B,
    0x6D, 0x6B, 0x6D, 0x6B, 0x6D, 0x6B, 0x6D, 0x6B, 0x6D, 0x6B, 0x6D, 0x6B, 0x6D, 0x6B, 0x6D, 0x6B,
    0x6D, 0x6B, 0x6D, 0x6B, 0x6D, 0x6B, 0x6D, 0x6B, 0x6D, 0x6B, 0x6D, 0x6B, 0x6D, 0x6B, 0x6D, 0x6B,
    0x6D, 0x6B, 0x6D, 0x6B, 0x6D, 0x6B, 0x6D, 0x6B, 0x6D, 0x6B, 0x6D, 0x6B, 0x6D, 0x6B, 0x6D, 0x6B,
    0x6D, 0x6B, 0x6D, 0x6B, 0x6D, 0x6B, 0x6D, 0x6B, 0x6D, 0x6B, 0x6D, 0x6B, 0x6D, 0x6B, 0x6D, 0x6B,
    0x6D, 0x6B, 0x6D, 0x6B, 0x6D, 0x6B, 0x6D, 0x6B, 0x6D, 0x6B, 0x6D, 0x6B, 0x6D, 0x6B, 0x6D, 0x6B,
    0x6D, 0x6B, 0x6D, 0x6B, 0x6D, 0x6B, 0x6D, 0x6B, 0x6D, 0x6B, 0x6D, 0x6B, 0x6D, 0x6B, 0x6D, 0x6B,
    0x6D, 0x6B, 0x6D, 0x6B, 0x6D, 0x6B, 0x6D, 0x6B, 0x6D, 0x6B, 0x6D, 0x6B, 0x6D, 0x6B, 0x4D, 0x6B,
    0x6D, 0x6B, 0x6D, 0x6B, 0x6D, 0x6B, 0x6D, 0x6B, 0x6D, 0x6B, 0x6D, 0x63, 0x6D, 0x6B, 0x6D, 0x6B,
    0x6D, 0x6B, 0x6D, 0x6B, 0x6D, 0x6B, 0x2C, 0x63, 0x8A, 0x52, 0x69, 0x4A, 0x69, 0x4A, 0x69, 0x4A,
    0x69, 0x52, 0x69, 0x52, 0x69, 0x52, 0x69, 0x52, 0x69, 0x52, 0x69, 0x52, 0x69, 0x52, 0x69, 0x52,
    0x69, 0x52, 0x69, 0x52, 0x69, 0x52, 0x69, 0x52, 0x69, 0x52, 0x69, 0x52, 0x69, 0x52, 0x69, 0x52,
    0x69, 0x52, 0x69, 0x52, 0x69, 0x52, 0x69, 0x52, 0x69, 0x52, 0x69, 0x5A, 0x69, 0x5A, 0x69, 0x5A,
    0x69, 0x5A, 0x69, 0x5A, 0x69, 0x5A, 0x69, 0x5A, 0x89, 0x5A, 0x89, 0x5A, 0x89, 0x5A, 0x8A, 0x5A,
    0x89, 0x5A, 0x89, 0x5A, 0x8A, 0x62, 0xAA, 0x62, 0xAA, 0x6A, 0xCA, 0x6A, 0x0B, 0x73, 0x4C, 0x7B,
    0xEE, 0x93, 0x90, 0xA4, 0xF2, 0xB4, 0x53, 0xBD, 0x74, 0xC5, 0x94, 0xC5, 0x95, 0xC5, 0x95, 0xC5,
    0x95, 0xC5, 0x95, 0xC5, 0x94, 0xC5, 0x94, 0xC5, 0x74, 0xBD, 0x53, 0xBD, 0x33, 0xB5, 0x13, 0xB5,
    0xF2, 0xAC, 0xD2, 0xAC, 0xD1, 0xAC, 0xB1, 0xAC, 0xB1, 0xA4, 0x91, 0xA4, 0x70, 0xA4, 0x70, 0x9C,
    0x50, 0x9C, 0x2F, 0x9C, 0x0F, 0x94, 0xEE, 0x93, 0xEE, 0x93, 0xAD, 0x8B, 0xAD, 0x8B, 0xAD, 0x8B,
    0x8D, 0x8B, 0xCD, 0x8B, 0x0E, 0x94, 0x4F, 0xA4, 0xB1, 0xAC, 0xF2, 0xB4, 0x12, 0xB5, 0x12, 0xB5,
    0x12, 0xB5, 0xF1, 0xB4, 0xB1, 0xAC, 0x70, 0xA4, 0x2E, 0x94, 0xEE, 0x8B, 0x8D, 0x8B, 0x6C, 0x83,
    0x4C, 0x7B, 0x4C, 0x7B, 0x2B, 0x7B, 0x2B, 0x73, 0x2B, 0x73, 0x0B, 0x73, 0x0B, 0x73, 0x0B, 0x73,
    0x0B, 0x73, 0x0B, 0x73, 0x0B, 0x6B, 0xEB, 0x6A, 0xEB, 0x6A, 0xEB, 0x6A, 0xEA, 0x6A, 0xEA, 0x6A,
    0xEA, 0x6A, 0xEA, 0x6A, 0xCA, 0x6A, 0xCA, 0x6A, 0xCA, 0x6A, 0xEB, 0x6A, 0xCB, 0x6A, 0xCB, 0x6A,
    0xCB, 0x6A, 0xCB, 0x6A, 0xEB, 0x6A, 0xEB, 0x6A, 0xEB, 0x6A, 0x0C, 0x6B, 0x2C, 0x73, 0x0C, 0x6B,
    0x0C, 0x6B, 0x0B, 0x6B, 0x0B, 0x6B, 0x0B, 0x6B, 0xEB, 0x6A, 0xEB, 0x62, 0xCA, 0x62, 0xCA, 0x62,
    0xAA, 0x62, 0xAA, 0x62, 0xCA, 0x62, 0x0B, 0x73, 0x4C, 0x7B, 0xAD, 0x83, 0xCE, 0x8B, 0xEE, 0x93,
    0x0E, 0x94, 0x2F, 0x9C, 0x4F, 0xA4, 0xB1, 0xAC, 0xF2, 0xB4, 0x12, 0xBD, 0x33, 0xBD, 0x53, 0xBD,
    0x53, 0xC5, 0x73, 0xC5, 0x73, 0xC5, 0x73, 0xC5, 0x74, 0xC5, 0x73, 0xC5, 0x73, 0xC5, 0x73, 0xC5,
    0x73, 0xC5, 0x54, 0xBD, 0x53, 0xBD, 0x53, 0xBD, 0x53, 0xBD, 0x33, 0xBD, 0x33, 0xB5, 0x12, 0xB5,
    0x12, 0xB5, 0xF2, 0xB4, 0xF2, 0xB4, 0xD1, 0xAC, 0xEE, 0x93, 0x6D, 0x7B, 0xF2, 0xA4, 0xB5, 0xBD,
    0x17, 0xC6, 0xD9, 0xDE, 0xD9, 0xD6, 0x57, 0xCE, 0x78, 0xCE, 0xFA, 0xDE, 0x1B, 0xE7, 0x94, 0xBD,
    0xF2, 0xB4, 0x12, 0xB5, 0x12, 0xB5, 0x12, 0xB5, 0x12, 0xB5, 0x12, 0xB5, 0x12, 0xB5, 0x12, 0xB5,
    0x12, 0xB5, 0x33, 0xB5, 0x33, 0xB5, 0x33, 0xB5, 0x33, 0xBD, 0x33, 0xBD, 0x33, 0xBD, 0x53, 0xBD,
    0x53, 0xBD, 0x53, 0xBD, 0x53, 0xBD, 0x73, 0xBD, 0x74, 0xC5, 0x74, 0xC5, 0x94, 0xC5, 0x94, 0xC5,
    0xB4, 0xC5, 0xB5, 0xCD, 0xB5, 0xCD, 0xB5, 0xCD, 0xD5, 0xCD, 0xD5, 0xCD, 0xD5, 0xD5, 0xD5, 0xD5,
    0xD5, 0xD5, 0xF5, 0xD5, 0xF5, 0xD5, 0xF5, 0xD5, 0xF6, 0xD5, 0xF6, 0xD5, 0xF6, 0xD5, 0xF6, 0xDD,
    0xF6, 0xDD, 0xF6, 0xD5, 0x16, 0xDE, 0xF6, 0xD5, 0xB1, 0xA4, 0x8D, 0x7B, 0xAE, 0x7B, 0xAE, 0x73,
    0x8E, 0x73, 0x8E, 0x73, 0x8D, 0x73, 0x8D, 0x73, 0x8D, 0x73, 0x6D, 0x73, 0x6D, 0x6B, 0x6D, 0x6B,
    0x6D, 0x6B, 0x6D, 0x6B, 0x6E, 0x6B, 0x6D, 0x6B, 0x6D, 0x6B, 0x6D, 0x6B, 0x6D, 0x6B, 0x6D, 0x6B,
    0x6D, 0x6B, 0x6D, 0x6B, 0x6D, 0x6B, 0x6D, 0x6B, 0x6D, 0x6B, 0x6D, 0x6B, 0x6D, 0x6B, 0x6D, 0x6B,
    0x6D, 0x6B, 0x6D, 0x6B, 0x6D, 0x6B, 0x6D, 0x6B, 0x6D, 0x6B, 0x6D, 0x6B, 0x6D, 0x6B, 0x6D, 0x6B,
    0x6D, 0x6B, 0x6D, 0x6B, 0x6D, 0x6B, 0x6D, 0x6B, 0x6D, 0x6B, 0x6D, 0x6B, 0x6D, 0x6B, 0x6D, 0x6B,
    0x6D, 0x6B, 0x6D, 0x6B, 0x6D, 0x6B, 0x6D, 0x6B, 0x6D, 0x6B, 0x6D, 0x6B, 0x6D, 0x6B, 0x6D, 0x6B,
    0x6D, 0x6B, 0x6D, 0x6B, 0x6D, 0x6B, 0x6D, 0x6B, 0x6D, 0x6B, 0x6D, 0x6B, 0x6D, 0x6B, 0x6D, 0x6B,
    0x6D, 0x6B, 0x6D, 0x6B, 0x6D, 0x6B, 0x6D, 0x6B, 0x6D, 0x6B, 0x6D, 0x6B, 0x6D, 0x6B, 0x6D, 0x6B,
    0x6D, 0x6B, 0x6D, 0x6B, 0x6D, 0x6B, 0x6D, 0x6B, 0x6D, 0x6B, 0x6D, 0x6B, 0x6D, 0x6B, 0x6D, 0x6B,
    0x6D, 0x6B, 0x6D, 0x6B, 0x6D, 0x6B, 0x6D, 0x6B, 0x6D, 0x6B, 0x6D, 0x6B, 0x6D, 0x6B, 0x4D, 0x6B,
    0x6D, 0x6B, 0x6D, 0x6B, 0x6D, 0x6B, 0x6D, 0x6B, 0x6D, 0x6B, 0x6D, 0x63, 0x6D, 0x63, 0x6D, 0x63,
    0x4D, 0x63, 0x6D, 0x6B, 0x4C, 0x63, 0x8A, 0x52, 0x69, 0x4A, 0x69, 0x4A, 0x69, 0x4A, 0x69, 0x4A,
    0x69, 0x52, 0x69, 0x52, 0x69, 0x52, 0x69, 0x52, 0x69, 0x52, 0x69, 0x52, 0x69, 0x52, 0x69, 0x52,
    0x69, 0x52, 0x69, 0x52, 0x69, 0x52, 0x69, 0x52, 0x69, 0x52, 0x69, 0x52, 0x69, 0x52, 0x69, 0x52,
    0x69, 0x52, 0x69, 0x52, 0x69, 0x52, 0x69, 0x52, 0x69, 0x52, 0x69, 0x5A, 0x69, 0x5A, 0x69, 0x5A,
    0x69, 0x5A, 0x69, 0x5A, 0x69, 0x5A, 0x89, 0x5A, 0x89, 0x5A, 0x89, 0x5A, 0x89, 0x5A, 0x8A, 0x5A,
    0x8A, 0x5A, 0x8A, 0x62, 0xAA, 0x62, 0xAA, 0x62, 0xAA, 0x6A, 0xCA, 0x6A, 0x0B, 0x73, 0x4C, 0x7B,
    0xCD, 0x93, 0x90, 0xA4, 0xF2, 0xB4, 0x53, 0xBD, 0x94, 0xC5, 0xB5, 0xC5, 0xB5, 0xC5, 0xB5, 0xC5,
    0xB5, 0xC5, 0x95, 0xC5, 0x94, 0xC5, 0x94, 0xC5, 0x74, 0xBD, 0x53, 0xBD, 0x33, 0xB5, 0x12, 0xB5,
    0xF2, 0xB4, 0xD2, 0xAC, 0xD1, 0xAC, 0xB1, 0xAC, 0xB1, 0xA4, 0x90, 0xA4, 0x70, 0xA4, 0x70, 0x9C,
    0x50, 0x9C, 0x2F, 0x9C, 0x0F, 0x94, 0xEE, 0x93, 0xCE, 0x8B, 0xAD, 0x8B, 0xAD, 0x8B, 0xAD, 0x8B,
    0xAD, 0x8B, 0xCD, 0x93, 0x2F, 0x9C, 0x90, 0xA4, 0xF2, 0xB4, 0x33, 0xBD, 0x53, 0xBD, 0x74, 0xC5,
    0x73, 0xBD, 0x53, 0xBD, 0x33, 0xBD, 0x12, 0xB5, 0xD1, 0xAC, 0x90, 0xA4, 0x2F, 0x9C, 0xEE, 0x93,
    0xAD, 0x8B, 0x8D, 0x83, 0x6C, 0x83, 0x4C, 0x7B, 0x4C, 0x7B, 0x2C, 0x7B, 0x2B, 0x73, 0x2B, 0x73,
    0x2B, 0x73, 0x2B, 0x73, 0x2B, 0x73, 0x0B, 0x73, 0x0B, 0x73, 0x0B, 0x73, 0x0B, 0x73, 0x0B, 0x6B,
    0xEB, 0x6A, 0xEB, 0x6A, 0xEB, 0x6A, 0xEB, 0x6A, 0xEB, 0x6A, 0xEB, 0x6A, 0xEB, 0x6A, 0xEB, 0x6A,
    0xEB, 0x6A, 0xEB, 0x6A, 0x0B, 0x6B, 0x0B, 0x6B, 0x0B, 0x6B, 0x0B, 0x6B, 0x0B, 0x6B, 0x0B, 0x6B,
    0x0B, 0x6B, 0xEB, 0x6A, 0xEB, 0x6A, 0xEB, 0x62, 0xCA, 0x62, 0xCA, 0x62, 0xEA, 0x62, 0x0B, 0x6B,
    0x2B, 0x73, 0x8D, 0x83, 0xCE, 0x8B, 0x0E, 0x94, 0x0E, 0x94, 0x2F, 0x9C, 0x70, 0xA4, 0xB0, 0xAC,
    0xD1, 0xB4, 0x12, 0xB5, 0x32, 0xBD, 0x53, 0xBD, 0x53, 0xC5, 0x74, 0xC5, 0x74, 0xC5, 0x94, 0xC5,
    0x94, 0xC5, 0x94, 0xC5, 0x94, 0xC5, 0x94, 0xC5, 0x94, 0xC5, 0x94, 0xC5, 0x94, 0xC5, 0x94, 0xC5,
    0x94, 0xC5, 0x74, 0xC5, 0x74, 0xBD, 0x73, 0xBD, 0x53, 0xBD, 0x53, 0xBD, 0x33, 0xBD, 0x33, 0xB5,
    0x12, 0xB5, 0xF2, 0xB4, 0xF2, 0xB4, 0xD1, 0xAC, 0xEE, 0x93, 0x6D, 0x7B, 0xD2, 0xA4, 0xD6, 0xBD,
    0x37, 0xC6, 0xB9, 0xDE, 0xB9, 0xD6, 0x78, 0xCE, 0x78, 0xCE, 0xFA, 0xDE, 0x1B, 0xE7, 0xB5, 0xBD,
    0x12, 0xB5, 0x12, 0xB5, 0x12, 0xB5, 0x12, 0xB5, 0x12, 0xB5, 0x12, 0xB5, 0x12, 0xB5, 0x12, 0xB5,
    0x12, 0xB5, 0x33, 0xB5, 0x33, 0xB5, 0x33, 0xB5, 0x33, 0xBD, 0x33, 0xBD, 0x33, 0xBD, 0x53, 0xBD,
    0x53, 0xBD, 0x53, 0xBD, 0x53, 0xBD, 0x73, 0xC5, 0x74, 0xC5, 0x74, 0xC5, 0x94, 0xC5, 0x94, 0xC5,
    0xB5, 0xCD, 0xB5, 0xCD, 0xB5, 0xCD, 0xD5, 0xCD, 0xD5, 0xCD, 0xD5, 0xCD, 0xD5, 0xD5, 0xD5, 0xD5,
    0xD5, 0xD5, 0xF5, 0xD5, 0xF5, 0xD5, 0xF6, 0xD5, 0xF6, 0xD5, 0xF6, 0xD5, 0xF6, 0xD5, 0xF6, 0xDD,
    0x16, 0xDE, 0x16, 0xDE, 0xF6, 0xDD, 0xF6, 0xDD, 0x37, 0xDE, 0x12, 0xB5, 0xAE, 0x7B, 0xAE, 0x7B,
    0xAE, 0x73, 0x8E, 0x73, 0x8E, 0x73, 0x8E, 0x73, 0x8D, 0x73, 0x8D, 0x73, 0x8D, 0x73, 0x8D, 0x73,
    0x8D, 0x6B, 0x6D, 0x6B, 0x6D, 0x6B, 0x6D, 0x6B, 0x6D, 0x6B, 0x6D, 0x6B, 0x6D, 0x6B, 0x6D, 0x6B,
    0x6D, 0x6B, 0x6D, 0x6B, 0x6D, 0x6B, 0x6D, 0x6B, 0x6D, 0x6B, 0x6D, 0x6B, 0x6D, 0x6B, 0x6D, 0x6B,
    0x6D, 0x6B, 0x6D, 0x6B, 0x6D, 0x6B, 0x6D, 0x6B, 0x6D, 0x6B, 0x6D, 0x6B, 0x6D, 0x6B, 0x6D, 0x6B,
    0x6D, 0x6B, 0x6D, 0x6B, 0x6D, 0x6B, 0x6D, 0x6B, 0x6D, 0x6B, 0x6D, 0x6B, 0x6D, 0x6B, 0x6D, 0x6B,
    0x6D, 0x6B, 0x6D, 0x6B, 0x6D, 0x6B, 0x6D, 0x6B, 0x6D, 0x6B, 0x6D, 0x6B, 0x6D, 0x6B, 0x6D, 0x6B,
    0x6D, 0x6B, 0x6D, 0x6B, 0x6D, 0x6B, 0x6D, 0x6B, 0x6D, 0x6B, 0x6D, 0x6B, 0x6D, 0x6B, 0x6D, 0x6B,
    0x6D, 0x6B, 0x6D, 0x6B, 0x6D, 0x6B, 0x6D, 0x6B, 0x6D, 0x6B, 0x6D, 0x6B, 0x6D, 0x6B, 0x6D, 0x6B,
    0x6D, 0x6B, 0x6D, 0x6B, 0x6D, 0x6B, 0x6D, 0x6B, 0x6D, 0x6B, 0x6D, 0x6B, 0x6D, 0x6B, 0x6D, 0x6B,
    0x6D, 0x6B, 0x6D, 0x6B, 0x6D, 0x6B, 0x6D, 0x6B, 0x6D, 0x6B, 0x4D, 0x6B, 0x4D, 0x6B, 0x4D, 0x6B,
    0x6D, 0x6B, 0x6D, 0x6B, 0x6D, 0x6B, 0x6D, 0x6B, 0x6D, 0x6B, 0x6D, 0x63, 0x6D, 0x63, 0x6D, 0x63,
    0x6D, 0x6B, 0x4D, 0x6B, 0xAA, 0x52, 0x69, 0x52, 0x69, 0x52, 0x69, 0x4A, 0x69, 0x4A, 0x69, 0x52,
    0x69, 0x52, 0x69, 0x52, 0x69, 0x52, 0x69, 0x52, 0x69, 0x52, 0x69, 0x52, 0x69, 0x52, 0x69, 0x52,
    0x69, 0x52, 0x69, 0x52, 0x69, 0x52, 0x69, 0x52, 0x69, 0x52, 0x69, 0x52, 0x69, 0x52, 0x89, 0x52,
    0x69, 0x52, 0x69, 0x52, 0x69, 0x52, 0x69, 0x52, 0x69, 0x52, 0x69, 0x5A, 0x69, 0x5A, 0x69, 0x5A,
    0x69, 0x5A, 0x69, 0x5A, 0x89, 0x5A, 0x89, 0x5A, 0x89, 0x5A, 0x8A, 0x5A, 0x8A, 0x5A, 0x8A, 0x5A,
    0x8A, 0x5A, 0xAA, 0x62, 0xAA, 0x62, 0xAA, 0x62, 0xCA, 0x6A, 0xEB, 0x6A, 0x0B, 0x73, 0x4B, 0x7B,
    0xAD, 0x8B, 0x70, 0xA4, 0xF2, 0xB4, 0x53, 0xBD, 0x94, 0xC5, 0x95, 0xC5, 0xB5, 0xC5, 0xB5, 0xC5,
    0xB5, 0xC5, 0x95, 0xC5, 0x95, 0xC5, 0x74, 0xC5, 0x74, 0xBD, 0x54, 0xBD, 0x33, 0xB5, 0x13, 0xB5,
    0xF2, 0xB4, 0xD2, 0xAC, 0xD1, 0xAC, 0xB1, 0xAC, 0x91, 0xA4, 0x90, 0xA4, 0x70, 0xA4, 0x50, 0x9C,
    0x2F, 0x9C, 0x0F, 0x94, 0x0F, 0x94, 0xEE, 0x93, 0xCE, 0x8B, 0xAD, 0x8B, 0xAD, 0x8B, 0xAD, 0x8B,
    0xAD, 0x8B, 0xEE, 0x93, 0x4F, 0x9C, 0xB1, 0xAC, 0x13, 0xBD, 0x74, 0xC5, 0x94, 0xC5, 0x94, 0xC5,
    0x94, 0xC5, 0x94, 0xC5, 0x94, 0xC5, 0x94, 0xC5, 0x73, 0xBD, 0x53, 0xBD, 0x12, 0xB5, 0xD1, 0xAC,
    0x90, 0xA4, 0x4F, 0x9C, 0x0E, 0x94, 0xCE, 0x8B, 0xAD, 0x83, 0x8D, 0x83, 0x6C, 0x7B, 0x4C, 0x7B,
    0x4C, 0x7B, 0x4C, 0x7B, 0x4C, 0x7B, 0x4B, 0x7B, 0x2B, 0x7B, 0x2B, 0x7B, 0x2B, 0x7B, 0x2B, 0x7B,
    0x2B, 0x73, 0x2B, 0x73, 0x2B, 0x73, 0x2B, 0x73, 0x2B, 0x73, 0x2B, 0x73, 0x2B, 0x73, 0x2B, 0x73,
    0x0B, 0x73, 0x0B, 0x73, 0x0B, 0x73, 0x0B, 0x73, 0x0B, 0x73, 0x0B, 0x73, 0x0B, 0x73, 0x0B, 0x73,
    0x0B, 0x73, 0x2B, 0x73, 0x2B, 0x73, 0x4C, 0x7B, 0x8D, 0x7B, 0xAD, 0x83, 0xCE, 0x8B, 0x0E, 0x94,
    0x2F, 0x9C, 0x6F, 0x9C, 0x90, 0xA4, 0xB0, 0xAC, 0xD1, 0xB4, 0x12, 0xB5, 0x12, 0xBD, 0x33, 0xBD,
    0x53, 0xBD, 0x53, 0xC5, 0x74, 0xC5, 0x74, 0xC5, 0x94, 0xC5, 0x94, 0xCD, 0x94, 0xCD, 0x94, 0xCD,
    0xB4, 0xCD, 0xB4, 0xCD, 0xB4, 0xCD, 0xB4, 0xCD, 0xB4, 0xCD, 0xB4, 0xC5, 0xB4, 0xC5, 0x94, 0xC5,
    0x94, 0xC5, 0x94, 0xC5, 0x74, 0xC5, 0x74, 0xC5, 0x74, 0xBD, 0x53, 0xBD, 0x53, 0xBD, 0x33, 0xBD,
    0x13, 0xB5, 0x12, 0xB5, 0xF2, 0xB4, 0xD1, 0xAC, 0xEE, 0x93, 0x6C, 0x7B, 0xD2, 0xA4, 0xD6, 0xBD,
    0x37, 0xC6, 0xB9, 0xDE, 0xD9, 0xD6, 0x78, 0xCE, 0x78, 0xCE, 0xFA, 0xDE, 0x1B, 0xE7, 0xB5, 0xC5,
    0x12, 0xB5, 0x13, 0xB5, 0x12, 0xB5, 0x12, 0xB5, 0x12, 0xB5, 0x12, 0xB5, 0x12, 0xB5, 0x12, 0xB5,
    0x12, 0xB5, 0x33, 0xB5, 0x33, 0xB5, 0x33, 0xBD, 0x33, 0xBD, 0x33, 0xBD, 0x33, 0xBD, 0x53, 0xBD,
    0x53, 0xBD, 0x53, 0xBD, 0x53, 0xBD, 0x73, 0xBD, 0x74, 0xC5, 0x94, 0xC5, 0x94, 0xC5, 0x94, 0xC5,
    0xB4, 0xC5, 0xB5, 0xCD, 0xB5, 0xCD, 0xD5, 0xCD, 0xD5, 0xCD, 0xD5, 0xCD, 0xD5, 0xD5, 0xF5, 0xD5,
    0xF5, 0xD5, 0xF5, 0xD5, 0xF6, 0xD5, 0xF6, 0xD5, 0xF6, 0xD5, 0xF6, 0xDD, 0x16, 0xD6, 0x16, 0xD6,
    0x16, 0xDE, 0x16, 0xDE, 0xF6, 0xDD, 0xF6, 0xDD, 0xF5, 0xDD, 0x36, 0xDE, 0x54, 0xBD, 0xCE, 0x83,
    0xAE, 0x7B, 0xAE, 0x73, 0x8E, 0x73, 0x8E, 0x73, 0x8D, 0x73, 0x8D, 0x73, 0x8D, 0x73, 0x8D, 0x73,
    0x8D, 0x6B, 0x8D, 0x6B, 0x6D, 0x6B, 0x6D, 0x6B, 0x6D, 0x6B, 0x6D, 0x6B, 0x6D, 0x6B, 0x6D, 0x6B,
    0x6D, 0x6B, 0x6D, 0x6B, 0x6D, 0x6B, 0x6D, 0x6B, 0x6D, 0x6B, 0x6D, 0x6B, 0x6D, 0x6B, 0x6D, 0x6B,
    0x6D, 0x6B, 0x6D, 0x6B, 0x6D, 0x6B, 0x6D, 0x6B, 0x6D, 0x6B, 0x6D, 0x6B, 0x6D, 0x6B, 0x6D, 0x6B,
    0x6D, 0x6B, 0x6D, 0x6B, 0x6D, 0x6B, 0x6D, 0x6B, 0x6D, 0x6B, 0x6D, 0x6B, 0x6D, 0x6B, 0x6D, 0x6B,
    0x6D, 0x6B, 0x6D, 0x6B, 0x6D, 0x6B, 0x6D, 0x6B, 0x6D, 0x6B, 0x6D, 0x6B, 0x6D, 0x6B, 0x6D, 0x6B,
    0x6D, 0x6B, 0x6D, 0x6B, 0x6D, 0x6B, 0x6D, 0x6B, 0x6D, 0x6B, 0x6D, 0x6B, 0x6D, 0x6B, 0x6D, 0x6B,
    0x6D, 0x6B, 0x6D, 0x6B, 0x6D, 0x6B, 0x6D, 0x6B, 0x6D, 0x6B, 0x6D, 0x6B, 0x6D, 0x6B, 0x6D, 0x6B,
    0x6D, 0x6B, 0x6D, 0x6B, 0x6D, 0x6B, 0x6D, 0x6B, 0x6D, 0x6B, 0x6D, 0x6B, 0x6D, 0x6B, 0x6D, 0x6B,
    0x6D, 0x6B, 0x6D, 0x6B, 0x6D, 0x6B, 0x6D, 0x6B, 0x4D, 0x6B, 0x4D, 0x6B, 0x4D, 0x6B, 0x4D, 0x6B,
    0x6D, 0x6B, 0x6D, 0x6B, 0x6D, 0x6B, 0x6D, 0x6B, 0x6D, 0x6B, 0x6D, 0x63, 0x6D, 0x6B, 0x6D, 0x6B,
    0x4C, 0x6B, 0x8A, 0x52, 0x69, 0x52, 0x69, 0x52, 0x69, 0x52, 0x69, 0x52, 0x69, 0x52, 0x69, 0x52,
    0x69, 0x52, 0x69, 0x52, 0x69, 0x52, 0x69, 0x52, 0x69, 0x52, 0x69, 0x52, 0x69, 0x52, 0x69, 0x52,
    0x69, 0x52, 0x69, 0x52, 0x69, 0x52, 0x69, 0x52, 0x69, 0x52, 0x69, 0x52, 0x69, 0x52, 0x69, 0x52,
    0x69, 0x52, 0x69, 0x52, 0x69, 0x52, 0x69, 0x52, 0x69, 0x52, 0x69, 0x5A, 0x69, 0x5A, 0x69, 0x5A,
    0x69, 0x5A, 0x69, 0x5A, 0x89, 0x5A, 0x89, 0x5A, 0x8A, 0x5A, 0x8A, 0x5A, 0x8A, 0x5A, 0xAA, 0x5A,
    0xAA, 0x5A, 0xAA, 0x62, 0xAA, 0x62, 0xAA, 0x62, 0xCA, 0x6A, 0xEB, 0x72, 0x0B, 0x73, 0x4B, 0x7B,
    0xAD, 0x8B, 0x4F, 0xA4, 0xF2, 0xB4, 0x53, 0xBD, 0x94, 0xC5, 0xB5, 0xC5, 0xB5, 0xC5, 0xB5, 0xC5,
    0xB5, 0xC5, 0xB5, 0xC5, 0x95, 0xC5, 0x94, 0xC5, 0x74, 0xBD, 0x54, 0xBD, 0x33, 0xB5, 0x12, 0xB5,
    0xF2, 0xB4, 0xD2, 0xAC, 0xD1, 0xAC, 0xB1, 0xA4, 0x90, 0xA4, 0x70, 0xA4, 0x70, 0x9C, 0x50, 0x9C,
    0x2F, 0x9C, 0x0F, 0x94, 0x0F, 0x94, 0xEE, 0x93, 0xCE, 0x8B, 0xCE, 0x8B, 0xAD, 0x8B, 0xAD, 0x8B,
    0xAD, 0x8B, 0x0E, 0x94, 0x70, 0xA4, 0xF2, 0xAC, 0x33, 0xBD, 0x94, 0xC5, 0x94, 0xC5, 0x94, 0xC5,
    0x95, 0xC5, 0xB5, 0xC5, 0x94, 0xC5, 0x94, 0xC5, 0x94, 0xC5, 0x94, 0xC5, 0x74, 0xC5, 0x73, 0xC5,
    0x53, 0xBD, 0x12, 0xB5, 0xF2, 0xAC, 0xB1, 0xA4, 0x90, 0xA4, 0x4F, 0x9C, 0x2F, 0x94, 0x0E, 0x94,
    0xEE, 0x93, 0xCE, 0x8B, 0xCD, 0x8B, 0xAD, 0x83, 0x8D, 0x83, 0x8D, 0x83, 0x8D, 0x83, 0x8C, 0x83,
    0x8C, 0x83, 0x8C, 0x83, 0x8C, 0x83, 0x8C, 0x83, 0x8C, 0x83, 0x8C, 0x83, 0x8C, 0x83, 0x8D, 0x83,
    0x8D, 0x83, 0x6D, 0x83, 0x8D, 0x83, 0x8D, 0x83, 0x8D, 0x83, 0x8D, 0x83, 0xAD, 0x8B, 0xCE, 0x8B,
    0xCE, 0x8B, 0xEE, 0x93, 0x0E, 0x94, 0x2F, 0x9C, 0x4F, 0x9C, 0x70, 0xA4, 0x90, 0xAC, 0xB1, 0xAC,
    0xF1, 0xB4, 0x12, 0xBD, 0x32, 0xBD, 0x33, 0xBD, 0x53, 0xBD, 0x53, 0xBD, 0x53, 0xC5, 0x73, 0xC5,
    0x94, 0xC5, 0x94, 0xCD, 0x94, 0xCD, 0xB4, 0xCD, 0xB5, 0xCD, 0xB5, 0xCD, 0xB5, 0xCD, 0xD5, 0xCD,
    0xD5, 0xCD, 0xD5, 0xCD, 0xD5, 0xCD, 0xD5, 0xCD, 0xB5, 0xCD, 0xB5, 0xCD, 0xB5, 0xCD, 0xB5, 0xC5,
    0xB5, 0xC5, 0x95, 0xC5, 0x94, 0xC5, 0x94, 0xC5, 0x74, 0xBD, 0x74, 0xBD, 0x53, 0xBD, 0x33, 0xBD,
    0x33, 0xBD, 0x12, 0xB5, 0xF2, 0xB4, 0xB1, 0xAC, 0xCE, 0x93, 0x6C, 0x7B, 0xD2, 0x9C, 0xD6, 0xBD,
    0x17, 0xC6, 0xB9, 0xD6, 0xD9, 0xD6, 0x78, 0xCE, 0x77, 0xCE, 0xFA, 0xDE, 0x3B, 0xE7, 0xB5, 0xC5,
    0x12, 0xB5, 0x33, 0xBD, 0x33, 0xB5, 0x12, 0xB5, 0x12, 0xB5, 0x12, 0xB5, 0x12, 0xB5, 0x33, 0xB5,
    0x33, 0xB5, 0x33, 0xB5, 0x33, 0xB5, 0x33, 0xBD, 0x33, 0xBD, 0x33, 0xBD, 0x33, 0xBD, 0x53, 0xBD,
    0x53, 0xBD, 0x53, 0xBD, 0x74, 0xBD, 0x73, 0xC5, 0x74, 0xC5, 0x94, 0xC5, 0x94, 0xC5, 0x94, 0xC5,
    0xB4, 0xCD, 0xB5, 0xCD, 0xB5, 0xCD, 0xD5, 0xCD, 0xD5, 0xCD, 0xD5, 0xCD, 0xD5, 0xD5, 0xF5, 0xD5,
    0xF5, 0xD5, 0xF6, 0xD5, 0xF6, 0xD5, 0xF6, 0xD5, 0x16, 0xD6, 0xF6, 0xDD, 0x16, 0xDE, 0x16, 0xDE,
    0x16, 0xDE, 0x16, 0xDE, 0x16, 0xDE, 0x16, 0xDE, 0xF6, 0xDD, 0xF6, 0xDD, 0x37, 0xDE, 0x94, 0xC5,
    0xEE, 0x83, 0x8E, 0x7B, 0xAE, 0x7B, 0x8E, 0x73, 0x8E, 0x73, 0x8D, 0x73, 0x8D, 0x73, 0x8D, 0x73,
    0x8D, 0x6B, 0x8D, 0x6B, 0x8E, 0x6B, 0x6D, 0x6B, 0x6D, 0x6B, 0x6D, 0x6B, 0x6D, 0x6B, 0x6D, 0x6B,
    0x6D, 0x6B, 0x6D, 0x6B, 0x6D, 0x6B, 0x6D, 0x6B, 0x6D, 0x6B, 0x6D, 0x6B, 0x6D, 0x6B, 0x6D, 0x6B,
    0x6D, 0x6B, 0x6D, 0x6B, 0x6D, 0x6B, 0x6D, 0x6B, 0x6D, 0x6B, 0x6D, 0x6B, 0x6D, 0x6B, 0x6D, 0x6B,
    0x6D, 0x6B, 0x6D, 0x6B, 0x6D, 0x6B, 0x6D, 0x6B, 0x6D, 0x6B, 0x6D, 0x6B, 0x6D, 0x6B, 0x6D, 0x6B,
    0x6D, 0x6B, 0x6D, 0x6B, 0x6D, 0x6B, 0x6D, 0x6B, 0x6D, 0x6B, 0x6D, 0x6B, 0x6D, 0x6B, 0x6D, 0x6B,
    0x6D, 0x6B, 0x6D, 0x6B, 0x6D, 0x6B, 0x6D, 0x6B, 0x6D, 0x6B, 0x6D, 0x6B, 0x6D, 0x6B, 0x6D, 0x6B,
    0x6D, 0x6B, 0x6D, 0x6B, 0x6D, 0x6B, 0x6D, 0x6B, 0x6D, 0x6B, 0x6D, 0x6B, 0x6D, 0x6B, 0x6D, 0x6B,
    0x6D, 0x6B, 0x6D, 0x6B, 0x6D, 0x6B, 0x6D, 0x6B, 0x6D, 0x6B, 0x6D, 0x6B, 0x6D, 0x6B, 0x6D, 0x6B,
    0x6D, 0x6B, 0x6D, 0x6B, 0x6D, 0x6B, 0x6D, 0x6B, 0x6D, 0x6B, 0x6D, 0x6B, 0x6D, 0x6B, 0x6D, 0x6B,
    0x4D, 0x6B, 0x6D, 0x6B, 0x6D, 0x6B, 0x6D, 0x6B, 0x6D, 0x6B, 0x6D, 0x63, 0x6D, 0x6B, 0x2C, 0x63,
    0x89, 0x52, 0x69, 0x52, 0x69, 0x52, 0x69, 0x52, 0x69, 0x52, 0x69, 0x52, 0x69, 0x52, 0x69, 0x52,
    0x69, 0x52, 0x69, 0x52, 0x69, 0x52, 0x69, 0x52, 0x69, 0x52, 0x69, 0x52, 0x69, 0x52, 0x69, 0x52,
    0x69, 0x52, 0x69, 0x52, 0x69, 0x52, 0x69, 0x52, 0x69, 0x52, 0x69, 0x52, 0x69, 0x52, 0x69, 0x52,
    0x69, 0x52, 0x69, 0x52, 0x69, 0x52, 0x69, 0x52, 0x69, 0x52, 0x69, 0x5A, 0x69, 0x5A, 0x69, 0x5A,
    0x69, 0x5A, 0x89, 0x5A, 0x89, 0x5A, 0x8A, 0x5A, 0x8A, 0x5A, 0x8A, 0x5A, 0xAA, 0x5A, 0xAA, 0x5A,
    0xAA, 0x62, 0xAA, 0x62, 0xCA, 0x62, 0xCA, 0x6A, 0xEA, 0x6A, 0x0B, 0x73, 0x0B, 0x73, 0x4B, 0x83,
    0x8C, 0x8B, 0x2F, 0x9C, 0xD1, 0xB4, 0x53, 0xBD, 0x94, 0xC5, 0xB5, 0xC5, 0xB5, 0xC5, 0xB5, 0xC5,
    0xB5, 0xC5, 0xB5, 0xC5, 0x94, 0xC5, 0x94, 0xC5, 0x74, 0xC5, 0x54, 0xBD, 0x33, 0xBD, 0x13, 0xB5,
    0xF2, 0xB4, 0xD2, 0xAC, 0xD1, 0xAC, 0xB1, 0xA4, 0x90, 0xA4, 0x70, 0xA4, 0x70, 0x9C, 0x50, 0x9C,
    0x2F, 0x9C, 0x0F, 0x94, 0xEF, 0x93, 0xEE, 0x93, 0xEE, 0x93, 0xEE, 0x8B, 0xCE, 0x8B, 0xAD, 0x8B,
    0xCE, 0x93, 0x2F, 0x9C, 0x90, 0xA4, 0xF2, 0xB4, 0x53, 0xBD, 0x94, 0xC5, 0x94, 0xC5, 0x94, 0xC5,
    0x94, 0xC5, 0x94, 0xC5, 0x94, 0xC5, 0x94, 0xC5, 0x94, 0xC5, 0x94, 0xC5, 0x94, 0xC5, 0x94, 0xC5,
    0x74, 0xC5, 0x74, 0xBD, 0x74, 0xBD, 0x53, 0xBD, 0x33, 0xBD, 0x33, 0xB5, 0x12, 0xB5, 0xF2, 0xAC,
    0xD1, 0xAC, 0xB1, 0xAC, 0x90, 0xA4, 0x70, 0xA4, 0x50, 0x9C, 0x4F, 0x9C, 0x4F, 0x9C, 0x4F, 0x9C,
    0x2F, 0x9C, 0x2F, 0x9C, 0x2F, 0x9C, 0x2E, 0x94, 0x2E, 0x94, 0x2E, 0x94, 0x2E, 0x94, 0x2F, 0x94,
    0x2F, 0x9C, 0x0F, 0x9C, 0x0F, 0x9C, 0x2F, 0x9C, 0x2F, 0x9C, 0x2F, 0x9C, 0x4F, 0x9C, 0x4F, 0xA4,
    0x70, 0xA4, 0x70, 0xA4, 0xB1, 0xAC, 0xD1, 0xB4, 0xF2, 0xB4, 0x12, 0xBD, 0x33, 0xBD, 0x33, 0xBD,
    0x33, 0xBD, 0x53, 0xC5, 0x53, 0xC5, 0x74, 0xC5, 0x94, 0xC5, 0x94, 0xC5, 0xB4, 0xCD, 0xB4, 0xCD,
    0xB5, 0xCD, 0xB5, 0xCD, 0xD5, 0xCD, 0xD5, 0xCD, 0xD5, 0xCD, 0xD5, 0xCD, 0xD5, 0xCD, 0xD5, 0xCD,
    0xD5, 0xCD, 0xD5, 0xCD, 0xD5, 0xCD, 0xD5, 0xCD, 0xD5, 0xCD, 0xD5, 0xCD, 0xD5, 0xCD, 0xB5, 0xCD,
    0xB5, 0xCD, 0xB5, 0xC5, 0x95, 0xC5, 0x94, 0xC5, 0x74, 0xC5, 0x74, 0xBD, 0x54, 0xBD, 0x53, 0xBD,
    0x33, 0xBD, 0x12, 0xB5, 0x12, 0xB5, 0xB1, 0xAC, 0xCE, 0x8B, 0x6C, 0x7B, 0xB1, 0x9C, 0xB6, 0xB5,
    0x17, 0xC6, 0xB9, 0xD6, 0xB9, 0xD6, 0x78, 0xCE, 0x58, 0xCE, 0xFA, 0xDE, 0x3B, 0xE7, 0xD6, 0xC5,
    0x13, 0xB5, 0x33, 0xB5, 0x33, 0xB5, 0x13, 0xB5, 0x13, 0xB5, 0x13, 0xB5, 0x13, 0xB5, 0x33, 0xB5,
    0x13, 0xB5, 0x33, 0xB5, 0x33, 0xB5, 0x33, 0xB5, 0x33, 0xBD, 0x53, 0xBD, 0x53, 0xBD, 0x53, 0xBD,
    0x53, 0xBD, 0x53, 0xBD, 0x54, 0xBD, 0x74, 0xC5, 0x74, 0xC5, 0x74, 0xC5, 0x94, 0xC5, 0x94, 0xC5,
    0x95, 0xC5, 0xB5, 0xCD, 0xB5, 0xCD, 0xD5, 0xCD, 0xD5, 0xCD, 0xD5, 0xCD, 0xD5, 0xD5, 0xF5, 0xD5,
    0xF5, 0xD5, 0xF6, 0xD5, 0xF6, 0xD5, 0xF6, 0xD5, 0x16, 0xD6, 0x16, 0xDE, 0x16, 0xDE, 0x16, 0xDE,
    0x16, 0xDE, 0x16, 0xDE, 0x16, 0xDE, 0x16, 0xDE, 0x16, 0xDE, 0x16, 0xDE, 0xF6, 0xDD, 0x36, 0xDE,
    0xB4, 0xC5, 0xEE, 0x8B, 0x8E, 0x7B, 0xAE, 0x73, 0x8E, 0x73, 0x8E, 0x73, 0x8D, 0x73, 0x8D, 0x73,
    0x8D, 0x73, 0x6D, 0x73, 0x6D, 0x6B, 0x6D, 0x6B, 0x6D, 0x6B, 0x6D, 0x6B, 0x6D, 0x6B, 0x6D, 0x6B,
    0x6D, 0x6B, 0x6D, 0x6B, 0x6D, 0x6B, 0x6D, 0x6B, 0x6D, 0x6B, 0x6D, 0x6B, 0x6D, 0x6B, 0x6D, 0x6B,
    0x6D, 0x6B, 0x6D, 0x6B, 0x6D, 0x6B, 0x6D, 0x6B, 0x6D, 0x6B, 0x6D, 0x6B, 0x6D, 0x6B, 0x6D, 0x6B,
    0x6D, 0x6B, 0x6D, 0x6B, 0x6D, 0x6B, 0x6D, 0x6B, 0x6D, 0x6B, 0x6D, 0x6B, 0x6D, 0x6B, 0x6D, 0x6B,
    0x6D, 0x6B, 0x6D, 0x6B, 0x6D, 0x6B, 0x6D, 0x6B, 0x6D, 0x6B, 0x6D, 0x6B, 0x6D, 0x6B, 0x6D, 0x6B,
    0x6D, 0x6B, 0x6D, 0x6B, 0x6D, 0x6B, 0x6D, 0x6B, 0x6D, 0x6B, 0x6D, 0x6B, 0x6D, 0x6B, 0x6D, 0x6B,
    0x6D, 0x6B, 0x6D, 0x6B, 0x6D, 0x6B, 0x6D, 0x6B, 0x6D, 0x6B, 0x6D, 0x6B, 0x6D, 0x6B, 0x6D, 0x6B,
    0x6D, 0x6B, 0x6D, 0x6B, 0x6D, 0x6B, 0x6D, 0x6B, 0x6D, 0x6B, 0x6D, 0x6B, 0x6D, 0x6B, 0x6D, 0x6B,
    0x6D, 0x6B, 0x6D, 0x6B, 0x6D, 0x6B, 0x6D, 0x6B, 0x6D, 0x6B, 0x6D, 0x6B, 0x6D, 0x6B, 0x6D, 0x6B,
    0x4D, 0x6B, 0x4D, 0x6B, 0x6D, 0x6B, 0x6D, 0x6B, 0x4D, 0x6B, 0x6D, 0x6B, 0x2C, 0x63, 0x89, 0x52,
    0x69, 0x4A, 0x69, 0x52, 0x69, 0x52, 0x69, 0x52, 0x69, 0x52, 0x69, 0x52, 0x69, 0x52, 0x69, 0x52,
    0x69, 0x52, 0x69, 0x52, 0x69, 0x52, 0x69, 0x52, 0x69, 0x52, 0x69, 0x52, 0x69, 0x52, 0x69, 0x52,
    0x69, 0x52, 0x69, 0x52, 0x69, 0x52, 0x69, 0x52, 0x69, 0x52, 0x69, 0x52, 0x69, 0x52, 0x69, 0x52,
    0x69, 0x52, 0x69, 0x52, 0x69, 0x52, 0x69, 0x52, 0x69, 0x52, 0x69, 0x5A, 0x69, 0x5A, 0x69, 0x5A,
    0x89, 0x5A, 0x89, 0x5A, 0x89, 0x5A, 0x8A, 0x5A, 0x8A, 0x5A, 0xAA, 0x5A, 0xAA, 0x5A, 0xAA, 0x62,
    0xAA, 0x62, 0xCA, 0x6A, 0xEA, 0x6A, 0xEA, 0x6A, 0x0B, 0x73, 0x0B, 0x73, 0x2B, 0x7B, 0x2B, 0x83,
    0x8C, 0x8B, 0x0E, 0x9C, 0xD1, 0xB4, 0x53, 0xBD, 0x94, 0xC5, 0xB5, 0xC5, 0xB5, 0xC5, 0xB5, 0xCD,
    0xB5, 0xCD, 0xB5, 0xC5, 0x94, 0xC5, 0x94, 0xC5, 0x74, 0xC5, 0x54, 0xBD, 0x33, 0xBD, 0x13, 0xB5,
    0xF2, 0xB4, 0xD2, 0xAC, 0xD1, 0xAC, 0xB1, 0xA4, 0x90, 0xA4, 0x70, 0xA4, 0x70, 0x9C, 0x50, 0x9C,
    0x2F, 0x9C, 0x0F, 0x94, 0x0F, 0x94, 0xEE, 0x93, 0xEE, 0x93, 0xEE, 0x93, 0xEE, 0x8B, 0xCE, 0x8B,
    0xEE, 0x93, 0x2F, 0x9C, 0x91, 0xA4, 0x12, 0xB5, 0x74, 0xBD, 0x94, 0xC5, 0x94, 0xC5, 0x94, 0xC5,
    0x94, 0xC5, 0x94, 0xC5, 0x94, 0xC5, 0x94, 0xC5, 0x94, 0xC5, 0x74, 0xC5, 0x74, 0xC5, 0x74, 0xC5,
    0x74, 0xC5, 0x74, 0xBD, 0x74, 0xBD, 0x74, 0xBD, 0x74, 0xBD, 0x74, 0xBD, 0x53, 0xBD, 0x53, 0xBD,
    0x33, 0xBD, 0x33, 0xB5, 0x12, 0xB5, 0x12, 0xB5, 0x12, 0xB5, 0xF2, 0xB4, 0xD1, 0xAC, 0xD1, 0xAC,
    0xD1, 0xAC, 0xB1, 0xAC, 0xB1, 0xAC, 0x90, 0xA4, 0x90, 0xA4, 0x90, 0xA4, 0x90, 0xA4, 0x90, 0xA4,
    0x90, 0xA4, 0x70, 0xA4, 0x70, 0xA4, 0x90, 0xA4, 0x90, 0xA4, 0xB0, 0xAC, 0xD1, 0xAC, 0xF1, 0xB4,
    0x12, 0xB5, 0x12, 0xBD, 0x53, 0xBD, 0x53, 0xBD, 0x53, 0xBD, 0x53, 0xC5, 0x73, 0xC5, 0x74, 0xC5,
    0x74, 0xC5, 0x94, 0xC5, 0xB4, 0xCD, 0xB4, 0xCD, 0xB5, 0xCD, 0xD5, 0xCD, 0xD5, 0xCD, 0xF5, 0xCD,
    0xF5, 0xCD, 0xF5, 0xCD, 0xF5, 0xCD, 0xD6, 0xD5, 0xF6, 0xD5, 0xF6, 0xD5, 0xD6, 0xCD, 0xD6, 0xCD,
    0xD6, 0xCD, 0xD6, 0xCD, 0xD6, 0xCD, 0xD5, 0xCD, 0xD5, 0xCD, 0xD5, 0xCD, 0xD5, 0xCD, 0xD5, 0xCD,
    0xD5, 0xCD, 0xB5, 0xC5, 0xB5, 0xC5, 0x94, 0xC5, 0x94, 0xC5, 0x74, 0xC5, 0x54, 0xBD, 0x53, 0xBD,
    0x33, 0xBD, 0x12, 0xB5, 0x12, 0xB5, 0xB1, 0xA4, 0xAE, 0x8B, 0x4C, 0x7B, 0x91, 0x9C, 0xB6, 0xB5,
    0x17, 0xC6, 0xB9, 0xD6, 0xB9, 0xD6, 0x78, 0xCE, 0x58, 0xCE, 0xDA, 0xDE, 0x3B, 0xE7, 0xD6, 0xC5,
    0x13, 0xB5, 0x33, 0xB5, 0x33, 0xB5, 0x33, 0xB5, 0x13, 0xB5, 0x13, 0xB5, 0x13, 0xB5, 0x33, 0xB5,
    0x33, 0xB5, 0x33, 0xBD, 0x33, 0xBD, 0x33, 0xB5, 0x33, 0xBD, 0x53, 0xBD, 0x53, 0xBD, 0x53, 0xBD,
    0x53, 0xBD, 0x53, 0xBD, 0x54, 0xBD, 0x74, 0xC5, 0x74, 0xC5, 0x74, 0xC5, 0x74, 0xC5, 0x94, 0xC5,
    0x95, 0xC5, 0xB5, 0xCD, 0xB5, 0xCD, 0xD5, 0xCD, 0xD5, 0xCD, 0xD5, 0xCD, 0xD5, 0xD5, 0xF5, 0xD5,
    0xF5, 0xD5, 0xF6, 0xD5, 0xF6, 0xD5, 0x16, 0xD6, 0x16, 0xD6, 0x16, 0xDE, 0x16, 0xDE, 0x16, 0xDE,
    0x16, 0xDE, 0x16, 0xDE, 0x16, 0xDE, 0x16, 0xDE, 0x16, 0xDE, 0x16, 0xDE, 0x16, 0xDE, 0x15, 0xDE,
    0x36, 0xDE, 0xB4, 0xC5, 0xEE, 0x83, 0xAE, 0x73, 0xAF, 0x73, 0xAE, 0x73, 0x8E, 0x73, 0x8D, 0x73,
    0x8D, 0x73, 0x6D, 0x73, 0x6D, 0x73, 0x6D, 0x6B, 0x6D, 0x6B, 0x6D, 0x6B, 0x6D, 0x6B, 0x6D, 0x6B,
    0x6D, 0x6B, 0x6D, 0x6B, 0x6D, 0x6B, 0x6D, 0x6B, 0x6D, 0x6B, 0x6D, 0x6B, 0x6D, 0x6B, 0x6D, 0x6B,
    0x6D, 0x6B, 0x6D, 0x6B, 0x6D, 0x6B, 0x6D, 0x6B, 0x6D, 0x6B, 0x6D, 0x6B, 0x6D, 0x6B, 0x6D, 0x6B,
    0x6D, 0x6B, 0x6D, 0x6B, 0x6D, 0x6B, 0x6D, 0x6B, 0x6D, 0x6B, 0x6D, 0x6B, 0x6D, 0x6B, 0x6D, 0x6B,
    0x6D, 0x6B, 0x6D, 0x6B, 0x6D, 0x6B, 0x6D, 0x6B, 0x6D, 0x6B, 0x6D, 0x6B, 0x6D, 0x6B, 0x6D, 0x6B,
    0x6D, 0x6B, 0x6D, 0x6B, 0x6D, 0x6B, 0x6D, 0x6B, 0x6D, 0x6B, 0x6D, 0x6B, 0x6D, 0x6B, 0x6D, 0x6B,
    0x6D, 0x6B, 0x6D, 0x6B, 0x6D, 0x6B, 0x6D, 0x6B, 0x6D, 0x6B, 0x6D, 0x6B, 0x6D, 0x6B, 0x6D, 0x6B,
    0x6D, 0x6B, 0x6D, 0x6B, 0x6D, 0x6B, 0x6D, 0x6B, 0x6D, 0x6B, 0x6D, 0x6B, 0x6D, 0x6B, 0x6D, 0x6B,
    0x6D, 0x6B, 0x6D, 0x6B, 0x6D, 0x6B, 0x4D, 0x6B, 0x4D, 0x6B, 0x4D, 0x6B, 0x4D, 0x6B, 0x4D, 0x6B,
    0x4D, 0x6B, 0x4D, 0x6B, 0x4D, 0x6B, 0x4D, 0x6B, 0x4D, 0x6B, 0x0B, 0x63, 0x69, 0x52, 0x69, 0x4A,
    0x69, 0x52, 0x69, 0x4A, 0x69, 0x52, 0x69, 0x52, 0x69, 0x52, 0x69, 0x52, 0x69, 0x52, 0x69, 0x52,
    0x69, 0x52, 0x69, 0x52, 0x69, 0x52, 0x69, 0x52, 0x69, 0x52, 0x69, 0x52, 0x69, 0x52, 0x69, 0x52,
    0x69, 0x52, 0x69, 0x52, 0x69, 0x52, 0x69, 0x52, 0x69, 0x52, 0x69, 0x52, 0x69, 0x52, 0x69, 0x52,
    0x69, 0x52, 0x69, 0x52, 0x69, 0x52, 0x69, 0x5A, 0x69, 0x5A, 0x69, 0x5A, 0x69, 0x5A, 0x69, 0x5A,
    0x89, 0x5A, 0x89, 0x5A, 0x8A, 0x5A, 0x8A, 0x5A, 0xAA, 0x5A, 0xAA, 0x5A, 0xAA, 0x62, 0xCA, 0x62,
    0xEA, 0x6A, 0x0B, 0x6B, 0x0B, 0x73, 0x2B, 0x73, 0x2B, 0x7B, 0x2C, 0x7B, 0x4C, 0x7B, 0x4C, 0x83,
    0x8C, 0x8B, 0x0E, 0x9C, 0xB1, 0xAC, 0x33, 0xBD, 0x94, 0xC5, 0xB4, 0xC5, 0xB5, 0xC5, 0xB5, 0xCD,
    0xB5, 0xCD, 0xB5, 0xCD, 0xB5, 0xC5, 0x94, 0xC5, 0x74, 0xC5, 0x54, 0xBD, 0x33, 0xBD, 0x13, 0xB5,
    0xF2, 0xB4, 0xD2, 0xAC, 0xD1, 0xAC, 0xB1, 0xA4, 0x91, 0xA4, 0x90, 0xA4, 0x70, 0xA4, 0x70, 0x9C,
    0x50, 0x9C, 0x2F, 0x9C, 0x0F, 0x94, 0x0F, 0x94, 0xEE, 0x93, 0xEE, 0x93, 0xEE, 0x8B, 0xCE, 0x93,
    0xEE, 0x93, 0x2F, 0x9C, 0xB1, 0xAC, 0x12, 0xB5, 0x53, 0xBD, 0x74, 0xC5, 0x94, 0xC5, 0x74, 0xC5,
    0x74, 0xC5, 0x74, 0xC5, 0x74, 0xC5, 0x74, 0xC5, 0x74, 0xC5, 0x74, 0xBD, 0x74, 0xBD, 0x74, 0xBD,
    0x74, 0xBD, 0x74, 0xBD, 0x74, 0xBD, 0x73, 0xBD, 0x74, 0xBD, 0x74, 0xBD, 0x73, 0xBD, 0x73, 0xBD,
    0x53, 0xBD, 0x53, 0xBD, 0x53, 0xBD, 0x33, 0xBD, 0x33, 0xB5, 0x12, 0xB5, 0xF2, 0xB4, 0xF2, 0xB4,
    0xD1, 0xAC, 0xD1, 0xAC, 0xB1, 0xAC, 0xB1, 0xAC, 0xB1, 0xAC, 0xD1, 0xAC, 0xB1, 0xAC, 0xD1, 0xAC,
    0xD1, 0xAC, 0xD1, 0xB4, 0xF1, 0xB4, 0xF2, 0xB4, 0x12, 0xB5, 0x33, 0xBD, 0x33, 0xBD, 0x53, 0xBD,
    0x53, 0xC5, 0x53, 0xC5, 0x74, 0xC5, 0x74, 0xC5, 0x74, 0xC5, 0x94, 0xC5, 0x94, 0xCD, 0xB4, 0xCD,
    0xB5, 0xCD, 0xD5, 0xCD, 0xD5, 0xCD, 0xD5, 0xD5, 0xF5, 0xD5, 0xF5, 0xD5, 0xF5, 0xD5, 0xF6, 0xD5,
    0xF6, 0xD5, 0xF6, 0xD5, 0xF6, 0xD5, 0xF6, 0xD5, 0xF6, 0xD5, 0xF6, 0xD5, 0xF6, 0xD5, 0xF6, 0xD5,
    0xF6, 0xD5, 0xF6, 0xD5, 0xF6, 0xD5, 0xF6, 0xD5, 0xD6, 0xCD, 0xF6, 0xCD, 0xD5, 0xCD, 0xD5, 0xCD,
    0xD5, 0xCD, 0xB5, 0xCD, 0xB5, 0xCD, 0x94, 0xC5, 0x94, 0xC5, 0x74, 0xC5, 0x74, 0xBD, 0x53, 0xBD,
    0x33, 0xBD, 0x12, 0xB5, 0x12, 0xB5, 0xB1, 0xA4, 0xAD, 0x8B, 0x4C, 0x7B, 0x91, 0x9C, 0xB5, 0xB5,
    0x17, 0xC6, 0xB9, 0xD6, 0xD9, 0xD6, 0x78, 0xCE, 0x58, 0xCE, 0xDA, 0xDE, 0x3B, 0xEF, 0xF6, 0xC5,
    0x13, 0xB5, 0x33, 0xBD, 0x33, 0xB5, 0x33, 0xB5, 0x33, 0xB5, 0x13, 0xB5, 0x13, 0xB5, 0x33, 0xB5,
    0x33, 0xB5, 0x33, 0xB5, 0x33, 0xB5, 0x33, 0xB5, 0x33, 0xBD, 0x33, 0xBD, 0x33, 0xBD, 0x53, 0xBD,
    0x53, 0xBD, 0x53, 0xBD, 0x54, 0xBD, 0x54, 0xBD, 0x74, 0xC5, 0x74, 0xC5, 0x74, 0xC5, 0x94, 0xC5,
    0x94, 0xC5, 0xB5, 0xCD, 0xB5, 0xCD, 0xD5, 0xCD, 0xD5, 0xCD, 0xD5, 0xCD, 0xF5, 0xD5, 0xF5, 0xD5,
    0xF6, 0xD5, 0xF6, 0xD5, 0xF6, 0xD5, 0x16, 0xD6, 0x16, 0xDE, 0x16, 0xDE, 0x16, 0xDE, 0x16, 0xDE,
    0x16, 0xDE, 0x16, 0xDE, 0x16, 0xDE, 0x16, 0xDE, 0x16, 0xDE, 0x16, 0xDE, 0x16, 0xDE, 0x16, 0xDE,
    0xF6, 0xDD, 0x37, 0xDE, 0xB5, 0xC5, 0xCE, 0x83, 0xAE, 0x73, 0xAE, 0x73, 0x8E, 0x73, 0x8E, 0x73,
    0x8D, 0x73, 0x8D, 0x73, 0x8D, 0x73, 0x8D, 0x73, 0x6D, 0x6B, 0x6D, 0x6B, 0x6D, 0x6B, 0x6D, 0x6B,
    0x6D, 0x6B, 0x6D, 0x6B, 0x6D, 0x6B, 0x6D, 0x6B, 0x6D, 0x6B, 0x6D, 0x6B, 0x6D, 0x6B, 0x6D, 0x6B,
    0x6D, 0x6B, 0x6D, 0x6B, 0x6D, 0x6B, 0x6D, 0x6B, 0x6D, 0x6B, 0x6D, 0x6B, 0x6D, 0x6B, 0x6D, 0x6B,
    0x6D, 0x6B, 0x6D, 0x6B, 0x6D, 0x6B, 0x6D, 0x6B, 0x6D, 0x6B, 0x6D, 0x6B, 0x6D, 0x6B, 0x6D, 0x6B,
    0x6D, 0x6B, 0x6D, 0x6B, 0x6D, 0x6B, 0x6D, 0x6B, 0x6D, 0x6B, 0x6D, 0x6B, 0x6D, 0x6B, 0x6D, 0x6B,
    0x6D, 0x6B, 0x6D, 0x6B, 0x6D, 0x6B, 0x6D, 0x6B, 0x6D, 0x6B, 0x6D, 0x6B, 0x6D, 0x6B, 0x6D, 0x6B,
    0x6D, 0x6B, 0x6D, 0x6B, 0x6D, 0x6B, 0x6D, 0x6B, 0x6D, 0x6B, 0x6D, 0x6B, 0x6D, 0x6B, 0x6D, 0x6B,
    0x6D, 0x6B, 0x6D, 0x6B, 0x6D, 0x6B, 0x6D, 0x6B, 0x6D, 0x6B, 0x6D, 0x6B, 0x6D, 0x6B, 0x6D, 0x6B,
    0x6D, 0x6B, 0x6D, 0x6B, 0x4D, 0x6B, 0x4D, 0x6B, 0x4D, 0x6B, 0x4D, 0x6B, 0x4D, 0x6B, 0x4D, 0x6B,
    0x6D, 0x6B, 0x4D, 0x6B, 0x4D, 0x6B, 0x4D, 0x6B, 0xEB, 0x5A, 0x69, 0x52, 0x69, 0x52, 0x69, 0x52,
    0x69, 0x52, 0x69, 0x52, 0x69, 0x52, 0x69, 0x52, 0x69, 0x52, 0x69, 0x52, 0x69, 0x52, 0x69, 0x52,
    0x69, 0x52, 0x69, 0x52, 0x69, 0x52, 0x69, 0x52, 0x69, 0x52, 0x69, 0x52, 0x69, 0x52, 0x69, 0x52,
    0x69, 0x52, 0x69, 0x52, 0x69, 0x52, 0x69, 0x52, 0x69, 0x52, 0x69, 0x52, 0x69, 0x52, 0x69, 0x52,
    0x69, 0x52, 0x69, 0x52, 0x69, 0x52, 0x69, 0x5A, 0x69, 0x5A, 0x69, 0x5A, 0x69, 0x5A, 0x89, 0x5A,
    0x89, 0x5A, 0x89, 0x5A, 0x8A, 0x5A, 0xAA, 0x5A, 0xAA, 0x62, 0xCA, 0x6A, 0xEB, 0x6A, 0x0B, 0x73,
    0x2B, 0x73, 0x2B, 0x73, 0x4B, 0x7B, 0x4C, 0x7B, 0x4C, 0x7B, 0x4C, 0x83, 0x6C, 0x83, 0x6C, 0x83,
    0x8C, 0x8B, 0xEE, 0x9B, 0x90, 0xAC, 0x33, 0xBD, 0x94, 0xC5, 0xB4, 0xC5, 0xB5, 0xC5, 0xB5, 0xCD,
    0xB5, 0xCD, 0xB5, 0xCD, 0xB5, 0xC5, 0x94, 0xC5, 0x74, 0xC5, 0x53, 0xBD, 0x33, 0xBD, 0x13, 0xB5,
    0xF2, 0xB4, 0xF2, 0xAC, 0xD1, 0xAC, 0xB1, 0xAC, 0x91, 0xA4, 0x90, 0xA4, 0x70, 0xA4, 0x70, 0x9C,
    0x50, 0x9C, 0x2F, 0x9C, 0x2F, 0x9C, 0x0F, 0x94, 0xEE, 0x93, 0xEE, 0x93, 0xEE, 0x8B, 0xCE, 0x93,
    0xEE, 0x93, 0x2F, 0x9C, 0xB1, 0xAC, 0x12, 0xB5, 0x53, 0xBD, 0x74, 0xC5, 0x74, 0xC5, 0x74, 0xC5,
    0x73, 0xBD, 0x53, 0xBD, 0x53, 0xBD, 0x53, 0xBD, 0x53, 0xBD, 0x53, 0xBD, 0x53, 0xBD, 0x53, 0xBD,
    0x53, 0xBD, 0x53, 0xBD, 0x53, 0xBD, 0x53, 0xBD, 0x53, 0xBD, 0x53, 0xBD, 0x53, 0xBD, 0x53, 0xBD,
    0x53, 0xBD, 0x33, 0xBD, 0x33, 0xBD, 0x12, 0xB5, 0x12, 0xB5, 0xF2, 0xB4, 0xF2, 0xB4, 0xF2, 0xB4,
    0xF2, 0xB4, 0xD1, 0xB4, 0xD1, 0xB4, 0xF1, 0xB4, 0xF2, 0xB4, 0x12, 0xB5, 0x12, 0xB5, 0x12, 0xBD,
    0x12, 0xBD, 0x32, 0xBD, 0x33, 0xBD, 0x53, 0xBD, 0x53, 0xC5, 0x73, 0xC5, 0x73, 0xC5, 0x73, 0xC5,
    0x74, 0xC5, 0x94, 0xC5, 0x94, 0xCD, 0xB4, 0xCD, 0xB5, 0xCD, 0xB5, 0xCD, 0xD5, 0xCD, 0xD5, 0xCD,
    0xD5, 0xD5, 0xF5, 0xD5, 0xF6, 0xD5, 0xF6, 0xD5, 0xF6, 0xD5, 0xF6, 0xD5, 0x16, 0xD6, 0x16, 0xD6,
    0x16, 0xD6, 0x16, 0xD6, 0x16, 0xD6, 0x16, 0xD6, 0x16, 0xD6, 0x16, 0xD6, 0xF6, 0xD5, 0xF6, 0xD5,
    0xF6, 0xD5, 0xF6, 0xD5, 0xF6, 0xD5, 0xF6, 0xD5, 0xF6, 0xD5, 0xF6, 0xD5, 0xD6, 0xCD, 0xD5, 0xCD,
    0xD5, 0xCD, 0xB5, 0xCD, 0xB5, 0xCD, 0xB5, 0xC5, 0x94, 0xC5, 0x94, 0xC5, 0x74, 0xBD, 0x53, 0xBD,
    0x33, 0xBD, 0x13, 0xB5, 0x12, 0xB5, 0x90, 0xA4, 0xAD, 0x83, 0x4C, 0x7B, 0x71, 0x94, 0x95, 0xB5,
    0x16, 0xC6, 0xB9, 0xD6, 0xD9, 0xDE, 0x78, 0xCE, 0x58, 0xCE, 0xDA, 0xDE, 0x5B, 0xEF, 0xF6, 0xCD,
    0x33, 0xB5, 0x33, 0xBD, 0x33, 0xB5, 0x33, 0xB5, 0x33, 0xB5, 0x13, 0xB5, 0x13, 0xB5, 0x33, 0xB5,
    0x33, 0xB5, 0x33, 0xB5, 0x33, 0xB5, 0x33, 0xB5, 0x33, 0xBD, 0x33, 0xBD, 0x53, 0xBD, 0x53, 0xBD,
    0x53, 0xBD, 0x53, 0xBD, 0x53, 0xBD, 0x54, 0xBD, 0x74, 0xC5, 0x74, 0xC5, 0x74, 0xC5, 0x94, 0xC5,
    0x94, 0xC5, 0xB5, 0xCD, 0xB5, 0xCD, 0xD5, 0xCD, 0xD5, 0xCD, 0xD5, 0xCD, 0xD5, 0xD5, 0xF5, 0xD5,
    0xF6, 0xD5, 0xF6, 0xD5, 0x16, 0xD6, 0x16, 0xD6, 0x16, 0xDE, 0x16, 0xDE, 0x16, 0xDE, 0x16, 0xDE,
    0x16, 0xDE, 0x16, 0xDE, 0x16, 0xDE, 0x16, 0xDE, 0x16, 0xDE, 0x16, 0xDE, 0x16, 0xDE, 0x16, 0xDE,
    0x16, 0xDE, 0x16, 0xDE, 0x37, 0xDE, 0x74, 0xBD, 0xCE, 0x7B, 0xAE, 0x73, 0xAE, 0x73, 0x8E, 0x73,
    0x8E, 0x73, 0x8D, 0x73, 0x8D, 0x73, 0x8D, 0x73, 0x6D, 0x6B, 0x8D, 0x6B, 0x8D, 0x6B, 0x6D, 0x6B,
    0x6D, 0x6B, 0x6D, 0x6B, 0x6D, 0x6B, 0x6D, 0x6B, 0x6D, 0x6B, 0x6D, 0x6B, 0x6D, 0x6B, 0x6D, 0x6B,
    0x6D, 0x6B, 0x6D, 0x6B, 0x6D, 0x6B, 0x6D, 0x6B, 0x6D, 0x6B, 0x6D, 0x6B, 0x6D, 0x6B, 0x6D, 0x6B,
    0x6D, 0x6B, 0x6D, 0x6B, 0x6D, 0x6B, 0x6D, 0x6B, 0x6D, 0x6B, 0x6D, 0x6B, 0x6D, 0x6B, 0x6D, 0x6B,
    0x6D, 0x6B, 0x6D, 0x6B, 0x6D, 0x6B, 0x6D, 0x6B, 0x6D, 0x6B, 0x6D, 0x6B, 0x6D, 0x6B, 0x6D, 0x6B,
    0x6D, 0x6B, 0x6D, 0x6B, 0x6D, 0x6B, 0x6D, 0x6B, 0x6D, 0x6B, 0x6D, 0x6B, 0x6D, 0x6B, 0x6D, 0x6B,
    0x6D, 0x6B, 0x6D, 0x6B, 0x6D, 0x6B, 0x6D, 0x6B, 0x6D, 0x6B, 0x6D, 0x6B, 0x6D, 0x6B, 0x6D, 0x6B,
    0x6D, 0x6B, 0x6D, 0x6B, 0x6D, 0x6B, 0x6D, 0x6B, 0x6D, 0x6B, 0x6D, 0x6B, 0x6D, 0x6B, 0x6D, 0x6B,
    0x6D, 0x6B, 0x6D, 0x6B, 0x4D, 0x6B, 0x6D, 0x6B, 0x6D, 0x6B, 0x6D, 0x6B, 0x6D, 0x6B, 0x6D, 0x6B,
    0x6D, 0x6B, 0x6D, 0x6B, 0x4D, 0x6B, 0xCB, 0x5A, 0x69, 0x52, 0x69, 0x52, 0x69, 0x52, 0x69, 0x52,
    0x69, 0x52, 0x69, 0x52, 0x69, 0x52, 0x69, 0x52, 0x69, 0x52, 0x69, 0x52, 0x69, 0x52, 0x69, 0x52,
    0x69, 0x52, 0x69, 0x52, 0x69, 0x52, 0x69, 0x52, 0x69, 0x52, 0x69, 0x52, 0x69, 0x52, 0x69, 0x52,
    0x69, 0x52, 0x69, 0x52, 0x69, 0x52, 0x69, 0x52, 0x69, 0x52, 0x69, 0x52, 0x69, 0x52, 0x69, 0x52,
    0x69, 0x52, 0x69, 0x52, 0x69, 0x52, 0x69, 0x5A, 0x69, 0x5A, 0x69, 0x5A, 0x89, 0x5A, 0x89, 0x5A,
    0x89, 0x5A, 0x8A, 0x5A, 0xAA, 0x62, 0xCA, 0x62, 0xEB, 0x6A, 0x0B, 0x73, 0x2B, 0x73, 0x2B, 0x7B,
    0x4C, 0x7B, 0x6C, 0x7B, 0x6C, 0x83, 0x6C, 0x83, 0x6C, 0x83, 0x8D, 0x8B, 0x8D, 0x8B, 0x8C, 0x8B,
    0x8C, 0x8B, 0xEE, 0x9B, 0x90, 0xAC, 0x32, 0xBD, 0x94, 0xC5, 0xB4, 0xC5, 0xB5, 0xCD, 0xB5, 0xCD,
    0xB5, 0xCD, 0xB5, 0xCD, 0xB5, 0xC5, 0x94, 0xC5, 0x74, 0xC5, 0x54, 0xBD, 0x33, 0xBD, 0x33, 0xB5,
    0x12, 0xB5, 0xF2, 0xAC, 0xD2, 0xAC, 0xD1, 0xAC, 0xB1, 0xA4, 0x91, 0xA4, 0x90, 0xA4, 0x70, 0xA4,
    0x50, 0x9C, 0x50, 0x9C, 0x2F, 0x9C, 0x0F, 0x94, 0xEE, 0x93, 0xEE, 0x93, 0xEE, 0x8B, 0xCE, 0x93,
    0xCE, 0x93, 0x2F, 0x9C, 0xB1, 0xAC, 0x12, 0xB5, 0x53, 0xBD, 0x53, 0xBD, 0x33, 0xBD, 0x33, 0xBD,
    0x33, 0xBD, 0x33, 0xBD, 0x33, 0xBD, 0x33, 0xBD, 0x33, 0xBD, 0x53, 0xBD, 0x53, 0xBD, 0x53, 0xBD,
    0x53, 0xBD, 0x53, 0xBD, 0x53, 0xBD, 0x53, 0xBD, 0x33, 0xBD, 0x33, 0xBD, 0x33, 0xBD, 0x33, 0xBD,
    0x33, 0xBD, 0x13, 0xB5, 0x12, 0xB5, 0x12, 0xB5, 0x12, 0xB5, 0x12, 0xB5, 0x12, 0xB5, 0x12, 0xB5,
    0x12, 0xBD, 0x12, 0xBD, 0x32, 0xBD, 0x33, 0xBD, 0x33, 0xBD, 0x53, 0xBD, 0x53, 0xBD, 0x53, 0xC5,
    0x73, 0xC5, 0x73, 0xC5, 0x74, 0xC5, 0x74, 0xC5, 0x94, 0xC5, 0x94, 0xCD, 0x94, 0xCD, 0x94, 0xCD,
    0xB4, 0xCD, 0xB4, 0xCD, 0xB5, 0xCD, 0xD5, 0xCD, 0xD5, 0xCD, 0xF5, 0xCD, 0xF5, 0xD5, 0xF6, 0xD5,
    0xF6, 0xD5, 0x16, 0xD6, 0x16, 0xD6, 0x16, 0xD6, 0x16, 0xD6, 0x16, 0xD6, 0x16, 0xD6, 0x16, 0xD6,
    0x16, 0xD6, 0x17, 0xD6, 0x16, 0xD6, 0x16, 0xD6, 0x16, 0xD6, 0x16, 0xD6, 0x16, 0xD6, 0x16, 0xD6,
    0xF6, 0xD5, 0xF6, 0xD5, 0xF6, 0xD5, 0xF6, 0xD5, 0xF6, 0xD5, 0xF6, 0xD5, 0xD6, 0xCD, 0xD5, 0xCD,
    0xD5, 0xCD, 0xB5, 0xCD, 0xB5, 0xCD, 0xB5, 0xC5, 0x94, 0xC5, 0x94, 0xC5, 0x74, 0xBD, 0x54, 0xBD,
    0x33, 0xBD, 0x13, 0xB5, 0x12, 0xB5, 0x70, 0xA4, 0xAD, 0x83, 0x4C, 0x7B, 0x50, 0x94, 0x95, 0xB5,
    0x16, 0xC6, 0xB9, 0xDE, 0xD9, 0xDE, 0x78, 0xCE, 0x58, 0xCE, 0xFA, 0xDE, 0x5B, 0xEF, 0x17, 0xCE,
    0x33, 0xB5, 0x33, 0xBD, 0x33, 0xB5, 0x33, 0xB5, 0x33, 0xB5, 0x33, 0xB5, 0x13, 0xB5, 0x33, 0xB5,
    0x33, 0xB5, 0x33, 0xB5, 0x33, 0xB5, 0x33, 0xB5, 0x33, 0xBD, 0x33, 0xBD, 0x33, 0xBD, 0x53, 0xBD,
    0x53, 0xBD, 0x53, 0xBD, 0x53, 0xBD, 0x54, 0xBD, 0x74, 0xC5, 0x74, 0xC5, 0x74, 0xC5, 0x94, 0xC5,
    0x94, 0xC5, 0xB5, 0xCD, 0xB5, 0xCD, 0xD5, 0xCD, 0xD5, 0xCD, 0xD5, 0xCD, 0xD5, 0xD5, 0xF5, 0xD5,
    0xF6, 0xD5, 0xF6, 0xD5, 0x16, 0xD6, 0xF6, 0xD5, 0x16, 0xD6, 0x16, 0xDE, 0x16, 0xDE, 0x16, 0xDE,
    0x16, 0xDE, 0x16, 0xDE, 0x16, 0xDE, 0x16, 0xDE, 0x16, 0xDE, 0x16, 0xDE, 0x16, 0xDE, 0x16, 0xDE,
    0x16, 0xDE, 0x16, 0xDE, 0x15, 0xDE, 0x37, 0xDE, 0x33, 0xB5, 0xAE, 0x7B, 0xAE, 0x7B, 0xAE, 0x73,
    0x8E, 0x73, 0x8E, 0x73, 0x8E, 0x73, 0x8D, 0x73, 0x8D, 0x73, 0x8D, 0x6B, 0x8D, 0x6B, 0x6D, 0x6B,
    0x6D, 0x6B, 0x6D, 0x6B, 0x6D, 0x6B, 0x6D, 0x6B, 0x6D, 0x6B, 0x6D, 0x6B, 0x6D, 0x6B, 0x6D, 0x6B,
    0x6D, 0x6B, 0x6D, 0x6B, 0x6D, 0x6B, 0x6D, 0x6B, 0x6D, 0x6B, 0x6D, 0x6B, 0x6D, 0x6B, 0x6D, 0x6B,
    0x6D, 0x6B, 0x6D, 0x6B, 0x6D, 0x6B, 0x6D, 0x6B, 0x6D, 0x6B, 0x6D, 0x6B, 0x6D, 0x6B, 0x6D, 0x6B,
    0x6D, 0x6B, 0x6D, 0x6B, 0x6D, 0x6B, 0x6D, 0x6B, 0x6D, 0x6B, 0x6D, 0x6B, 0x6D, 0x6B, 0x6D, 0x6B,
    0x6D, 0x6B, 0x6D, 0x6B, 0x6D, 0x6B, 0x6D, 0x6B, 0x6D, 0x6B, 0x6D, 0x6B, 0x6D, 0x6B, 0x6D, 0x6B,
    0x6D, 0x6B, 0x6D, 0x6B, 0x6D, 0x6B, 0x6D, 0x6B, 0x6D, 0x6B, 0x6D, 0x6B, 0x6D, 0x6B, 0x6D, 0x6B,
    0x6D, 0x6B, 0x6D, 0x6B, 0x6D, 0x6B, 0x6D, 0x6B, 0x6D, 0x6B, 0x6D, 0x6B, 0x6D, 0x6B, 0x6D, 0x6B,
    0x6D, 0x6B, 0x6D, 0x6B, 0x6D, 0x6B, 0x4D, 0x6B, 0x4D, 0x6B, 0x4D, 0x6B, 0x4D, 0x6B, 0x4D, 0x6B,
    0x6D, 0x6B, 0x2C, 0x6B, 0xAA, 0x52, 0x69, 0x4A, 0x69, 0x52, 0x69, 0x52, 0x69, 0x52, 0x69, 0x52,
    0x69, 0x52, 0x69, 0x52, 0x69, 0x52, 0x69, 0x52, 0x69, 0x52, 0x69, 0x52, 0x69, 0x52, 0x69, 0x52,
    0x69, 0x52, 0x69, 0x52, 0x69, 0x52, 0x69, 0x52, 0x69, 0x52, 0x69, 0x52, 0x69, 0x52, 0x69, 0x52,
    0x69, 0x52, 0x69, 0x52, 0x69, 0x52, 0x69, 0x52, 0x69, 0x52, 0x69, 0x52, 0x69, 0x52, 0x69, 0x52,
    0x69, 0x52, 0x69, 0x52, 0x69, 0x5A, 0x69, 0x5A, 0x89, 0x5A, 0x89, 0x5A, 0x8A, 0x5A, 0xAA, 0x5A,
    0xAA, 0x62, 0xCA, 0x62, 0xEB, 0x6A, 0x0B, 0x73, 0x2B, 0x73, 0x4C, 0x7B, 0x4C, 0x7B, 0x6C, 0x83,
    0x8C, 0x83, 0x8C, 0x83, 0xAD, 0x83, 0xAD, 0x8B, 0xCD, 0x8B, 0xCE, 0x93, 0xCD, 0x93, 0xAD, 0x93,
    0xAD, 0x93, 0xEE, 0x9B, 0x70, 0xAC, 0x12, 0xBD, 0x74, 0xC5, 0xB4, 0xCD, 0xB5, 0xCD, 0xD5, 0xCD,
    0xD5, 0xCD, 0xB5, 0xCD, 0xB5, 0xCD, 0xB5, 0xC5, 0x94, 0xC5, 0x74, 0xBD, 0x53, 0xBD, 0x33, 0xB5,
    0x33, 0xB5, 0x12, 0xB5, 0xF2, 0xAC, 0xD2, 0xAC, 0xB1, 0xAC, 0xB1, 0xA4, 0x91, 0xA4, 0x70, 0xA4,
    0x70, 0xA4, 0x50, 0x9C, 0x2F, 0x9C, 0x0F, 0x94, 0xEE, 0x93, 0xEE, 0x93, 0xEE, 0x93, 0xCE, 0x93,
    0xEE, 0x93, 0x4F, 0x9C, 0xD1, 0xAC, 0x12, 0xB5, 0x32, 0xBD, 0x32, 0xBD, 0x12, 0xB5, 0xF2, 0xB4,
    0xF2, 0xB4, 0xF2, 0xB4, 0xF2, 0xB4, 0x12, 0xB5, 0x12, 0xBD, 0x32, 0xBD, 0x33, 0xBD, 0x53, 0xBD,
    0x53, 0xBD, 0x53, 0xBD, 0x53, 0xBD, 0x53, 0xBD, 0x33, 0xBD, 0x33, 0xBD, 0x33, 0xBD, 0x33, 0xBD,
    0x33, 0xBD, 0x33, 0xBD, 0x33, 0xBD, 0x33, 0xBD, 0x33, 0xBD, 0x53, 0xBD, 0x53, 0xBD, 0x53, 0xBD,
    0x53, 0xC5, 0x53, 0xC5, 0x53, 0xC5, 0x73, 0xC5, 0x74, 0xC5, 0x74, 0xC5, 0x74, 0xC5, 0x94, 0xC5,
    0x94, 0xCD, 0x94, 0xCD, 0xB4, 0xCD, 0xB4, 0xCD, 0xB5, 0xCD, 0xB5, 0xCD, 0xD5, 0xCD, 0xD5, 0xCD,
    0xD5, 0xCD, 0xD5, 0xCD, 0xF5, 0xD5, 0xF6, 0xD5, 0x16, 0xD6, 0x16, 0xD6, 0x16, 0xD6, 0x16, 0xD6,
    0x16, 0xD6, 0x16, 0xD6, 0x16, 0xD6, 0x36, 0xD6, 0x36, 0xD6, 0x36, 0xD6, 0x36, 0xD6, 0x36, 0xD6,
    0x37, 0xD6, 0x37, 0xD6, 0x16, 0xD6, 0x16, 0xD6, 0x16, 0xD6, 0x16, 0xD6, 0x16, 0xD6, 0x16, 0xD6,
    0x16, 0xD6, 0xF6, 0xD5, 0xF6, 0xD5, 0xF6, 0xD5, 0xF6, 0xD5, 0xF6, 0xD5, 0xD6, 0xCD, 0xD5, 0xCD,
    0xD5, 0xCD, 0xB5, 0xCD, 0xB5, 0xCD, 0xB5, 0xC5, 0x94, 0xC5, 0x94, 0xC5, 0x74, 0xBD, 0x54, 0xBD,
    0x33, 0xBD, 0x33, 0xB5, 0x13, 0xB5, 0x70, 0x9C, 0x8D, 0x83, 0x4B, 0x7B, 0x50, 0x94, 0x95, 0xB5,
    0x16, 0xC6, 0xB9, 0xDE, 0xDA, 0xDE, 0x78, 0xCE, 0x58, 0xCE, 0xFA, 0xDE, 0x5B, 0xEF, 0x17, 0xCE,
    0x33, 0xB5, 0x53, 0xBD, 0x33, 0xB5, 0x33, 0xB5, 0x33, 0xB5, 0x33, 0xB5, 0x33, 0xB5, 0x33, 0xB5,
    0x33, 0xB5, 0x33, 0xB5, 0x33, 0xB5, 0x33, 0xB5, 0x33, 0xB5, 0x33, 0xBD, 0x33, 0xBD, 0x53, 0xBD,
    0x53, 0xBD, 0x53, 0xBD, 0x54, 0xBD, 0x74, 0xBD, 0x74, 0xC5, 0x74, 0xC5, 0x74, 0xC5, 0x94, 0xC5,
    0x94, 0xC5, 0xB5, 0xCD, 0xB5, 0xCD, 0xB5, 0xCD, 0xD5, 0xCD, 0xD5, 0xCD, 0xD5, 0xD5, 0xF5, 0xD5,
    0xF6, 0xD5, 0xF6, 0xD5, 0x16, 0xD6, 0x16, 0xD6, 0x16, 0xDE, 0x16, 0xDE, 0x16, 0xDE, 0x16, 0xDE,
    0x16, 0xDE, 0x16, 0xDE, 0x16, 0xDE, 0x16, 0xDE, 0x16, 0xDE, 0x16, 0xDE, 0x16, 0xDE, 0x16, 0xDE,
    0x16, 0xDE, 0x16, 0xDE, 0x15, 0xDE, 0x16, 0xDE, 0x57, 0xDE, 0xF2, 0xAC, 0x8D, 0x73, 0xAE, 0x73,
    0xAE, 0x73, 0x8E, 0x73, 0x8D, 0x73, 0x8D, 0x73, 0x8D, 0x73, 0x8D, 0x6B, 0x8D, 0x6B, 0x8D, 0x6B,
    0x6D, 0x6B, 0x6D, 0x6B, 0x6D, 0x6B, 0x6D, 0x6B, 0x6D, 0x6B, 0x6D, 0x6B, 0x6D, 0x6B, 0x6D, 0x6B,
    0x6D, 0x6B, 0x6D, 0x6B, 0x6D, 0x6B, 0x6D, 0x6B, 0x6D, 0x6B, 0x6D, 0x6B, 0x6D, 0x6B, 0x6D, 0x6B,
    0x6D, 0x6B, 0x6D, 0x6B, 0x6D, 0x6B, 0x6D, 0x6B, 0x6D, 0x6B, 0x6D, 0x6B, 0x6D, 0x6B, 0x6D, 0x6B,
    0x6D, 0x6B, 0x6D, 0x6B, 0x6D, 0x6B, 0x6D, 0x6B, 0x6D, 0x6B, 0x6D, 0x6B, 0x6D, 0x6B, 0x6D, 0x6B,
    0x6D, 0x6B, 0x6D, 0x6B, 0x6D, 0x6B, 0x6D, 0x6B, 0x6D, 0x6B, 0x6D, 0x6B, 0x6D, 0x6B, 0x6D, 0x6B,
    0x6D, 0x6B, 0x6D, 0x6B, 0x6D, 0x6B, 0x6D, 0x6B, 0x6D, 0x6B, 0x6D, 0x6B, 0x6D, 0x6B, 0x6D, 0x6B,
    0x6D, 0x6B, 0x6D, 0x6B, 0x6D, 0x6B, 0x6D, 0x6B, 0x6D, 0x6B, 0x6D, 0x6B, 0x6D, 0x6B, 0x6D, 0x6B,
    0x6D, 0x6B, 0x6D, 0x6B, 0x6D, 0x6B, 0x6D, 0x6B, 0x6D, 0x6B, 0x6D, 0x6B, 0x6D, 0x6B, 0x6D, 0x6B,
    0x0B, 0x63, 0x69, 0x52, 0x49, 0x4A, 0x69, 0x52, 0x69, 0x52, 0x69, 0x52, 0x69, 0x52, 0x69, 0x52,
    0x69, 0x52, 0x69, 0x52, 0x69, 0x52, 0x69, 0x52, 0x69, 0x52, 0x69, 0x52, 0x69, 0x52, 0x69, 0x52,
    0x69, 0x52, 0x69, 0x52, 0x69, 0x52, 0x69, 0x52, 0x69, 0x52, 0x69, 0x52, 0x69, 0x52, 0x69, 0x52,
    0x69, 0x52, 0x69, 0x52, 0x69, 0x52, 0x69, 0x52, 0x69, 0x52, 0x69, 0x52, 0x69, 0x5A, 0x69, 0x5A,
    0x69, 0x5A, 0x69, 0x5A, 0x69, 0x5A, 0x69, 0x5A, 0x8A, 0x5A, 0xAA, 0x62, 0xCA, 0x62, 0xEB, 0x6A,
    0xEB, 0x6A, 0x0B, 0x73, 0x2B, 0x73, 0x4C, 0x7B, 0x4C, 0x7B, 0x6C, 0x83, 0x8C, 0x83, 0x8C, 0x83,
    0xAD, 0x8B, 0xAD, 0x8B, 0xCD, 0x8B, 0xEE, 0x93, 0xEE, 0x93, 0xEE, 0x93, 0xEE, 0x9B, 0xEE, 0x9B,
    0xEE, 0x9B, 0x0E, 0x9C, 0x70, 0xAC, 0x12, 0xBD, 0x74, 0xC5, 0xB4, 0xCD, 0xB5, 0xCD, 0xD5, 0xCD,
    0xD5, 0xCD, 0xD5, 0xCD, 0xD5, 0xCD, 0xB5, 0xCD, 0xB5, 0xC5, 0x94, 0xC5, 0x53, 0xBD, 0x33, 0xBD,
    0x33, 0xB5, 0x13, 0xB5, 0x12, 0xB5, 0xF2, 0xAC, 0xD1, 0xAC, 0xB1, 0xAC, 0xB1, 0xA4, 0x91, 0xA4,
    0x70, 0xA4, 0x50, 0x9C, 0x2F, 0x9C, 0x0F, 0x94, 0xEE, 0x93, 0xEE, 0x93, 0xCE, 0x93, 0xCD, 0x93,
    0xEE, 0x93, 0x4F, 0xA4, 0xD1, 0xAC, 0x12, 0xB5, 0x12, 0xB5, 0xF1, 0xB4, 0xB1, 0xAC, 0xB0, 0xAC,
    0x90, 0xAC, 0xB0, 0xAC, 0xB0, 0xAC, 0xD1, 0xB4, 0xF1, 0xB4, 0x12, 0xBD, 0x33, 0xBD, 0x33, 0xBD,
    0x53, 0xBD, 0x73, 0xBD, 0x73, 0xC5, 0x73, 0xC5, 0x73, 0xC5, 0x73, 0xC5, 0x73, 0xC5, 0x73, 0xC5,
    0x73, 0xC5, 0x74, 0xC5, 0x74, 0xC5, 0x74, 0xC5, 0x74, 0xC5, 0x74, 0xC5, 0x74, 0xC5, 0x74, 0xC5,
    0x94, 0xC5, 0x94, 0xC5, 0x94, 0xC5, 0x94, 0xC5, 0x94, 0xC5, 0xB4, 0xCD, 0xB4, 0xCD, 0xB5, 0xCD,
    0xB5, 0xCD, 0xB5, 0xCD, 0xD5, 0xCD, 0xD5, 0xCD, 0xD5, 0xCD, 0xF5, 0xCD, 0xF5, 0xD5, 0xF6, 0xD5,
    0xF6, 0xD5, 0x16, 0xD6, 0x16, 0xD6, 0x16, 0xD6, 0x16, 0xD6, 0x16, 0xD6, 0x16, 0xD6, 0x16, 0xD6,
    0x36, 0xD6, 0x36, 0xD6, 0x36, 0xD6, 0x36, 0xDE, 0x36, 0xDE, 0x36, 0xDE, 0x36, 0xDE, 0x36, 0xDE,
    0x36, 0xDE, 0x37, 0xDE, 0x36, 0xDE, 0x36, 0xDE, 0x36, 0xD6, 0x36, 0xD6, 0x16, 0xD6, 0x16, 0xD6,
    0x16, 0xD6, 0x16, 0xD6, 0xF6, 0xD5, 0xF6, 0xD5, 0xF6, 0xD5, 0xF6, 0xD5, 0xF6, 0xCD, 0xF6, 0xCD,
    0xD5, 0xCD, 0xD5, 0xCD, 0xB5, 0xCD, 0xB5, 0xC5, 0x94, 0xC5, 0x94, 0xC5, 0x74, 0xC5, 0x53, 0xBD,
    0x53, 0xBD, 0x33, 0xB5, 0x13, 0xB5, 0x50, 0x9C, 0x8C, 0x8B, 0x4B, 0x7B, 0x2F, 0x94, 0x95, 0xB5,
    0x17, 0xC6, 0x99, 0xD6, 0xDA, 0xDE, 0x78, 0xCE, 0x38, 0xCE, 0xFA, 0xDE, 0x5B, 0xEF, 0x37, 0xCE,
    0x33, 0xB5, 0x53, 0xBD, 0x33, 0xB5, 0x33, 0xB5, 0x33, 0xB5, 0x33, 0xB5, 0x33, 0xB5, 0x33, 0xB5,
    0x33, 0xB5, 0x33, 0xB5, 0x33, 0xB5, 0x33, 0xB5, 0x33, 0xB5, 0x33, 0xB5, 0x33, 0xBD, 0x53, 0xBD,
    0x54, 0xBD, 0x54, 0xBD, 0x54, 0xBD, 0x74, 0xBD, 0x74, 0xC5, 0x74, 0xC5, 0x94, 0xC5, 0x94, 0xC5,
    0x94, 0xC5, 0xB5, 0xCD, 0xB5, 0xCD, 0xB5, 0xCD, 0xB5, 0xCD, 0xD5, 0xCD, 0xD5, 0xD5, 0xF5, 0xD5,
    0xF6, 0xD5, 0xF6, 0xD5, 0xF6, 0xD5, 0x16, 0xD6, 0x16, 0xD6, 0x16, 0xDE, 0x16, 0xDE, 0x16, 0xDE,
    0x16, 0xDE, 0x36, 0xDE, 0x36, 0xDE, 0x16, 0xDE, 0x16, 0xDE, 0x16, 0xDE, 0x16, 0xDE, 0x16, 0xDE,
    0x16, 0xDE, 0x16, 0xDE, 0x16, 0xDE, 0x16, 0xDE, 0x16, 0xDE, 0x36, 0xDE, 0x70, 0x9C, 0x8E, 0x73,
    0xCF, 0x73, 0x8E, 0x73, 0x8D, 0x73, 0x8E, 0x73, 0x8D, 0x73, 0x8D, 0x73, 0x8E, 0x6B, 0x8D, 0x6B,
    0x6D, 0x6B, 0x6D, 0x6B, 0x6D, 0x6B, 0x6D, 0x6B, 0x6D, 0x6B, 0x6D, 0x6B, 0x6D, 0x6B, 0x6D, 0x6B,
    0x6D, 0x6B, 0x6D, 0x6B, 0x6D, 0x6B, 0x6D, 0x6B, 0x6D, 0x6B, 0x6D, 0x6B, 0x6D, 0x6B, 0x6D, 0x6B,
    0x6D, 0x6B, 0x6D, 0x6B, 0x6D, 0x6B, 0x6D, 0x6B, 0x6D, 0x6B, 0x6D, 0x6B, 0x6D, 0x6B, 0x6D, 0x6B,
    0x6D, 0x6B, 0x6D, 0x6B, 0x6D, 0x6B, 0x6D, 0x6B, 0x6D, 0x6B, 0x6D, 0x6B, 0x6D, 0x6B, 0x6D, 0x6B,
    0x6D, 0x6B, 0x6D, 0x6B, 0x6D, 0x6B, 0x6D, 0x6B, 0x6D, 0x6B, 0x6D, 0x6B, 0x6D, 0x6B, 0x6D, 0x6B,
    0x6D, 0x6B, 0x6D, 0x6B, 0x6D, 0x6B, 0x6D, 0x6B, 0x6D, 0x6B, 0x6D, 0x6B, 0x6D, 0x6B, 0x6D, 0x6B,
    0x6D, 0x6B, 0x6D, 0x6B, 0x6D, 0x6B, 0x6D, 0x6B, 0x6D, 0x6B, 0x6D, 0x6B, 0x6D, 0x6B, 0x6D, 0x6B,
    0x6D, 0x6B, 0x6D, 0x6B, 0x6D, 0x6B, 0x6D, 0x6B, 0x6D, 0x6B, 0x6D, 0x6B, 0x4D, 0x6B, 0xCA, 0x5A,
    0x69, 0x52, 0x69, 0x52, 0x69, 0x52, 0x69, 0x52, 0x69, 0x52, 0x69, 0x52, 0x69, 0x52, 0x69, 0x52,
    0x69, 0x52, 0x69, 0x52, 0x89, 0x52, 0x69, 0x52, 0x69, 0x52, 0x69, 0x52, 0x69, 0x52, 0x69, 0x52,
    0x69, 0x52, 0x69, 0x52, 0x69, 0x52, 0x69, 0x52, 0x69, 0x52, 0x69, 0x52, 0x69, 0x52, 0x69, 0x52,
    0x69, 0x52, 0x69, 0x52, 0x69, 0x52, 0x69, 0x52, 0x69, 0x52, 0x69, 0x52, 0x69, 0x5A, 0x69, 0x5A,
    0x69, 0x5A, 0x69, 0x5A, 0xAA, 0x5A, 0xAA, 0x62, 0xEB, 0x62, 0xEB, 0x6A, 0x0B, 0x73, 0x2B, 0x73,
    0x2C, 0x73, 0x4C, 0x7B, 0x6C, 0x7B, 0x6C, 0x83, 0x8C, 0x83, 0x8D, 0x83, 0xAD, 0x83, 0xAD, 0x8B,
    0xCD, 0x8B, 0xEE, 0x93, 0x0E, 0x94, 0x0E, 0x9C, 0x2F, 0x9C, 0x2F, 0x9C, 0x2F, 0x9C, 0x2F, 0xA4,
    0x2F, 0xA4, 0x2F, 0xA4, 0x90, 0xAC, 0x12, 0xB5, 0x74, 0xC5, 0xB4, 0xCD, 0xB5, 0xCD, 0xD5, 0xCD,
    0xD5, 0xCD, 0xD5, 0xCD, 0xD5, 0xCD, 0xB5, 0xCD, 0xB5, 0xCD, 0x94, 0xC5, 0x74, 0xC5, 0x53, 0xBD,
    0x33, 0xBD, 0x33, 0xB5, 0x12, 0xB5, 0xF2, 0xB4, 0xD2, 0xAC, 0xD1, 0xAC, 0xB1, 0xAC, 0x91, 0xA4,
    0x70, 0xA4, 0x50, 0x9C, 0x2F, 0x9C, 0x0F, 0x94, 0xEE, 0x93, 0xEE, 0x93, 0xCE, 0x93, 0xCE, 0x93,
    0xEE, 0x93, 0x6F, 0xA4, 0xD1, 0xAC, 0xF1, 0xAC, 0xD1, 0xAC, 0x90, 0xA4, 0x2F, 0x9C, 0x2F, 0x9C,
    0x4F, 0xA4, 0x70, 0xA4, 0xB0, 0xAC, 0xD1, 0xB4, 0xF2, 0xB4, 0x12, 0xBD, 0x33, 0xBD, 0x53, 0xC5,
    0x73, 0xC5, 0x74, 0xC5, 0x94, 0xC5, 0x74, 0xC5, 0x94, 0xC5, 0x94, 0xC5, 0x94, 0xC5, 0x94, 0xC5,
    0x94, 0xCD, 0x94, 0xCD, 0x94, 0xCD, 0x94, 0xCD, 0x94, 0xCD, 0x94, 0xCD, 0x94, 0xCD, 0x94, 0xCD,
    0xB4, 0xCD, 0xB5, 0xCD, 0xB4, 0xCD, 0xB5, 0xCD, 0xB5, 0xCD, 0xD5, 0xCD, 0xD5, 0xCD, 0xD5, 0xCD,
    0xD5, 0xCD, 0xF5, 0xCD, 0xF5, 0xD5, 0xF6, 0xD5, 0xF6, 0xD5, 0x16, 0xD6, 0x16, 0xD6, 0x16, 0xD6,
    0x16, 0xD6, 0x16, 0xD6, 0x16, 0xD6, 0x16, 0xD6, 0x36, 0xD6, 0x36, 0xD6, 0x36, 0xDE, 0x36, 0xDE,
    0x36, 0xDE, 0x37, 0xDE, 0x37, 0xDE, 0x37, 0xDE, 0x37, 0xDE, 0x37, 0xDE, 0x37, 0xDE, 0x37, 0xDE,
    0x37, 0xDE, 0x37, 0xDE, 0x36, 0xDE, 0x36, 0xDE, 0x36, 0xDE, 0x36, 0xD6, 0x16, 0xD6, 0x16, 0xD6,
    0x16, 0xD6, 0x16, 0xD6, 0xF6, 0xD5, 0xF6, 0xD5, 0xF6, 0xD5, 0xF6, 0xD5, 0xF6, 0xCD, 0xF6, 0xCD,
    0xD5, 0xCD, 0xD5, 0xCD, 0xD5, 0xCD, 0xB5, 0xC5, 0x94, 0xC5, 0x94, 0xC5, 0x74, 0xC5, 0x74, 0xBD,
    0x53, 0xBD, 0x33, 0xB5, 0x13, 0xB5, 0x50, 0x9C, 0x8C, 0x83, 0x2B, 0x7B, 0x0F, 0x8C, 0x95, 0xB5,
    0x17, 0xC6, 0x99, 0xD6, 0xDA, 0xDE, 0x58, 0xCE, 0x38, 0xC6, 0xFA, 0xDE, 0x3B, 0xE7, 0x58, 0xCE,
    0x33, 0xB5, 0x53, 0xBD, 0x33, 0xB5, 0x33, 0xB5, 0x33, 0xB5, 0x33, 0xB5, 0x33, 0xB5, 0x13, 0xB5,
    0x13, 0xB5, 0x33, 0xB5, 0x33, 0xB5, 0x33, 0xB5, 0x33, 0xB5, 0x33, 0xB5, 0x33, 0xBD, 0x53, 0xBD,
    0x53, 0xBD, 0x54, 0xBD, 0x54, 0xBD, 0x74, 0xBD, 0x74, 0xC5, 0x74, 0xC5, 0x74, 0xC5, 0x94, 0xC5,
    0x94, 0xC5, 0x95, 0xC5, 0xB5, 0xCD, 0xB5, 0xCD, 0xB5, 0xCD, 0xD5, 0xCD, 0xD5, 0xCD, 0xD5, 0xD5,
    0xF5, 0xD5, 0xF6, 0xD5, 0xF6, 0xD5, 0x16, 0xD6, 0x16, 0xD6, 0x16, 0xDE, 0x16, 0xDE, 0x16, 0xDE,
    0x16, 0xDE, 0x36, 0xDE, 0x36, 0xDE, 0x36, 0xDE, 0x36, 0xDE, 0x36, 0xDE, 0x36, 0xDE, 0x36, 0xDE,
    0x36, 0xDE, 0x36, 0xDE, 0x16, 0xDE, 0x16, 0xDE, 0x16, 0xDE, 0x16, 0xDE, 0xF6, 0xCD, 0xEF, 0x83,
    0xAE, 0x73, 0xAE, 0x73, 0xAE, 0x73, 0x8E, 0x73, 0x8E, 0x73, 0x8D, 0x73, 0x8E, 0x6B, 0x8D, 0x6B,
    0x6D, 0x6B, 0x6D, 0x6B, 0x6D, 0x6B, 0x6D, 0x6B, 0x6D, 0x6B, 0x6D, 0x6B, 0x6D, 0x6B, 0x6D, 0x6B,
    0x6D, 0x6B, 0x6D, 0x6B, 0x6D, 0x6B, 0x6D, 0x6B, 0x6D, 0x6B, 0x6D, 0x6B, 0x6D, 0x6B, 0x6D, 0x6B,
    0x6D, 0x6B, 0x6D, 0x6B, 0x6D, 0x6B, 0x6D, 0x6B, 0x6D, 0x6B, 0x6D, 0x6B, 0x6D, 0x6B, 0x6D, 0x6B,
    0x6D, 0x6B, 0x6D, 0x6B, 0x6D, 0x6B, 0x6D, 0x6B, 0x6D, 0x6B, 0x6D, 0x6B, 0x6D, 0x6B, 0x6D, 0x6B,
    0x6D, 0x6B, 0x6D, 0x6B, 0x6D, 0x6B, 0x6D, 0x6B, 0x6D, 0x6B, 0x6D, 0x6B, 0x6D, 0x6B, 0x6D, 0x6B,
    0x6D, 0x6B, 0x6D, 0x6B, 0x6D, 0x6B, 0x6D, 0x6B, 0x6D, 0x6B, 0x6D, 0x6B, 0x6D, 0x6B, 0x6D, 0x6B,
    0x6D, 0x6B, 0x6D, 0x6B, 0x6D, 0x6B, 0x6D, 0x6B, 0x6D, 0x6B, 0x6D, 0x6B, 0x6D, 0x6B, 0x6D, 0x6B,
    0x6D, 0x6B, 0x6D, 0x6B, 0x6D, 0x6B, 0x6D, 0x6B, 0x6D, 0x6B, 0x0C, 0x63, 0xAA, 0x5A, 0x69, 0x52,
    0x69, 0x52, 0x69, 0x52, 0x69, 0x52, 0x69, 0x52, 0x69, 0x52, 0x69, 0x52, 0x69, 0x52, 0x69, 0x52,
    0x69, 0x52, 0x89, 0x52, 0x89, 0x52, 0x89, 0x5A, 0x89, 0x5A, 0x69, 0x52, 0x69, 0x52, 0x69, 0x52,
    0x69, 0x52, 0x69, 0x52, 0x69, 0x52, 0x69, 0x52, 0x69, 0x52, 0x69, 0x52, 0x69, 0x52, 0x69, 0x52,
    0x69, 0x52, 0x69, 0x52, 0x69, 0x52, 0x69, 0x52, 0x69, 0x5A, 0x69, 0x5A, 0x69, 0x5A, 0x89, 0x5A,
    0x89, 0x5A, 0xAA, 0x62, 0xEB, 0x6A, 0x0B, 0x6B, 0x2C, 0x73, 0x2C, 0x73, 0x4C, 0x7B, 0x4C, 0x7B,
    0x6C, 0x7B, 0x6C, 0x83, 0x6C, 0x83, 0x8C, 0x83, 0x8D, 0x83, 0xAD, 0x8B, 0xCD, 0x8B, 0xCE, 0x8B,
    0xEE, 0x93, 0x0E, 0x94, 0x2F, 0x9C, 0x4F, 0xA4, 0x70, 0xA4, 0x90, 0xA4, 0x90, 0xAC, 0x90, 0xAC,
    0x90, 0xAC, 0x70, 0xAC, 0x90, 0xAC, 0xF2, 0xB4, 0x73, 0xC5, 0xB4, 0xCD, 0xD5, 0xCD, 0xD5, 0xCD,
    0xD5, 0xCD, 0xD5, 0xCD, 0xD5, 0xCD, 0xD5, 0xCD, 0xD5, 0xCD, 0xB5, 0xC5, 0x94, 0xC5, 0x74, 0xBD,
    0x53, 0xBD, 0x33, 0xBD, 0x13, 0xB5, 0x12, 0xB5, 0xF2, 0xAC, 0xD2, 0xAC, 0xB1, 0xAC, 0x91, 0xA4,
    0x70, 0xA4, 0x50, 0x9C, 0x2F, 0x9C, 0x0F, 0x94, 0xEE, 0x93, 0xEE, 0x93, 0xCE, 0x93, 0xCE, 0x93,
    0x0E, 0x94, 0x70, 0xA4, 0xB1, 0xAC, 0xB1, 0xAC, 0x4F, 0xA4, 0xEE, 0x93, 0xAD, 0x8B, 0xCD, 0x93,
    0x2F, 0x9C, 0x90, 0xA4, 0xB1, 0xAC, 0xF2, 0xB4, 0x12, 0xBD, 0x33, 0xBD, 0x53, 0xC5, 0x74, 0xC5,
    0x94, 0xC5, 0x94, 0xC5, 0x94, 0xC5, 0x94, 0xC5, 0x94, 0xCD, 0x94, 0xCD, 0xB4, 0xCD, 0xB4, 0xCD,
    0xB4, 0xCD, 0xB5, 0xCD, 0xB5, 0xCD, 0xB5, 0xCD, 0xB5, 0xCD, 0xB5, 0xCD, 0xB5, 0xCD, 0xB5, 0xCD,
    0xB5, 0xCD, 0xB5, 0xCD, 0xD5, 0xCD, 0xD5, 0xCD, 0xD5, 0xCD, 0xD5, 0xCD, 0xD5, 0xCD, 0xF5, 0xD5,
    0xF5, 0xD5, 0xF6, 0xD5, 0xF6, 0xD5, 0x16, 0xD6, 0x16, 0xD6, 0x16, 0xD6, 0x16, 0xD6, 0x16, 0xD6,
    0x36, 0xD6, 0x36, 0xD6, 0x36, 0xD6, 0x36, 0xDE, 0x37, 0xDE, 0x37, 0xDE, 0x37, 0xDE, 0x37, 0xDE,
    0x37, 0xDE, 0x37, 0xDE, 0x37, 0xDE, 0x37, 0xDE, 0x37, 0xDE, 0x37, 0xDE, 0x37, 0xDE, 0x37, 0xDE,
    0x37, 0xDE, 0x37, 0xDE, 0x36, 0xDE, 0x36, 0xDE, 0x36, 0xD6, 0x36, 0xD6, 0x16, 0xD6, 0x16, 0xD6,
    0x16, 0xD6, 0x16, 0xD6, 0xF6, 0xD5, 0xF6, 0xD5, 0xF6, 0xD5, 0xF6, 0xD5, 0xF6, 0xCD, 0xF6, 0xCD,
    0xD5, 0xCD, 0xD5, 0xCD, 0xD5, 0xCD, 0xB5, 0xC5, 0xB5, 0xC5, 0x94, 0xC5, 0x74, 0xC5, 0x74, 0xBD,
    0x53, 0xBD, 0x33, 0xB5, 0x13, 0xB5, 0x50, 0x9C, 0x8C, 0x83, 0x2B, 0x7B, 0xEF, 0x8B, 0x75, 0xB5,
    0xF7, 0xC5, 0x99, 0xD6, 0xDA, 0xDE, 0x58, 0xCE, 0x38, 0xC6, 0xFA, 0xDE, 0x5B, 0xE7, 0x58, 0xD6,
    0x33, 0xB5, 0x53, 0xBD, 0x33, 0xB5, 0x33, 0xB5, 0x33, 0xB5, 0x33, 0xB5, 0x13, 0xB5, 0x13, 0xB5,
    0x13, 0xB5, 0x33, 0xB5, 0x33, 0xB5, 0x33, 0xB5, 0x33, 0xB5, 0x33, 0xBD, 0x33, 0xBD, 0x53, 0xBD,
    0x53, 0xBD, 0x54, 0xBD, 0x54, 0xBD, 0x74, 0xBD, 0x74, 0xC5, 0x74, 0xC5, 0x74, 0xC5, 0x94, 0xC5,
    0x94, 0xC5, 0x94, 0xC5, 0xB5, 0xC5, 0xB5, 0xCD, 0xB5, 0xCD, 0xD5, 0xCD, 0xD5, 0xCD, 0xD5, 0xD5,
    0xF5, 0xD5, 0xF6, 0xD5, 0xF6, 0xD5, 0x16, 0xD6, 0x16, 0xD6, 0x16, 0xDE, 0x16, 0xDE, 0x36, 0xDE,
    0x36, 0xDE, 0x36, 0xDE, 0x36, 0xDE, 0x36, 0xDE, 0x36, 0xDE, 0x36, 0xDE, 0x36, 0xDE, 0x36, 0xDE,
    0x17, 0xDE, 0x36, 0xDE, 0x36, 0xDE, 0x16, 0xDE, 0x16, 0xDE, 0x16, 0xDE, 0x37, 0xDE, 0x74, 0xBD,
    0x8D, 0x7B, 0xAE, 0x73, 0xAE, 0x73, 0x8E, 0x73, 0x8E, 0x73, 0x8D, 0x73, 0x8E, 0x6B, 0x8E, 0x6B,
    0x6D, 0x6B, 0x6D, 0x6B, 0x6D, 0x6B, 0x6D, 0x6B, 0x6D, 0x6B, 0x6D, 0x6B, 0x6D, 0x6B, 0x6D, 0x6B,
    0x6D, 0x6B, 0x6D, 0x6B, 0x6D, 0x6B, 0x6D, 0x6B, 0x6D, 0x6B, 0x6D, 0x6B, 0x6D, 0x6B, 0x6D, 0x6B,
    0x6D, 0x6B, 0x6D, 0x6B, 0x6D, 0x6B, 0x6D, 0x6B, 0x6D, 0x6B, 0x6D, 0x6B, 0x6D, 0x6B, 0x6D, 0x6B,
    0x6D, 0x6B, 0x6D, 0x6B, 0x6D, 0x6B, 0x6D, 0x6B, 0x6D, 0x6B, 0x6D, 0x6B, 0x6D, 0x6B, 0x6D, 0x6B,
    0x6D, 0x6B, 0x6D, 0x6B, 0x6D, 0x6B, 0x6D, 0x6B, 0x6D, 0x6B, 0x6D, 0x6B, 0x6D, 0x6B, 0x6D, 0x6B,
    0x6D, 0x6B, 0x6D, 0x6B, 0x6D, 0x6B, 0x6D, 0x6B, 0x6D, 0x6B, 0x6D, 0x6B, 0x6D, 0x6B, 0x6D, 0x6B,
    0x6D, 0x6B, 0x6D, 0x6B, 0x6D, 0x6B, 0x6D, 0x6B, 0x6D, 0x6B, 0x6D, 0x6B, 0x6D, 0x6B, 0x6D, 0x6B,
    0x4D, 0x6B, 0x6D, 0x6B, 0x6D, 0x6B, 0x2C, 0x6B, 0xCB, 0x5A, 0x69, 0x52, 0x69, 0x52, 0x69, 0x52,
    0x69, 0x52, 0x69, 0x52, 0x69, 0x52, 0x69, 0x52, 0x69, 0x52, 0x69, 0x52, 0x89, 0x52, 0x89, 0x52,
    0x89, 0x52, 0x89, 0x52, 0x89, 0x5A, 0x89, 0x5A, 0x89, 0x5A, 0x89, 0x5A, 0x89, 0x5A, 0x89, 0x5A,
    0x69, 0x52, 0x89, 0x5A, 0x89, 0x5A, 0x89, 0x5A, 0x89, 0x5A, 0x69, 0x5A, 0x69, 0x5A, 0x69, 0x5A,
    0x69, 0x5A, 0x69, 0x5A, 0x69, 0x5A, 0x69, 0x5A, 0x89, 0x5A, 0x89, 0x5A, 0x8A, 0x5A, 0xAA, 0x62,
    0xCA, 0x62, 0x0B, 0x6B, 0x2C, 0x73, 0x4C, 0x73, 0x4C, 0x7B, 0x4C, 0x7B, 0x6C, 0x7B, 0x6C, 0x83,
    0x8C, 0x83, 0x8D, 0x83, 0x8D, 0x83, 0xAD, 0x8B, 0xAD, 0x8B, 0xCD, 0x8B, 0xEE, 0x93, 0x0E, 0x94,
    0x2F, 0x9C, 0x2F, 0x9C, 0x70, 0xA4, 0x90, 0xAC, 0xB1, 0xAC, 0xD1, 0xB4, 0xD1, 0xB4, 0xD1, 0xB4,
    0xD1, 0xB4, 0xB1, 0xAC, 0xD1, 0xB4, 0x12, 0xB5, 0x53, 0xC5, 0xB4, 0xCD, 0xD5, 0xCD, 0xD5, 0xCD,
    0xD5, 0xCD, 0xD5, 0xCD, 0xD5, 0xCD, 0xD5, 0xCD, 0xD5, 0xCD, 0xB5, 0xC5, 0x94, 0xC5, 0x74, 0xBD,
    0x54, 0xBD, 0x33, 0xBD, 0x13, 0xB5, 0x12, 0xB5, 0xF2, 0xAC, 0xD2, 0xAC, 0xB1, 0xAC, 0x91, 0xA4,
    0x70, 0xA4, 0x50, 0x9C, 0x2F, 0x9C, 0x0F, 0x94, 0xEE, 0x93, 0xCE, 0x93, 0xCE, 0x93, 0xCE, 0x93,
    0x0F, 0x9C, 0x70, 0xA4, 0x70, 0xA4, 0x0F, 0x9C, 0x8D, 0x8B, 0x4C, 0x83, 0x8C, 0x8B, 0xEE, 0x93,
    0x4F, 0xA4, 0x90, 0xAC, 0xD1, 0xB4, 0x12, 0xB5, 0x33, 0xBD, 0x53, 0xBD, 0x74, 0xC5, 0x74, 0xC5,
    0x94, 0xC5, 0x94, 0xC5, 0xB4, 0xC5, 0xB4, 0xC5, 0xB4, 0xCD, 0xB5, 0xCD, 0xB5, 0xCD, 0xB5, 0xCD,
    0xB5, 0xCD, 0xB5, 0xCD, 0xB5, 0xCD, 0xB5, 0xCD, 0xD5, 0xCD, 0xD5, 0xCD, 0xD5, 0xCD, 0xD5, 0xCD,
    0xD5, 0xCD, 0xD5, 0xCD, 0xD5, 0xCD, 0xD5, 0xCD, 0xF5, 0xCD, 0xF5, 0xCD, 0xF5, 0xCD, 0xF6, 0xD5,
    0xF6, 0xD5, 0x16, 0xD6, 0x16, 0xD6, 0x16, 0xD6, 0x16, 0xD6, 0x36, 0xD6, 0x36, 0xD6, 0x36, 0xD6,
    0x36, 0xD6, 0x37, 0xDE, 0x37, 0xDE, 0x37, 0xDE, 0x37, 0xDE, 0x37, 0xDE, 0x37, 0xDE, 0x37, 0xDE,
    0x37, 0xDE, 0x37, 0xDE, 0x37, 0xDE, 0x37, 0xDE, 0x37, 0xDE, 0x37, 0xDE, 0x37, 0xDE, 0x37, 0xDE,
    0x37, 0xDE, 0x37, 0xDE, 0x36, 0xDE, 0x36, 0xDE, 0x36, 0xD6, 0x16, 0xD6, 0x16, 0xD6, 0x16, 0xD6,
    0x16, 0xD6, 0x16, 0xD6, 0xF6, 0xD5, 0xF6, 0xD5, 0xF6, 0xD5, 0xF6, 0xD5, 0xF6, 0xCD, 0xF6, 0xCD,
    0xD5, 0xCD, 0xD5, 0xCD, 0xD5, 0xCD, 0xB5, 0xCD, 0xB5, 0xC5, 0x94, 0xC5, 0x74, 0xC5, 0x74, 0xBD,
    0x53, 0xBD, 0x33, 0xB5, 0x13, 0xB5, 0x4F, 0x9C, 0x8C, 0x83, 0x2B, 0x7B, 0xEE, 0x83, 0x75, 0xB5,
    0xF7, 0xC5, 0x99, 0xD6, 0xDA, 0xDE, 0x78, 0xCE, 0x37, 0xC6, 0xFA, 0xD6, 0x5B, 0xE7, 0x58, 0xD6,
    0x33, 0xB5, 0x53, 0xBD, 0x33, 0xB5, 0x33, 0xB5, 0x33, 0xB5, 0x33, 0xB5, 0x13, 0xB5, 0x13, 0xB5,
    0x13, 0xB5, 0x33, 0xB5, 0x33, 0xB5, 0x33, 0xB5, 0x33, 0xB5, 0x33, 0xBD, 0x33, 0xBD, 0x53, 0xBD,
    0x53, 0xBD, 0x54, 0xBD, 0x54, 0xBD, 0x74, 0xBD, 0x74, 0xBD, 0x74, 0xC5, 0x74, 0xC5, 0x94, 0xC5,
    0x94, 0xC5, 0x94, 0xC5, 0x95, 0xC5, 0xB5, 0xCD, 0xB5, 0xCD, 0xB5, 0xCD, 0xD5, 0xCD, 0xD5, 0xD5,
    0xF5, 0xD5, 0xF5, 0xD5, 0xF6, 0xD5, 0x16, 0xD6, 0x16, 0xD6, 0x16, 0xD6, 0x16, 0xDE, 0x36, 0xDE,
    0x36, 0xDE, 0x36, 0xDE, 0x36, 0xDE, 0x36, 0xDE, 0x36, 0xDE, 0x36, 0xDE, 0x36, 0xDE, 0x36, 0xDE,
    0x17, 0xDE, 0x17, 0xDE, 0x36, 0xDE, 0x36, 0xDE, 0x16, 0xDE, 0x16, 0xDE, 0x16, 0xDE, 0x37, 0xDE,
    0xD1, 0xA4, 0x8D, 0x73, 0xAE, 0x73, 0x8E, 0x73, 0x8E, 0x73, 0x8E, 0x73, 0x8E, 0x73, 0x8E, 0x6B,
    0x6D, 0x6B, 0x6D, 0x6B, 0x6D, 0x6B, 0x6D, 0x6B, 0x6D, 0x6B, 0x6D, 0x6B, 0x6D, 0x6B, 0x6D, 0x6B,
    0x6D, 0x6B, 0x6D, 0x6B, 0x6D, 0x6B, 0x6D, 0x6B, 0x6D, 0x6B, 0x6D, 0x6B, 0x6D, 0x6B, 0x6D, 0x6B,
    0x6D, 0x6B, 0x6D, 0x6B, 0x6D, 0x6B, 0x6D, 0x6B, 0x6D, 0x6B, 0x6D, 0x6B, 0x6D, 0x6B, 0x6D, 0x6B,
    0x6D, 0x6B, 0x6D, 0x6B, 0x6D, 0x6B, 0x6D, 0x6B, 0x6D, 0x6B, 0x6D, 0x6B, 0x6D, 0x6B, 0x6D, 0x6B,
    0x6D, 0x6B, 0x6D, 0x6B, 0x6D, 0x6B, 0x6D, 0x6B, 0x6D, 0x6B, 0x6D, 0x6B, 0x6D, 0x6B, 0x6D, 0x6B,
    0x6D, 0x6B, 0x6D, 0x6B, 0x6D, 0x6B, 0x6D, 0x6B, 0x6D, 0x6B, 0x6D, 0x6B, 0x6D, 0x6B, 0x6D, 0x6B,
    0x6D, 0x6B, 0x6D, 0x6B, 0x6D, 0x6B, 0x6D, 0x6B, 0x6D, 0x6B, 0x6D, 0x6B, 0x6D, 0x6B, 0x6D, 0x6B,
    0x6D, 0x6B, 0x4D, 0x6B, 0xCB, 0x5A, 0x89, 0x52, 0x69, 0x52, 0x89, 0x52, 0x69, 0x52, 0x89, 0x52,
    0x89, 0x52, 0x89, 0x52, 0x89, 0x52, 0x89, 0x52, 0x89, 0x52, 0x89, 0x52, 0x89, 0x52, 0x89, 0x52,
    0x89, 0x52, 0x89, 0x5A, 0x89, 0x5A, 0x89, 0x5A, 0x89, 0x5A, 0x89, 0x5A, 0x89, 0x5A, 0x89, 0x5A,
    0x89, 0x5A, 0x89, 0x5A, 0x89, 0x5A, 0x89, 0x5A, 0x89, 0x5A, 0x69, 0x5A, 0x69, 0x5A, 0x69, 0x5A,
    0x69, 0x5A, 0x89, 0x5A, 0x8A, 0x5A, 0x8A, 0x5A, 0xAA, 0x62, 0xCA, 0x62, 0xEB, 0x62, 0x0B, 0x6B,
    0x2B, 0x73, 0x4C, 0x73, 0x4C, 0x7B, 0x6C, 0x7B, 0x6D, 0x83, 0x8D, 0x83, 0x8D, 0x83, 0xAD, 0x83,
    0xAD, 0x8B, 0xAD, 0x8B, 0xCD, 0x8B, 0xCD, 0x8B, 0xEE, 0x93, 0xEE, 0x93, 0x0E, 0x94, 0x2F, 0x9C,
    0x4F, 0xA4, 0x90, 0xA4, 0xB1, 0xAC, 0xD1, 0xB4, 0xF2, 0xB4, 0x12, 0xBD, 0x32, 0xBD, 0x12, 0xBD,
    0x12, 0xBD, 0x12, 0xB5, 0xF2, 0xB4, 0x12, 0xBD, 0x53, 0xC5, 0xB4, 0xCD, 0xD5, 0xCD, 0xD5, 0xCD,
    0xD5, 0xCD, 0xD5, 0xCD, 0xD5, 0xCD, 0xD5, 0xCD, 0xD5, 0xCD, 0xB5, 0xCD, 0x94, 0xC5, 0x74, 0xC5,
    0x74, 0xBD, 0x53, 0xBD, 0x33, 0xB5, 0x12, 0xB5, 0xF2, 0xB4, 0xD2, 0xAC, 0xB1, 0xAC, 0x91, 0xA4,
    0x70, 0xA4, 0x50, 0x9C, 0x2F, 0x9C, 0x0F, 0x94, 0xEE, 0x93, 0xCE, 0x93, 0xCE, 0x93, 0xCE, 0x93,
    0x0F, 0x9C, 0x2F, 0x9C, 0xEE, 0x93, 0x6D, 0x83, 0x2B, 0x7B, 0x4B, 0x83, 0x8C, 0x8B, 0x0E, 0x9C,
    0x70, 0xA4, 0xB1, 0xAC, 0xD2, 0xB4, 0x12, 0xB5, 0x33, 0xBD, 0x53, 0xC5, 0x74, 0xC5, 0x74, 0xC5,
    0x94, 0xC5, 0xB4, 0xC5, 0xB5, 0xCD, 0xB5, 0xCD, 0xB5, 0xCD, 0xB5, 0xCD, 0xB5, 0xCD, 0xD5, 0xCD,
    0xD5, 0xCD, 0xD5, 0xCD, 0xD5, 0xCD, 0xD5, 0xCD, 0xD5, 0xCD, 0xD5, 0xCD, 0xD5, 0xCD, 0xD5, 0xCD,
    0xD5, 0xCD, 0xD5, 0xCD, 0xF5, 0xCD, 0xF5, 0xCD, 0xF6, 0xD5, 0xF6, 0xD5, 0xF6, 0xD5, 0x16, 0xD6,
    0x16, 0xD6, 0x16, 0xD6, 0x16, 0xD6, 0x16, 0xD6, 0x37, 0xD6, 0x37, 0xD6, 0x36, 0xD6, 0x37, 0xDE,
    0x37, 0xDE, 0x37, 0xDE, 0x37, 0xDE, 0x37, 0xDE, 0x37, 0xDE, 0x37, 0xDE, 0x57, 0xDE, 0x57, 0xDE,
    0x57, 0xDE, 0x57, 0xDE, 0x57, 0xDE, 0x57, 0xDE, 0x37, 0xDE, 0x37, 0xDE, 0x37, 0xDE, 0x37, 0xDE,
    0x37, 0xDE, 0x37, 0xDE, 0x36, 0xDE, 0x36, 0xDE, 0x36, 0xD6, 0x16, 0xD6, 0x16, 0xD6, 0x16, 0xD6,
    0x16, 0xD6, 0xF6, 0xD5, 0xF6, 0xD5, 0xF6, 0xD5, 0xF6, 0xD5, 0xF6, 0xD5, 0xF6, 0xCD, 0xF6, 0xCD,
    0xD5, 0xCD, 0xD5, 0xCD, 0xD5, 0xCD, 0xB5, 0xCD, 0xB5, 0xC5, 0x94, 0xC5, 0x94, 0xC5, 0x74, 0xBD,
    0x53, 0xBD, 0x33, 0xB5, 0x13, 0xB5, 0x2F, 0x9C, 0x8C, 0x83, 0x2B, 0x7B, 0xCE, 0x83, 0x75, 0xB5,
    0xF7, 0xC5, 0x98, 0xD6, 0xDA, 0xDE, 0x78, 0xCE, 0x37, 0xC6, 0xFA, 0xD6, 0x3B, 0xE7, 0x58, 0xD6,
    0x33, 0xB5, 0x53, 0xBD, 0x33, 0xB5, 0x33, 0xB5, 0x33, 0xB5, 0x13, 0xB5, 0x13, 0xB5, 0x13, 0xB5,
    0x13, 0xB5, 0x13, 0xB5, 0x33, 0xB5, 0x33, 0xB5, 0x33, 0xB5, 0x33, 0xBD, 0x33, 0xBD, 0x53, 0xBD,
    0x53, 0xBD, 0x54, 0xBD, 0x54, 0xBD, 0x74, 0xBD, 0x74, 0xBD, 0x74, 0xC5, 0x74, 0xC5, 0x94, 0xC5,
    0x94, 0xC5, 0x94, 0xC5, 0x94, 0xC5, 0x95, 0xC5, 0xB5, 0xCD, 0xB5, 0xCD, 0xB5, 0xCD, 0xD5, 0xCD,
    0xD5, 0xD5, 0xF5, 0xD5, 0xF6, 0xD5, 0x16, 0xD6, 0x16, 0xD6, 0x16, 0xD6, 0x36, 0xDE, 0x36, 0xDE,
    0x36, 0xDE, 0x36, 0xDE, 0x36, 0xDE, 0x37, 0xDE, 0x37, 0xDE, 0x37, 0xDE, 0x37, 0xDE, 0x37, 0xDE,
    0x37, 0xDE, 0x16, 0xDE, 0x16, 0xDE, 0x36, 0xDE, 0x16, 0xDE, 0x16, 0xDE, 0x16, 0xDE, 0x16, 0xDE,
    0xF6, 0xD5, 0x0F, 0x84, 0x8E, 0x73, 0xAE, 0x73, 0xAE, 0x73, 0x8E, 0x73, 0x8E, 0x73, 0x8E, 0x6B,
};

const lv_image_dsc_t photo_01 = {
    .header.magic = LV_IMAGE_HEADER_MAGIC,
    .header.cf = LV_COLOR_FORMAT_RGB565,
    .header.w = 320,
    .header.h = 240,
    .data_size = sizeof(photo_01_map),
    .data = photo_01_map,
};
